<?xml version="1.0" encoding="UTF-8"?>
<gpx creator="Garmin Connect" version="1.1"
  xsi:schemaLocation="http://www.topografix.com/GPX/1/1 http://www.topografix.com/GPX/11.xsd"
  xmlns:ns3="http://www.garmin.com/xmlschemas/TrackPointExtension/v1"
  xmlns="http://www.topografix.com/GPX/1/1"
  xmlns:xsi="http://www.w3.org/2001/XMLSchema-instance" xmlns:ns2="http://www.garmin.com/xmlschemas/GpxExtensions/v3">
  <metadata>
    <link href="connect.garmin.com">
      <text>Garmin Connect</text>
    </link>
    <time>2026-03-31T14:06:05.000Z</time>
  </metadata>
  <trk>
    <name>Alexander County Hiking</name>
    <type>hiking</type>
    <trkseg>
      <trkpt lat="35.9696065820753574371337890625" lon="-81.1108845658600330352783203125">
        <ele>524.5999755859375</ele>
        <time>2026-03-31T14:06:09.000Z</time>
        <extensions>
          <ns3:TrackPointExtension>
            <ns3:hr>119</ns3:hr>
            <ns3:cad>48</ns3:cad>
          </ns3:TrackPointExtension>
        </extensions>
      </trkpt>
      <trkpt lat="35.96954095177352428436279296875" lon="-81.110912226140499114990234375">
        <ele>524</ele>
        <time>2026-03-31T14:06:13.000Z</time>
        <extensions>
          <ns3:TrackPointExtension>
            <ns3:hr>122</ns3:hr>
            <ns3:cad>50</ns3:cad>
          </ns3:TrackPointExtension>
        </extensions>
      </trkpt>
      <trkpt lat="35.96953541971743106842041015625" lon="-81.11093603074550628662109375">
        <ele>524</ele>
        <time>2026-03-31T14:06:15.000Z</time>
        <extensions>
          <ns3:TrackPointExtension>
            <ns3:hr>122</ns3:hr>
            <ns3:cad>50</ns3:cad>
          </ns3:TrackPointExtension>
        </extensions>
      </trkpt>
      <trkpt lat="35.969521589577198028564453125" lon="-81.11096997745335102081298828125">
        <ele>523.5999755859375</ele>
        <time>2026-03-31T14:06:20.000Z</time>
        <extensions>
          <ns3:TrackPointExtension>
            <ns3:hr>121</ns3:hr>
            <ns3:cad>54</ns3:cad>
          </ns3:TrackPointExtension>
        </extensions>
      </trkpt>
      <trkpt lat="35.9695180691778659820556640625" lon="-81.11098271794617176055908203125">
        <ele>523.4000244140625</ele>
        <time>2026-03-31T14:06:21.000Z</time>
        <extensions>
          <ns3:TrackPointExtension>
            <ns3:hr>121</ns3:hr>
            <ns3:cad>54</ns3:cad>
          </ns3:TrackPointExtension>
        </extensions>
      </trkpt>
      <trkpt lat="35.96949501894414424896240234375" lon="-81.11104826442897319793701171875">
        <ele>522.4000244140625</ele>
        <time>2026-03-31T14:06:27.000Z</time>
        <extensions>
          <ns3:TrackPointExtension>
            <ns3:hr>120</ns3:hr>
            <ns3:cad>53</ns3:cad>
          </ns3:TrackPointExtension>
        </extensions>
      </trkpt>
      <trkpt lat="35.96953055821359157562255859375" lon="-81.111130155622959136962890625">
        <ele>521.79998779296875</ele>
        <time>2026-03-31T14:06:33.000Z</time>
        <extensions>
          <ns3:TrackPointExtension>
            <ns3:hr>120</ns3:hr>
            <ns3:cad>53</ns3:cad>
          </ns3:TrackPointExtension>
        </extensions>
      </trkpt>
      <trkpt lat="35.9695757366716861724853515625" lon="-81.11121875233948230743408203125">
        <ele>521.4000244140625</ele>
        <time>2026-03-31T14:06:40.000Z</time>
        <extensions>
          <ns3:TrackPointExtension>
            <ns3:hr>121</ns3:hr>
            <ns3:cad>52</ns3:cad>
          </ns3:TrackPointExtension>
        </extensions>
      </trkpt>
      <trkpt lat="35.969595015048980712890625" lon="-81.111256219446659088134765625">
        <ele>521.4000244140625</ele>
        <time>2026-03-31T14:06:43.000Z</time>
        <extensions>
          <ns3:TrackPointExtension>
            <ns3:hr>121</ns3:hr>
            <ns3:cad>52</ns3:cad>
          </ns3:TrackPointExtension>
        </extensions>
      </trkpt>
      <trkpt lat="35.96961756236851215362548828125" lon="-81.1113623343408107757568359375">
        <ele>521.79998779296875</ele>
        <time>2026-03-31T14:06:52.000Z</time>
        <extensions>
          <ns3:TrackPointExtension>
            <ns3:hr>122</ns3:hr>
            <ns3:cad>48</ns3:cad>
          </ns3:TrackPointExtension>
        </extensions>
      </trkpt>
      <trkpt lat="35.969675481319427490234375" lon="-81.11139871180057525634765625">
        <ele>522.4000244140625</ele>
        <time>2026-03-31T14:06:58.000Z</time>
        <extensions>
          <ns3:TrackPointExtension>
            <ns3:hr>122</ns3:hr>
            <ns3:cad>50</ns3:cad>
          </ns3:TrackPointExtension>
        </extensions>
      </trkpt>
      <trkpt lat="35.96968025900423526763916015625" lon="-81.1114002205431461334228515625">
        <ele>522.5999755859375</ele>
        <time>2026-03-31T14:06:59.000Z</time>
        <extensions>
          <ns3:TrackPointExtension>
            <ns3:hr>122</ns3:hr>
            <ns3:cad>50</ns3:cad>
          </ns3:TrackPointExtension>
        </extensions>
      </trkpt>
      <trkpt lat="35.96972250379621982574462890625" lon="-81.11140751279890537261962890625">
        <ele>523.20001220703125</ele>
        <time>2026-03-31T14:07:04.000Z</time>
        <extensions>
          <ns3:TrackPointExtension>
            <ns3:hr>123</ns3:hr>
            <ns3:cad>50</ns3:cad>
          </ns3:TrackPointExtension>
        </extensions>
      </trkpt>
      <trkpt lat="35.96974178217351436614990234375" lon="-81.11141203902661800384521484375">
        <ele>523.4000244140625</ele>
        <time>2026-03-31T14:07:06.000Z</time>
        <extensions>
          <ns3:TrackPointExtension>
            <ns3:hr>123</ns3:hr>
            <ns3:cad>50</ns3:cad>
          </ns3:TrackPointExtension>
        </extensions>
      </trkpt>
      <trkpt lat="35.96979240886867046356201171875" lon="-81.11142394132912158966064453125">
        <ele>523.79998779296875</ele>
        <time>2026-03-31T14:07:10.000Z</time>
        <extensions>
          <ns3:TrackPointExtension>
            <ns3:hr>125</ns3:hr>
            <ns3:cad>50</ns3:cad>
          </ns3:TrackPointExtension>
        </extensions>
      </trkpt>
      <trkpt lat="35.969837419688701629638671875" lon="-81.11142930574715137481689453125">
        <ele>524</ele>
        <time>2026-03-31T14:07:15.000Z</time>
        <extensions>
          <ns3:TrackPointExtension>
            <ns3:hr>127</ns3:hr>
            <ns3:cad>44</ns3:cad>
          </ns3:TrackPointExtension>
        </extensions>
      </trkpt>
      <trkpt lat="35.96985929645597934722900390625" lon="-81.1114357598125934600830078125">
        <ele>524.20001220703125</ele>
        <time>2026-03-31T14:07:17.000Z</time>
        <extensions>
          <ns3:TrackPointExtension>
            <ns3:hr>129</ns3:hr>
            <ns3:cad>44</ns3:cad>
          </ns3:TrackPointExtension>
        </extensions>
      </trkpt>
      <trkpt lat="35.96987463533878326416015625" lon="-81.111438609659671783447265625">
        <ele>524.4000244140625</ele>
        <time>2026-03-31T14:07:19.000Z</time>
        <extensions>
          <ns3:TrackPointExtension>
            <ns3:hr>132</ns3:hr>
            <ns3:cad>46</ns3:cad>
          </ns3:TrackPointExtension>
        </extensions>
      </trkpt>
      <trkpt lat="35.96988511271774768829345703125" lon="-81.11144774593412876129150390625">
        <ele>524.5999755859375</ele>
        <time>2026-03-31T14:07:21.000Z</time>
        <extensions>
          <ns3:TrackPointExtension>
            <ns3:hr>134</ns3:hr>
            <ns3:cad>49</ns3:cad>
          </ns3:TrackPointExtension>
        </extensions>
      </trkpt>
      <trkpt lat="35.969904474914073944091796875" lon="-81.1114585585892200469970703125">
        <ele>524.5999755859375</ele>
        <time>2026-03-31T14:07:23.000Z</time>
        <extensions>
          <ns3:TrackPointExtension>
            <ns3:hr>138</ns3:hr>
            <ns3:cad>48</ns3:cad>
          </ns3:TrackPointExtension>
        </extensions>
      </trkpt>
      <trkpt lat="35.96991227008402347564697265625" lon="-81.11146870069205760955810546875">
        <ele>524.5999755859375</ele>
        <time>2026-03-31T14:07:24.000Z</time>
        <extensions>
          <ns3:TrackPointExtension>
            <ns3:hr>138</ns3:hr>
            <ns3:cad>48</ns3:cad>
          </ns3:TrackPointExtension>
        </extensions>
      </trkpt>
      <trkpt lat="35.9699914790689945220947265625" lon="-81.11152083612978458404541015625">
        <ele>524.4000244140625</ele>
        <time>2026-03-31T14:07:33.000Z</time>
        <extensions>
          <ns3:TrackPointExtension>
            <ns3:hr>138</ns3:hr>
            <ns3:cad>47</ns3:cad>
          </ns3:TrackPointExtension>
        </extensions>
      </trkpt>
      <trkpt lat="35.9701007790863513946533203125" lon="-81.11154212616384029388427734375">
        <ele>524.4000244140625</ele>
        <time>2026-03-31T14:07:42.000Z</time>
        <extensions>
          <ns3:TrackPointExtension>
            <ns3:hr>136</ns3:hr>
            <ns3:cad>47</ns3:cad>
          </ns3:TrackPointExtension>
        </extensions>
      </trkpt>
      <trkpt lat="35.97019239328801631927490234375" lon="-81.11147590912878513336181640625">
        <ele>524.79998779296875</ele>
        <time>2026-03-31T14:07:49.000Z</time>
        <extensions>
          <ns3:TrackPointExtension>
            <ns3:hr>135</ns3:hr>
            <ns3:cad>47</ns3:cad>
          </ns3:TrackPointExtension>
        </extensions>
      </trkpt>
      <trkpt lat="35.97023405134677886962890625" lon="-81.11144104041159152984619140625">
        <ele>525.5999755859375</ele>
        <time>2026-03-31T14:07:55.000Z</time>
        <extensions>
          <ns3:TrackPointExtension>
            <ns3:hr>134</ns3:hr>
            <ns3:cad>46</ns3:cad>
          </ns3:TrackPointExtension>
        </extensions>
      </trkpt>
      <trkpt lat="35.97026464529335498809814453125" lon="-81.1114216782152652740478515625">
        <ele>525.79998779296875</ele>
        <time>2026-03-31T14:07:58.000Z</time>
        <extensions>
          <ns3:TrackPointExtension>
            <ns3:hr>134</ns3:hr>
            <ns3:cad>47</ns3:cad>
          </ns3:TrackPointExtension>
        </extensions>
      </trkpt>
      <trkpt lat="35.9703210555016994476318359375" lon="-81.11138354055583477020263671875">
        <ele>526.20001220703125</ele>
        <time>2026-03-31T14:08:04.000Z</time>
        <extensions>
          <ns3:TrackPointExtension>
            <ns3:hr>137</ns3:hr>
            <ns3:cad>47</ns3:cad>
          </ns3:TrackPointExtension>
        </extensions>
      </trkpt>
      <trkpt lat="35.970330946147441864013671875" lon="-81.11138136126101016998291015625">
        <ele>526.20001220703125</ele>
        <time>2026-03-31T14:08:05.000Z</time>
        <extensions>
          <ns3:TrackPointExtension>
            <ns3:hr>137</ns3:hr>
            <ns3:cad>46</ns3:cad>
          </ns3:TrackPointExtension>
        </extensions>
      </trkpt>
      <trkpt lat="35.97038157284259796142578125" lon="-81.111356802284717559814453125">
        <ele>526.5999755859375</ele>
        <time>2026-03-31T14:08:11.000Z</time>
        <extensions>
          <ns3:TrackPointExtension>
            <ns3:hr>139</ns3:hr>
            <ns3:cad>46</ns3:cad>
          </ns3:TrackPointExtension>
        </extensions>
      </trkpt>
      <trkpt lat="35.97038920037448406219482421875" lon="-81.11135487444698810577392578125">
        <ele>526.5999755859375</ele>
        <time>2026-03-31T14:08:12.000Z</time>
        <extensions>
          <ns3:TrackPointExtension>
            <ns3:hr>139</ns3:hr>
            <ns3:cad>46</ns3:cad>
          </ns3:TrackPointExtension>
        </extensions>
      </trkpt>
      <trkpt lat="35.9704601950943470001220703125" lon="-81.1113076843321323394775390625">
        <ele>527.79998779296875</ele>
        <time>2026-03-31T14:08:20.000Z</time>
        <extensions>
          <ns3:TrackPointExtension>
            <ns3:hr>139</ns3:hr>
            <ns3:cad>44</ns3:cad>
          </ns3:TrackPointExtension>
        </extensions>
      </trkpt>
      <trkpt lat="35.97051174379885196685791015625" lon="-81.1112644337117671966552734375">
        <ele>528.4000244140625</ele>
        <time>2026-03-31T14:08:27.000Z</time>
        <extensions>
          <ns3:TrackPointExtension>
            <ns3:hr>138</ns3:hr>
            <ns3:cad>43</ns3:cad>
          </ns3:TrackPointExtension>
        </extensions>
      </trkpt>
      <trkpt lat="35.970528423786163330078125" lon="-81.11123434267938137054443359375">
        <ele>528.5999755859375</ele>
        <time>2026-03-31T14:08:30.000Z</time>
        <extensions>
          <ns3:TrackPointExtension>
            <ns3:hr>135</ns3:hr>
            <ns3:cad>43</ns3:cad>
          </ns3:TrackPointExtension>
        </extensions>
      </trkpt>
      <trkpt lat="35.97052884288132190704345703125" lon="-81.1112332530319690704345703125">
        <ele>528.79998779296875</ele>
        <time>2026-03-31T14:08:31.000Z</time>
        <extensions>
          <ns3:TrackPointExtension>
            <ns3:hr>133</ns3:hr>
            <ns3:cad>43</ns3:cad>
          </ns3:TrackPointExtension>
        </extensions>
      </trkpt>
      <trkpt lat="35.97052314318716526031494140625" lon="-81.1112362705171108245849609375">
        <ele>529</ele>
        <time>2026-03-31T14:08:33.000Z</time>
        <extensions>
          <ns3:TrackPointExtension>
            <ns3:hr>130</ns3:hr>
            <ns3:cad>0</ns3:cad>
          </ns3:TrackPointExtension>
        </extensions>
      </trkpt>
      <trkpt lat="35.9705232270061969757080078125" lon="-81.1112436465919017791748046875">
        <ele>529.20001220703125</ele>
        <time>2026-03-31T14:08:34.000Z</time>
        <extensions>
          <ns3:TrackPointExtension>
            <ns3:hr>128</ns3:hr>
            <ns3:cad>0</ns3:cad>
          </ns3:TrackPointExtension>
        </extensions>
      </trkpt>
      <trkpt lat="35.9705249033868312835693359375" lon="-81.11123585142195224761962890625">
        <ele>529</ele>
        <time>2026-03-31T14:08:39.000Z</time>
        <extensions>
          <ns3:TrackPointExtension>
            <ns3:hr>125</ns3:hr>
            <ns3:cad>0</ns3:cad>
          </ns3:TrackPointExtension>
        </extensions>
      </trkpt>
      <trkpt lat="35.9705326147377490997314453125" lon="-81.11120869405567646026611328125">
        <ele>529</ele>
        <time>2026-03-31T14:08:41.000Z</time>
        <extensions>
          <ns3:TrackPointExtension>
            <ns3:hr>122</ns3:hr>
            <ns3:cad>0</ns3:cad>
          </ns3:TrackPointExtension>
        </extensions>
      </trkpt>
      <trkpt lat="35.970564298331737518310546875" lon="-81.11116913147270679473876953125">
        <ele>529.79998779296875</ele>
        <time>2026-03-31T14:08:46.000Z</time>
        <extensions>
          <ns3:TrackPointExtension>
            <ns3:hr>122</ns3:hr>
            <ns3:cad>45</ns3:cad>
          </ns3:TrackPointExtension>
        </extensions>
      </trkpt>
      <trkpt lat="35.97061685286462306976318359375" lon="-81.11110090278089046478271484375">
        <ele>530.20001220703125</ele>
        <time>2026-03-31T14:08:53.000Z</time>
        <extensions>
          <ns3:TrackPointExtension>
            <ns3:hr>123</ns3:hr>
            <ns3:cad>47</ns3:cad>
          </ns3:TrackPointExtension>
        </extensions>
      </trkpt>
      <trkpt lat="35.97065608017146587371826171875" lon="-81.11106955446302890777587890625">
        <ele>531</ele>
        <time>2026-03-31T14:08:58.000Z</time>
        <extensions>
          <ns3:TrackPointExtension>
            <ns3:hr>125</ns3:hr>
            <ns3:cad>47</ns3:cad>
          </ns3:TrackPointExtension>
        </extensions>
      </trkpt>
      <trkpt lat="35.97066513262689113616943359375" lon="-81.1110694706439971923828125">
        <ele>531</ele>
        <time>2026-03-31T14:08:59.000Z</time>
        <extensions>
          <ns3:TrackPointExtension>
            <ns3:hr>125</ns3:hr>
            <ns3:cad>49</ns3:cad>
          </ns3:TrackPointExtension>
        </extensions>
      </trkpt>
      <trkpt lat="35.97073755227029323577880859375" lon="-81.11107072792947292327880859375">
        <ele>531.4000244140625</ele>
        <time>2026-03-31T14:09:06.000Z</time>
        <extensions>
          <ns3:TrackPointExtension>
            <ns3:hr>125</ns3:hr>
            <ns3:cad>51</ns3:cad>
          </ns3:TrackPointExtension>
        </extensions>
      </trkpt>
      <trkpt lat="35.97079639323055744171142578125" lon="-81.11101322807371616363525390625">
        <ele>532</ele>
        <time>2026-03-31T14:09:13.000Z</time>
        <extensions>
          <ns3:TrackPointExtension>
            <ns3:hr>126</ns3:hr>
            <ns3:cad>49</ns3:cad>
          </ns3:TrackPointExtension>
        </extensions>
      </trkpt>
      <trkpt lat="35.9708062000572681427001953125" lon="-81.1110019125044345855712890625">
        <ele>532.20001220703125</ele>
        <time>2026-03-31T14:09:14.000Z</time>
        <extensions>
          <ns3:TrackPointExtension>
            <ns3:hr>126</ns3:hr>
            <ns3:cad>50</ns3:cad>
          </ns3:TrackPointExtension>
        </extensions>
      </trkpt>
      <trkpt lat="35.9708685614168643951416015625" lon="-81.11092287115752696990966796875">
        <ele>532.4000244140625</ele>
        <time>2026-03-31T14:09:22.000Z</time>
        <extensions>
          <ns3:TrackPointExtension>
            <ns3:hr>125</ns3:hr>
            <ns3:cad>48</ns3:cad>
          </ns3:TrackPointExtension>
        </extensions>
      </trkpt>
      <trkpt lat="35.97088105045258998870849609375" lon="-81.11088934354484081268310546875">
        <ele>533</ele>
        <time>2026-03-31T14:09:25.000Z</time>
        <extensions>
          <ns3:TrackPointExtension>
            <ns3:hr>125</ns3:hr>
            <ns3:cad>46</ns3:cad>
          </ns3:TrackPointExtension>
        </extensions>
      </trkpt>
      <trkpt lat="35.9708910249173641204833984375" lon="-81.1108597554266452789306640625">
        <ele>533.4000244140625</ele>
        <time>2026-03-31T14:09:28.000Z</time>
        <extensions>
          <ns3:TrackPointExtension>
            <ns3:hr>125</ns3:hr>
            <ns3:cad>49</ns3:cad>
          </ns3:TrackPointExtension>
        </extensions>
      </trkpt>
      <trkpt lat="35.9709255583584308624267578125" lon="-81.11081935465335845947265625">
        <ele>533.79998779296875</ele>
        <time>2026-03-31T14:09:35.000Z</time>
        <extensions>
          <ns3:TrackPointExtension>
            <ns3:hr>127</ns3:hr>
            <ns3:cad>48</ns3:cad>
          </ns3:TrackPointExtension>
        </extensions>
      </trkpt>
      <trkpt lat="35.97095229662954807281494140625" lon="-81.1107927002012729644775390625">
        <ele>534</ele>
        <time>2026-03-31T14:09:38.000Z</time>
        <extensions>
          <ns3:TrackPointExtension>
            <ns3:hr>128</ns3:hr>
            <ns3:cad>47</ns3:cad>
          </ns3:TrackPointExtension>
        </extensions>
      </trkpt>
      <trkpt lat="35.97098716534674167633056640625" lon="-81.11075489781796932220458984375">
        <ele>534.4000244140625</ele>
        <time>2026-03-31T14:09:42.000Z</time>
        <extensions>
          <ns3:TrackPointExtension>
            <ns3:hr>129</ns3:hr>
            <ns3:cad>47</ns3:cad>
          </ns3:TrackPointExtension>
        </extensions>
      </trkpt>
      <trkpt lat="35.9710085391998291015625" lon="-81.110693626105785369873046875">
        <ele>535.20001220703125</ele>
        <time>2026-03-31T14:09:48.000Z</time>
        <extensions>
          <ns3:TrackPointExtension>
            <ns3:hr>129</ns3:hr>
            <ns3:cad>47</ns3:cad>
          </ns3:TrackPointExtension>
        </extensions>
      </trkpt>
      <trkpt lat="35.971037037670612335205078125" lon="-81.11063838936388492584228515625">
        <ele>535.5999755859375</ele>
        <time>2026-03-31T14:09:53.000Z</time>
        <extensions>
          <ns3:TrackPointExtension>
            <ns3:hr>128</ns3:hr>
            <ns3:cad>43</ns3:cad>
          </ns3:TrackPointExtension>
        </extensions>
      </trkpt>
      <trkpt lat="35.9710700623691082000732421875" lon="-81.1105948872864246368408203125">
        <ele>536.20001220703125</ele>
        <time>2026-03-31T14:09:59.000Z</time>
        <extensions>
          <ns3:TrackPointExtension>
            <ns3:hr>127</ns3:hr>
            <ns3:cad>44</ns3:cad>
          </ns3:TrackPointExtension>
        </extensions>
      </trkpt>
      <trkpt lat="35.9710828028619289398193359375" lon="-81.110568903386592864990234375">
        <ele>536.4000244140625</ele>
        <time>2026-03-31T14:10:01.000Z</time>
        <extensions>
          <ns3:TrackPointExtension>
            <ns3:hr>127</ns3:hr>
            <ns3:cad>44</ns3:cad>
          </ns3:TrackPointExtension>
        </extensions>
      </trkpt>
      <trkpt lat="35.9711089543998241424560546875" lon="-81.11048231832683086395263671875">
        <ele>537</ele>
        <time>2026-03-31T14:10:08.000Z</time>
        <extensions>
          <ns3:TrackPointExtension>
            <ns3:hr>129</ns3:hr>
            <ns3:cad>46</ns3:cad>
          </ns3:TrackPointExtension>
        </extensions>
      </trkpt>
      <trkpt lat="35.9711585752665996551513671875" lon="-81.110441498458385467529296875">
        <ele>537.20001220703125</ele>
        <time>2026-03-31T14:10:14.000Z</time>
        <extensions>
          <ns3:TrackPointExtension>
            <ns3:hr>128</ns3:hr>
            <ns3:cad>46</ns3:cad>
          </ns3:TrackPointExtension>
        </extensions>
      </trkpt>
      <trkpt lat="35.97119201906025409698486328125" lon="-81.11038877628743648529052734375">
        <ele>537.79998779296875</ele>
        <time>2026-03-31T14:10:20.000Z</time>
        <extensions>
          <ns3:TrackPointExtension>
            <ns3:hr>125</ns3:hr>
            <ns3:cad>44</ns3:cad>
          </ns3:TrackPointExtension>
        </extensions>
      </trkpt>
      <trkpt lat="35.97119218669831752777099609375" lon="-81.1103893630206584930419921875">
        <ele>538</ele>
        <time>2026-03-31T14:10:21.000Z</time>
        <extensions>
          <ns3:TrackPointExtension>
            <ns3:hr>124</ns3:hr>
            <ns3:cad>0</ns3:cad>
          </ns3:TrackPointExtension>
        </extensions>
      </trkpt>
      <trkpt lat="35.971197970211505889892578125" lon="-81.1104037798941135406494140625">
        <ele>538.20001220703125</ele>
        <time>2026-03-31T14:10:28.000Z</time>
        <extensions>
          <ns3:TrackPointExtension>
            <ns3:hr>124</ns3:hr>
            <ns3:cad>0</ns3:cad>
          </ns3:TrackPointExtension>
        </extensions>
      </trkpt>
      <trkpt lat="35.9712018258869647979736328125" lon="-81.11039414070546627044677734375">
        <ele>538.4000244140625</ele>
        <time>2026-03-31T14:10:29.000Z</time>
        <extensions>
          <ns3:TrackPointExtension>
            <ns3:hr>124</ns3:hr>
            <ns3:cad>0</ns3:cad>
          </ns3:TrackPointExtension>
        </extensions>
      </trkpt>
      <trkpt lat="35.97121884115040302276611328125" lon="-81.11033982597291469573974609375">
        <ele>538.5999755859375</ele>
        <time>2026-03-31T14:10:37.000Z</time>
        <extensions>
          <ns3:TrackPointExtension>
            <ns3:hr>124</ns3:hr>
            <ns3:cad>0</ns3:cad>
          </ns3:TrackPointExtension>
        </extensions>
      </trkpt>
      <trkpt lat="35.9712299890816211700439453125" lon="-81.1103172786533832550048828125">
        <ele>539.4000244140625</ele>
        <time>2026-03-31T14:10:44.000Z</time>
        <extensions>
          <ns3:TrackPointExtension>
            <ns3:hr>124</ns3:hr>
            <ns3:cad>71</ns3:cad>
          </ns3:TrackPointExtension>
        </extensions>
      </trkpt>
      <trkpt lat="35.9712343476712703704833984375" lon="-81.1103206314146518707275390625">
        <ele>539.4000244140625</ele>
        <time>2026-03-31T14:10:45.000Z</time>
        <extensions>
          <ns3:TrackPointExtension>
            <ns3:hr>124</ns3:hr>
            <ns3:cad>71</ns3:cad>
          </ns3:TrackPointExtension>
        </extensions>
      </trkpt>
      <trkpt lat="35.9712712280452251434326171875" lon="-81.11031199805438518524169921875">
        <ele>539</ele>
        <time>2026-03-31T14:10:49.000Z</time>
        <extensions>
          <ns3:TrackPointExtension>
            <ns3:hr>124</ns3:hr>
            <ns3:cad>71</ns3:cad>
          </ns3:TrackPointExtension>
        </extensions>
      </trkpt>
      <trkpt lat="35.971287824213504791259765625" lon="-81.11030168831348419189453125">
        <ele>539.20001220703125</ele>
        <time>2026-03-31T14:10:51.000Z</time>
        <extensions>
          <ns3:TrackPointExtension>
            <ns3:hr>124</ns3:hr>
            <ns3:cad>71</ns3:cad>
          </ns3:TrackPointExtension>
        </extensions>
      </trkpt>
      <trkpt lat="35.9713154844939708709716796875" lon="-81.11027042381465435028076171875">
        <ele>539.79998779296875</ele>
        <time>2026-03-31T14:10:57.000Z</time>
        <extensions>
          <ns3:TrackPointExtension>
            <ns3:hr>124</ns3:hr>
            <ns3:cad>66</ns3:cad>
          </ns3:TrackPointExtension>
        </extensions>
      </trkpt>
      <trkpt lat="35.97135345451533794403076171875" lon="-81.1102334596216678619384765625">
        <ele>540.20001220703125</ele>
        <time>2026-03-31T14:11:04.000Z</time>
        <extensions>
          <ns3:TrackPointExtension>
            <ns3:hr>125</ns3:hr>
            <ns3:cad>0</ns3:cad>
          </ns3:TrackPointExtension>
        </extensions>
      </trkpt>
      <trkpt lat="35.97136116586625576019287109375" lon="-81.1102299392223358154296875">
        <ele>540.4000244140625</ele>
        <time>2026-03-31T14:11:06.000Z</time>
        <extensions>
          <ns3:TrackPointExtension>
            <ns3:hr>125</ns3:hr>
            <ns3:cad>63</ns3:cad>
          </ns3:TrackPointExtension>
        </extensions>
      </trkpt>
      <trkpt lat="35.971362590789794921875" lon="-81.11022231169044971466064453125">
        <ele>540.20001220703125</ele>
        <time>2026-03-31T14:11:11.000Z</time>
        <extensions>
          <ns3:TrackPointExtension>
            <ns3:hr>127</ns3:hr>
            <ns3:cad>0</ns3:cad>
          </ns3:TrackPointExtension>
        </extensions>
      </trkpt>
      <trkpt lat="35.97136870957911014556884765625" lon="-81.11025072634220123291015625">
        <ele>540.20001220703125</ele>
        <time>2026-03-31T14:11:20.000Z</time>
        <extensions>
          <ns3:TrackPointExtension>
            <ns3:hr>127</ns3:hr>
            <ns3:cad>0</ns3:cad>
          </ns3:TrackPointExtension>
        </extensions>
      </trkpt>
      <trkpt lat="35.97141162492334842681884765625" lon="-81.110309399664402008056640625">
        <ele>539.5999755859375</ele>
        <time>2026-03-31T14:11:27.000Z</time>
        <extensions>
          <ns3:TrackPointExtension>
            <ns3:hr>127</ns3:hr>
            <ns3:cad>65</ns3:cad>
          </ns3:TrackPointExtension>
        </extensions>
      </trkpt>
      <trkpt lat="35.9714656881988048553466796875" lon="-81.1103159375488758087158203125">
        <ele>539.5999755859375</ele>
        <time>2026-03-31T14:11:32.000Z</time>
        <extensions>
          <ns3:TrackPointExtension>
            <ns3:hr>126</ns3:hr>
            <ns3:cad>78</ns3:cad>
          </ns3:TrackPointExtension>
        </extensions>
      </trkpt>
      <trkpt lat="35.971483290195465087890625" lon="-81.11029188148677349090576171875">
        <ele>539.5999755859375</ele>
        <time>2026-03-31T14:11:35.000Z</time>
        <extensions>
          <ns3:TrackPointExtension>
            <ns3:hr>125</ns3:hr>
            <ns3:cad>73</ns3:cad>
          </ns3:TrackPointExtension>
        </extensions>
      </trkpt>
      <trkpt lat="35.97148790024220943450927734375" lon="-81.11028014682233333587646484375">
        <ele>540.20001220703125</ele>
        <time>2026-03-31T14:11:38.000Z</time>
        <extensions>
          <ns3:TrackPointExtension>
            <ns3:hr>125</ns3:hr>
            <ns3:cad>0</ns3:cad>
          </ns3:TrackPointExtension>
        </extensions>
      </trkpt>
      <trkpt lat="35.97148974426090717315673828125" lon="-81.11028366722166538238525390625">
        <ele>540.4000244140625</ele>
        <time>2026-03-31T14:11:40.000Z</time>
        <extensions>
          <ns3:TrackPointExtension>
            <ns3:hr>124</ns3:hr>
            <ns3:cad>64</ns3:cad>
          </ns3:TrackPointExtension>
        </extensions>
      </trkpt>
      <trkpt lat="35.971531234681606292724609375" lon="-81.11030998639762401580810546875">
        <ele>539.79998779296875</ele>
        <time>2026-03-31T14:11:46.000Z</time>
        <extensions>
          <ns3:TrackPointExtension>
            <ns3:hr>123</ns3:hr>
            <ns3:cad>0</ns3:cad>
          </ns3:TrackPointExtension>
        </extensions>
      </trkpt>
      <trkpt lat="35.97154288552701473236083984375" lon="-81.1102736927568912506103515625">
        <ele>539.4000244140625</ele>
        <time>2026-03-31T14:11:55.000Z</time>
        <extensions>
          <ns3:TrackPointExtension>
            <ns3:hr>122</ns3:hr>
            <ns3:cad>0</ns3:cad>
          </ns3:TrackPointExtension>
        </extensions>
      </trkpt>
      <trkpt lat="35.97154288552701473236083984375" lon="-81.1102736927568912506103515625">
        <ele>539.4000244140625</ele>
        <time>2026-03-31T14:11:59.000Z</time>
        <extensions>
          <ns3:TrackPointExtension>
            <ns3:hr>119</ns3:hr>
            <ns3:cad>0</ns3:cad>
          </ns3:TrackPointExtension>
        </extensions>
      </trkpt>
      <trkpt lat="35.97154288552701473236083984375" lon="-81.1102736927568912506103515625">
        <ele>539.4000244140625</ele>
        <time>2026-03-31T14:12:04.000Z</time>
        <extensions>
          <ns3:TrackPointExtension>
            <ns3:hr>116</ns3:hr>
            <ns3:cad>0</ns3:cad>
          </ns3:TrackPointExtension>
        </extensions>
      </trkpt>
      <trkpt lat="35.97154288552701473236083984375" lon="-81.1102736927568912506103515625">
        <ele>539.4000244140625</ele>
        <time>2026-03-31T14:12:09.000Z</time>
        <extensions>
          <ns3:TrackPointExtension>
            <ns3:hr>115</ns3:hr>
            <ns3:cad>0</ns3:cad>
          </ns3:TrackPointExtension>
        </extensions>
      </trkpt>
      <trkpt lat="35.97154288552701473236083984375" lon="-81.1102736927568912506103515625">
        <ele>539.4000244140625</ele>
        <time>2026-03-31T14:12:10.000Z</time>
        <extensions>
          <ns3:TrackPointExtension>
            <ns3:hr>118</ns3:hr>
            <ns3:cad>0</ns3:cad>
          </ns3:TrackPointExtension>
        </extensions>
      </trkpt>
      <trkpt lat="35.97154053859412670135498046875" lon="-81.1102921329438686370849609375">
        <ele>540</ele>
        <time>2026-03-31T14:12:17.000Z</time>
        <extensions>
          <ns3:TrackPointExtension>
            <ns3:hr>121</ns3:hr>
            <ns3:cad>0</ns3:cad>
          </ns3:TrackPointExtension>
        </extensions>
      </trkpt>
      <trkpt lat="35.97155093215405941009521484375" lon="-81.11032105050981044769287109375">
        <ele>540</ele>
        <time>2026-03-31T14:12:21.000Z</time>
        <extensions>
          <ns3:TrackPointExtension>
            <ns3:hr>124</ns3:hr>
            <ns3:cad>0</ns3:cad>
          </ns3:TrackPointExtension>
        </extensions>
      </trkpt>
      <trkpt lat="35.9715391136705875396728515625" lon="-81.110314764082431793212890625">
        <ele>539.79998779296875</ele>
        <time>2026-03-31T14:12:25.000Z</time>
        <extensions>
          <ns3:TrackPointExtension>
            <ns3:hr>123</ns3:hr>
            <ns3:cad>0</ns3:cad>
          </ns3:TrackPointExtension>
        </extensions>
      </trkpt>
      <trkpt lat="35.97151723690330982208251953125" lon="-81.1103152669966220855712890625">
        <ele>539.79998779296875</ele>
        <time>2026-03-31T14:12:28.000Z</time>
        <extensions>
          <ns3:TrackPointExtension>
            <ns3:hr>120</ns3:hr>
            <ns3:cad>0</ns3:cad>
          </ns3:TrackPointExtension>
        </extensions>
      </trkpt>
      <trkpt lat="35.97149292938411235809326171875" lon="-81.11033362336456775665283203125">
        <ele>539.5999755859375</ele>
        <time>2026-03-31T14:12:34.000Z</time>
        <extensions>
          <ns3:TrackPointExtension>
            <ns3:hr>117</ns3:hr>
            <ns3:cad>0</ns3:cad>
          </ns3:TrackPointExtension>
        </extensions>
      </trkpt>
      <trkpt lat="35.97151036374270915985107421875" lon="-81.1103720963001251220703125">
        <ele>539</ele>
        <time>2026-03-31T14:12:41.000Z</time>
        <extensions>
          <ns3:TrackPointExtension>
            <ns3:hr>116</ns3:hr>
            <ns3:cad>0</ns3:cad>
          </ns3:TrackPointExtension>
        </extensions>
      </trkpt>
      <trkpt lat="35.9714819490909576416015625" lon="-81.1103675700724124908447265625">
        <ele>539.4000244140625</ele>
        <time>2026-03-31T14:12:50.000Z</time>
        <extensions>
          <ns3:TrackPointExtension>
            <ns3:hr>115</ns3:hr>
            <ns3:cad>0</ns3:cad>
          </ns3:TrackPointExtension>
        </extensions>
      </trkpt>
      <trkpt lat="35.97148102708160877227783203125" lon="-81.11036865971982479095458984375">
        <ele>539.5999755859375</ele>
        <time>2026-03-31T14:12:52.000Z</time>
        <extensions>
          <ns3:TrackPointExtension>
            <ns3:hr>111</ns3:hr>
            <ns3:cad>0</ns3:cad>
          </ns3:TrackPointExtension>
        </extensions>
      </trkpt>
      <trkpt lat="35.97152008675038814544677734375" lon="-81.11039288341999053955078125">
        <ele>539.5999755859375</ele>
        <time>2026-03-31T14:13:00.000Z</time>
        <extensions>
          <ns3:TrackPointExtension>
            <ns3:hr>108</ns3:hr>
            <ns3:cad>0</ns3:cad>
          </ns3:TrackPointExtension>
        </extensions>
      </trkpt>
      <trkpt lat="35.9715535305440425872802734375" lon="-81.1104004271328449249267578125">
        <ele>539.4000244140625</ele>
        <time>2026-03-31T14:13:06.000Z</time>
        <extensions>
          <ns3:TrackPointExtension>
            <ns3:hr>108</ns3:hr>
            <ns3:cad>0</ns3:cad>
          </ns3:TrackPointExtension>
        </extensions>
      </trkpt>
      <trkpt lat="35.9715758264064788818359375" lon="-81.11042012460529804229736328125">
        <ele>539.20001220703125</ele>
        <time>2026-03-31T14:13:12.000Z</time>
        <extensions>
          <ns3:TrackPointExtension>
            <ns3:hr>106</ns3:hr>
            <ns3:cad>0</ns3:cad>
          </ns3:TrackPointExtension>
        </extensions>
      </trkpt>
      <trkpt lat="35.97160407342016696929931640625" lon="-81.11041492782533168792724609375">
        <ele>539</ele>
        <time>2026-03-31T14:13:18.000Z</time>
        <extensions>
          <ns3:TrackPointExtension>
            <ns3:hr>108</ns3:hr>
            <ns3:cad>0</ns3:cad>
          </ns3:TrackPointExtension>
        </extensions>
      </trkpt>
      <trkpt lat="35.97163978032767772674560546875" lon="-81.11044845543801784515380859375">
        <ele>538.5999755859375</ele>
        <time>2026-03-31T14:13:24.000Z</time>
        <extensions>
          <ns3:TrackPointExtension>
            <ns3:hr>107</ns3:hr>
            <ns3:cad>0</ns3:cad>
          </ns3:TrackPointExtension>
        </extensions>
      </trkpt>
      <trkpt lat="35.971633829176425933837890625" lon="-81.110441498458385467529296875">
        <ele>538.79998779296875</ele>
        <time>2026-03-31T14:13:30.000Z</time>
        <extensions>
          <ns3:TrackPointExtension>
            <ns3:hr>110</ns3:hr>
            <ns3:cad>0</ns3:cad>
          </ns3:TrackPointExtension>
        </extensions>
      </trkpt>
      <trkpt lat="35.971633829176425933837890625" lon="-81.110441498458385467529296875">
        <ele>538.5999755859375</ele>
        <time>2026-03-31T14:13:33.000Z</time>
        <extensions>
          <ns3:TrackPointExtension>
            <ns3:hr>114</ns3:hr>
            <ns3:cad>0</ns3:cad>
          </ns3:TrackPointExtension>
        </extensions>
      </trkpt>
      <trkpt lat="35.9716308116912841796875" lon="-81.11043655313551425933837890625">
        <ele>538.5999755859375</ele>
        <time>2026-03-31T14:13:38.000Z</time>
        <extensions>
          <ns3:TrackPointExtension>
            <ns3:hr>117</ns3:hr>
            <ns3:cad>0</ns3:cad>
          </ns3:TrackPointExtension>
        </extensions>
      </trkpt>
      <trkpt lat="35.97162351943552494049072265625" lon="-81.110420711338520050048828125">
        <ele>538.79998779296875</ele>
        <time>2026-03-31T14:13:40.000Z</time>
        <extensions>
          <ns3:TrackPointExtension>
            <ns3:hr>118</ns3:hr>
            <ns3:cad>0</ns3:cad>
          </ns3:TrackPointExtension>
        </extensions>
      </trkpt>
      <trkpt lat="35.9716670215129852294921875" lon="-81.11037653870880603790283203125">
        <ele>538.5999755859375</ele>
        <time>2026-03-31T14:13:48.000Z</time>
        <extensions>
          <ns3:TrackPointExtension>
            <ns3:hr>118</ns3:hr>
            <ns3:cad>0</ns3:cad>
          </ns3:TrackPointExtension>
        </extensions>
      </trkpt>
      <trkpt lat="35.97169895656406879425048828125" lon="-81.11038274131715297698974609375">
        <ele>538.5999755859375</ele>
        <time>2026-03-31T14:13:55.000Z</time>
        <extensions>
          <ns3:TrackPointExtension>
            <ns3:hr>119</ns3:hr>
            <ns3:cad>0</ns3:cad>
          </ns3:TrackPointExtension>
        </extensions>
      </trkpt>
      <trkpt lat="35.9717045724391937255859375" lon="-81.11039145849645137786865234375">
        <ele>538.5999755859375</ele>
        <time>2026-03-31T14:14:02.000Z</time>
        <extensions>
          <ns3:TrackPointExtension>
            <ns3:hr>118</ns3:hr>
            <ns3:cad>0</ns3:cad>
          </ns3:TrackPointExtension>
        </extensions>
      </trkpt>
      <trkpt lat="35.9716846235096454620361328125" lon="-81.11041174270212650299072265625">
        <ele>538.4000244140625</ele>
        <time>2026-03-31T14:14:05.000Z</time>
        <extensions>
          <ns3:TrackPointExtension>
            <ns3:hr>117</ns3:hr>
            <ns3:cad>0</ns3:cad>
          </ns3:TrackPointExtension>
        </extensions>
      </trkpt>
      <trkpt lat="35.9716816060245037078857421875" lon="-81.1104471981525421142578125">
        <ele>538.4000244140625</ele>
        <time>2026-03-31T14:14:09.000Z</time>
        <extensions>
          <ns3:TrackPointExtension>
            <ns3:hr>117</ns3:hr>
            <ns3:cad>0</ns3:cad>
          </ns3:TrackPointExtension>
        </extensions>
      </trkpt>
      <trkpt lat="35.971675403416156768798828125" lon="-81.1104631237685680389404296875">
        <ele>538</ele>
        <time>2026-03-31T14:14:15.000Z</time>
        <extensions>
          <ns3:TrackPointExtension>
            <ns3:hr>116</ns3:hr>
            <ns3:cad>0</ns3:cad>
          </ns3:TrackPointExtension>
        </extensions>
      </trkpt>
      <trkpt lat="35.971688143908977508544921875" lon="-81.11046354286372661590576171875">
        <ele>538.20001220703125</ele>
        <time>2026-03-31T14:14:18.000Z</time>
        <extensions>
          <ns3:TrackPointExtension>
            <ns3:hr>113</ns3:hr>
            <ns3:cad>0</ns3:cad>
          </ns3:TrackPointExtension>
        </extensions>
      </trkpt>
      <trkpt lat="35.971703231334686279296875" lon="-81.110466979444026947021484375">
        <ele>538.20001220703125</ele>
        <time>2026-03-31T14:14:21.000Z</time>
        <extensions>
          <ns3:TrackPointExtension>
            <ns3:hr>114</ns3:hr>
            <ns3:cad>0</ns3:cad>
          </ns3:TrackPointExtension>
        </extensions>
      </trkpt>
      <trkpt lat="35.97174815833568572998046875" lon="-81.1104289256036281585693359375">
        <ele>538.4000244140625</ele>
        <time>2026-03-31T14:14:30.000Z</time>
        <extensions>
          <ns3:TrackPointExtension>
            <ns3:hr>114</ns3:hr>
            <ns3:cad>0</ns3:cad>
          </ns3:TrackPointExtension>
        </extensions>
      </trkpt>
      <trkpt lat="35.97177120856940746307373046875" lon="-81.1104044504463672637939453125">
        <ele>538.4000244140625</ele>
        <time>2026-03-31T14:14:38.000Z</time>
        <extensions>
          <ns3:TrackPointExtension>
            <ns3:hr>116</ns3:hr>
            <ns3:cad>0</ns3:cad>
          </ns3:TrackPointExtension>
        </extensions>
      </trkpt>
      <trkpt lat="35.971802137792110443115234375" lon="-81.1104067973792552947998046875">
        <ele>538.20001220703125</ele>
        <time>2026-03-31T14:14:44.000Z</time>
        <extensions>
          <ns3:TrackPointExtension>
            <ns3:hr>117</ns3:hr>
            <ns3:cad>52</ns3:cad>
          </ns3:TrackPointExtension>
        </extensions>
      </trkpt>
      <trkpt lat="35.97181119024753570556640625" lon="-81.1104285903275012969970703125">
        <ele>538</ele>
        <time>2026-03-31T14:14:51.000Z</time>
        <extensions>
          <ns3:TrackPointExtension>
            <ns3:hr>117</ns3:hr>
            <ns3:cad>0</ns3:cad>
          </ns3:TrackPointExtension>
        </extensions>
      </trkpt>
      <trkpt lat="35.971842706203460693359375" lon="-81.1104436777532100677490234375">
        <ele>538</ele>
        <time>2026-03-31T14:14:57.000Z</time>
        <extensions>
          <ns3:TrackPointExtension>
            <ns3:hr>117</ns3:hr>
            <ns3:cad>0</ns3:cad>
          </ns3:TrackPointExtension>
        </extensions>
      </trkpt>
      <trkpt lat="35.971889980137348175048828125" lon="-81.110416688024997711181640625">
        <ele>537.5999755859375</ele>
        <time>2026-03-31T14:15:05.000Z</time>
        <extensions>
          <ns3:TrackPointExtension>
            <ns3:hr>115</ns3:hr>
            <ns3:cad>41</ns3:cad>
          </ns3:TrackPointExtension>
        </extensions>
      </trkpt>
      <trkpt lat="35.97189073450863361358642578125" lon="-81.11041341908276081085205078125">
        <ele>538</ele>
        <time>2026-03-31T14:15:14.000Z</time>
        <extensions>
          <ns3:TrackPointExtension>
            <ns3:hr>115</ns3:hr>
            <ns3:cad>0</ns3:cad>
          </ns3:TrackPointExtension>
        </extensions>
      </trkpt>
      <trkpt lat="35.97188050858676433563232421875" lon="-81.1104430072009563446044921875">
        <ele>537.5999755859375</ele>
        <time>2026-03-31T14:15:23.000Z</time>
        <extensions>
          <ns3:TrackPointExtension>
            <ns3:hr>116</ns3:hr>
            <ns3:cad>0</ns3:cad>
          </ns3:TrackPointExtension>
        </extensions>
      </trkpt>
      <trkpt lat="35.97187112085521221160888671875" lon="-81.1104708351194858551025390625">
        <ele>537.20001220703125</ele>
        <time>2026-03-31T14:15:27.000Z</time>
        <extensions>
          <ns3:TrackPointExtension>
            <ns3:hr>116</ns3:hr>
            <ns3:cad>0</ns3:cad>
          </ns3:TrackPointExtension>
        </extensions>
      </trkpt>
      <trkpt lat="35.97186022438108921051025390625" lon="-81.11047293059527873992919921875">
        <ele>537</ele>
        <time>2026-03-31T14:15:30.000Z</time>
        <extensions>
          <ns3:TrackPointExtension>
            <ns3:hr>116</ns3:hr>
            <ns3:cad>0</ns3:cad>
          </ns3:TrackPointExtension>
        </extensions>
      </trkpt>
      <trkpt lat="35.971818231046199798583984375" lon="-81.1104567535221576690673828125">
        <ele>537</ele>
        <time>2026-03-31T14:15:37.000Z</time>
        <extensions>
          <ns3:TrackPointExtension>
            <ns3:hr>117</ns3:hr>
            <ns3:cad>0</ns3:cad>
          </ns3:TrackPointExtension>
        </extensions>
      </trkpt>
      <trkpt lat="35.9718294627964496612548828125" lon="-81.11052774824202060699462890625">
        <ele>536.4000244140625</ele>
        <time>2026-03-31T14:15:44.000Z</time>
        <extensions>
          <ns3:TrackPointExtension>
            <ns3:hr>116</ns3:hr>
            <ns3:cad>0</ns3:cad>
          </ns3:TrackPointExtension>
        </extensions>
      </trkpt>
      <trkpt lat="35.97181881777942180633544921875" lon="-81.1105492897331714630126953125">
        <ele>536</ele>
        <time>2026-03-31T14:15:50.000Z</time>
        <extensions>
          <ns3:TrackPointExtension>
            <ns3:hr>115</ns3:hr>
            <ns3:cad>0</ns3:cad>
          </ns3:TrackPointExtension>
        </extensions>
      </trkpt>
      <trkpt lat="35.97181563265621662139892578125" lon="-81.11053168773651123046875">
        <ele>535.79998779296875</ele>
        <time>2026-03-31T14:15:56.000Z</time>
        <extensions>
          <ns3:TrackPointExtension>
            <ns3:hr>114</ns3:hr>
            <ns3:cad>0</ns3:cad>
          </ns3:TrackPointExtension>
        </extensions>
      </trkpt>
      <trkpt lat="35.9718076698482036590576171875" lon="-81.11052791588008403778076171875">
        <ele>535.79998779296875</ele>
        <time>2026-03-31T14:16:03.000Z</time>
        <extensions>
          <ns3:TrackPointExtension>
            <ns3:hr>114</ns3:hr>
            <ns3:cad>0</ns3:cad>
          </ns3:TrackPointExtension>
        </extensions>
      </trkpt>
      <trkpt lat="35.9717681072652339935302734375" lon="-81.11055440269410610198974609375">
        <ele>535.4000244140625</ele>
        <time>2026-03-31T14:16:09.000Z</time>
        <extensions>
          <ns3:TrackPointExtension>
            <ns3:hr>114</ns3:hr>
            <ns3:cad>52</ns3:cad>
          </ns3:TrackPointExtension>
        </extensions>
      </trkpt>
      <trkpt lat="35.97176718525588512420654296875" lon="-81.11054920591413974761962890625">
        <ele>535.20001220703125</ele>
        <time>2026-03-31T14:16:10.000Z</time>
        <extensions>
          <ns3:TrackPointExtension>
            <ns3:hr>115</ns3:hr>
            <ns3:cad>52</ns3:cad>
          </ns3:TrackPointExtension>
        </extensions>
      </trkpt>
      <trkpt lat="35.9717701189219951629638671875" lon="-81.110543422400951385498046875">
        <ele>535.4000244140625</ele>
        <time>2026-03-31T14:16:16.000Z</time>
        <extensions>
          <ns3:TrackPointExtension>
            <ns3:hr>115</ns3:hr>
            <ns3:cad>0</ns3:cad>
          </ns3:TrackPointExtension>
        </extensions>
      </trkpt>
      <trkpt lat="35.9717808477580547332763671875" lon="-81.11055658198893070220947265625">
        <ele>535</ele>
        <time>2026-03-31T14:16:23.000Z</time>
        <extensions>
          <ns3:TrackPointExtension>
            <ns3:hr>113</ns3:hr>
            <ns3:cad>0</ns3:cad>
          </ns3:TrackPointExtension>
        </extensions>
      </trkpt>
      <trkpt lat="35.9717677719891071319580078125" lon="-81.1106129921972751617431640625">
        <ele>534.5999755859375</ele>
        <time>2026-03-31T14:16:29.000Z</time>
        <extensions>
          <ns3:TrackPointExtension>
            <ns3:hr>113</ns3:hr>
            <ns3:cad>0</ns3:cad>
          </ns3:TrackPointExtension>
        </extensions>
      </trkpt>
      <trkpt lat="35.97174069844186305999755859375" lon="-81.1106161773204803466796875">
        <ele>534.4000244140625</ele>
        <time>2026-03-31T14:16:36.000Z</time>
        <extensions>
          <ns3:TrackPointExtension>
            <ns3:hr>115</ns3:hr>
            <ns3:cad>0</ns3:cad>
          </ns3:TrackPointExtension>
        </extensions>
      </trkpt>
      <trkpt lat="35.971740446984767913818359375" lon="-81.110620535910129547119140625">
        <ele>534.4000244140625</ele>
        <time>2026-03-31T14:16:39.000Z</time>
        <extensions>
          <ns3:TrackPointExtension>
            <ns3:hr>117</ns3:hr>
            <ns3:cad>0</ns3:cad>
          </ns3:TrackPointExtension>
        </extensions>
      </trkpt>
      <trkpt lat="35.97174539230763912200927734375" lon="-81.1106510460376739501953125">
        <ele>534.20001220703125</ele>
        <time>2026-03-31T14:16:42.000Z</time>
        <extensions>
          <ns3:TrackPointExtension>
            <ns3:hr>118</ns3:hr>
            <ns3:cad>0</ns3:cad>
          </ns3:TrackPointExtension>
        </extensions>
      </trkpt>
      <trkpt lat="35.97175084054470062255859375" lon="-81.1107008345425128936767578125">
        <ele>534</ele>
        <time>2026-03-31T14:16:50.000Z</time>
        <extensions>
          <ns3:TrackPointExtension>
            <ns3:hr>115</ns3:hr>
            <ns3:cad>0</ns3:cad>
          </ns3:TrackPointExtension>
        </extensions>
      </trkpt>
      <trkpt lat="35.9717322327196598052978515625" lon="-81.11071382649242877960205078125">
        <ele>533.5999755859375</ele>
        <time>2026-03-31T14:16:57.000Z</time>
        <extensions>
          <ns3:TrackPointExtension>
            <ns3:hr>115</ns3:hr>
            <ns3:cad>0</ns3:cad>
          </ns3:TrackPointExtension>
        </extensions>
      </trkpt>
      <trkpt lat="35.97172225825488567352294921875" lon="-81.11075137741863727569580078125">
        <ele>533.4000244140625</ele>
        <time>2026-03-31T14:17:05.000Z</time>
        <extensions>
          <ns3:TrackPointExtension>
            <ns3:hr>115</ns3:hr>
            <ns3:cad>0</ns3:cad>
          </ns3:TrackPointExtension>
        </extensions>
      </trkpt>
      <trkpt lat="35.971716977655887603759765625" lon="-81.11075674183666706085205078125">
        <ele>533.4000244140625</ele>
        <time>2026-03-31T14:17:06.000Z</time>
        <extensions>
          <ns3:TrackPointExtension>
            <ns3:hr>115</ns3:hr>
            <ns3:cad>0</ns3:cad>
          </ns3:TrackPointExtension>
        </extensions>
      </trkpt>
      <trkpt lat="35.97169275395572185516357421875" lon="-81.11076713539659976959228515625">
        <ele>533</ele>
        <time>2026-03-31T14:17:11.000Z</time>
        <extensions>
          <ns3:TrackPointExtension>
            <ns3:hr>111</ns3:hr>
            <ns3:cad>59</ns3:cad>
          </ns3:TrackPointExtension>
        </extensions>
      </trkpt>
      <trkpt lat="35.971681773662567138671875" lon="-81.1107725836336612701416015625">
        <ele>532.79998779296875</ele>
        <time>2026-03-31T14:17:13.000Z</time>
        <extensions>
          <ns3:TrackPointExtension>
            <ns3:hr>109</ns3:hr>
            <ns3:cad>59</ns3:cad>
          </ns3:TrackPointExtension>
        </extensions>
      </trkpt>
      <trkpt lat="35.97164690494537353515625" lon="-81.11076705157756805419921875">
        <ele>532.79998779296875</ele>
        <time>2026-03-31T14:17:22.000Z</time>
        <extensions>
          <ns3:TrackPointExtension>
            <ns3:hr>108</ns3:hr>
            <ns3:cad>0</ns3:cad>
          </ns3:TrackPointExtension>
        </extensions>
      </trkpt>
      <trkpt lat="35.9716467373073101043701171875" lon="-81.1107668839395046234130859375">
        <ele>532.79998779296875</ele>
        <time>2026-03-31T14:17:24.000Z</time>
        <extensions>
          <ns3:TrackPointExtension>
            <ns3:hr>111</ns3:hr>
            <ns3:cad>0</ns3:cad>
          </ns3:TrackPointExtension>
        </extensions>
      </trkpt>
      <trkpt lat="35.9716467373073101043701171875" lon="-81.1107668839395046234130859375">
        <ele>532.79998779296875</ele>
        <time>2026-03-31T14:17:29.000Z</time>
        <extensions>
          <ns3:TrackPointExtension>
            <ns3:hr>109</ns3:hr>
            <ns3:cad>0</ns3:cad>
          </ns3:TrackPointExtension>
        </extensions>
      </trkpt>
      <trkpt lat="35.97168755717575550079345703125" lon="-81.1107937060296535491943359375">
        <ele>532.79998779296875</ele>
        <time>2026-03-31T14:17:33.000Z</time>
        <extensions>
          <ns3:TrackPointExtension>
            <ns3:hr>108</ns3:hr>
            <ns3:cad>0</ns3:cad>
          </ns3:TrackPointExtension>
        </extensions>
      </trkpt>
      <trkpt lat="35.97169141285121440887451171875" lon="-81.1107994057238101959228515625">
        <ele>532.79998779296875</ele>
        <time>2026-03-31T14:17:34.000Z</time>
        <extensions>
          <ns3:TrackPointExtension>
            <ns3:hr>107</ns3:hr>
            <ns3:cad>0</ns3:cad>
          </ns3:TrackPointExtension>
        </extensions>
      </trkpt>
      <trkpt lat="35.9717101044952869415283203125" lon="-81.110813319683074951171875">
        <ele>532.5999755859375</ele>
        <time>2026-03-31T14:17:37.000Z</time>
        <extensions>
          <ns3:TrackPointExtension>
            <ns3:hr>107</ns3:hr>
            <ns3:cad>0</ns3:cad>
          </ns3:TrackPointExtension>
        </extensions>
      </trkpt>
      <trkpt lat="35.9717332385480403900146484375" lon="-81.11080887727439403533935546875">
        <ele>532.4000244140625</ele>
        <time>2026-03-31T14:17:41.000Z</time>
        <extensions>
          <ns3:TrackPointExtension>
            <ns3:hr>108</ns3:hr>
            <ns3:cad>63</ns3:cad>
          </ns3:TrackPointExtension>
        </extensions>
      </trkpt>
      <trkpt lat="35.97176634706556797027587890625" lon="-81.11082379706203937530517578125">
        <ele>532.20001220703125</ele>
        <time>2026-03-31T14:17:49.000Z</time>
        <extensions>
          <ns3:TrackPointExtension>
            <ns3:hr>107</ns3:hr>
            <ns3:cad>0</ns3:cad>
          </ns3:TrackPointExtension>
        </extensions>
      </trkpt>
      <trkpt lat="35.9717754833400249481201171875" lon="-81.1108262278139591217041015625">
        <ele>531.5999755859375</ele>
        <time>2026-03-31T14:17:57.000Z</time>
        <extensions>
          <ns3:TrackPointExtension>
            <ns3:hr>107</ns3:hr>
            <ns3:cad>0</ns3:cad>
          </ns3:TrackPointExtension>
        </extensions>
      </trkpt>
      <trkpt lat="35.971776656806468963623046875" lon="-81.11082815565168857574462890625">
        <ele>531.5999755859375</ele>
        <time>2026-03-31T14:18:00.000Z</time>
        <extensions>
          <ns3:TrackPointExtension>
            <ns3:hr>110</ns3:hr>
            <ns3:cad>0</ns3:cad>
          </ns3:TrackPointExtension>
        </extensions>
      </trkpt>
      <trkpt lat="35.97177724353969097137451171875" lon="-81.110829077661037445068359375">
        <ele>531.5999755859375</ele>
        <time>2026-03-31T14:18:05.000Z</time>
        <extensions>
          <ns3:TrackPointExtension>
            <ns3:hr>113</ns3:hr>
            <ns3:cad>0</ns3:cad>
          </ns3:TrackPointExtension>
        </extensions>
      </trkpt>
      <trkpt lat="35.97179149277508258819580078125" lon="-81.11084491945803165435791015625">
        <ele>531.5999755859375</ele>
        <time>2026-03-31T14:18:08.000Z</time>
        <extensions>
          <ns3:TrackPointExtension>
            <ns3:hr>114</ns3:hr>
            <ns3:cad>0</ns3:cad>
          </ns3:TrackPointExtension>
        </extensions>
      </trkpt>
      <trkpt lat="35.97181253135204315185546875" lon="-81.110853888094425201416015625">
        <ele>531.20001220703125</ele>
        <time>2026-03-31T14:18:12.000Z</time>
        <extensions>
          <ns3:TrackPointExtension>
            <ns3:hr>114</ns3:hr>
            <ns3:cad>0</ns3:cad>
          </ns3:TrackPointExtension>
        </extensions>
      </trkpt>
      <trkpt lat="35.97183625213801860809326171875" lon="-81.11084592528641223907470703125">
        <ele>531</ele>
        <time>2026-03-31T14:18:17.000Z</time>
        <extensions>
          <ns3:TrackPointExtension>
            <ns3:hr>114</ns3:hr>
            <ns3:cad>0</ns3:cad>
          </ns3:TrackPointExtension>
        </extensions>
      </trkpt>
      <trkpt lat="35.9718616493046283721923828125" lon="-81.1108483560383319854736328125">
        <ele>530.79998779296875</ele>
        <time>2026-03-31T14:18:23.000Z</time>
        <extensions>
          <ns3:TrackPointExtension>
            <ns3:hr>114</ns3:hr>
            <ns3:cad>0</ns3:cad>
          </ns3:TrackPointExtension>
        </extensions>
      </trkpt>
      <trkpt lat="35.9718842804431915283203125" lon="-81.1108678020536899566650390625">
        <ele>530.20001220703125</ele>
        <time>2026-03-31T14:18:28.000Z</time>
        <extensions>
          <ns3:TrackPointExtension>
            <ns3:hr>113</ns3:hr>
            <ns3:cad>0</ns3:cad>
          </ns3:TrackPointExtension>
        </extensions>
      </trkpt>
      <trkpt lat="35.97189542837440967559814453125" lon="-81.11088733188807964324951171875">
        <ele>529.79998779296875</ele>
        <time>2026-03-31T14:18:33.000Z</time>
        <extensions>
          <ns3:TrackPointExtension>
            <ns3:hr>113</ns3:hr>
            <ns3:cad>0</ns3:cad>
          </ns3:TrackPointExtension>
        </extensions>
      </trkpt>
      <trkpt lat="35.97189073450863361358642578125" lon="-81.11090107820928096771240234375">
        <ele>529.79998779296875</ele>
        <time>2026-03-31T14:18:41.000Z</time>
        <extensions>
          <ns3:TrackPointExtension>
            <ns3:hr>113</ns3:hr>
            <ns3:cad>0</ns3:cad>
          </ns3:TrackPointExtension>
        </extensions>
      </trkpt>
      <trkpt lat="35.9719069115817546844482421875" lon="-81.11091465689241886138916015625">
        <ele>529.20001220703125</ele>
        <time>2026-03-31T14:18:49.000Z</time>
        <extensions>
          <ns3:TrackPointExtension>
            <ns3:hr>113</ns3:hr>
            <ns3:cad>0</ns3:cad>
          </ns3:TrackPointExtension>
        </extensions>
      </trkpt>
      <trkpt lat="35.97190967760980129241943359375" lon="-81.1109046824276447296142578125">
        <ele>529.4000244140625</ele>
        <time>2026-03-31T14:18:52.000Z</time>
        <extensions>
          <ns3:TrackPointExtension>
            <ns3:hr>110</ns3:hr>
            <ns3:cad>0</ns3:cad>
          </ns3:TrackPointExtension>
        </extensions>
      </trkpt>
      <trkpt lat="35.97190967760980129241943359375" lon="-81.1109046824276447296142578125">
        <ele>529.20001220703125</ele>
        <time>2026-03-31T14:18:55.000Z</time>
        <extensions>
          <ns3:TrackPointExtension>
            <ns3:hr>107</ns3:hr>
            <ns3:cad>0</ns3:cad>
          </ns3:TrackPointExtension>
        </extensions>
      </trkpt>
      <trkpt lat="35.97191168926656246185302734375" lon="-81.110901497304439544677734375">
        <ele>529.4000244140625</ele>
        <time>2026-03-31T14:18:59.000Z</time>
        <extensions>
          <ns3:TrackPointExtension>
            <ns3:hr>105</ns3:hr>
            <ns3:cad>0</ns3:cad>
          </ns3:TrackPointExtension>
        </extensions>
      </trkpt>
      <trkpt lat="35.97191001288592815399169921875" lon="-81.11085564829409122467041015625">
        <ele>529.5999755859375</ele>
        <time>2026-03-31T14:19:04.000Z</time>
        <extensions>
          <ns3:TrackPointExtension>
            <ns3:hr>104</ns3:hr>
            <ns3:cad>0</ns3:cad>
          </ns3:TrackPointExtension>
        </extensions>
      </trkpt>
      <trkpt lat="35.97191043198108673095703125" lon="-81.11085581593215465545654296875">
        <ele>529.79998779296875</ele>
        <time>2026-03-31T14:19:05.000Z</time>
        <extensions>
          <ns3:TrackPointExtension>
            <ns3:hr>105</ns3:hr>
            <ns3:cad>0</ns3:cad>
          </ns3:TrackPointExtension>
        </extensions>
      </trkpt>
      <trkpt lat="35.9719166345894336700439453125" lon="-81.11084215342998504638671875">
        <ele>530</ele>
        <time>2026-03-31T14:19:10.000Z</time>
        <extensions>
          <ns3:TrackPointExtension>
            <ns3:hr>105</ns3:hr>
            <ns3:cad>0</ns3:cad>
          </ns3:TrackPointExtension>
        </extensions>
      </trkpt>
      <trkpt lat="35.97194924019277095794677734375" lon="-81.11081273294985294342041015625">
        <ele>529.79998779296875</ele>
        <time>2026-03-31T14:19:18.000Z</time>
        <extensions>
          <ns3:TrackPointExtension>
            <ns3:hr>106</ns3:hr>
            <ns3:cad>0</ns3:cad>
          </ns3:TrackPointExtension>
        </extensions>
      </trkpt>
      <trkpt lat="35.97199022769927978515625" lon="-81.11080334521830081939697265625">
        <ele>530</ele>
        <time>2026-03-31T14:19:26.000Z</time>
        <extensions>
          <ns3:TrackPointExtension>
            <ns3:hr>107</ns3:hr>
            <ns3:cad>0</ns3:cad>
          </ns3:TrackPointExtension>
        </extensions>
      </trkpt>
      <trkpt lat="35.97204144112765789031982421875" lon="-81.11082379706203937530517578125">
        <ele>529.20001220703125</ele>
        <time>2026-03-31T14:19:35.000Z</time>
        <extensions>
          <ns3:TrackPointExtension>
            <ns3:hr>108</ns3:hr>
            <ns3:cad>0</ns3:cad>
          </ns3:TrackPointExtension>
        </extensions>
      </trkpt>
      <trkpt lat="35.97204697318375110626220703125" lon="-81.11082631163299083709716796875">
        <ele>529.20001220703125</ele>
        <time>2026-03-31T14:19:36.000Z</time>
        <extensions>
          <ns3:TrackPointExtension>
            <ns3:hr>109</ns3:hr>
            <ns3:cad>0</ns3:cad>
          </ns3:TrackPointExtension>
        </extensions>
      </trkpt>
      <trkpt lat="35.9720586240291595458984375" lon="-81.1108414828777313232421875">
        <ele>528.5999755859375</ele>
        <time>2026-03-31T14:19:43.000Z</time>
        <extensions>
          <ns3:TrackPointExtension>
            <ns3:hr>111</ns3:hr>
            <ns3:cad>0</ns3:cad>
          </ns3:TrackPointExtension>
        </extensions>
      </trkpt>
      <trkpt lat="35.97205183468759059906005859375" lon="-81.1108574084937572479248046875">
        <ele>528</ele>
        <time>2026-03-31T14:19:47.000Z</time>
        <extensions>
          <ns3:TrackPointExtension>
            <ns3:hr>112</ns3:hr>
            <ns3:cad>65</ns3:cad>
          </ns3:TrackPointExtension>
        </extensions>
      </trkpt>
      <trkpt lat="35.9720483981072902679443359375" lon="-81.11087325029075145721435546875">
        <ele>528</ele>
        <time>2026-03-31T14:19:51.000Z</time>
        <extensions>
          <ns3:TrackPointExtension>
            <ns3:hr>114</ns3:hr>
            <ns3:cad>0</ns3:cad>
          </ns3:TrackPointExtension>
        </extensions>
      </trkpt>
      <trkpt lat="35.9720400162041187286376953125" lon="-81.11088414676487445831298828125">
        <ele>527.5999755859375</ele>
        <time>2026-03-31T14:20:01.000Z</time>
        <extensions>
          <ns3:TrackPointExtension>
            <ns3:hr>114</ns3:hr>
            <ns3:cad>0</ns3:cad>
          </ns3:TrackPointExtension>
        </extensions>
      </trkpt>
      <trkpt lat="35.97203037701547145843505859375" lon="-81.1108939535915851593017578125">
        <ele>528</ele>
        <time>2026-03-31T14:20:11.000Z</time>
        <extensions>
          <ns3:TrackPointExtension>
            <ns3:hr>111</ns3:hr>
            <ns3:cad>0</ns3:cad>
          </ns3:TrackPointExtension>
        </extensions>
      </trkpt>
      <trkpt lat="35.9720306284725666046142578125" lon="-81.11089403741061687469482421875">
        <ele>528</ele>
        <time>2026-03-31T14:20:13.000Z</time>
        <extensions>
          <ns3:TrackPointExtension>
            <ns3:hr>109</ns3:hr>
            <ns3:cad>0</ns3:cad>
          </ns3:TrackPointExtension>
        </extensions>
      </trkpt>
      <trkpt lat="35.972036831080913543701171875" lon="-81.11089236102998256683349609375">
        <ele>528</ele>
        <time>2026-03-31T14:20:14.000Z</time>
        <extensions>
          <ns3:TrackPointExtension>
            <ns3:hr>106</ns3:hr>
            <ns3:cad>0</ns3:cad>
          </ns3:TrackPointExtension>
        </extensions>
      </trkpt>
      <trkpt lat="35.97205015830695629119873046875" lon="-81.11089906655251979827880859375">
        <ele>528.4000244140625</ele>
        <time>2026-03-31T14:20:20.000Z</time>
        <extensions>
          <ns3:TrackPointExtension>
            <ns3:hr>111</ns3:hr>
            <ns3:cad>0</ns3:cad>
          </ns3:TrackPointExtension>
        </extensions>
      </trkpt>
      <trkpt lat="35.97204563207924365997314453125" lon="-81.1108969710767269134521484375">
        <ele>528.4000244140625</ele>
        <time>2026-03-31T14:20:23.000Z</time>
        <extensions>
          <ns3:TrackPointExtension>
            <ns3:hr>113</ns3:hr>
            <ns3:cad>0</ns3:cad>
          </ns3:TrackPointExtension>
        </extensions>
      </trkpt>
      <trkpt lat="35.9720318019390106201171875" lon="-81.11093066632747650146484375">
        <ele>528.20001220703125</ele>
        <time>2026-03-31T14:20:35.000Z</time>
        <extensions>
          <ns3:TrackPointExtension>
            <ns3:hr>108</ns3:hr>
            <ns3:cad>0</ns3:cad>
          </ns3:TrackPointExtension>
        </extensions>
      </trkpt>
      <trkpt lat="35.9720318019390106201171875" lon="-81.11093066632747650146484375">
        <ele>528.20001220703125</ele>
        <time>2026-03-31T14:20:42.000Z</time>
        <extensions>
          <ns3:TrackPointExtension>
            <ns3:hr>111</ns3:hr>
            <ns3:cad>0</ns3:cad>
          </ns3:TrackPointExtension>
        </extensions>
      </trkpt>
      <trkpt lat="35.9720318019390106201171875" lon="-81.11093066632747650146484375">
        <ele>528.4000244140625</ele>
        <time>2026-03-31T14:20:45.000Z</time>
        <extensions>
          <ns3:TrackPointExtension>
            <ns3:hr>114</ns3:hr>
            <ns3:cad>0</ns3:cad>
          </ns3:TrackPointExtension>
        </extensions>
      </trkpt>
      <trkpt lat="35.9720318019390106201171875" lon="-81.11093066632747650146484375">
        <ele>528</ele>
        <time>2026-03-31T14:20:56.000Z</time>
        <extensions>
          <ns3:TrackPointExtension>
            <ns3:hr>114</ns3:hr>
            <ns3:cad>0</ns3:cad>
          </ns3:TrackPointExtension>
        </extensions>
      </trkpt>
      <trkpt lat="35.9720520861446857452392578125" lon="-81.11090560443699359893798828125">
        <ele>527.79998779296875</ele>
        <time>2026-03-31T14:21:02.000Z</time>
        <extensions>
          <ns3:TrackPointExtension>
            <ns3:hr>115</ns3:hr>
            <ns3:cad>0</ns3:cad>
          </ns3:TrackPointExtension>
        </extensions>
      </trkpt>
      <trkpt lat="35.97205216996371746063232421875" lon="-81.11090577207505702972412109375">
        <ele>527.79998779296875</ele>
        <time>2026-03-31T14:21:05.000Z</time>
        <extensions>
          <ns3:TrackPointExtension>
            <ns3:hr>115</ns3:hr>
            <ns3:cad>0</ns3:cad>
          </ns3:TrackPointExtension>
        </extensions>
      </trkpt>
      <trkpt lat="35.97204387187957763671875" lon="-81.110863275825977325439453125">
        <ele>528.5999755859375</ele>
        <time>2026-03-31T14:21:13.000Z</time>
        <extensions>
          <ns3:TrackPointExtension>
            <ns3:hr>116</ns3:hr>
            <ns3:cad>0</ns3:cad>
          </ns3:TrackPointExtension>
        </extensions>
      </trkpt>
      <trkpt lat="35.972046554088592529296875" lon="-81.11083620227873325347900390625">
        <ele>529.20001220703125</ele>
        <time>2026-03-31T14:21:17.000Z</time>
        <extensions>
          <ns3:TrackPointExtension>
            <ns3:hr>117</ns3:hr>
            <ns3:cad>0</ns3:cad>
          </ns3:TrackPointExtension>
        </extensions>
      </trkpt>
      <trkpt lat="35.97204412333667278289794921875" lon="-81.110798232257366180419921875">
        <ele>529.4000244140625</ele>
        <time>2026-03-31T14:21:21.000Z</time>
        <extensions>
          <ns3:TrackPointExtension>
            <ns3:hr>116</ns3:hr>
            <ns3:cad>0</ns3:cad>
          </ns3:TrackPointExtension>
        </extensions>
      </trkpt>
      <trkpt lat="35.9720385074615478515625" lon="-81.11075975932180881500244140625">
        <ele>530.20001220703125</ele>
        <time>2026-03-31T14:21:28.000Z</time>
        <extensions>
          <ns3:TrackPointExtension>
            <ns3:hr>119</ns3:hr>
            <ns3:cad>51</ns3:cad>
          </ns3:TrackPointExtension>
        </extensions>
      </trkpt>
      <trkpt lat="35.97201579250395298004150390625" lon="-81.1107534728944301605224609375">
        <ele>530.79998779296875</ele>
        <time>2026-03-31T14:21:33.000Z</time>
        <extensions>
          <ns3:TrackPointExtension>
            <ns3:hr>122</ns3:hr>
            <ns3:cad>0</ns3:cad>
          </ns3:TrackPointExtension>
        </extensions>
      </trkpt>
      <trkpt lat="35.9720098413527011871337890625" lon="-81.11074098385870456695556640625">
        <ele>530.79998779296875</ele>
        <time>2026-03-31T14:21:35.000Z</time>
        <extensions>
          <ns3:TrackPointExtension>
            <ns3:hr>123</ns3:hr>
            <ns3:cad>0</ns3:cad>
          </ns3:TrackPointExtension>
        </extensions>
      </trkpt>
      <trkpt lat="35.97197757102549076080322265625" lon="-81.1107154190540313720703125">
        <ele>531.20001220703125</ele>
        <time>2026-03-31T14:21:40.000Z</time>
        <extensions>
          <ns3:TrackPointExtension>
            <ns3:hr>122</ns3:hr>
            <ns3:cad>61</ns3:cad>
          </ns3:TrackPointExtension>
        </extensions>
      </trkpt>
      <trkpt lat="35.97195745445787906646728515625" lon="-81.1106939613819122314453125">
        <ele>531.4000244140625</ele>
        <time>2026-03-31T14:21:43.000Z</time>
        <extensions>
          <ns3:TrackPointExtension>
            <ns3:hr>122</ns3:hr>
            <ns3:cad>59</ns3:cad>
          </ns3:TrackPointExtension>
        </extensions>
      </trkpt>
      <trkpt lat="35.97193314693868160247802734375" lon="-81.11064995639026165008544921875">
        <ele>532.20001220703125</ele>
        <time>2026-03-31T14:21:50.000Z</time>
        <extensions>
          <ns3:TrackPointExtension>
            <ns3:hr>125</ns3:hr>
            <ns3:cad>68</ns3:cad>
          </ns3:TrackPointExtension>
        </extensions>
      </trkpt>
      <trkpt lat="35.97192727960646152496337890625" lon="-81.1106438376009464263916015625">
        <ele>532.4000244140625</ele>
        <time>2026-03-31T14:21:51.000Z</time>
        <extensions>
          <ns3:TrackPointExtension>
            <ns3:hr>125</ns3:hr>
            <ns3:cad>68</ns3:cad>
          </ns3:TrackPointExtension>
        </extensions>
      </trkpt>
      <trkpt lat="35.97192074172198772430419921875" lon="-81.11063051037490367889404296875">
        <ele>532.5999755859375</ele>
        <time>2026-03-31T14:21:54.000Z</time>
        <extensions>
          <ns3:TrackPointExtension>
            <ns3:hr>126</ns3:hr>
            <ns3:cad>65</ns3:cad>
          </ns3:TrackPointExtension>
        </extensions>
      </trkpt>
      <trkpt lat="35.97193214111030101776123046875" lon="-81.110600419342517852783203125">
        <ele>533</ele>
        <time>2026-03-31T14:21:59.000Z</time>
        <extensions>
          <ns3:TrackPointExtension>
            <ns3:hr>126</ns3:hr>
            <ns3:cad>0</ns3:cad>
          </ns3:TrackPointExtension>
        </extensions>
      </trkpt>
      <trkpt lat="35.971932895481586456298828125" lon="-81.11057401634752750396728515625">
        <ele>533.4000244140625</ele>
        <time>2026-03-31T14:22:04.000Z</time>
        <extensions>
          <ns3:TrackPointExtension>
            <ns3:hr>127</ns3:hr>
            <ns3:cad>66</ns3:cad>
          </ns3:TrackPointExtension>
        </extensions>
      </trkpt>
      <trkpt lat="35.97193029709160327911376953125" lon="-81.11055993475019931793212890625">
        <ele>533.79998779296875</ele>
        <time>2026-03-31T14:22:06.000Z</time>
        <extensions>
          <ns3:TrackPointExtension>
            <ns3:hr>128</ns3:hr>
            <ns3:cad>0</ns3:cad>
          </ns3:TrackPointExtension>
        </extensions>
      </trkpt>
      <trkpt lat="35.97191252745687961578369140625" lon="-81.11054266802966594696044921875">
        <ele>534.20001220703125</ele>
        <time>2026-03-31T14:22:10.000Z</time>
        <extensions>
          <ns3:TrackPointExtension>
            <ns3:hr>131</ns3:hr>
            <ns3:cad>61</ns3:cad>
          </ns3:TrackPointExtension>
        </extensions>
      </trkpt>
      <trkpt lat="35.97189165651798248291015625" lon="-81.11054174602031707763671875">
        <ele>534.4000244140625</ele>
        <time>2026-03-31T14:22:13.000Z</time>
        <extensions>
          <ns3:TrackPointExtension>
            <ns3:hr>132</ns3:hr>
            <ns3:cad>55</ns3:cad>
          </ns3:TrackPointExtension>
        </extensions>
      </trkpt>
      <trkpt lat="35.97188654355704784393310546875" lon="-81.11053260974586009979248046875">
        <ele>534.4000244140625</ele>
        <time>2026-03-31T14:22:15.000Z</time>
        <extensions>
          <ns3:TrackPointExtension>
            <ns3:hr>132</ns3:hr>
            <ns3:cad>55</ns3:cad>
          </ns3:TrackPointExtension>
        </extensions>
      </trkpt>
      <trkpt lat="35.97186257131397724151611328125" lon="-81.11050813458859920501708984375">
        <ele>534.79998779296875</ele>
        <time>2026-03-31T14:22:19.000Z</time>
        <extensions>
          <ns3:TrackPointExtension>
            <ns3:hr>132</ns3:hr>
            <ns3:cad>57</ns3:cad>
          </ns3:TrackPointExtension>
        </extensions>
      </trkpt>
      <trkpt lat="35.971848070621490478515625" lon="-81.11050629056990146636962890625">
        <ele>535</ele>
        <time>2026-03-31T14:22:21.000Z</time>
        <extensions>
          <ns3:TrackPointExtension>
            <ns3:hr>132</ns3:hr>
            <ns3:cad>57</ns3:cad>
          </ns3:TrackPointExtension>
        </extensions>
      </trkpt>
      <trkpt lat="35.9718043170869350433349609375" lon="-81.11053160391747951507568359375">
        <ele>535.20001220703125</ele>
        <time>2026-03-31T14:22:28.000Z</time>
        <extensions>
          <ns3:TrackPointExtension>
            <ns3:hr>134</ns3:hr>
            <ns3:cad>0</ns3:cad>
          </ns3:TrackPointExtension>
        </extensions>
      </trkpt>
      <trkpt lat="35.9718096815049648284912109375" lon="-81.11052699387073516845703125">
        <ele>535.4000244140625</ele>
        <time>2026-03-31T14:22:34.000Z</time>
        <extensions>
          <ns3:TrackPointExtension>
            <ns3:hr>133</ns3:hr>
            <ns3:cad>75</ns3:cad>
          </ns3:TrackPointExtension>
        </extensions>
      </trkpt>
      <trkpt lat="35.97180004231631755828857421875" lon="-81.11053101718425750732421875">
        <ele>535.5999755859375</ele>
        <time>2026-03-31T14:22:37.000Z</time>
        <extensions>
          <ns3:TrackPointExtension>
            <ns3:hr>134</ns3:hr>
            <ns3:cad>0</ns3:cad>
          </ns3:TrackPointExtension>
        </extensions>
      </trkpt>
      <trkpt lat="35.971791408956050872802734375" lon="-81.11056647263467311859130859375">
        <ele>535.20001220703125</ele>
        <time>2026-03-31T14:22:43.000Z</time>
        <extensions>
          <ns3:TrackPointExtension>
            <ns3:hr>134</ns3:hr>
            <ns3:cad>0</ns3:cad>
          </ns3:TrackPointExtension>
        </extensions>
      </trkpt>
      <trkpt lat="35.971762575209140777587890625" lon="-81.1105660535395145416259765625">
        <ele>534.5999755859375</ele>
        <time>2026-03-31T14:22:50.000Z</time>
        <extensions>
          <ns3:TrackPointExtension>
            <ns3:hr>133</ns3:hr>
            <ns3:cad>65</ns3:cad>
          </ns3:TrackPointExtension>
        </extensions>
      </trkpt>
      <trkpt lat="35.9717716276645660400390625" lon="-81.110523976385593414306640625">
        <ele>534.79998779296875</ele>
        <time>2026-03-31T14:22:56.000Z</time>
        <extensions>
          <ns3:TrackPointExtension>
            <ns3:hr>132</ns3:hr>
            <ns3:cad>0</ns3:cad>
          </ns3:TrackPointExtension>
        </extensions>
      </trkpt>
      <trkpt lat="35.971769951283931732177734375" lon="-81.1105214618146419525146484375">
        <ele>534.79998779296875</ele>
        <time>2026-03-31T14:22:58.000Z</time>
        <extensions>
          <ns3:TrackPointExtension>
            <ns3:hr>131</ns3:hr>
            <ns3:cad>0</ns3:cad>
          </ns3:TrackPointExtension>
        </extensions>
      </trkpt>
      <trkpt lat="35.97178394906222820281982421875" lon="-81.11052422784268856048583984375">
        <ele>535</ele>
        <time>2026-03-31T14:23:06.000Z</time>
        <extensions>
          <ns3:TrackPointExtension>
            <ns3:hr>128</ns3:hr>
            <ns3:cad>0</ns3:cad>
          </ns3:TrackPointExtension>
        </extensions>
      </trkpt>
      <trkpt lat="35.9717821888625621795654296875" lon="-81.11052288673818111419677734375">
        <ele>535.20001220703125</ele>
        <time>2026-03-31T14:23:07.000Z</time>
        <extensions>
          <ns3:TrackPointExtension>
            <ns3:hr>127</ns3:hr>
            <ns3:cad>0</ns3:cad>
          </ns3:TrackPointExtension>
        </extensions>
      </trkpt>
      <trkpt lat="35.9717979468405246734619140625" lon="-81.11052942462265491485595703125">
        <ele>535.79998779296875</ele>
        <time>2026-03-31T14:23:14.000Z</time>
        <extensions>
          <ns3:TrackPointExtension>
            <ns3:hr>128</ns3:hr>
            <ns3:cad>0</ns3:cad>
          </ns3:TrackPointExtension>
        </extensions>
      </trkpt>
      <trkpt lat="35.97177724353969097137451171875" lon="-81.1105231381952762603759765625">
        <ele>536.20001220703125</ele>
        <time>2026-03-31T14:23:21.000Z</time>
        <extensions>
          <ns3:TrackPointExtension>
            <ns3:hr>128</ns3:hr>
            <ns3:cad>0</ns3:cad>
          </ns3:TrackPointExtension>
        </extensions>
      </trkpt>
      <trkpt lat="35.971750505268573760986328125" lon="-81.11049757339060306549072265625">
        <ele>536.5999755859375</ele>
        <time>2026-03-31T14:23:25.000Z</time>
        <extensions>
          <ns3:TrackPointExtension>
            <ns3:hr>127</ns3:hr>
            <ns3:cad>0</ns3:cad>
          </ns3:TrackPointExtension>
        </extensions>
      </trkpt>
      <trkpt lat="35.9717204980552196502685546875" lon="-81.11047812737524509429931640625">
        <ele>537.20001220703125</ele>
        <time>2026-03-31T14:23:29.000Z</time>
        <extensions>
          <ns3:TrackPointExtension>
            <ns3:hr>126</ns3:hr>
            <ns3:cad>0</ns3:cad>
          </ns3:TrackPointExtension>
        </extensions>
      </trkpt>
      <trkpt lat="35.97169292159378528594970703125" lon="-81.110459603369235992431640625">
        <ele>537.5999755859375</ele>
        <time>2026-03-31T14:23:34.000Z</time>
        <extensions>
          <ns3:TrackPointExtension>
            <ns3:hr>125</ns3:hr>
            <ns3:cad>0</ns3:cad>
          </ns3:TrackPointExtension>
        </extensions>
      </trkpt>
      <trkpt lat="35.97169049084186553955078125" lon="-81.11045566387474536895751953125">
        <ele>537.79998779296875</ele>
        <time>2026-03-31T14:23:36.000Z</time>
        <extensions>
          <ns3:TrackPointExtension>
            <ns3:hr>124</ns3:hr>
            <ns3:cad>0</ns3:cad>
          </ns3:TrackPointExtension>
        </extensions>
      </trkpt>
      <trkpt lat="35.97168453969061374664306640625" lon="-81.11043470911681652069091796875">
        <ele>538</ele>
        <time>2026-03-31T14:23:44.000Z</time>
        <extensions>
          <ns3:TrackPointExtension>
            <ns3:hr>127</ns3:hr>
            <ns3:cad>0</ns3:cad>
          </ns3:TrackPointExtension>
        </extensions>
      </trkpt>
      <trkpt lat="35.971687138080596923828125" lon="-81.11042238771915435791015625">
        <ele>538</ele>
        <time>2026-03-31T14:23:45.000Z</time>
        <extensions>
          <ns3:TrackPointExtension>
            <ns3:hr>127</ns3:hr>
            <ns3:cad>0</ns3:cad>
          </ns3:TrackPointExtension>
        </extensions>
      </trkpt>
      <trkpt lat="35.97168001346290111541748046875" lon="-81.1104071326553821563720703125">
        <ele>538.20001220703125</ele>
        <time>2026-03-31T14:23:47.000Z</time>
        <extensions>
          <ns3:TrackPointExtension>
            <ns3:hr>128</ns3:hr>
            <ns3:cad>0</ns3:cad>
          </ns3:TrackPointExtension>
        </extensions>
      </trkpt>
      <trkpt lat="35.97165503539144992828369140625" lon="-81.1104138381779193878173828125">
        <ele>538.4000244140625</ele>
        <time>2026-03-31T14:23:53.000Z</time>
        <extensions>
          <ns3:TrackPointExtension>
            <ns3:hr>126</ns3:hr>
            <ns3:cad>0</ns3:cad>
          </ns3:TrackPointExtension>
        </extensions>
      </trkpt>
      <trkpt lat="35.97165855579078197479248046875" lon="-81.11041576601564884185791015625">
        <ele>538.5999755859375</ele>
        <time>2026-03-31T14:24:03.000Z</time>
        <extensions>
          <ns3:TrackPointExtension>
            <ns3:hr>125</ns3:hr>
            <ns3:cad>0</ns3:cad>
          </ns3:TrackPointExtension>
        </extensions>
      </trkpt>
      <trkpt lat="35.971673391759395599365234375" lon="-81.11040201969444751739501953125">
        <ele>538.5999755859375</ele>
        <time>2026-03-31T14:24:07.000Z</time>
        <extensions>
          <ns3:TrackPointExtension>
            <ns3:hr>124</ns3:hr>
            <ns3:cad>0</ns3:cad>
          </ns3:TrackPointExtension>
        </extensions>
      </trkpt>
      <trkpt lat="35.97168822772800922393798828125" lon="-81.11038173548877239227294921875">
        <ele>538.79998779296875</ele>
        <time>2026-03-31T14:24:11.000Z</time>
        <extensions>
          <ns3:TrackPointExtension>
            <ns3:hr>123</ns3:hr>
            <ns3:cad>0</ns3:cad>
          </ns3:TrackPointExtension>
        </extensions>
      </trkpt>
      <trkpt lat="35.97171152941882610321044921875" lon="-81.11037972383201122283935546875">
        <ele>538.79998779296875</ele>
        <time>2026-03-31T14:24:18.000Z</time>
        <extensions>
          <ns3:TrackPointExtension>
            <ns3:hr>122</ns3:hr>
            <ns3:cad>0</ns3:cad>
          </ns3:TrackPointExtension>
        </extensions>
      </trkpt>
      <trkpt lat="35.9716990403831005096435546875" lon="-81.110398583114147186279296875">
        <ele>538.79998779296875</ele>
        <time>2026-03-31T14:24:25.000Z</time>
        <extensions>
          <ns3:TrackPointExtension>
            <ns3:hr>122</ns3:hr>
            <ns3:cad>0</ns3:cad>
          </ns3:TrackPointExtension>
        </extensions>
      </trkpt>
      <trkpt lat="35.97171555273234844207763671875" lon="-81.110371090471744537353515625">
        <ele>538.5999755859375</ele>
        <time>2026-03-31T14:24:32.000Z</time>
        <extensions>
          <ns3:TrackPointExtension>
            <ns3:hr>121</ns3:hr>
            <ns3:cad>0</ns3:cad>
          </ns3:TrackPointExtension>
        </extensions>
      </trkpt>
      <trkpt lat="35.97170415334403514862060546875" lon="-81.11032842658460140228271484375">
        <ele>538.79998779296875</ele>
        <time>2026-03-31T14:24:38.000Z</time>
        <extensions>
          <ns3:TrackPointExtension>
            <ns3:hr>121</ns3:hr>
            <ns3:cad>0</ns3:cad>
          </ns3:TrackPointExtension>
        </extensions>
      </trkpt>
      <trkpt lat="35.971686802804470062255859375" lon="-81.110299341380596160888671875">
        <ele>539.20001220703125</ele>
        <time>2026-03-31T14:24:43.000Z</time>
        <extensions>
          <ns3:TrackPointExtension>
            <ns3:hr>122</ns3:hr>
            <ns3:cad>0</ns3:cad>
          </ns3:TrackPointExtension>
        </extensions>
      </trkpt>
      <trkpt lat="35.9716484136879444122314453125" lon="-81.11030965112149715423583984375">
        <ele>539</ele>
        <time>2026-03-31T14:24:47.000Z</time>
        <extensions>
          <ns3:TrackPointExtension>
            <ns3:hr>119</ns3:hr>
            <ns3:cad>0</ns3:cad>
          </ns3:TrackPointExtension>
        </extensions>
      </trkpt>
      <trkpt lat="35.97163014113903045654296875" lon="-81.1103333719074726104736328125">
        <ele>538.79998779296875</ele>
        <time>2026-03-31T14:24:50.000Z</time>
        <extensions>
          <ns3:TrackPointExtension>
            <ns3:hr>118</ns3:hr>
            <ns3:cad>0</ns3:cad>
          </ns3:TrackPointExtension>
        </extensions>
      </trkpt>
      <trkpt lat="35.97162234596908092498779296875" lon="-81.11032239161431789398193359375">
        <ele>539</ele>
        <time>2026-03-31T14:24:59.000Z</time>
        <extensions>
          <ns3:TrackPointExtension>
            <ns3:hr>117</ns3:hr>
            <ns3:cad>0</ns3:cad>
          </ns3:TrackPointExtension>
        </extensions>
      </trkpt>
      <trkpt lat="35.97160306759178638458251953125" lon="-81.1103088967502117156982421875">
        <ele>539.4000244140625</ele>
        <time>2026-03-31T14:25:07.000Z</time>
        <extensions>
          <ns3:TrackPointExtension>
            <ns3:hr>120</ns3:hr>
            <ns3:cad>0</ns3:cad>
          </ns3:TrackPointExtension>
        </extensions>
      </trkpt>
      <trkpt lat="35.9716018103063106536865234375" lon="-81.11030864529311656951904296875">
        <ele>539.4000244140625</ele>
        <time>2026-03-31T14:25:08.000Z</time>
        <extensions>
          <ns3:TrackPointExtension>
            <ns3:hr>120</ns3:hr>
            <ns3:cad>0</ns3:cad>
          </ns3:TrackPointExtension>
        </extensions>
      </trkpt>
      <trkpt lat="35.9715997986495494842529296875" lon="-81.11028492450714111328125">
        <ele>539.20001220703125</ele>
        <time>2026-03-31T14:25:15.000Z</time>
        <extensions>
          <ns3:TrackPointExtension>
            <ns3:hr>119</ns3:hr>
            <ns3:cad>0</ns3:cad>
          </ns3:TrackPointExtension>
        </extensions>
      </trkpt>
      <trkpt lat="35.97158881835639476776123046875" lon="-81.110260784626007080078125">
        <ele>539.4000244140625</ele>
        <time>2026-03-31T14:25:23.000Z</time>
        <extensions>
          <ns3:TrackPointExtension>
            <ns3:hr>119</ns3:hr>
            <ns3:cad>0</ns3:cad>
          </ns3:TrackPointExtension>
        </extensions>
      </trkpt>
      <trkpt lat="35.97159317694604396820068359375" lon="-81.1102750338613986968994140625">
        <ele>539.5999755859375</ele>
        <time>2026-03-31T14:25:27.000Z</time>
        <extensions>
          <ns3:TrackPointExtension>
            <ns3:hr>116</ns3:hr>
            <ns3:cad>0</ns3:cad>
          </ns3:TrackPointExtension>
        </extensions>
      </trkpt>
      <trkpt lat="35.9716014750301837921142578125" lon="-81.11026355065405368804931640625">
        <ele>539.5999755859375</ele>
        <time>2026-03-31T14:25:34.000Z</time>
        <extensions>
          <ns3:TrackPointExtension>
            <ns3:hr>117</ns3:hr>
            <ns3:cad>0</ns3:cad>
          </ns3:TrackPointExtension>
        </extensions>
      </trkpt>
      <trkpt lat="35.9716071747243404388427734375" lon="-81.11024913378059864044189453125">
        <ele>539.79998779296875</ele>
        <time>2026-03-31T14:25:42.000Z</time>
        <extensions>
          <ns3:TrackPointExtension>
            <ns3:hr>115</ns3:hr>
            <ns3:cad>0</ns3:cad>
          </ns3:TrackPointExtension>
        </extensions>
      </trkpt>
      <trkpt lat="35.97160474397242069244384765625" lon="-81.11025081016123294830322265625">
        <ele>540</ele>
        <time>2026-03-31T14:25:44.000Z</time>
        <extensions>
          <ns3:TrackPointExtension>
            <ns3:hr>114</ns3:hr>
            <ns3:cad>0</ns3:cad>
          </ns3:TrackPointExtension>
        </extensions>
      </trkpt>
      <trkpt lat="35.97160390578210353851318359375" lon="-81.110249720513820648193359375">
        <ele>540.20001220703125</ele>
        <time>2026-03-31T14:25:45.000Z</time>
        <extensions>
          <ns3:TrackPointExtension>
            <ns3:hr>115</ns3:hr>
            <ns3:cad>0</ns3:cad>
          </ns3:TrackPointExtension>
        </extensions>
      </trkpt>
      <trkpt lat="35.9716018103063106536865234375" lon="-81.11024863086640834808349609375">
        <ele>540</ele>
        <time>2026-03-31T14:25:46.000Z</time>
        <extensions>
          <ns3:TrackPointExtension>
            <ns3:hr>115</ns3:hr>
            <ns3:cad>0</ns3:cad>
          </ns3:TrackPointExtension>
        </extensions>
      </trkpt>
      <trkpt lat="35.97160859964787960052490234375" lon="-81.11028500832617282867431640625">
        <ele>539.5999755859375</ele>
        <time>2026-03-31T14:25:56.000Z</time>
        <extensions>
          <ns3:TrackPointExtension>
            <ns3:hr>115</ns3:hr>
            <ns3:cad>0</ns3:cad>
          </ns3:TrackPointExtension>
        </extensions>
      </trkpt>
      <trkpt lat="35.97160398960113525390625" lon="-81.11028886400163173675537109375">
        <ele>539.20001220703125</ele>
        <time>2026-03-31T14:26:03.000Z</time>
        <extensions>
          <ns3:TrackPointExtension>
            <ns3:hr>118</ns3:hr>
            <ns3:cad>0</ns3:cad>
          </ns3:TrackPointExtension>
        </extensions>
      </trkpt>
      <trkpt lat="35.971606671810150146484375" lon="-81.11029590480029582977294921875">
        <ele>539</ele>
        <time>2026-03-31T14:26:05.000Z</time>
        <extensions>
          <ns3:TrackPointExtension>
            <ns3:hr>117</ns3:hr>
            <ns3:cad>0</ns3:cad>
          </ns3:TrackPointExtension>
        </extensions>
      </trkpt>
      <trkpt lat="35.9716034866869449615478515625" lon="-81.1102974973618984222412109375">
        <ele>538.79998779296875</ele>
        <time>2026-03-31T14:26:07.000Z</time>
        <extensions>
          <ns3:TrackPointExtension>
            <ns3:hr>117</ns3:hr>
            <ns3:cad>0</ns3:cad>
          </ns3:TrackPointExtension>
        </extensions>
      </trkpt>
      <trkpt lat="35.97161295823752880096435546875" lon="-81.11031367443501949310302734375">
        <ele>538.4000244140625</ele>
        <time>2026-03-31T14:26:14.000Z</time>
        <extensions>
          <ns3:TrackPointExtension>
            <ns3:hr>116</ns3:hr>
            <ns3:cad>0</ns3:cad>
          </ns3:TrackPointExtension>
        </extensions>
      </trkpt>
      <trkpt lat="35.97161362878978252410888671875" lon="-81.11031048931181430816650390625">
        <ele>538.4000244140625</ele>
        <time>2026-03-31T14:26:17.000Z</time>
        <extensions>
          <ns3:TrackPointExtension>
            <ns3:hr>119</ns3:hr>
            <ns3:cad>0</ns3:cad>
          </ns3:TrackPointExtension>
        </extensions>
      </trkpt>
      <trkpt lat="35.9716018103063106536865234375" lon="-81.1103085614740848541259765625">
        <ele>538.5999755859375</ele>
        <time>2026-03-31T14:26:21.000Z</time>
        <extensions>
          <ns3:TrackPointExtension>
            <ns3:hr>116</ns3:hr>
            <ns3:cad>0</ns3:cad>
          </ns3:TrackPointExtension>
        </extensions>
      </trkpt>
      <trkpt lat="35.97161413170397281646728515625" lon="-81.11031644046306610107421875">
        <ele>539</ele>
        <time>2026-03-31T14:26:32.000Z</time>
        <extensions>
          <ns3:TrackPointExtension>
            <ns3:hr>115</ns3:hr>
            <ns3:cad>0</ns3:cad>
          </ns3:TrackPointExtension>
        </extensions>
      </trkpt>
      <trkpt lat="35.97161027602851390838623046875" lon="-81.1103337071835994720458984375">
        <ele>538.79998779296875</ele>
        <time>2026-03-31T14:26:40.000Z</time>
        <extensions>
          <ns3:TrackPointExtension>
            <ns3:hr>114</ns3:hr>
            <ns3:cad>0</ns3:cad>
          </ns3:TrackPointExtension>
        </extensions>
      </trkpt>
      <trkpt lat="35.97165025770664215087890625" lon="-81.11035223118960857391357421875">
        <ele>538.20001220703125</ele>
        <time>2026-03-31T14:26:50.000Z</time>
        <extensions>
          <ns3:TrackPointExtension>
            <ns3:hr>113</ns3:hr>
            <ns3:cad>0</ns3:cad>
          </ns3:TrackPointExtension>
        </extensions>
      </trkpt>
      <trkpt lat="35.971696861088275909423828125" lon="-81.11033446155488491058349609375">
        <ele>537.79998779296875</ele>
        <time>2026-03-31T14:26:56.000Z</time>
        <extensions>
          <ns3:TrackPointExtension>
            <ns3:hr>112</ns3:hr>
            <ns3:cad>0</ns3:cad>
          </ns3:TrackPointExtension>
        </extensions>
      </trkpt>
      <trkpt lat="35.97169359214603900909423828125" lon="-81.1103313602507114410400390625">
        <ele>537.79998779296875</ele>
        <time>2026-03-31T14:26:57.000Z</time>
        <extensions>
          <ns3:TrackPointExtension>
            <ns3:hr>112</ns3:hr>
            <ns3:cad>0</ns3:cad>
          </ns3:TrackPointExtension>
        </extensions>
      </trkpt>
      <trkpt lat="35.9716876409947872161865234375" lon="-81.11032809130847454071044921875">
        <ele>537.5999755859375</ele>
        <time>2026-03-31T14:27:01.000Z</time>
        <extensions>
          <ns3:TrackPointExtension>
            <ns3:hr>109</ns3:hr>
            <ns3:cad>0</ns3:cad>
          </ns3:TrackPointExtension>
        </extensions>
      </trkpt>
      <trkpt lat="35.97169560380280017852783203125" lon="-81.110324822366237640380859375">
        <ele>537.79998779296875</ele>
        <time>2026-03-31T14:27:05.000Z</time>
        <extensions>
          <ns3:TrackPointExtension>
            <ns3:hr>110</ns3:hr>
            <ns3:cad>0</ns3:cad>
          </ns3:TrackPointExtension>
        </extensions>
      </trkpt>
      <trkpt lat="35.9717064164578914642333984375" lon="-81.1103189550340175628662109375">
        <ele>537.79998779296875</ele>
        <time>2026-03-31T14:27:08.000Z</time>
        <extensions>
          <ns3:TrackPointExtension>
            <ns3:hr>113</ns3:hr>
            <ns3:cad>0</ns3:cad>
          </ns3:TrackPointExtension>
        </extensions>
      </trkpt>
      <trkpt lat="35.971727706491947174072265625" lon="-81.110312752425670623779296875">
        <ele>537.5999755859375</ele>
        <time>2026-03-31T14:27:11.000Z</time>
        <extensions>
          <ns3:TrackPointExtension>
            <ns3:hr>115</ns3:hr>
            <ns3:cad>0</ns3:cad>
          </ns3:TrackPointExtension>
        </extensions>
      </trkpt>
      <trkpt lat="35.97174757160246372222900390625" lon="-81.1102656461298465728759765625">
        <ele>537.5999755859375</ele>
        <time>2026-03-31T14:27:18.000Z</time>
        <extensions>
          <ns3:TrackPointExtension>
            <ns3:hr>117</ns3:hr>
            <ns3:cad>0</ns3:cad>
          </ns3:TrackPointExtension>
        </extensions>
      </trkpt>
      <trkpt lat="35.97174757160246372222900390625" lon="-81.11024611629545688629150390625">
        <ele>537.5999755859375</ele>
        <time>2026-03-31T14:27:26.000Z</time>
        <extensions>
          <ns3:TrackPointExtension>
            <ns3:hr>113</ns3:hr>
            <ns3:cad>0</ns3:cad>
          </ns3:TrackPointExtension>
        </extensions>
      </trkpt>
      <trkpt lat="35.971725694835186004638671875" lon="-81.11023270525038242340087890625">
        <ele>538</ele>
        <time>2026-03-31T14:27:35.000Z</time>
        <extensions>
          <ns3:TrackPointExtension>
            <ns3:hr>117</ns3:hr>
            <ns3:cad>0</ns3:cad>
          </ns3:TrackPointExtension>
        </extensions>
      </trkpt>
      <trkpt lat="35.9716906584799289703369140625" lon="-81.11021812073886394500732421875">
        <ele>538.20001220703125</ele>
        <time>2026-03-31T14:27:42.000Z</time>
        <extensions>
          <ns3:TrackPointExtension>
            <ns3:hr>117</ns3:hr>
            <ns3:cad>0</ns3:cad>
          </ns3:TrackPointExtension>
        </extensions>
      </trkpt>
      <trkpt lat="35.97166836261749267578125" lon="-81.110209487378597259521484375">
        <ele>538.79998779296875</ele>
        <time>2026-03-31T14:27:49.000Z</time>
        <extensions>
          <ns3:TrackPointExtension>
            <ns3:hr>119</ns3:hr>
            <ns3:cad>0</ns3:cad>
          </ns3:TrackPointExtension>
        </extensions>
      </trkpt>
      <trkpt lat="35.9716641716659069061279296875" lon="-81.11020781099796295166015625">
        <ele>539</ele>
        <time>2026-03-31T14:27:50.000Z</time>
        <extensions>
          <ns3:TrackPointExtension>
            <ns3:hr>120</ns3:hr>
            <ns3:cad>0</ns3:cad>
          </ns3:TrackPointExtension>
        </extensions>
      </trkpt>
      <trkpt lat="35.97165989689528942108154296875" lon="-81.11020672135055065155029296875">
        <ele>538.79998779296875</ele>
        <time>2026-03-31T14:27:54.000Z</time>
        <extensions>
          <ns3:TrackPointExtension>
            <ns3:hr>122</ns3:hr>
            <ns3:cad>0</ns3:cad>
          </ns3:TrackPointExtension>
        </extensions>
      </trkpt>
      <trkpt lat="35.97166559658944606781005859375" lon="-81.11017369665205478668212890625">
        <ele>538.79998779296875</ele>
        <time>2026-03-31T14:28:02.000Z</time>
        <extensions>
          <ns3:TrackPointExtension>
            <ns3:hr>123</ns3:hr>
            <ns3:cad>0</ns3:cad>
          </ns3:TrackPointExtension>
        </extensions>
      </trkpt>
      <trkpt lat="35.97165788523852825164794921875" lon="-81.1101643927395343780517578125">
        <ele>538.79998779296875</ele>
        <time>2026-03-31T14:28:08.000Z</time>
        <extensions>
          <ns3:TrackPointExtension>
            <ns3:hr>124</ns3:hr>
            <ns3:cad>0</ns3:cad>
          </ns3:TrackPointExtension>
        </extensions>
      </trkpt>
      <trkpt lat="35.9715883992612361907958984375" lon="-81.11017034389078617095947265625">
        <ele>539.20001220703125</ele>
        <time>2026-03-31T14:28:15.000Z</time>
        <extensions>
          <ns3:TrackPointExtension>
            <ns3:hr>124</ns3:hr>
            <ns3:cad>0</ns3:cad>
          </ns3:TrackPointExtension>
        </extensions>
      </trkpt>
      <trkpt lat="35.971524529159069061279296875" lon="-81.11019037663936614990234375">
        <ele>539.4000244140625</ele>
        <time>2026-03-31T14:28:22.000Z</time>
        <extensions>
          <ns3:TrackPointExtension>
            <ns3:hr>123</ns3:hr>
            <ns3:cad>0</ns3:cad>
          </ns3:TrackPointExtension>
        </extensions>
      </trkpt>
      <trkpt lat="35.97148505039513111114501953125" lon="-81.1101979203522205352783203125">
        <ele>539.5999755859375</ele>
        <time>2026-03-31T14:28:29.000Z</time>
        <extensions>
          <ns3:TrackPointExtension>
            <ns3:hr>122</ns3:hr>
            <ns3:cad>0</ns3:cad>
          </ns3:TrackPointExtension>
        </extensions>
      </trkpt>
      <trkpt lat="35.97145135514438152313232421875" lon="-81.110193729400634765625">
        <ele>539.79998779296875</ele>
        <time>2026-03-31T14:28:35.000Z</time>
        <extensions>
          <ns3:TrackPointExtension>
            <ns3:hr>122</ns3:hr>
            <ns3:cad>55</ns3:cad>
          </ns3:TrackPointExtension>
        </extensions>
      </trkpt>
      <trkpt lat="35.9714338369667530059814453125" lon="-81.110201776027679443359375">
        <ele>539.79998779296875</ele>
        <time>2026-03-31T14:28:38.000Z</time>
        <extensions>
          <ns3:TrackPointExtension>
            <ns3:hr>123</ns3:hr>
            <ns3:cad>0</ns3:cad>
          </ns3:TrackPointExtension>
        </extensions>
      </trkpt>
      <trkpt lat="35.971429981291294097900390625" lon="-81.11019833944737911224365234375">
        <ele>539.79998779296875</ele>
        <time>2026-03-31T14:28:39.000Z</time>
        <extensions>
          <ns3:TrackPointExtension>
            <ns3:hr>123</ns3:hr>
            <ns3:cad>0</ns3:cad>
          </ns3:TrackPointExtension>
        </extensions>
      </trkpt>
      <trkpt lat="35.97142252139747142791748046875" lon="-81.11019465140998363494873046875">
        <ele>539.5999755859375</ele>
        <time>2026-03-31T14:28:42.000Z</time>
        <extensions>
          <ns3:TrackPointExtension>
            <ns3:hr>123</ns3:hr>
            <ns3:cad>0</ns3:cad>
          </ns3:TrackPointExtension>
        </extensions>
      </trkpt>
      <trkpt lat="35.9714122116565704345703125" lon="-81.11019347794353961944580078125">
        <ele>539.79998779296875</ele>
        <time>2026-03-31T14:28:45.000Z</time>
        <extensions>
          <ns3:TrackPointExtension>
            <ns3:hr>122</ns3:hr>
            <ns3:cad>0</ns3:cad>
          </ns3:TrackPointExtension>
        </extensions>
      </trkpt>
      <trkpt lat="35.97141665406525135040283203125" lon="-81.1101922206580638885498046875">
        <ele>539.5999755859375</ele>
        <time>2026-03-31T14:28:53.000Z</time>
        <extensions>
          <ns3:TrackPointExtension>
            <ns3:hr>119</ns3:hr>
            <ns3:cad>0</ns3:cad>
          </ns3:TrackPointExtension>
        </extensions>
      </trkpt>
      <trkpt lat="35.9714207611978054046630859375" lon="-81.110190041363239288330078125">
        <ele>539.5999755859375</ele>
        <time>2026-03-31T14:28:54.000Z</time>
        <extensions>
          <ns3:TrackPointExtension>
            <ns3:hr>115</ns3:hr>
            <ns3:cad>0</ns3:cad>
          </ns3:TrackPointExtension>
        </extensions>
      </trkpt>
      <trkpt lat="35.97140324302017688751220703125" lon="-81.11018090508878231048583984375">
        <ele>539.79998779296875</ele>
        <time>2026-03-31T14:28:59.000Z</time>
        <extensions>
          <ns3:TrackPointExtension>
            <ns3:hr>113</ns3:hr>
            <ns3:cad>0</ns3:cad>
          </ns3:TrackPointExtension>
        </extensions>
      </trkpt>
      <trkpt lat="35.97139821387827396392822265625" lon="-81.11018409021198749542236328125">
        <ele>540</ele>
        <time>2026-03-31T14:29:01.000Z</time>
        <extensions>
          <ns3:TrackPointExtension>
            <ns3:hr>113</ns3:hr>
            <ns3:cad>0</ns3:cad>
          </ns3:TrackPointExtension>
        </extensions>
      </trkpt>
      <trkpt lat="35.9713956154882907867431640625" lon="-81.11019708216190338134765625">
        <ele>540</ele>
        <time>2026-03-31T14:29:10.000Z</time>
        <extensions>
          <ns3:TrackPointExtension>
            <ns3:hr>113</ns3:hr>
            <ns3:cad>0</ns3:cad>
          </ns3:TrackPointExtension>
        </extensions>
      </trkpt>
      <trkpt lat="35.9713956154882907867431640625" lon="-81.11019708216190338134765625">
        <ele>539.79998779296875</ele>
        <time>2026-03-31T14:29:19.000Z</time>
        <extensions>
          <ns3:TrackPointExtension>
            <ns3:hr>115</ns3:hr>
            <ns3:cad>0</ns3:cad>
          </ns3:TrackPointExtension>
        </extensions>
      </trkpt>
      <trkpt lat="35.9714140556752681732177734375" lon="-81.11018626950681209564208984375">
        <ele>539.5999755859375</ele>
        <time>2026-03-31T14:29:26.000Z</time>
        <extensions>
          <ns3:TrackPointExtension>
            <ns3:hr>112</ns3:hr>
            <ns3:cad>0</ns3:cad>
          </ns3:TrackPointExtension>
        </extensions>
      </trkpt>
      <trkpt lat="35.9714140556752681732177734375" lon="-81.11018626950681209564208984375">
        <ele>539.4000244140625</ele>
        <time>2026-03-31T14:29:27.000Z</time>
        <extensions>
          <ns3:TrackPointExtension>
            <ns3:hr>111</ns3:hr>
            <ns3:cad>0</ns3:cad>
          </ns3:TrackPointExtension>
        </extensions>
      </trkpt>
      <trkpt lat="35.9714438952505588531494140625" lon="-81.11023203469812870025634765625">
        <ele>539.5999755859375</ele>
        <time>2026-03-31T14:29:34.000Z</time>
        <extensions>
          <ns3:TrackPointExtension>
            <ns3:hr>109</ns3:hr>
            <ns3:cad>0</ns3:cad>
          </ns3:TrackPointExtension>
        </extensions>
      </trkpt>
      <trkpt lat="35.9714754112064838409423828125" lon="-81.1102803982794284820556640625">
        <ele>539</ele>
        <time>2026-03-31T14:29:41.000Z</time>
        <extensions>
          <ns3:TrackPointExtension>
            <ns3:hr>109</ns3:hr>
            <ns3:cad>61</ns3:cad>
          </ns3:TrackPointExtension>
        </extensions>
      </trkpt>
      <trkpt lat="35.97146920859813690185546875" lon="-81.11028517596423625946044921875">
        <ele>539</ele>
        <time>2026-03-31T14:29:42.000Z</time>
        <extensions>
          <ns3:TrackPointExtension>
            <ns3:hr>109</ns3:hr>
            <ns3:cad>62</ns3:cad>
          </ns3:TrackPointExtension>
        </extensions>
      </trkpt>
      <trkpt lat="35.97146476618945598602294921875" lon="-81.11028936691582202911376953125">
        <ele>538.79998779296875</ele>
        <time>2026-03-31T14:29:43.000Z</time>
        <extensions>
          <ns3:TrackPointExtension>
            <ns3:hr>109</ns3:hr>
            <ns3:cad>62</ns3:cad>
          </ns3:TrackPointExtension>
        </extensions>
      </trkpt>
      <trkpt lat="35.97143610008060932159423828125" lon="-81.110285259783267974853515625">
        <ele>538.5999755859375</ele>
        <time>2026-03-31T14:29:47.000Z</time>
        <extensions>
          <ns3:TrackPointExtension>
            <ns3:hr>108</ns3:hr>
            <ns3:cad>60</ns3:cad>
          </ns3:TrackPointExtension>
        </extensions>
      </trkpt>
      <trkpt lat="35.97142218612134456634521484375" lon="-81.11026455648243427276611328125">
        <ele>538.5999755859375</ele>
        <time>2026-03-31T14:29:51.000Z</time>
        <extensions>
          <ns3:TrackPointExtension>
            <ns3:hr>111</ns3:hr>
            <ns3:cad>74</ns3:cad>
          </ns3:TrackPointExtension>
        </extensions>
      </trkpt>
      <trkpt lat="35.97142386250197887420654296875" lon="-81.11024661920964717864990234375">
        <ele>538.5999755859375</ele>
        <time>2026-03-31T14:29:54.000Z</time>
        <extensions>
          <ns3:TrackPointExtension>
            <ns3:hr>112</ns3:hr>
            <ns3:cad>74</ns3:cad>
          </ns3:TrackPointExtension>
        </extensions>
      </trkpt>
      <trkpt lat="35.97142889164388179779052734375" lon="-81.11024670302867889404296875">
        <ele>538.79998779296875</ele>
        <time>2026-03-31T14:29:55.000Z</time>
        <extensions>
          <ns3:TrackPointExtension>
            <ns3:hr>112</ns3:hr>
            <ns3:cad>74</ns3:cad>
          </ns3:TrackPointExtension>
        </extensions>
      </trkpt>
      <trkpt lat="35.97142436541616916656494140625" lon="-81.11025013960897922515869140625">
        <ele>539.20001220703125</ele>
        <time>2026-03-31T14:30:03.000Z</time>
        <extensions>
          <ns3:TrackPointExtension>
            <ns3:hr>111</ns3:hr>
            <ns3:cad>0</ns3:cad>
          </ns3:TrackPointExtension>
        </extensions>
      </trkpt>
      <trkpt lat="35.97137189470231533050537109375" lon="-81.11026405356824398040771484375">
        <ele>539.20001220703125</ele>
        <time>2026-03-31T14:30:08.000Z</time>
        <extensions>
          <ns3:TrackPointExtension>
            <ns3:hr>111</ns3:hr>
            <ns3:cad>0</ns3:cad>
          </ns3:TrackPointExtension>
        </extensions>
      </trkpt>
      <trkpt lat="35.9713416360318660736083984375" lon="-81.11028031446039676666259765625">
        <ele>538.5999755859375</ele>
        <time>2026-03-31T14:30:13.000Z</time>
        <extensions>
          <ns3:TrackPointExtension>
            <ns3:hr>111</ns3:hr>
            <ns3:cad>65</ns3:cad>
          </ns3:TrackPointExtension>
        </extensions>
      </trkpt>
      <trkpt lat="35.9713060967624187469482421875" lon="-81.110269837081432342529296875">
        <ele>538.20001220703125</ele>
        <time>2026-03-31T14:30:20.000Z</time>
        <extensions>
          <ns3:TrackPointExtension>
            <ns3:hr>109</ns3:hr>
            <ns3:cad>71</ns3:cad>
          </ns3:TrackPointExtension>
        </extensions>
      </trkpt>
      <trkpt lat="35.97126728855073451995849609375" lon="-81.11030034720897674560546875">
        <ele>538</ele>
        <time>2026-03-31T14:30:27.000Z</time>
        <extensions>
          <ns3:TrackPointExtension>
            <ns3:hr>107</ns3:hr>
            <ns3:cad>75</ns3:cad>
          </ns3:TrackPointExtension>
        </extensions>
      </trkpt>
      <trkpt lat="35.97127835266292095184326171875" lon="-81.11030043102800846099853515625">
        <ele>537.79998779296875</ele>
        <time>2026-03-31T14:30:35.000Z</time>
        <extensions>
          <ns3:TrackPointExtension>
            <ns3:hr>107</ns3:hr>
            <ns3:cad>0</ns3:cad>
          </ns3:TrackPointExtension>
        </extensions>
      </trkpt>
      <trkpt lat="35.9713215194642543792724609375" lon="-81.11028551124036312103271484375">
        <ele>538</ele>
        <time>2026-03-31T14:30:41.000Z</time>
        <extensions>
          <ns3:TrackPointExtension>
            <ns3:hr>107</ns3:hr>
            <ns3:cad>0</ns3:cad>
          </ns3:TrackPointExtension>
        </extensions>
      </trkpt>
      <trkpt lat="35.97132327966392040252685546875" lon="-81.110281236469745635986328125">
        <ele>538</ele>
        <time>2026-03-31T14:30:42.000Z</time>
        <extensions>
          <ns3:TrackPointExtension>
            <ns3:hr>107</ns3:hr>
            <ns3:cad>0</ns3:cad>
          </ns3:TrackPointExtension>
        </extensions>
      </trkpt>
      <trkpt lat="35.97130986861884593963623046875" lon="-81.11022122204303741455078125">
        <ele>538.4000244140625</ele>
        <time>2026-03-31T14:30:48.000Z</time>
        <extensions>
          <ns3:TrackPointExtension>
            <ns3:hr>108</ns3:hr>
            <ns3:cad>0</ns3:cad>
          </ns3:TrackPointExtension>
        </extensions>
      </trkpt>
      <trkpt lat="35.97127399407327175140380859375" lon="-81.11017839051783084869384765625">
        <ele>538.79998779296875</ele>
        <time>2026-03-31T14:30:56.000Z</time>
        <extensions>
          <ns3:TrackPointExtension>
            <ns3:hr>107</ns3:hr>
            <ns3:cad>64</ns3:cad>
          </ns3:TrackPointExtension>
        </extensions>
      </trkpt>
      <trkpt lat="35.9712755866348743438720703125" lon="-81.11017436720430850982666015625">
        <ele>538.79998779296875</ele>
        <time>2026-03-31T14:30:57.000Z</time>
        <extensions>
          <ns3:TrackPointExtension>
            <ns3:hr>107</ns3:hr>
            <ns3:cad>64</ns3:cad>
          </ns3:TrackPointExtension>
        </extensions>
      </trkpt>
      <trkpt lat="35.971293859183788299560546875" lon="-81.1101536639034748077392578125">
        <ele>539</ele>
        <time>2026-03-31T14:31:04.000Z</time>
        <extensions>
          <ns3:TrackPointExtension>
            <ns3:hr>107</ns3:hr>
            <ns3:cad>0</ns3:cad>
          </ns3:TrackPointExtension>
        </extensions>
      </trkpt>
      <trkpt lat="35.97129126079380512237548828125" lon="-81.1101536639034748077392578125">
        <ele>539</ele>
        <time>2026-03-31T14:31:09.000Z</time>
        <extensions>
          <ns3:TrackPointExtension>
            <ns3:hr>110</ns3:hr>
            <ns3:cad>0</ns3:cad>
          </ns3:TrackPointExtension>
        </extensions>
      </trkpt>
      <trkpt lat="35.97129126079380512237548828125" lon="-81.1101536639034748077392578125">
        <ele>539</ele>
        <time>2026-03-31T14:31:11.000Z</time>
        <extensions>
          <ns3:TrackPointExtension>
            <ns3:hr>114</ns3:hr>
            <ns3:cad>0</ns3:cad>
          </ns3:TrackPointExtension>
        </extensions>
      </trkpt>
      <trkpt lat="35.97128975205123424530029296875" lon="-81.11015953123569488525390625">
        <ele>539.20001220703125</ele>
        <time>2026-03-31T14:31:13.000Z</time>
        <extensions>
          <ns3:TrackPointExtension>
            <ns3:hr>117</ns3:hr>
            <ns3:cad>0</ns3:cad>
          </ns3:TrackPointExtension>
        </extensions>
      </trkpt>
      <trkpt lat="35.9712903387844562530517578125" lon="-81.110160537064075469970703125">
        <ele>539.20001220703125</ele>
        <time>2026-03-31T14:31:14.000Z</time>
        <extensions>
          <ns3:TrackPointExtension>
            <ns3:hr>117</ns3:hr>
            <ns3:cad>0</ns3:cad>
          </ns3:TrackPointExtension>
        </extensions>
      </trkpt>
      <trkpt lat="35.97127533517777919769287109375" lon="-81.1101436056196689605712890625">
        <ele>539.20001220703125</ele>
        <time>2026-03-31T14:31:23.000Z</time>
        <extensions>
          <ns3:TrackPointExtension>
            <ns3:hr>119</ns3:hr>
            <ns3:cad>0</ns3:cad>
          </ns3:TrackPointExtension>
        </extensions>
      </trkpt>
      <trkpt lat="35.9712970443069934844970703125" lon="-81.110178641974925994873046875">
        <ele>539</ele>
        <time>2026-03-31T14:31:30.000Z</time>
        <extensions>
          <ns3:TrackPointExtension>
            <ns3:hr>120</ns3:hr>
            <ns3:cad>0</ns3:cad>
          </ns3:TrackPointExtension>
        </extensions>
      </trkpt>
      <trkpt lat="35.971326045691967010498046875" lon="-81.11013715155422687530517578125">
        <ele>539.5999755859375</ele>
        <time>2026-03-31T14:31:36.000Z</time>
        <extensions>
          <ns3:TrackPointExtension>
            <ns3:hr>121</ns3:hr>
            <ns3:cad>40</ns3:cad>
          </ns3:TrackPointExtension>
        </extensions>
      </trkpt>
      <trkpt lat="35.9713335894048213958740234375" lon="-81.1101355589926242828369140625">
        <ele>539.79998779296875</ele>
        <time>2026-03-31T14:31:38.000Z</time>
        <extensions>
          <ns3:TrackPointExtension>
            <ns3:hr>121</ns3:hr>
            <ns3:cad>40</ns3:cad>
          </ns3:TrackPointExtension>
        </extensions>
      </trkpt>
      <trkpt lat="35.9713402949273586273193359375" lon="-81.11014536581933498382568359375">
        <ele>540.20001220703125</ele>
        <time>2026-03-31T14:31:42.000Z</time>
        <extensions>
          <ns3:TrackPointExtension>
            <ns3:hr>122</ns3:hr>
            <ns3:cad>62</ns3:cad>
          </ns3:TrackPointExtension>
        </extensions>
      </trkpt>
      <trkpt lat="35.97138832323253154754638671875" lon="-81.11017319373786449432373046875">
        <ele>540.4000244140625</ele>
        <time>2026-03-31T14:31:50.000Z</time>
        <extensions>
          <ns3:TrackPointExtension>
            <ns3:hr>122</ns3:hr>
            <ns3:cad>61</ns3:cad>
          </ns3:TrackPointExtension>
        </extensions>
      </trkpt>
      <trkpt lat="35.97140642814338207244873046875" lon="-81.11018409021198749542236328125">
        <ele>540.20001220703125</ele>
        <time>2026-03-31T14:31:56.000Z</time>
        <extensions>
          <ns3:TrackPointExtension>
            <ns3:hr>121</ns3:hr>
            <ns3:cad>0</ns3:cad>
          </ns3:TrackPointExtension>
        </extensions>
      </trkpt>
      <trkpt lat="35.9714244492352008819580078125" lon="-81.1101543344557285308837890625">
        <ele>540.20001220703125</ele>
        <time>2026-03-31T14:32:00.000Z</time>
        <extensions>
          <ns3:TrackPointExtension>
            <ns3:hr>118</ns3:hr>
            <ns3:cad>0</ns3:cad>
          </ns3:TrackPointExtension>
        </extensions>
      </trkpt>
      <trkpt lat="35.97142763435840606689453125" lon="-81.1101375706493854522705078125">
        <ele>540.4000244140625</ele>
        <time>2026-03-31T14:32:03.000Z</time>
        <extensions>
          <ns3:TrackPointExtension>
            <ns3:hr>115</ns3:hr>
            <ns3:cad>0</ns3:cad>
          </ns3:TrackPointExtension>
        </extensions>
      </trkpt>
      <trkpt lat="35.97142671234905719757080078125" lon="-81.11012055538594722747802734375">
        <ele>540.5999755859375</ele>
        <time>2026-03-31T14:32:05.000Z</time>
        <extensions>
          <ns3:TrackPointExtension>
            <ns3:hr>115</ns3:hr>
            <ns3:cad>0</ns3:cad>
          </ns3:TrackPointExtension>
        </extensions>
      </trkpt>
      <trkpt lat="35.9714267961680889129638671875" lon="-81.11010898835957050323486328125">
        <ele>540.5999755859375</ele>
        <time>2026-03-31T14:32:15.000Z</time>
        <extensions>
          <ns3:TrackPointExtension>
            <ns3:hr>116</ns3:hr>
            <ns3:cad>0</ns3:cad>
          </ns3:TrackPointExtension>
        </extensions>
      </trkpt>
      <trkpt lat="35.97141380421817302703857421875" lon="-81.1100845970213413238525390625">
        <ele>540.4000244140625</ele>
        <time>2026-03-31T14:32:22.000Z</time>
        <extensions>
          <ns3:TrackPointExtension>
            <ns3:hr>117</ns3:hr>
            <ns3:cad>0</ns3:cad>
          </ns3:TrackPointExtension>
        </extensions>
      </trkpt>
      <trkpt lat="35.97143827937543392181396484375" lon="-81.11006372608244419097900390625">
        <ele>540.79998779296875</ele>
        <time>2026-03-31T14:32:29.000Z</time>
        <extensions>
          <ns3:TrackPointExtension>
            <ns3:hr>116</ns3:hr>
            <ns3:cad>0</ns3:cad>
          </ns3:TrackPointExtension>
        </extensions>
      </trkpt>
      <trkpt lat="35.9714576415717601776123046875" lon="-81.110038496553897857666015625">
        <ele>540.79998779296875</ele>
        <time>2026-03-31T14:32:34.000Z</time>
        <extensions>
          <ns3:TrackPointExtension>
            <ns3:hr>119</ns3:hr>
            <ns3:cad>0</ns3:cad>
          </ns3:TrackPointExtension>
        </extensions>
      </trkpt>
      <trkpt lat="35.97146610729396343231201171875" lon="-81.11002231948077678680419921875">
        <ele>541</ele>
        <time>2026-03-31T14:32:36.000Z</time>
        <extensions>
          <ns3:TrackPointExtension>
            <ns3:hr>119</ns3:hr>
            <ns3:cad>0</ns3:cad>
          </ns3:TrackPointExtension>
        </extensions>
      </trkpt>
      <trkpt lat="35.9714837931096553802490234375" lon="-81.11000253818929195404052734375">
        <ele>541.4000244140625</ele>
        <time>2026-03-31T14:32:43.000Z</time>
        <extensions>
          <ns3:TrackPointExtension>
            <ns3:hr>119</ns3:hr>
            <ns3:cad>0</ns3:cad>
          </ns3:TrackPointExtension>
        </extensions>
      </trkpt>
      <trkpt lat="35.97149410285055637359619140625" lon="-81.10996951349079608917236328125">
        <ele>541.4000244140625</ele>
        <time>2026-03-31T14:32:50.000Z</time>
        <extensions>
          <ns3:TrackPointExtension>
            <ns3:hr>115</ns3:hr>
            <ns3:cad>0</ns3:cad>
          </ns3:TrackPointExtension>
        </extensions>
      </trkpt>
      <trkpt lat="35.97149225883185863494873046875" lon="-81.10994906164705753326416015625">
        <ele>541.5999755859375</ele>
        <time>2026-03-31T14:32:52.000Z</time>
        <extensions>
          <ns3:TrackPointExtension>
            <ns3:hr>112</ns3:hr>
            <ns3:cad>0</ns3:cad>
          </ns3:TrackPointExtension>
        </extensions>
      </trkpt>
      <trkpt lat="35.971498377621173858642578125" lon="-81.10992056317627429962158203125">
        <ele>541.79998779296875</ele>
        <time>2026-03-31T14:32:58.000Z</time>
        <extensions>
          <ns3:TrackPointExtension>
            <ns3:hr>111</ns3:hr>
            <ns3:cad>0</ns3:cad>
          </ns3:TrackPointExtension>
        </extensions>
      </trkpt>
      <trkpt lat="35.9715149737894535064697265625" lon="-81.109905056655406951904296875">
        <ele>542</ele>
        <time>2026-03-31T14:33:03.000Z</time>
        <extensions>
          <ns3:TrackPointExtension>
            <ns3:hr>113</ns3:hr>
            <ns3:cad>0</ns3:cad>
          </ns3:TrackPointExtension>
        </extensions>
      </trkpt>
      <trkpt lat="35.97152109257876873016357421875" lon="-81.10990363173186779022216796875">
        <ele>541.79998779296875</ele>
        <time>2026-03-31T14:33:05.000Z</time>
        <extensions>
          <ns3:TrackPointExtension>
            <ns3:hr>113</ns3:hr>
            <ns3:cad>0</ns3:cad>
          </ns3:TrackPointExtension>
        </extensions>
      </trkpt>
      <trkpt lat="35.97151623107492923736572265625" lon="-81.1099085770547389984130859375">
        <ele>541.79998779296875</ele>
        <time>2026-03-31T14:33:11.000Z</time>
        <extensions>
          <ns3:TrackPointExtension>
            <ns3:hr>112</ns3:hr>
            <ns3:cad>0</ns3:cad>
          </ns3:TrackPointExtension>
        </extensions>
      </trkpt>
      <trkpt lat="35.97154171206057071685791015625" lon="-81.10990664921700954437255859375">
        <ele>541.79998779296875</ele>
        <time>2026-03-31T14:33:19.000Z</time>
        <extensions>
          <ns3:TrackPointExtension>
            <ns3:hr>113</ns3:hr>
            <ns3:cad>0</ns3:cad>
          </ns3:TrackPointExtension>
        </extensions>
      </trkpt>
      <trkpt lat="35.97154171206057071685791015625" lon="-81.10990664921700954437255859375">
        <ele>541.5999755859375</ele>
        <time>2026-03-31T14:33:24.000Z</time>
        <extensions>
          <ns3:TrackPointExtension>
            <ns3:hr>110</ns3:hr>
            <ns3:cad>0</ns3:cad>
          </ns3:TrackPointExtension>
        </extensions>
      </trkpt>
      <trkpt lat="35.9715490043163299560546875" lon="-81.10990497283637523651123046875">
        <ele>541.79998779296875</ele>
        <time>2026-03-31T14:33:26.000Z</time>
        <extensions>
          <ns3:TrackPointExtension>
            <ns3:hr>107</ns3:hr>
            <ns3:cad>0</ns3:cad>
          </ns3:TrackPointExtension>
        </extensions>
      </trkpt>
      <trkpt lat="35.9715557098388671875" lon="-81.10990497283637523651123046875">
        <ele>541.79998779296875</ele>
        <time>2026-03-31T14:33:28.000Z</time>
        <extensions>
          <ns3:TrackPointExtension>
            <ns3:hr>107</ns3:hr>
            <ns3:cad>0</ns3:cad>
          </ns3:TrackPointExtension>
        </extensions>
      </trkpt>
      <trkpt lat="35.97154171206057071685791015625" lon="-81.10990664921700954437255859375">
        <ele>542.20001220703125</ele>
        <time>2026-03-31T14:33:32.000Z</time>
        <extensions>
          <ns3:TrackPointExtension>
            <ns3:hr>111</ns3:hr>
            <ns3:cad>0</ns3:cad>
          </ns3:TrackPointExtension>
        </extensions>
      </trkpt>
      <trkpt lat="35.97154171206057071685791015625" lon="-81.10990664921700954437255859375">
        <ele>542.20001220703125</ele>
        <time>2026-03-31T14:33:37.000Z</time>
        <extensions>
          <ns3:TrackPointExtension>
            <ns3:hr>112</ns3:hr>
            <ns3:cad>0</ns3:cad>
          </ns3:TrackPointExtension>
        </extensions>
      </trkpt>
      <trkpt lat="35.971537269651889801025390625" lon="-81.10991352237761020660400390625">
        <ele>542</ele>
        <time>2026-03-31T14:33:50.000Z</time>
        <extensions>
          <ns3:TrackPointExtension>
            <ns3:hr>110</ns3:hr>
            <ns3:cad>0</ns3:cad>
          </ns3:TrackPointExtension>
        </extensions>
      </trkpt>
      <trkpt lat="35.9715344198048114776611328125" lon="-81.10991754569113254547119140625">
        <ele>542</ele>
        <time>2026-03-31T14:33:51.000Z</time>
        <extensions>
          <ns3:TrackPointExtension>
            <ns3:hr>106</ns3:hr>
            <ns3:cad>0</ns3:cad>
          </ns3:TrackPointExtension>
        </extensions>
      </trkpt>
      <trkpt lat="35.9715557098388671875" lon="-81.10989742912352085113525390625">
        <ele>542</ele>
        <time>2026-03-31T14:33:57.000Z</time>
        <extensions>
          <ns3:TrackPointExtension>
            <ns3:hr>110</ns3:hr>
            <ns3:cad>0</ns3:cad>
          </ns3:TrackPointExtension>
        </extensions>
      </trkpt>
      <trkpt lat="35.97155361436307430267333984375" lon="-81.10988795757293701171875">
        <ele>542</ele>
        <time>2026-03-31T14:33:58.000Z</time>
        <extensions>
          <ns3:TrackPointExtension>
            <ns3:hr>111</ns3:hr>
            <ns3:cad>0</ns3:cad>
          </ns3:TrackPointExtension>
        </extensions>
      </trkpt>
      <trkpt lat="35.97155235707759857177734375" lon="-81.1098522506654262542724609375">
        <ele>542.20001220703125</ele>
        <time>2026-03-31T14:34:06.000Z</time>
        <extensions>
          <ns3:TrackPointExtension>
            <ns3:hr>114</ns3:hr>
            <ns3:cad>0</ns3:cad>
          </ns3:TrackPointExtension>
        </extensions>
      </trkpt>
      <trkpt lat="35.97155235707759857177734375" lon="-81.1098522506654262542724609375">
        <ele>542.20001220703125</ele>
        <time>2026-03-31T14:34:07.000Z</time>
        <extensions>
          <ns3:TrackPointExtension>
            <ns3:hr>114</ns3:hr>
            <ns3:cad>0</ns3:cad>
          </ns3:TrackPointExtension>
        </extensions>
      </trkpt>
      <trkpt lat="35.971586890518665313720703125" lon="-81.1098053120076656341552734375">
        <ele>542.20001220703125</ele>
        <time>2026-03-31T14:34:15.000Z</time>
        <extensions>
          <ns3:TrackPointExtension>
            <ns3:hr>113</ns3:hr>
            <ns3:cad>0</ns3:cad>
          </ns3:TrackPointExtension>
        </extensions>
      </trkpt>
      <trkpt lat="35.97159393131732940673828125" lon="-81.10979550518095493316650390625">
        <ele>542.20001220703125</ele>
        <time>2026-03-31T14:34:17.000Z</time>
        <extensions>
          <ns3:TrackPointExtension>
            <ns3:hr>116</ns3:hr>
            <ns3:cad>0</ns3:cad>
          </ns3:TrackPointExtension>
        </extensions>
      </trkpt>
      <trkpt lat="35.9715880639851093292236328125" lon="-81.109784357249736785888671875">
        <ele>542.4000244140625</ele>
        <time>2026-03-31T14:34:22.000Z</time>
        <extensions>
          <ns3:TrackPointExtension>
            <ns3:hr>119</ns3:hr>
            <ns3:cad>0</ns3:cad>
          </ns3:TrackPointExtension>
        </extensions>
      </trkpt>
      <trkpt lat="35.97158429212868213653564453125" lon="-81.10978670418262481689453125">
        <ele>542.5999755859375</ele>
        <time>2026-03-31T14:34:23.000Z</time>
        <extensions>
          <ns3:TrackPointExtension>
            <ns3:hr>119</ns3:hr>
            <ns3:cad>0</ns3:cad>
          </ns3:TrackPointExtension>
        </extensions>
      </trkpt>
      <trkpt lat="35.97158093936741352081298828125" lon="-81.1097851954400539398193359375">
        <ele>542.4000244140625</ele>
        <time>2026-03-31T14:34:28.000Z</time>
        <extensions>
          <ns3:TrackPointExtension>
            <ns3:hr>110</ns3:hr>
            <ns3:cad>0</ns3:cad>
          </ns3:TrackPointExtension>
        </extensions>
      </trkpt>
      <trkpt lat="35.9715354256331920623779296875" lon="-81.1097560264170169830322265625">
        <ele>542.5999755859375</ele>
        <time>2026-03-31T14:34:32.000Z</time>
        <extensions>
          <ns3:TrackPointExtension>
            <ns3:hr>109</ns3:hr>
            <ns3:cad>0</ns3:cad>
          </ns3:TrackPointExtension>
        </extensions>
      </trkpt>
      <trkpt lat="35.9715235233306884765625" lon="-81.10974973998963832855224609375">
        <ele>542.5999755859375</ele>
        <time>2026-03-31T14:34:35.000Z</time>
        <extensions>
          <ns3:TrackPointExtension>
            <ns3:hr>112</ns3:hr>
            <ns3:cad>0</ns3:cad>
          </ns3:TrackPointExtension>
        </extensions>
      </trkpt>
      <trkpt lat="35.97152494825422763824462890625" lon="-81.1097452975809574127197265625">
        <ele>542.79998779296875</ele>
        <time>2026-03-31T14:34:40.000Z</time>
        <extensions>
          <ns3:TrackPointExtension>
            <ns3:hr>111</ns3:hr>
            <ns3:cad>0</ns3:cad>
          </ns3:TrackPointExtension>
        </extensions>
      </trkpt>
      <trkpt lat="35.971537269651889801025390625" lon="-81.109719313681125640869140625">
        <ele>542.79998779296875</ele>
        <time>2026-03-31T14:34:42.000Z</time>
        <extensions>
          <ns3:TrackPointExtension>
            <ns3:hr>108</ns3:hr>
            <ns3:cad>0</ns3:cad>
          </ns3:TrackPointExtension>
        </extensions>
      </trkpt>
      <trkpt lat="35.971554033458232879638671875" lon="-81.109687797725200653076171875">
        <ele>543</ele>
        <time>2026-03-31T14:34:46.000Z</time>
        <extensions>
          <ns3:TrackPointExtension>
            <ns3:hr>109</ns3:hr>
            <ns3:cad>68</ns3:cad>
          </ns3:TrackPointExtension>
        </extensions>
      </trkpt>
      <trkpt lat="35.9715555422008037567138671875" lon="-81.10967882908880710601806640625">
        <ele>543</ele>
        <time>2026-03-31T14:34:47.000Z</time>
        <extensions>
          <ns3:TrackPointExtension>
            <ns3:hr>109</ns3:hr>
            <ns3:cad>70</ns3:cad>
          </ns3:TrackPointExtension>
        </extensions>
      </trkpt>
      <trkpt lat="35.9715806879103183746337890625" lon="-81.10964597202837467193603515625">
        <ele>543.20001220703125</ele>
        <time>2026-03-31T14:34:54.000Z</time>
        <extensions>
          <ns3:TrackPointExtension>
            <ns3:hr>110</ns3:hr>
            <ns3:cad>68</ns3:cad>
          </ns3:TrackPointExtension>
        </extensions>
      </trkpt>
      <trkpt lat="35.971596948802471160888671875" lon="-81.109600625932216644287109375">
        <ele>543.4000244140625</ele>
        <time>2026-03-31T14:35:01.000Z</time>
        <extensions>
          <ns3:TrackPointExtension>
            <ns3:hr>108</ns3:hr>
            <ns3:cad>0</ns3:cad>
          </ns3:TrackPointExtension>
        </extensions>
      </trkpt>
      <trkpt lat="35.97160558216273784637451171875" lon="-81.10958813689649105072021484375">
        <ele>543.4000244140625</ele>
        <time>2026-03-31T14:35:07.000Z</time>
        <extensions>
          <ns3:TrackPointExtension>
            <ns3:hr>112</ns3:hr>
            <ns3:cad>0</ns3:cad>
          </ns3:TrackPointExtension>
        </extensions>
      </trkpt>
      <trkpt lat="35.97160424105823040008544921875" lon="-81.109584532678127288818359375">
        <ele>543.4000244140625</ele>
        <time>2026-03-31T14:35:10.000Z</time>
        <extensions>
          <ns3:TrackPointExtension>
            <ns3:hr>113</ns3:hr>
            <ns3:cad>0</ns3:cad>
          </ns3:TrackPointExtension>
        </extensions>
      </trkpt>
      <trkpt lat="35.97160960547626018524169921875" lon="-81.10955678857862949371337890625">
        <ele>543.4000244140625</ele>
        <time>2026-03-31T14:35:17.000Z</time>
        <extensions>
          <ns3:TrackPointExtension>
            <ns3:hr>114</ns3:hr>
            <ns3:cad>0</ns3:cad>
          </ns3:TrackPointExtension>
        </extensions>
      </trkpt>
      <trkpt lat="35.97161932848393917083740234375" lon="-81.10956802032887935638427734375">
        <ele>543.4000244140625</ele>
        <time>2026-03-31T14:35:24.000Z</time>
        <extensions>
          <ns3:TrackPointExtension>
            <ns3:hr>114</ns3:hr>
            <ns3:cad>0</ns3:cad>
          </ns3:TrackPointExtension>
        </extensions>
      </trkpt>
      <trkpt lat="35.97160943783819675445556640625" lon="-81.10953717492520809173583984375">
        <ele>543.4000244140625</ele>
        <time>2026-03-31T14:35:30.000Z</time>
        <extensions>
          <ns3:TrackPointExtension>
            <ns3:hr>111</ns3:hr>
            <ns3:cad>0</ns3:cad>
          </ns3:TrackPointExtension>
        </extensions>
      </trkpt>
      <trkpt lat="35.97161446698009967803955078125" lon="-81.109504401683807373046875">
        <ele>543.5999755859375</ele>
        <time>2026-03-31T14:35:39.000Z</time>
        <extensions>
          <ns3:TrackPointExtension>
            <ns3:hr>110</ns3:hr>
            <ns3:cad>0</ns3:cad>
          </ns3:TrackPointExtension>
        </extensions>
      </trkpt>
      <trkpt lat="35.9715890698134899139404296875" lon="-81.10947246663272380828857421875">
        <ele>543.79998779296875</ele>
        <time>2026-03-31T14:35:46.000Z</time>
        <extensions>
          <ns3:TrackPointExtension>
            <ns3:hr>110</ns3:hr>
            <ns3:cad>0</ns3:cad>
          </ns3:TrackPointExtension>
        </extensions>
      </trkpt>
      <trkpt lat="35.97157758660614490509033203125" lon="-81.10947154462337493896484375">
        <ele>544</ele>
        <time>2026-03-31T14:35:50.000Z</time>
        <extensions>
          <ns3:TrackPointExtension>
            <ns3:hr>110</ns3:hr>
            <ns3:cad>0</ns3:cad>
          </ns3:TrackPointExtension>
        </extensions>
      </trkpt>
      <trkpt lat="35.97157741896808147430419921875" lon="-81.109456457197666168212890625">
        <ele>544.20001220703125</ele>
        <time>2026-03-31T14:35:52.000Z</time>
        <extensions>
          <ns3:TrackPointExtension>
            <ns3:hr>110</ns3:hr>
            <ns3:cad>0</ns3:cad>
          </ns3:TrackPointExtension>
        </extensions>
      </trkpt>
      <trkpt lat="35.971586890518665313720703125" lon="-81.10944028012454509735107421875">
        <ele>543.79998779296875</ele>
        <time>2026-03-31T14:35:59.000Z</time>
        <extensions>
          <ns3:TrackPointExtension>
            <ns3:hr>108</ns3:hr>
            <ns3:cad>0</ns3:cad>
          </ns3:TrackPointExtension>
        </extensions>
      </trkpt>
      <trkpt lat="35.97156015224754810333251953125" lon="-81.10944916494190692901611328125">
        <ele>543.79998779296875</ele>
        <time>2026-03-31T14:36:05.000Z</time>
        <extensions>
          <ns3:TrackPointExtension>
            <ns3:hr>106</ns3:hr>
            <ns3:cad>0</ns3:cad>
          </ns3:TrackPointExtension>
        </extensions>
      </trkpt>
      <trkpt lat="35.9715087711811065673828125" lon="-81.1094981990754604339599609375">
        <ele>544.20001220703125</ele>
        <time>2026-03-31T14:36:13.000Z</time>
        <extensions>
          <ns3:TrackPointExtension>
            <ns3:hr>105</ns3:hr>
            <ns3:cad>0</ns3:cad>
          </ns3:TrackPointExtension>
        </extensions>
      </trkpt>
      <trkpt lat="35.97147197462618350982666015625" lon="-81.1095380969345569610595703125">
        <ele>544.4000244140625</ele>
        <time>2026-03-31T14:36:21.000Z</time>
        <extensions>
          <ns3:TrackPointExtension>
            <ns3:hr>107</ns3:hr>
            <ns3:cad>0</ns3:cad>
          </ns3:TrackPointExtension>
        </extensions>
      </trkpt>
      <trkpt lat="35.971436686813831329345703125" lon="-81.10960188321769237518310546875">
        <ele>544.4000244140625</ele>
        <time>2026-03-31T14:36:30.000Z</time>
        <extensions>
          <ns3:TrackPointExtension>
            <ns3:hr>109</ns3:hr>
            <ns3:cad>0</ns3:cad>
          </ns3:TrackPointExtension>
        </extensions>
      </trkpt>
      <trkpt lat="35.97138530574738979339599609375" lon="-81.10962736420333385467529296875">
        <ele>544</ele>
        <time>2026-03-31T14:36:37.000Z</time>
        <extensions>
          <ns3:TrackPointExtension>
            <ns3:hr>110</ns3:hr>
            <ns3:cad>0</ns3:cad>
          </ns3:TrackPointExtension>
        </extensions>
      </trkpt>
      <trkpt lat="35.971334762871265411376953125" lon="-81.10961194150149822235107421875">
        <ele>543.79998779296875</ele>
        <time>2026-03-31T14:36:44.000Z</time>
        <extensions>
          <ns3:TrackPointExtension>
            <ns3:hr>107</ns3:hr>
            <ns3:cad>18</ns3:cad>
          </ns3:TrackPointExtension>
        </extensions>
      </trkpt>
      <trkpt lat="35.97132277674973011016845703125" lon="-81.1096155457198619842529296875">
        <ele>543.5999755859375</ele>
        <time>2026-03-31T14:36:45.000Z</time>
        <extensions>
          <ns3:TrackPointExtension>
            <ns3:hr>107</ns3:hr>
            <ns3:cad>18</ns3:cad>
          </ns3:TrackPointExtension>
        </extensions>
      </trkpt>
      <trkpt lat="35.97126510925590991973876953125" lon="-81.10967463813722133636474609375">
        <ele>543.4000244140625</ele>
        <time>2026-03-31T14:36:52.000Z</time>
        <extensions>
          <ns3:TrackPointExtension>
            <ns3:hr>108</ns3:hr>
            <ns3:cad>0</ns3:cad>
          </ns3:TrackPointExtension>
        </extensions>
      </trkpt>
      <trkpt lat="35.97127030603587627410888671875" lon="-81.10974110662937164306640625">
        <ele>543.4000244140625</ele>
        <time>2026-03-31T14:36:56.000Z</time>
        <extensions>
          <ns3:TrackPointExtension>
            <ns3:hr>105</ns3:hr>
            <ns3:cad>0</ns3:cad>
          </ns3:TrackPointExtension>
        </extensions>
      </trkpt>
      <trkpt lat="35.9712735749781131744384765625" lon="-81.1097617261111736297607421875">
        <ele>543.20001220703125</ele>
        <time>2026-03-31T14:36:58.000Z</time>
        <extensions>
          <ns3:TrackPointExtension>
            <ns3:hr>107</ns3:hr>
            <ns3:cad>0</ns3:cad>
          </ns3:TrackPointExtension>
        </extensions>
      </trkpt>
      <trkpt lat="35.97128723748028278350830078125" lon="-81.1097835190594196319580078125">
        <ele>543</ele>
        <time>2026-03-31T14:37:00.000Z</time>
        <extensions>
          <ns3:TrackPointExtension>
            <ns3:hr>107</ns3:hr>
            <ns3:cad>0</ns3:cad>
          </ns3:TrackPointExtension>
        </extensions>
      </trkpt>
      <trkpt lat="35.97132646478712558746337890625" lon="-81.10980070196092128753662109375">
        <ele>543.20001220703125</ele>
        <time>2026-03-31T14:37:04.000Z</time>
        <extensions>
          <ns3:TrackPointExtension>
            <ns3:hr>104</ns3:hr>
            <ns3:cad>0</ns3:cad>
          </ns3:TrackPointExtension>
        </extensions>
      </trkpt>
      <trkpt lat="35.97133484669029712677001953125" lon="-81.10979743301868438720703125">
        <ele>543.20001220703125</ele>
        <time>2026-03-31T14:37:06.000Z</time>
        <extensions>
          <ns3:TrackPointExtension>
            <ns3:hr>102</ns3:hr>
            <ns3:cad>66</ns3:cad>
          </ns3:TrackPointExtension>
        </extensions>
      </trkpt>
      <trkpt lat="35.97131741233170032501220703125" lon="-81.10981042496860027313232421875">
        <ele>543.20001220703125</ele>
        <time>2026-03-31T14:37:09.000Z</time>
        <extensions>
          <ns3:TrackPointExtension>
            <ns3:hr>101</ns3:hr>
            <ns3:cad>0</ns3:cad>
          </ns3:TrackPointExtension>
        </extensions>
      </trkpt>
      <trkpt lat="35.9713081084191799163818359375" lon="-81.10981914214789867401123046875">
        <ele>543.20001220703125</ele>
        <time>2026-03-31T14:37:12.000Z</time>
        <extensions>
          <ns3:TrackPointExtension>
            <ns3:hr>101</ns3:hr>
            <ns3:cad>0</ns3:cad>
          </ns3:TrackPointExtension>
        </extensions>
      </trkpt>
      <trkpt lat="35.9713091142475605010986328125" lon="-81.109829954802989959716796875">
        <ele>543.20001220703125</ele>
        <time>2026-03-31T14:37:14.000Z</time>
        <extensions>
          <ns3:TrackPointExtension>
            <ns3:hr>107</ns3:hr>
            <ns3:cad>0</ns3:cad>
          </ns3:TrackPointExtension>
        </extensions>
      </trkpt>
      <trkpt lat="35.97132562659680843353271484375" lon="-81.1098683439195156097412109375">
        <ele>543</ele>
        <time>2026-03-31T14:37:19.000Z</time>
        <extensions>
          <ns3:TrackPointExtension>
            <ns3:hr>109</ns3:hr>
            <ns3:cad>0</ns3:cad>
          </ns3:TrackPointExtension>
        </extensions>
      </trkpt>
      <trkpt lat="35.97133283503353595733642578125" lon="-81.1098874546587467193603515625">
        <ele>542.79998779296875</ele>
        <time>2026-03-31T14:37:21.000Z</time>
        <extensions>
          <ns3:TrackPointExtension>
            <ns3:hr>110</ns3:hr>
            <ns3:cad>0</ns3:cad>
          </ns3:TrackPointExtension>
        </extensions>
      </trkpt>
      <trkpt lat="35.9713332541286945343017578125" lon="-81.1098904721438884735107421875">
        <ele>542.79998779296875</ele>
        <time>2026-03-31T14:37:24.000Z</time>
        <extensions>
          <ns3:TrackPointExtension>
            <ns3:hr>115</ns3:hr>
            <ns3:cad>0</ns3:cad>
          </ns3:TrackPointExtension>
        </extensions>
      </trkpt>
      <trkpt lat="35.97133451141417026519775390625" lon="-81.10989273525774478912353515625">
        <ele>542.5999755859375</ele>
        <time>2026-03-31T14:37:30.000Z</time>
        <extensions>
          <ns3:TrackPointExtension>
            <ns3:hr>117</ns3:hr>
            <ns3:cad>0</ns3:cad>
          </ns3:TrackPointExtension>
        </extensions>
      </trkpt>
      <trkpt lat="35.97136083059012889862060546875" lon="-81.1099055595695972442626953125">
        <ele>542.20001220703125</ele>
        <time>2026-03-31T14:37:35.000Z</time>
        <extensions>
          <ns3:TrackPointExtension>
            <ns3:hr>117</ns3:hr>
            <ns3:cad>0</ns3:cad>
          </ns3:TrackPointExtension>
        </extensions>
      </trkpt>
      <trkpt lat="35.9713614173233509063720703125" lon="-81.1099001951515674591064453125">
        <ele>542</ele>
        <time>2026-03-31T14:37:36.000Z</time>
        <extensions>
          <ns3:TrackPointExtension>
            <ns3:hr>117</ns3:hr>
            <ns3:cad>0</ns3:cad>
          </ns3:TrackPointExtension>
        </extensions>
      </trkpt>
      <trkpt lat="35.97136669792234897613525390625" lon="-81.1098924838006496429443359375">
        <ele>541</ele>
        <time>2026-03-31T14:37:42.000Z</time>
        <extensions>
          <ns3:TrackPointExtension>
            <ns3:hr>115</ns3:hr>
            <ns3:cad>0</ns3:cad>
          </ns3:TrackPointExtension>
        </extensions>
      </trkpt>
      <trkpt lat="35.9713838808238506317138671875" lon="-81.109892986714839935302734375">
        <ele>541</ele>
        <time>2026-03-31T14:37:45.000Z</time>
        <extensions>
          <ns3:TrackPointExtension>
            <ns3:hr>115</ns3:hr>
            <ns3:cad>0</ns3:cad>
          </ns3:TrackPointExtension>
        </extensions>
      </trkpt>
      <trkpt lat="35.97140558995306491851806640625" lon="-81.109909079968929290771484375">
        <ele>541</ele>
        <time>2026-03-31T14:37:51.000Z</time>
        <extensions>
          <ns3:TrackPointExtension>
            <ns3:hr>114</ns3:hr>
            <ns3:cad>0</ns3:cad>
          </ns3:TrackPointExtension>
        </extensions>
      </trkpt>
      <trkpt lat="35.9713907539844512939453125" lon="-81.1098814196884632110595703125">
        <ele>541</ele>
        <time>2026-03-31T14:37:58.000Z</time>
        <extensions>
          <ns3:TrackPointExtension>
            <ns3:hr>111</ns3:hr>
            <ns3:cad>0</ns3:cad>
          </ns3:TrackPointExtension>
        </extensions>
      </trkpt>
      <trkpt lat="35.97137658856809139251708984375" lon="-81.10986591316759586334228515625">
        <ele>541</ele>
        <time>2026-03-31T14:38:00.000Z</time>
        <extensions>
          <ns3:TrackPointExtension>
            <ns3:hr>105</ns3:hr>
            <ns3:cad>0</ns3:cad>
          </ns3:TrackPointExtension>
        </extensions>
      </trkpt>
      <trkpt lat="35.97137457691133022308349609375" lon="-81.1098629795014858245849609375">
        <ele>541</ele>
        <time>2026-03-31T14:38:01.000Z</time>
        <extensions>
          <ns3:TrackPointExtension>
            <ns3:hr>105</ns3:hr>
            <ns3:cad>0</ns3:cad>
          </ns3:TrackPointExtension>
        </extensions>
      </trkpt>
      <trkpt lat="35.9713862277567386627197265625" lon="-81.10986926592886447906494140625">
        <ele>540.79998779296875</ele>
        <time>2026-03-31T14:38:09.000Z</time>
        <extensions>
          <ns3:TrackPointExtension>
            <ns3:hr>104</ns3:hr>
            <ns3:cad>0</ns3:cad>
          </ns3:TrackPointExtension>
        </extensions>
      </trkpt>
      <trkpt lat="35.97138069570064544677734375" lon="-81.10986205749213695526123046875">
        <ele>541.4000244140625</ele>
        <time>2026-03-31T14:38:18.000Z</time>
        <extensions>
          <ns3:TrackPointExtension>
            <ns3:hr>104</ns3:hr>
            <ns3:cad>0</ns3:cad>
          </ns3:TrackPointExtension>
        </extensions>
      </trkpt>
      <trkpt lat="35.971418917179107666015625" lon="-81.10987664200365543365478515625">
        <ele>541.20001220703125</ele>
        <time>2026-03-31T14:38:25.000Z</time>
        <extensions>
          <ns3:TrackPointExtension>
            <ns3:hr>107</ns3:hr>
            <ns3:cad>0</ns3:cad>
          </ns3:TrackPointExtension>
        </extensions>
      </trkpt>
      <trkpt lat="35.97141531296074390411376953125" lon="-81.109872870147228240966796875">
        <ele>541.4000244140625</ele>
        <time>2026-03-31T14:38:32.000Z</time>
        <extensions>
          <ns3:TrackPointExtension>
            <ns3:hr>110</ns3:hr>
            <ns3:cad>0</ns3:cad>
          </ns3:TrackPointExtension>
        </extensions>
      </trkpt>
      <trkpt lat="35.97141900099813938140869140625" lon="-81.10986876301467418670654296875">
        <ele>541.5999755859375</ele>
        <time>2026-03-31T14:38:33.000Z</time>
        <extensions>
          <ns3:TrackPointExtension>
            <ns3:hr>109</ns3:hr>
            <ns3:cad>0</ns3:cad>
          </ns3:TrackPointExtension>
        </extensions>
      </trkpt>
      <trkpt lat="35.97144129686057567596435546875" lon="-81.1098378337919712066650390625">
        <ele>542</ele>
        <time>2026-03-31T14:38:37.000Z</time>
        <extensions>
          <ns3:TrackPointExtension>
            <ns3:hr>109</ns3:hr>
            <ns3:cad>0</ns3:cad>
          </ns3:TrackPointExtension>
        </extensions>
      </trkpt>
      <trkpt lat="35.97143006511032581329345703125" lon="-81.109805144369602203369140625">
        <ele>542.20001220703125</ele>
        <time>2026-03-31T14:38:40.000Z</time>
        <extensions>
          <ns3:TrackPointExtension>
            <ns3:hr>110</ns3:hr>
            <ns3:cad>0</ns3:cad>
          </ns3:TrackPointExtension>
        </extensions>
      </trkpt>
      <trkpt lat="35.971386395394802093505859375" lon="-81.1097739636898040771484375">
        <ele>542.20001220703125</ele>
        <time>2026-03-31T14:38:47.000Z</time>
        <extensions>
          <ns3:TrackPointExtension>
            <ns3:hr>110</ns3:hr>
            <ns3:cad>0</ns3:cad>
          </ns3:TrackPointExtension>
        </extensions>
      </trkpt>
      <trkpt lat="35.9713734872639179229736328125" lon="-81.1097560264170169830322265625">
        <ele>542.5999755859375</ele>
        <time>2026-03-31T14:38:54.000Z</time>
        <extensions>
          <ns3:TrackPointExtension>
            <ns3:hr>110</ns3:hr>
            <ns3:cad>0</ns3:cad>
          </ns3:TrackPointExtension>
        </extensions>
      </trkpt>
      <trkpt lat="35.9713342599570751190185546875" lon="-81.10978536307811737060546875">
        <ele>543.20001220703125</ele>
        <time>2026-03-31T14:39:00.000Z</time>
        <extensions>
          <ns3:TrackPointExtension>
            <ns3:hr>110</ns3:hr>
            <ns3:cad>0</ns3:cad>
          </ns3:TrackPointExtension>
        </extensions>
      </trkpt>
      <trkpt lat="35.9712933562695980072021484375" lon="-81.10981226898729801177978515625">
        <ele>543.5999755859375</ele>
        <time>2026-03-31T14:39:05.000Z</time>
        <extensions>
          <ns3:TrackPointExtension>
            <ns3:hr>113</ns3:hr>
            <ns3:cad>70</ns3:cad>
          </ns3:TrackPointExtension>
        </extensions>
      </trkpt>
      <trkpt lat="35.97129260189831256866455078125" lon="-81.1098250932991504669189453125">
        <ele>543.5999755859375</ele>
        <time>2026-03-31T14:39:06.000Z</time>
        <extensions>
          <ns3:TrackPointExtension>
            <ns3:hr>113</ns3:hr>
            <ns3:cad>70</ns3:cad>
          </ns3:TrackPointExtension>
        </extensions>
      </trkpt>
      <trkpt lat="35.9712950326502323150634765625" lon="-81.109838001430034637451171875">
        <ele>543.4000244140625</ele>
        <time>2026-03-31T14:39:07.000Z</time>
        <extensions>
          <ns3:TrackPointExtension>
            <ns3:hr>113</ns3:hr>
            <ns3:cad>73</ns3:cad>
          </ns3:TrackPointExtension>
        </extensions>
      </trkpt>
      <trkpt lat="35.97131741233170032501220703125" lon="-81.10990874469280242919921875">
        <ele>543</ele>
        <time>2026-03-31T14:39:14.000Z</time>
        <extensions>
          <ns3:TrackPointExtension>
            <ns3:hr>115</ns3:hr>
            <ns3:cad>42</ns3:cad>
          </ns3:TrackPointExtension>
        </extensions>
      </trkpt>
      <trkpt lat="35.97133778035640716552734375" lon="-81.10993699170649051666259765625">
        <ele>542.20001220703125</ele>
        <time>2026-03-31T14:39:20.000Z</time>
        <extensions>
          <ns3:TrackPointExtension>
            <ns3:hr>116</ns3:hr>
            <ns3:cad>0</ns3:cad>
          </ns3:TrackPointExtension>
        </extensions>
      </trkpt>
      <trkpt lat="35.97135261632502079010009765625" lon="-81.10993866808712482452392578125">
        <ele>542.20001220703125</ele>
        <time>2026-03-31T14:39:22.000Z</time>
        <extensions>
          <ns3:TrackPointExtension>
            <ns3:hr>116</ns3:hr>
            <ns3:cad>0</ns3:cad>
          </ns3:TrackPointExtension>
        </extensions>
      </trkpt>
      <trkpt lat="35.97136016003787517547607421875" lon="-81.10994000919163227081298828125">
        <ele>542</ele>
        <time>2026-03-31T14:39:23.000Z</time>
        <extensions>
          <ns3:TrackPointExtension>
            <ns3:hr>115</ns3:hr>
            <ns3:cad>0</ns3:cad>
          </ns3:TrackPointExtension>
        </extensions>
      </trkpt>
      <trkpt lat="35.97137290053069591522216796875" lon="-81.109951324760913848876953125">
        <ele>542</ele>
        <time>2026-03-31T14:39:25.000Z</time>
        <extensions>
          <ns3:TrackPointExtension>
            <ns3:hr>115</ns3:hr>
            <ns3:cad>0</ns3:cad>
          </ns3:TrackPointExtension>
        </extensions>
      </trkpt>
      <trkpt lat="35.9713640995323657989501953125" lon="-81.10995140857994556427001953125">
        <ele>542</ele>
        <time>2026-03-31T14:39:27.000Z</time>
        <extensions>
          <ns3:TrackPointExtension>
            <ns3:hr>115</ns3:hr>
            <ns3:cad>0</ns3:cad>
          </ns3:TrackPointExtension>
        </extensions>
      </trkpt>
      <trkpt lat="35.97136284224689006805419921875" lon="-81.1099528335034847259521484375">
        <ele>542</ele>
        <time>2026-03-31T14:39:28.000Z</time>
        <extensions>
          <ns3:TrackPointExtension>
            <ns3:hr>114</ns3:hr>
            <ns3:cad>0</ns3:cad>
          </ns3:TrackPointExtension>
        </extensions>
      </trkpt>
      <trkpt lat="35.97134155221283435821533203125" lon="-81.109943948686122894287109375">
        <ele>541.4000244140625</ele>
        <time>2026-03-31T14:39:37.000Z</time>
        <extensions>
          <ns3:TrackPointExtension>
            <ns3:hr>111</ns3:hr>
            <ns3:cad>0</ns3:cad>
          </ns3:TrackPointExtension>
        </extensions>
      </trkpt>
      <trkpt lat="35.9713332541286945343017578125" lon="-81.10993833281099796295166015625">
        <ele>541.4000244140625</ele>
        <time>2026-03-31T14:39:40.000Z</time>
        <extensions>
          <ns3:TrackPointExtension>
            <ns3:hr>110</ns3:hr>
            <ns3:cad>0</ns3:cad>
          </ns3:TrackPointExtension>
        </extensions>
      </trkpt>
      <trkpt lat="35.97132395021617412567138671875" lon="-81.10993313603103160858154296875">
        <ele>541</ele>
        <time>2026-03-31T14:39:46.000Z</time>
        <extensions>
          <ns3:TrackPointExtension>
            <ns3:hr>109</ns3:hr>
            <ns3:cad>0</ns3:cad>
          </ns3:TrackPointExtension>
        </extensions>
      </trkpt>
      <trkpt lat="35.971330069005489349365234375" lon="-81.1099295318126678466796875">
        <ele>541</ele>
        <time>2026-03-31T14:39:48.000Z</time>
        <extensions>
          <ns3:TrackPointExtension>
            <ns3:hr>109</ns3:hr>
            <ns3:cad>0</ns3:cad>
          </ns3:TrackPointExtension>
        </extensions>
      </trkpt>
      <trkpt lat="35.97131942398846149444580078125" lon="-81.1099132709205150604248046875">
        <ele>540.5999755859375</ele>
        <time>2026-03-31T14:39:58.000Z</time>
        <extensions>
          <ns3:TrackPointExtension>
            <ns3:hr>110</ns3:hr>
            <ns3:cad>0</ns3:cad>
          </ns3:TrackPointExtension>
        </extensions>
      </trkpt>
      <trkpt lat="35.97131707705557346343994140625" lon="-81.1099427752196788787841796875">
        <ele>540.5999755859375</ele>
        <time>2026-03-31T14:40:05.000Z</time>
        <extensions>
          <ns3:TrackPointExtension>
            <ns3:hr>109</ns3:hr>
            <ns3:cad>0</ns3:cad>
          </ns3:TrackPointExtension>
        </extensions>
      </trkpt>
      <trkpt lat="35.97132210619747638702392578125" lon="-81.10995979048311710357666015625">
        <ele>540.20001220703125</ele>
        <time>2026-03-31T14:40:13.000Z</time>
        <extensions>
          <ns3:TrackPointExtension>
            <ns3:hr>112</ns3:hr>
            <ns3:cad>0</ns3:cad>
          </ns3:TrackPointExtension>
        </extensions>
      </trkpt>
      <trkpt lat="35.97130752168595790863037109375" lon="-81.10995233058929443359375">
        <ele>540.5999755859375</ele>
        <time>2026-03-31T14:40:17.000Z</time>
        <extensions>
          <ns3:TrackPointExtension>
            <ns3:hr>115</ns3:hr>
            <ns3:cad>0</ns3:cad>
          </ns3:TrackPointExtension>
        </extensions>
      </trkpt>
      <trkpt lat="35.9713022410869598388671875" lon="-81.1099699325859546661376953125">
        <ele>540.4000244140625</ele>
        <time>2026-03-31T14:40:23.000Z</time>
        <extensions>
          <ns3:TrackPointExtension>
            <ns3:hr>116</ns3:hr>
            <ns3:cad>0</ns3:cad>
          </ns3:TrackPointExtension>
        </extensions>
      </trkpt>
      <trkpt lat="35.9713010676205158233642578125" lon="-81.109968759119510650634765625">
        <ele>540.4000244140625</ele>
        <time>2026-03-31T14:40:31.000Z</time>
        <extensions>
          <ns3:TrackPointExtension>
            <ns3:hr>115</ns3:hr>
            <ns3:cad>0</ns3:cad>
          </ns3:TrackPointExtension>
        </extensions>
      </trkpt>
      <trkpt lat="35.97130970098078250885009765625" lon="-81.109967418015003204345703125">
        <ele>540.79998779296875</ele>
        <time>2026-03-31T14:40:44.000Z</time>
        <extensions>
          <ns3:TrackPointExtension>
            <ns3:hr>113</ns3:hr>
            <ns3:cad>0</ns3:cad>
          </ns3:TrackPointExtension>
        </extensions>
      </trkpt>
      <trkpt lat="35.97132411785423755645751953125" lon="-81.109966076910495758056640625">
        <ele>540.5999755859375</ele>
        <time>2026-03-31T14:40:52.000Z</time>
        <extensions>
          <ns3:TrackPointExtension>
            <ns3:hr>110</ns3:hr>
            <ns3:cad>0</ns3:cad>
          </ns3:TrackPointExtension>
        </extensions>
      </trkpt>
      <trkpt lat="35.97132830880582332611083984375" lon="-81.10996515490114688873291015625">
        <ele>540.5999755859375</ele>
        <time>2026-03-31T14:40:55.000Z</time>
        <extensions>
          <ns3:TrackPointExtension>
            <ns3:hr>107</ns3:hr>
            <ns3:cad>0</ns3:cad>
          </ns3:TrackPointExtension>
        </extensions>
      </trkpt>
      <trkpt lat="35.971340127289295196533203125" lon="-81.10996699891984462738037109375">
        <ele>540.5999755859375</ele>
        <time>2026-03-31T14:41:06.000Z</time>
        <extensions>
          <ns3:TrackPointExtension>
            <ns3:hr>106</ns3:hr>
            <ns3:cad>0</ns3:cad>
          </ns3:TrackPointExtension>
        </extensions>
      </trkpt>
      <trkpt lat="35.9713446535170078277587890625" lon="-81.1099598743021488189697265625">
        <ele>540.4000244140625</ele>
        <time>2026-03-31T14:41:14.000Z</time>
        <extensions>
          <ns3:TrackPointExtension>
            <ns3:hr>106</ns3:hr>
            <ns3:cad>0</ns3:cad>
          </ns3:TrackPointExtension>
        </extensions>
      </trkpt>
      <trkpt lat="35.97134624607861042022705078125" lon="-81.10995543189346790313720703125">
        <ele>540.79998779296875</ele>
        <time>2026-03-31T14:41:24.000Z</time>
        <extensions>
          <ns3:TrackPointExtension>
            <ns3:hr>100</ns3:hr>
            <ns3:cad>0</ns3:cad>
          </ns3:TrackPointExtension>
        </extensions>
      </trkpt>
      <trkpt lat="35.97134624607861042022705078125" lon="-81.10995543189346790313720703125">
        <ele>540.79998779296875</ele>
        <time>2026-03-31T14:41:25.000Z</time>
        <extensions>
          <ns3:TrackPointExtension>
            <ns3:hr>92</ns3:hr>
            <ns3:cad>0</ns3:cad>
          </ns3:TrackPointExtension>
        </extensions>
      </trkpt>
      <trkpt lat="35.97134624607861042022705078125" lon="-81.10995543189346790313720703125">
        <ele>540.79998779296875</ele>
        <time>2026-03-31T14:41:26.000Z</time>
        <extensions>
          <ns3:TrackPointExtension>
            <ns3:hr>89</ns3:hr>
            <ns3:cad>0</ns3:cad>
          </ns3:TrackPointExtension>
        </extensions>
      </trkpt>
      <trkpt lat="35.97134624607861042022705078125" lon="-81.10995543189346790313720703125">
        <ele>541</ele>
        <time>2026-03-31T14:41:31.000Z</time>
        <extensions>
          <ns3:TrackPointExtension>
            <ns3:hr>86</ns3:hr>
            <ns3:cad>0</ns3:cad>
          </ns3:TrackPointExtension>
        </extensions>
      </trkpt>
      <trkpt lat="35.97132897935807704925537109375" lon="-81.109953336417675018310546875">
        <ele>540.79998779296875</ele>
        <time>2026-03-31T14:41:39.000Z</time>
        <extensions>
          <ns3:TrackPointExtension>
            <ns3:hr>90</ns3:hr>
            <ns3:cad>0</ns3:cad>
          </ns3:TrackPointExtension>
        </extensions>
      </trkpt>
      <trkpt lat="35.97133099101483821868896484375" lon="-81.10994101502001285552978515625">
        <ele>541.4000244140625</ele>
        <time>2026-03-31T14:41:44.000Z</time>
        <extensions>
          <ns3:TrackPointExtension>
            <ns3:hr>92</ns3:hr>
            <ns3:cad>0</ns3:cad>
          </ns3:TrackPointExtension>
        </extensions>
      </trkpt>
      <trkpt lat="35.971349515020847320556640625" lon="-81.10992349684238433837890625">
        <ele>541.79998779296875</ele>
        <time>2026-03-31T14:41:48.000Z</time>
        <extensions>
          <ns3:TrackPointExtension>
            <ns3:hr>92</ns3:hr>
            <ns3:cad>69</ns3:cad>
          </ns3:TrackPointExtension>
        </extensions>
      </trkpt>
      <trkpt lat="35.971365608274936676025390625" lon="-81.1099253408610820770263671875">
        <ele>541.5999755859375</ele>
        <time>2026-03-31T14:41:53.000Z</time>
        <extensions>
          <ns3:TrackPointExtension>
            <ns3:hr>93</ns3:hr>
            <ns3:cad>0</ns3:cad>
          </ns3:TrackPointExtension>
        </extensions>
      </trkpt>
      <trkpt lat="35.971338450908660888671875" lon="-81.10988804139196872711181640625">
        <ele>541.79998779296875</ele>
        <time>2026-03-31T14:41:58.000Z</time>
        <extensions>
          <ns3:TrackPointExtension>
            <ns3:hr>93</ns3:hr>
            <ns3:cad>0</ns3:cad>
          </ns3:TrackPointExtension>
        </extensions>
      </trkpt>
      <trkpt lat="35.971307270228862762451171875" lon="-81.10987597145140171051025390625">
        <ele>542</ele>
        <time>2026-03-31T14:42:01.000Z</time>
        <extensions>
          <ns3:TrackPointExtension>
            <ns3:hr>93</ns3:hr>
            <ns3:cad>78</ns3:cad>
          </ns3:TrackPointExtension>
        </extensions>
      </trkpt>
      <trkpt lat="35.97126058302819728851318359375" lon="-81.1098780669271945953369140625">
        <ele>542</ele>
        <time>2026-03-31T14:42:06.000Z</time>
        <extensions>
          <ns3:TrackPointExtension>
            <ns3:hr>91</ns3:hr>
            <ns3:cad>41</ns3:cad>
          </ns3:TrackPointExtension>
        </extensions>
      </trkpt>
      <trkpt lat="35.97123342566192150115966796875" lon="-81.10989742912352085113525390625">
        <ele>542</ele>
        <time>2026-03-31T14:42:09.000Z</time>
        <extensions>
          <ns3:TrackPointExtension>
            <ns3:hr>90</ns3:hr>
            <ns3:cad>42</ns3:cad>
          </ns3:TrackPointExtension>
        </extensions>
      </trkpt>
      <trkpt lat="35.97123711369931697845458984375" lon="-81.10991972498595714569091796875">
        <ele>542</ele>
        <time>2026-03-31T14:42:11.000Z</time>
        <extensions>
          <ns3:TrackPointExtension>
            <ns3:hr>90</ns3:hr>
            <ns3:cad>42</ns3:cad>
          </ns3:TrackPointExtension>
        </extensions>
      </trkpt>
      <trkpt lat="35.97126125358045101165771484375" lon="-81.10997378826141357421875">
        <ele>541.79998779296875</ele>
        <time>2026-03-31T14:42:15.000Z</time>
        <extensions>
          <ns3:TrackPointExtension>
            <ns3:hr>97</ns3:hr>
            <ns3:cad>76</ns3:cad>
          </ns3:TrackPointExtension>
        </extensions>
      </trkpt>
      <trkpt lat="35.97126494161784648895263671875" lon="-81.10998258925974369049072265625">
        <ele>542</ele>
        <time>2026-03-31T14:42:16.000Z</time>
        <extensions>
          <ns3:TrackPointExtension>
            <ns3:hr>106</ns3:hr>
            <ns3:cad>75</ns3:cad>
          </ns3:TrackPointExtension>
        </extensions>
      </trkpt>
      <trkpt lat="35.9712651930749416351318359375" lon="-81.109987199306488037109375">
        <ele>542</ele>
        <time>2026-03-31T14:42:17.000Z</time>
        <extensions>
          <ns3:TrackPointExtension>
            <ns3:hr>113</ns3:hr>
            <ns3:cad>71</ns3:cad>
          </ns3:TrackPointExtension>
        </extensions>
      </trkpt>
      <trkpt lat="35.9712661989033222198486328125" lon="-81.10999097116291522979736328125">
        <ele>542</ele>
        <time>2026-03-31T14:42:18.000Z</time>
        <extensions>
          <ns3:TrackPointExtension>
            <ns3:hr>115</ns3:hr>
            <ns3:cad>71</ns3:cad>
          </ns3:TrackPointExtension>
        </extensions>
      </trkpt>
      <trkpt lat="35.97126980312168598175048828125" lon="-81.1100162006914615631103515625">
        <ele>541.20001220703125</ele>
        <time>2026-03-31T14:42:25.000Z</time>
        <extensions>
          <ns3:TrackPointExtension>
            <ns3:hr>114</ns3:hr>
            <ns3:cad>0</ns3:cad>
          </ns3:TrackPointExtension>
        </extensions>
      </trkpt>
      <trkpt lat="35.9712727367877960205078125" lon="-81.1100084893405437469482421875">
        <ele>541</ele>
        <time>2026-03-31T14:42:27.000Z</time>
        <extensions>
          <ns3:TrackPointExtension>
            <ns3:hr>114</ns3:hr>
            <ns3:cad>0</ns3:cad>
          </ns3:TrackPointExtension>
        </extensions>
      </trkpt>
      <trkpt lat="35.97127533517777919769287109375" lon="-81.11000488512217998504638671875">
        <ele>540.5999755859375</ele>
        <time>2026-03-31T14:42:32.000Z</time>
        <extensions>
          <ns3:TrackPointExtension>
            <ns3:hr>114</ns3:hr>
            <ns3:cad>0</ns3:cad>
          </ns3:TrackPointExtension>
        </extensions>
      </trkpt>
      <trkpt lat="35.971288494765758514404296875" lon="-81.10999516211450099945068359375">
        <ele>541</ele>
        <time>2026-03-31T14:42:40.000Z</time>
        <extensions>
          <ns3:TrackPointExtension>
            <ns3:hr>113</ns3:hr>
            <ns3:cad>0</ns3:cad>
          </ns3:TrackPointExtension>
        </extensions>
      </trkpt>
      <trkpt lat="35.971287824213504791259765625" lon="-81.1099900491535663604736328125">
        <ele>541</ele>
        <time>2026-03-31T14:42:44.000Z</time>
        <extensions>
          <ns3:TrackPointExtension>
            <ns3:hr>116</ns3:hr>
            <ns3:cad>0</ns3:cad>
          </ns3:TrackPointExtension>
        </extensions>
      </trkpt>
      <trkpt lat="35.97128874622285366058349609375" lon="-81.1099759675562381744384765625">
        <ele>541.4000244140625</ele>
        <time>2026-03-31T14:42:48.000Z</time>
        <extensions>
          <ns3:TrackPointExtension>
            <ns3:hr>118</ns3:hr>
            <ns3:cad>66</ns3:cad>
          </ns3:TrackPointExtension>
        </extensions>
      </trkpt>
      <trkpt lat="35.9712832979857921600341796875" lon="-81.10997621901333332061767578125">
        <ele>541.5999755859375</ele>
        <time>2026-03-31T14:42:54.000Z</time>
        <extensions>
          <ns3:TrackPointExtension>
            <ns3:hr>115</ns3:hr>
            <ns3:cad>0</ns3:cad>
          </ns3:TrackPointExtension>
        </extensions>
      </trkpt>
      <trkpt lat="35.97127919085323810577392578125" lon="-81.10997219569981098175048828125">
        <ele>541.5999755859375</ele>
        <time>2026-03-31T14:42:55.000Z</time>
        <extensions>
          <ns3:TrackPointExtension>
            <ns3:hr>114</ns3:hr>
            <ns3:cad>0</ns3:cad>
          </ns3:TrackPointExtension>
        </extensions>
      </trkpt>
      <trkpt lat="35.971252955496311187744140625" lon="-81.10999583266675472259521484375">
        <ele>541.5999755859375</ele>
        <time>2026-03-31T14:43:00.000Z</time>
        <extensions>
          <ns3:TrackPointExtension>
            <ns3:hr>111</ns3:hr>
            <ns3:cad>0</ns3:cad>
          </ns3:TrackPointExtension>
        </extensions>
      </trkpt>
      <trkpt lat="35.97125370986759662628173828125" lon="-81.11000253818929195404052734375">
        <ele>541.4000244140625</ele>
        <time>2026-03-31T14:43:01.000Z</time>
        <extensions>
          <ns3:TrackPointExtension>
            <ns3:hr>111</ns3:hr>
            <ns3:cad>0</ns3:cad>
          </ns3:TrackPointExtension>
        </extensions>
      </trkpt>
      <trkpt lat="35.97125035710632801055908203125" lon="-81.11000672914087772369384765625">
        <ele>541.20001220703125</ele>
        <time>2026-03-31T14:43:07.000Z</time>
        <extensions>
          <ns3:TrackPointExtension>
            <ns3:hr>110</ns3:hr>
            <ns3:cad>0</ns3:cad>
          </ns3:TrackPointExtension>
        </extensions>
      </trkpt>
      <trkpt lat="35.97124381922185420989990234375" lon="-81.1100312881171703338623046875">
        <ele>540.79998779296875</ele>
        <time>2026-03-31T14:43:13.000Z</time>
        <extensions>
          <ns3:TrackPointExtension>
            <ns3:hr>110</ns3:hr>
            <ns3:cad>0</ns3:cad>
          </ns3:TrackPointExtension>
        </extensions>
      </trkpt>
      <trkpt lat="35.97125060856342315673828125" lon="-81.11004478298127651214599609375">
        <ele>540.79998779296875</ele>
        <time>2026-03-31T14:43:23.000Z</time>
        <extensions>
          <ns3:TrackPointExtension>
            <ns3:hr>111</ns3:hr>
            <ns3:cad>0</ns3:cad>
          </ns3:TrackPointExtension>
        </extensions>
      </trkpt>
      <trkpt lat="35.97125823609530925750732421875" lon="-81.11003103666007518768310546875">
        <ele>541.4000244140625</ele>
        <time>2026-03-31T14:43:31.000Z</time>
        <extensions>
          <ns3:TrackPointExtension>
            <ns3:hr>111</ns3:hr>
            <ns3:cad>0</ns3:cad>
          </ns3:TrackPointExtension>
        </extensions>
      </trkpt>
      <trkpt lat="35.9712477587163448333740234375" lon="-81.10999901778995990753173828125">
        <ele>541.5999755859375</ele>
        <time>2026-03-31T14:43:37.000Z</time>
        <extensions>
          <ns3:TrackPointExtension>
            <ns3:hr>111</ns3:hr>
            <ns3:cad>0</ns3:cad>
          </ns3:TrackPointExtension>
        </extensions>
      </trkpt>
      <trkpt lat="35.971245579421520233154296875" lon="-81.10995233058929443359375">
        <ele>541.79998779296875</ele>
        <time>2026-03-31T14:43:45.000Z</time>
        <extensions>
          <ns3:TrackPointExtension>
            <ns3:hr>111</ns3:hr>
            <ns3:cad>0</ns3:cad>
          </ns3:TrackPointExtension>
        </extensions>
      </trkpt>
      <trkpt lat="35.97124926745891571044921875" lon="-81.10991067253053188323974609375">
        <ele>542</ele>
        <time>2026-03-31T14:43:51.000Z</time>
        <extensions>
          <ns3:TrackPointExtension>
            <ns3:hr>109</ns3:hr>
            <ns3:cad>0</ns3:cad>
          </ns3:TrackPointExtension>
        </extensions>
      </trkpt>
      <trkpt lat="35.97124733962118625640869140625" lon="-81.10990497283637523651123046875">
        <ele>542.20001220703125</ele>
        <time>2026-03-31T14:43:52.000Z</time>
        <extensions>
          <ns3:TrackPointExtension>
            <ns3:hr>110</ns3:hr>
            <ns3:cad>0</ns3:cad>
          </ns3:TrackPointExtension>
        </extensions>
      </trkpt>
      <trkpt lat="35.971206687390804290771484375" lon="-81.10986490733921527862548828125">
        <ele>542.79998779296875</ele>
        <time>2026-03-31T14:44:00.000Z</time>
        <extensions>
          <ns3:TrackPointExtension>
            <ns3:hr>111</ns3:hr>
            <ns3:cad>48</ns3:cad>
          </ns3:TrackPointExtension>
        </extensions>
      </trkpt>
      <trkpt lat="35.971177183091640472412109375" lon="-81.10983154736459255218505859375">
        <ele>543.20001220703125</ele>
        <time>2026-03-31T14:44:05.000Z</time>
        <extensions>
          <ns3:TrackPointExtension>
            <ns3:hr>111</ns3:hr>
            <ns3:cad>0</ns3:cad>
          </ns3:TrackPointExtension>
        </extensions>
      </trkpt>
      <trkpt lat="35.9711716510355472564697265625" lon="-81.1098217405378818511962890625">
        <ele>543.4000244140625</ele>
        <time>2026-03-31T14:44:08.000Z</time>
        <extensions>
          <ns3:TrackPointExtension>
            <ns3:hr>111</ns3:hr>
            <ns3:cad>70</ns3:cad>
          </ns3:TrackPointExtension>
        </extensions>
      </trkpt>
      <trkpt lat="35.9711579047143459320068359375" lon="-81.1098076589405536651611328125">
        <ele>543.5999755859375</ele>
        <time>2026-03-31T14:44:11.000Z</time>
        <extensions>
          <ns3:TrackPointExtension>
            <ns3:hr>114</ns3:hr>
            <ns3:cad>71</ns3:cad>
          </ns3:TrackPointExtension>
        </extensions>
      </trkpt>
      <trkpt lat="35.9711505286395549774169921875" lon="-81.1098026297986507415771484375">
        <ele>543.5999755859375</ele>
        <time>2026-03-31T14:44:12.000Z</time>
        <extensions>
          <ns3:TrackPointExtension>
            <ns3:hr>117</ns3:hr>
            <ns3:cad>0</ns3:cad>
          </ns3:TrackPointExtension>
        </extensions>
      </trkpt>
      <trkpt lat="35.9711441583931446075439453125" lon="-81.1098012886941432952880859375">
        <ele>543.5999755859375</ele>
        <time>2026-03-31T14:44:13.000Z</time>
        <extensions>
          <ns3:TrackPointExtension>
            <ns3:hr>117</ns3:hr>
            <ns3:cad>0</ns3:cad>
          </ns3:TrackPointExtension>
        </extensions>
      </trkpt>
      <trkpt lat="35.97114122472703456878662109375" lon="-81.10980053432285785675048828125">
        <ele>543.4000244140625</ele>
        <time>2026-03-31T14:44:14.000Z</time>
        <extensions>
          <ns3:TrackPointExtension>
            <ns3:hr>118</ns3:hr>
            <ns3:cad>0</ns3:cad>
          </ns3:TrackPointExtension>
        </extensions>
      </trkpt>
      <trkpt lat="35.971139967441558837890625" lon="-81.109778992831707000732421875">
        <ele>543.4000244140625</ele>
        <time>2026-03-31T14:44:21.000Z</time>
        <extensions>
          <ns3:TrackPointExtension>
            <ns3:hr>117</ns3:hr>
            <ns3:cad>0</ns3:cad>
          </ns3:TrackPointExtension>
        </extensions>
      </trkpt>
      <trkpt lat="35.971148349344730377197265625" lon="-81.1097717843949794769287109375">
        <ele>543.5999755859375</ele>
        <time>2026-03-31T14:44:29.000Z</time>
        <extensions>
          <ns3:TrackPointExtension>
            <ns3:hr>116</ns3:hr>
            <ns3:cad>0</ns3:cad>
          </ns3:TrackPointExtension>
        </extensions>
      </trkpt>
      <trkpt lat="35.97113787196576595306396484375" lon="-81.10980673693120479583740234375">
        <ele>542.79998779296875</ele>
        <time>2026-03-31T14:44:37.000Z</time>
        <extensions>
          <ns3:TrackPointExtension>
            <ns3:hr>115</ns3:hr>
            <ns3:cad>0</ns3:cad>
          </ns3:TrackPointExtension>
        </extensions>
      </trkpt>
      <trkpt lat="35.9711263887584209442138671875" lon="-81.1097525060176849365234375">
        <ele>543.5999755859375</ele>
        <time>2026-03-31T14:44:45.000Z</time>
        <extensions>
          <ns3:TrackPointExtension>
            <ns3:hr>113</ns3:hr>
            <ns3:cad>0</ns3:cad>
          </ns3:TrackPointExtension>
        </extensions>
      </trkpt>
      <trkpt lat="35.971129573881626129150390625" lon="-81.109718643128871917724609375">
        <ele>543.4000244140625</ele>
        <time>2026-03-31T14:44:51.000Z</time>
        <extensions>
          <ns3:TrackPointExtension>
            <ns3:hr>112</ns3:hr>
            <ns3:cad>0</ns3:cad>
          </ns3:TrackPointExtension>
        </extensions>
      </trkpt>
      <trkpt lat="35.9711220301687717437744140625" lon="-81.10969609580934047698974609375">
        <ele>543.4000244140625</ele>
        <time>2026-03-31T14:44:55.000Z</time>
        <extensions>
          <ns3:TrackPointExtension>
            <ns3:hr>115</ns3:hr>
            <ns3:cad>0</ns3:cad>
          </ns3:TrackPointExtension>
        </extensions>
      </trkpt>
      <trkpt lat="35.9711123071610927581787109375" lon="-81.109663657844066619873046875">
        <ele>543.4000244140625</ele>
        <time>2026-03-31T14:44:59.000Z</time>
        <extensions>
          <ns3:TrackPointExtension>
            <ns3:hr>116</ns3:hr>
            <ns3:cad>58</ns3:cad>
          </ns3:TrackPointExtension>
        </extensions>
      </trkpt>
      <trkpt lat="35.9711139835417270660400390625" lon="-81.10964865423738956451416015625">
        <ele>543.4000244140625</ele>
        <time>2026-03-31T14:45:03.000Z</time>
        <extensions>
          <ns3:TrackPointExtension>
            <ns3:hr>113</ns3:hr>
            <ns3:cad>0</ns3:cad>
          </ns3:TrackPointExtension>
        </extensions>
      </trkpt>
      <trkpt lat="35.971105434000492095947265625" lon="-81.10964697785675525665283203125">
        <ele>543.20001220703125</ele>
        <time>2026-03-31T14:45:05.000Z</time>
        <extensions>
          <ns3:TrackPointExtension>
            <ns3:hr>109</ns3:hr>
            <ns3:cad>0</ns3:cad>
          </ns3:TrackPointExtension>
        </extensions>
      </trkpt>
      <trkpt lat="35.97110099159181118011474609375" lon="-81.109649240970611572265625">
        <ele>543.4000244140625</ele>
        <time>2026-03-31T14:45:06.000Z</time>
        <extensions>
          <ns3:TrackPointExtension>
            <ns3:hr>108</ns3:hr>
            <ns3:cad>0</ns3:cad>
          </ns3:TrackPointExtension>
        </extensions>
      </trkpt>
      <trkpt lat="35.97108992747962474822998046875" lon="-81.10972777940332889556884765625">
        <ele>543.4000244140625</ele>
        <time>2026-03-31T14:45:13.000Z</time>
        <extensions>
          <ns3:TrackPointExtension>
            <ns3:hr>108</ns3:hr>
            <ns3:cad>0</ns3:cad>
          </ns3:TrackPointExtension>
        </extensions>
      </trkpt>
      <trkpt lat="35.97110300324857234954833984375" lon="-81.10982383601367473602294921875">
        <ele>543.4000244140625</ele>
        <time>2026-03-31T14:45:20.000Z</time>
        <extensions>
          <ns3:TrackPointExtension>
            <ns3:hr>110</ns3:hr>
            <ns3:cad>78</ns3:cad>
          </ns3:TrackPointExtension>
        </extensions>
      </trkpt>
      <trkpt lat="35.971104092895984649658203125" lon="-81.10985451377928256988525390625">
        <ele>543.4000244140625</ele>
        <time>2026-03-31T14:45:23.000Z</time>
        <extensions>
          <ns3:TrackPointExtension>
            <ns3:hr>114</ns3:hr>
            <ns3:cad>78</ns3:cad>
          </ns3:TrackPointExtension>
        </extensions>
      </trkpt>
      <trkpt lat="35.97111239098012447357177734375" lon="-81.109858788549900054931640625">
        <ele>543.4000244140625</ele>
        <time>2026-03-31T14:45:24.000Z</time>
        <extensions>
          <ns3:TrackPointExtension>
            <ns3:hr>115</ns3:hr>
            <ns3:cad>78</ns3:cad>
          </ns3:TrackPointExtension>
        </extensions>
      </trkpt>
      <trkpt lat="35.97113066352903842926025390625" lon="-81.10986440442502498626708984375">
        <ele>543.4000244140625</ele>
        <time>2026-03-31T14:45:26.000Z</time>
        <extensions>
          <ns3:TrackPointExtension>
            <ns3:hr>115</ns3:hr>
            <ns3:cad>76</ns3:cad>
          </ns3:TrackPointExtension>
        </extensions>
      </trkpt>
      <trkpt lat="35.9711528755724430084228515625" lon="-81.109854094684123992919921875">
        <ele>543.4000244140625</ele>
        <time>2026-03-31T14:45:28.000Z</time>
        <extensions>
          <ns3:TrackPointExtension>
            <ns3:hr>115</ns3:hr>
            <ns3:cad>0</ns3:cad>
          </ns3:TrackPointExtension>
        </extensions>
      </trkpt>
      <trkpt lat="35.9711971320211887359619140625" lon="-81.109823919832706451416015625">
        <ele>543.5999755859375</ele>
        <time>2026-03-31T14:45:32.000Z</time>
        <extensions>
          <ns3:TrackPointExtension>
            <ns3:hr>114</ns3:hr>
            <ns3:cad>42</ns3:cad>
          </ns3:TrackPointExtension>
        </extensions>
      </trkpt>
      <trkpt lat="35.97123049199581146240234375" lon="-81.10979315824806690216064453125">
        <ele>544</ele>
        <time>2026-03-31T14:45:36.000Z</time>
        <extensions>
          <ns3:TrackPointExtension>
            <ns3:hr>111</ns3:hr>
            <ns3:cad>45</ns3:cad>
          </ns3:TrackPointExtension>
        </extensions>
      </trkpt>
      <trkpt lat="35.97124398685991764068603515625" lon="-81.10979902558028697967529296875">
        <ele>544</ele>
        <time>2026-03-31T14:45:38.000Z</time>
        <extensions>
          <ns3:TrackPointExtension>
            <ns3:hr>111</ns3:hr>
            <ns3:cad>44</ns3:cad>
          </ns3:TrackPointExtension>
        </extensions>
      </trkpt>
      <trkpt lat="35.97126209177076816558837890625" lon="-81.10981377772986888885498046875">
        <ele>544.20001220703125</ele>
        <time>2026-03-31T14:45:41.000Z</time>
        <extensions>
          <ns3:TrackPointExtension>
            <ns3:hr>112</ns3:hr>
            <ns3:cad>43</ns3:cad>
          </ns3:TrackPointExtension>
        </extensions>
      </trkpt>
      <trkpt lat="35.97127432934939861297607421875" lon="-81.10983674414455890655517578125">
        <ele>544.4000244140625</ele>
        <time>2026-03-31T14:45:43.000Z</time>
        <extensions>
          <ns3:TrackPointExtension>
            <ns3:hr>112</ns3:hr>
            <ns3:cad>44</ns3:cad>
          </ns3:TrackPointExtension>
        </extensions>
      </trkpt>
      <trkpt lat="35.97129981033504009246826171875" lon="-81.1098646558821201324462890625">
        <ele>544.20001220703125</ele>
        <time>2026-03-31T14:45:46.000Z</time>
        <extensions>
          <ns3:TrackPointExtension>
            <ns3:hr>113</ns3:hr>
            <ns3:cad>44</ns3:cad>
          </ns3:TrackPointExtension>
        </extensions>
      </trkpt>
      <trkpt lat="35.97132512368261814117431640625" lon="-81.10990606248378753662109375">
        <ele>544.20001220703125</ele>
        <time>2026-03-31T14:45:53.000Z</time>
        <extensions>
          <ns3:TrackPointExtension>
            <ns3:hr>114</ns3:hr>
            <ns3:cad>50</ns3:cad>
          </ns3:TrackPointExtension>
        </extensions>
      </trkpt>
      <trkpt lat="35.97131892107427120208740234375" lon="-81.10989659093320369720458984375">
        <ele>543.79998779296875</ele>
        <time>2026-03-31T14:45:55.000Z</time>
        <extensions>
          <ns3:TrackPointExtension>
            <ns3:hr>115</ns3:hr>
            <ns3:cad>0</ns3:cad>
          </ns3:TrackPointExtension>
        </extensions>
      </trkpt>
      <trkpt lat="35.9713124670088291168212890625" lon="-81.10988301225006580352783203125">
        <ele>543.20001220703125</ele>
        <time>2026-03-31T14:45:58.000Z</time>
        <extensions>
          <ns3:TrackPointExtension>
            <ns3:hr>115</ns3:hr>
            <ns3:cad>0</ns3:cad>
          </ns3:TrackPointExtension>
        </extensions>
      </trkpt>
      <trkpt lat="35.97131389193236827850341796875" lon="-81.10988234169781208038330078125">
        <ele>543</ele>
        <time>2026-03-31T14:46:00.000Z</time>
        <extensions>
          <ns3:TrackPointExtension>
            <ns3:hr>115</ns3:hr>
            <ns3:cad>0</ns3:cad>
          </ns3:TrackPointExtension>
        </extensions>
      </trkpt>
      <trkpt lat="35.97131456248462200164794921875" lon="-81.109896004199981689453125">
        <ele>542.79998779296875</ele>
        <time>2026-03-31T14:46:12.000Z</time>
        <extensions>
          <ns3:TrackPointExtension>
            <ns3:hr>116</ns3:hr>
            <ns3:cad>0</ns3:cad>
          </ns3:TrackPointExtension>
        </extensions>
      </trkpt>
      <trkpt lat="35.97131908871233463287353515625" lon="-81.109859459102153778076171875">
        <ele>543.5999755859375</ele>
        <time>2026-03-31T14:46:17.000Z</time>
        <extensions>
          <ns3:TrackPointExtension>
            <ns3:hr>115</ns3:hr>
            <ns3:cad>0</ns3:cad>
          </ns3:TrackPointExtension>
        </extensions>
      </trkpt>
      <trkpt lat="35.971312634646892547607421875" lon="-81.109831966459751129150390625">
        <ele>544.20001220703125</ele>
        <time>2026-03-31T14:46:22.000Z</time>
        <extensions>
          <ns3:TrackPointExtension>
            <ns3:hr>113</ns3:hr>
            <ns3:cad>0</ns3:cad>
          </ns3:TrackPointExtension>
        </extensions>
      </trkpt>
      <trkpt lat="35.97132034599781036376953125" lon="-81.10982165671885013580322265625">
        <ele>544.4000244140625</ele>
        <time>2026-03-31T14:46:27.000Z</time>
        <extensions>
          <ns3:TrackPointExtension>
            <ns3:hr>114</ns3:hr>
            <ns3:cad>0</ns3:cad>
          </ns3:TrackPointExtension>
        </extensions>
      </trkpt>
      <trkpt lat="35.97130048088729381561279296875" lon="-81.10978377051651477813720703125">
        <ele>544</ele>
        <time>2026-03-31T14:46:34.000Z</time>
        <extensions>
          <ns3:TrackPointExtension>
            <ns3:hr>112</ns3:hr>
            <ns3:cad>0</ns3:cad>
          </ns3:TrackPointExtension>
        </extensions>
      </trkpt>
      <trkpt lat="35.9712802805006504058837890625" lon="-81.10978159122169017791748046875">
        <ele>543.5999755859375</ele>
        <time>2026-03-31T14:46:44.000Z</time>
        <extensions>
          <ns3:TrackPointExtension>
            <ns3:hr>110</ns3:hr>
            <ns3:cad>0</ns3:cad>
          </ns3:TrackPointExtension>
        </extensions>
      </trkpt>
      <trkpt lat="35.97128673456609249114990234375" lon="-81.1097818426787853240966796875">
        <ele>543.5999755859375</ele>
        <time>2026-03-31T14:46:49.000Z</time>
        <extensions>
          <ns3:TrackPointExtension>
            <ns3:hr>107</ns3:hr>
            <ns3:cad>0</ns3:cad>
          </ns3:TrackPointExtension>
        </extensions>
      </trkpt>
      <trkpt lat="35.97128673456609249114990234375" lon="-81.1097818426787853240966796875">
        <ele>543.5999755859375</ele>
        <time>2026-03-31T14:46:52.000Z</time>
        <extensions>
          <ns3:TrackPointExtension>
            <ns3:hr>104</ns3:hr>
            <ns3:cad>0</ns3:cad>
          </ns3:TrackPointExtension>
        </extensions>
      </trkpt>
      <trkpt lat="35.97129218280315399169921875" lon="-81.10977538861334323883056640625">
        <ele>543.79998779296875</ele>
        <time>2026-03-31T14:46:57.000Z</time>
        <extensions>
          <ns3:TrackPointExtension>
            <ns3:hr>105</ns3:hr>
            <ns3:cad>0</ns3:cad>
          </ns3:TrackPointExtension>
        </extensions>
      </trkpt>
      <trkpt lat="35.97125873900949954986572265625" lon="-81.10974378883838653564453125">
        <ele>543.5999755859375</ele>
        <time>2026-03-31T14:47:03.000Z</time>
        <extensions>
          <ns3:TrackPointExtension>
            <ns3:hr>106</ns3:hr>
            <ns3:cad>0</ns3:cad>
          </ns3:TrackPointExtension>
        </extensions>
      </trkpt>
      <trkpt lat="35.971235521137714385986328125" lon="-81.10971026122570037841796875">
        <ele>543.5999755859375</ele>
        <time>2026-03-31T14:47:10.000Z</time>
        <extensions>
          <ns3:TrackPointExtension>
            <ns3:hr>107</ns3:hr>
            <ns3:cad>57</ns3:cad>
          </ns3:TrackPointExtension>
        </extensions>
      </trkpt>
      <trkpt lat="35.97119889222085475921630859375" lon="-81.10967329703271389007568359375">
        <ele>543.5999755859375</ele>
        <time>2026-03-31T14:47:17.000Z</time>
        <extensions>
          <ns3:TrackPointExtension>
            <ns3:hr>105</ns3:hr>
            <ns3:cad>0</ns3:cad>
          </ns3:TrackPointExtension>
        </extensions>
      </trkpt>
      <trkpt lat="35.9711334295570850372314453125" lon="-81.10966424457728862762451171875">
        <ele>543.4000244140625</ele>
        <time>2026-03-31T14:47:25.000Z</time>
        <extensions>
          <ns3:TrackPointExtension>
            <ns3:hr>105</ns3:hr>
            <ns3:cad>0</ns3:cad>
          </ns3:TrackPointExtension>
        </extensions>
      </trkpt>
      <trkpt lat="35.97113988362252712249755859375" lon="-81.10965971834957599639892578125">
        <ele>543.20001220703125</ele>
        <time>2026-03-31T14:47:28.000Z</time>
        <extensions>
          <ns3:TrackPointExtension>
            <ns3:hr>110</ns3:hr>
            <ns3:cad>0</ns3:cad>
          </ns3:TrackPointExtension>
        </extensions>
      </trkpt>
      <trkpt lat="35.9711532108485698699951171875" lon="-81.1096608079969882965087890625">
        <ele>543.20001220703125</ele>
        <time>2026-03-31T14:47:30.000Z</time>
        <extensions>
          <ns3:TrackPointExtension>
            <ns3:hr>113</ns3:hr>
            <ns3:cad>0</ns3:cad>
          </ns3:TrackPointExtension>
        </extensions>
      </trkpt>
      <trkpt lat="35.9711552225053310394287109375" lon="-81.1096601374447345733642578125">
        <ele>543.20001220703125</ele>
        <time>2026-03-31T14:47:32.000Z</time>
        <extensions>
          <ns3:TrackPointExtension>
            <ns3:hr>114</ns3:hr>
            <ns3:cad>0</ns3:cad>
          </ns3:TrackPointExtension>
        </extensions>
      </trkpt>
      <trkpt lat="35.97111918032169342041015625" lon="-81.1096638254821300506591796875">
        <ele>543.20001220703125</ele>
        <time>2026-03-31T14:47:39.000Z</time>
        <extensions>
          <ns3:TrackPointExtension>
            <ns3:hr>115</ns3:hr>
            <ns3:cad>0</ns3:cad>
          </ns3:TrackPointExtension>
        </extensions>
      </trkpt>
      <trkpt lat="35.97111674956977367401123046875" lon="-81.1096604727208614349365234375">
        <ele>543.20001220703125</ele>
        <time>2026-03-31T14:47:40.000Z</time>
        <extensions>
          <ns3:TrackPointExtension>
            <ns3:hr>115</ns3:hr>
            <ns3:cad>0</ns3:cad>
          </ns3:TrackPointExtension>
        </extensions>
      </trkpt>
      <trkpt lat="35.97112764604389667510986328125" lon="-81.1096559464931488037109375">
        <ele>543.4000244140625</ele>
        <time>2026-03-31T14:47:44.000Z</time>
        <extensions>
          <ns3:TrackPointExtension>
            <ns3:hr>112</ns3:hr>
            <ns3:cad>0</ns3:cad>
          </ns3:TrackPointExtension>
        </extensions>
      </trkpt>
      <trkpt lat="35.971133597195148468017578125" lon="-81.10965217463672161102294921875">
        <ele>543.4000244140625</ele>
        <time>2026-03-31T14:47:49.000Z</time>
        <extensions>
          <ns3:TrackPointExtension>
            <ns3:hr>112</ns3:hr>
            <ns3:cad>0</ns3:cad>
          </ns3:TrackPointExtension>
        </extensions>
      </trkpt>
      <trkpt lat="35.97112110815942287445068359375" lon="-81.10967145301401615142822265625">
        <ele>543.20001220703125</ele>
        <time>2026-03-31T14:48:00.000Z</time>
        <extensions>
          <ns3:TrackPointExtension>
            <ns3:hr>110</ns3:hr>
            <ns3:cad>0</ns3:cad>
          </ns3:TrackPointExtension>
        </extensions>
      </trkpt>
      <trkpt lat="35.971118845045566558837890625" lon="-81.10966592095792293548583984375">
        <ele>543</ele>
        <time>2026-03-31T14:48:09.000Z</time>
        <extensions>
          <ns3:TrackPointExtension>
            <ns3:hr>107</ns3:hr>
            <ns3:cad>0</ns3:cad>
          </ns3:TrackPointExtension>
        </extensions>
      </trkpt>
      <trkpt lat="35.9710864908993244171142578125" lon="-81.10967782326042652130126953125">
        <ele>543</ele>
        <time>2026-03-31T14:48:13.000Z</time>
        <extensions>
          <ns3:TrackPointExtension>
            <ns3:hr>107</ns3:hr>
            <ns3:cad>0</ns3:cad>
          </ns3:TrackPointExtension>
        </extensions>
      </trkpt>
      <trkpt lat="35.97105874679982662200927734375" lon="-81.109705902636051177978515625">
        <ele>542.79998779296875</ele>
        <time>2026-03-31T14:48:18.000Z</time>
        <extensions>
          <ns3:TrackPointExtension>
            <ns3:hr>110</ns3:hr>
            <ns3:cad>79</ns3:cad>
          </ns3:TrackPointExtension>
        </extensions>
      </trkpt>
      <trkpt lat="35.97105271182954311370849609375" lon="-81.10972392372786998748779296875">
        <ele>542.79998779296875</ele>
        <time>2026-03-31T14:48:20.000Z</time>
        <extensions>
          <ns3:TrackPointExtension>
            <ns3:hr>111</ns3:hr>
            <ns3:cad>0</ns3:cad>
          </ns3:TrackPointExtension>
        </extensions>
      </trkpt>
      <trkpt lat="35.97106427885591983795166015625" lon="-81.1097211576998233795166015625">
        <ele>542.5999755859375</ele>
        <time>2026-03-31T14:48:27.000Z</time>
        <extensions>
          <ns3:TrackPointExtension>
            <ns3:hr>111</ns3:hr>
            <ns3:cad>0</ns3:cad>
          </ns3:TrackPointExtension>
        </extensions>
      </trkpt>
      <trkpt lat="35.9710952080786228179931640625" lon="-81.1096970178186893463134765625">
        <ele>542.79998779296875</ele>
        <time>2026-03-31T14:48:34.000Z</time>
        <extensions>
          <ns3:TrackPointExtension>
            <ns3:hr>111</ns3:hr>
            <ns3:cad>0</ns3:cad>
          </ns3:TrackPointExtension>
        </extensions>
      </trkpt>
      <trkpt lat="35.9710851497948169708251953125" lon="-81.1096685193479061126708984375">
        <ele>542.5999755859375</ele>
        <time>2026-03-31T14:48:41.000Z</time>
        <extensions>
          <ns3:TrackPointExtension>
            <ns3:hr>109</ns3:hr>
            <ns3:cad>0</ns3:cad>
          </ns3:TrackPointExtension>
        </extensions>
      </trkpt>
      <trkpt lat="35.9710707329213619232177734375" lon="-81.10965603031218051910400390625">
        <ele>542.5999755859375</ele>
        <time>2026-03-31T14:48:46.000Z</time>
        <extensions>
          <ns3:TrackPointExtension>
            <ns3:hr>105</ns3:hr>
            <ns3:cad>0</ns3:cad>
          </ns3:TrackPointExtension>
        </extensions>
      </trkpt>
      <trkpt lat="35.97107098437845706939697265625" lon="-81.109656952321529388427734375">
        <ele>542.5999755859375</ele>
        <time>2026-03-31T14:48:47.000Z</time>
        <extensions>
          <ns3:TrackPointExtension>
            <ns3:hr>102</ns3:hr>
            <ns3:cad>0</ns3:cad>
          </ns3:TrackPointExtension>
        </extensions>
      </trkpt>
      <trkpt lat="35.97106863744556903839111328125" lon="-81.10965703614056110382080078125">
        <ele>542.5999755859375</ele>
        <time>2026-03-31T14:48:48.000Z</time>
        <extensions>
          <ns3:TrackPointExtension>
            <ns3:hr>98</ns3:hr>
            <ns3:cad>0</ns3:cad>
          </ns3:TrackPointExtension>
        </extensions>
      </trkpt>
      <trkpt lat="35.971061177551746368408203125" lon="-81.109650246798992156982421875">
        <ele>542.5999755859375</ele>
        <time>2026-03-31T14:48:50.000Z</time>
        <extensions>
          <ns3:TrackPointExtension>
            <ns3:hr>97</ns3:hr>
            <ns3:cad>0</ns3:cad>
          </ns3:TrackPointExtension>
        </extensions>
      </trkpt>
      <trkpt lat="35.97103779204189777374267578125" lon="-81.109650246798992156982421875">
        <ele>542.79998779296875</ele>
        <time>2026-03-31T14:48:57.000Z</time>
        <extensions>
          <ns3:TrackPointExtension>
            <ns3:hr>96</ns3:hr>
            <ns3:cad>0</ns3:cad>
          </ns3:TrackPointExtension>
        </extensions>
      </trkpt>
      <trkpt lat="35.97101281397044658660888671875" lon="-81.10966893844306468963623046875">
        <ele>542.5999755859375</ele>
        <time>2026-03-31T14:49:03.000Z</time>
        <extensions>
          <ns3:TrackPointExtension>
            <ns3:hr>99</ns3:hr>
            <ns3:cad>0</ns3:cad>
          </ns3:TrackPointExtension>
        </extensions>
      </trkpt>
      <trkpt lat="35.9710090421140193939208984375" lon="-81.1096774041652679443359375">
        <ele>542.5999755859375</ele>
        <time>2026-03-31T14:49:04.000Z</time>
        <extensions>
          <ns3:TrackPointExtension>
            <ns3:hr>106</ns3:hr>
            <ns3:cad>0</ns3:cad>
          </ns3:TrackPointExtension>
        </extensions>
      </trkpt>
      <trkpt lat="35.97099487669765949249267578125" lon="-81.10969274304807186126708984375">
        <ele>542.5999755859375</ele>
        <time>2026-03-31T14:49:10.000Z</time>
        <extensions>
          <ns3:TrackPointExtension>
            <ns3:hr>109</ns3:hr>
            <ns3:cad>0</ns3:cad>
          </ns3:TrackPointExtension>
        </extensions>
      </trkpt>
      <trkpt lat="35.97098984755575656890869140625" lon="-81.10969559289515018463134765625">
        <ele>542.5999755859375</ele>
        <time>2026-03-31T14:49:11.000Z</time>
        <extensions>
          <ns3:TrackPointExtension>
            <ns3:hr>108</ns3:hr>
            <ns3:cad>0</ns3:cad>
          </ns3:TrackPointExtension>
        </extensions>
      </trkpt>
      <trkpt lat="35.97098548896610736846923828125" lon="-81.10971084795892238616943359375">
        <ele>542.5999755859375</ele>
        <time>2026-03-31T14:49:19.000Z</time>
        <extensions>
          <ns3:TrackPointExtension>
            <ns3:hr>108</ns3:hr>
            <ns3:cad>0</ns3:cad>
          </ns3:TrackPointExtension>
        </extensions>
      </trkpt>
      <trkpt lat="35.9710103832185268402099609375" lon="-81.10970087349414825439453125">
        <ele>542.5999755859375</ele>
        <time>2026-03-31T14:49:25.000Z</time>
        <extensions>
          <ns3:TrackPointExtension>
            <ns3:hr>104</ns3:hr>
            <ns3:cad>0</ns3:cad>
          </ns3:TrackPointExtension>
        </extensions>
      </trkpt>
      <trkpt lat="35.97101130522787570953369140625" lon="-81.109701879322528839111328125">
        <ele>542.5999755859375</ele>
        <time>2026-03-31T14:49:27.000Z</time>
        <extensions>
          <ns3:TrackPointExtension>
            <ns3:hr>98</ns3:hr>
            <ns3:cad>0</ns3:cad>
          </ns3:TrackPointExtension>
        </extensions>
      </trkpt>
      <trkpt lat="35.97100476734340190887451171875" lon="-81.10970179550349712371826171875">
        <ele>542.5999755859375</ele>
        <time>2026-03-31T14:49:29.000Z</time>
        <extensions>
          <ns3:TrackPointExtension>
            <ns3:hr>96</ns3:hr>
            <ns3:cad>0</ns3:cad>
          </ns3:TrackPointExtension>
        </extensions>
      </trkpt>
      <trkpt lat="35.970998816192150115966796875" lon="-81.10969441942870616912841796875">
        <ele>542.20001220703125</ele>
        <time>2026-03-31T14:49:40.000Z</time>
        <extensions>
          <ns3:TrackPointExtension>
            <ns3:hr>97</ns3:hr>
            <ns3:cad>0</ns3:cad>
          </ns3:TrackPointExtension>
        </extensions>
      </trkpt>
      <trkpt lat="35.970998816192150115966796875" lon="-81.10969441942870616912841796875">
        <ele>542.20001220703125</ele>
        <time>2026-03-31T14:49:43.000Z</time>
        <extensions>
          <ns3:TrackPointExtension>
            <ns3:hr>100</ns3:hr>
            <ns3:cad>0</ns3:cad>
          </ns3:TrackPointExtension>
        </extensions>
      </trkpt>
      <trkpt lat="35.970998816192150115966796875" lon="-81.10969441942870616912841796875">
        <ele>542.20001220703125</ele>
        <time>2026-03-31T14:49:59.000Z</time>
        <extensions>
          <ns3:TrackPointExtension>
            <ns3:hr>102</ns3:hr>
            <ns3:cad>0</ns3:cad>
          </ns3:TrackPointExtension>
        </extensions>
      </trkpt>
      <trkpt lat="35.970998816192150115966796875" lon="-81.10969441942870616912841796875">
        <ele>542.20001220703125</ele>
        <time>2026-03-31T14:50:10.000Z</time>
        <extensions>
          <ns3:TrackPointExtension>
            <ns3:hr>105</ns3:hr>
            <ns3:cad>0</ns3:cad>
          </ns3:TrackPointExtension>
        </extensions>
      </trkpt>
      <trkpt lat="35.970998816192150115966796875" lon="-81.10969441942870616912841796875">
        <ele>542.20001220703125</ele>
        <time>2026-03-31T14:50:12.000Z</time>
        <extensions>
          <ns3:TrackPointExtension>
            <ns3:hr>108</ns3:hr>
            <ns3:cad>0</ns3:cad>
          </ns3:TrackPointExtension>
        </extensions>
      </trkpt>
      <trkpt lat="35.970998816192150115966796875" lon="-81.10969441942870616912841796875">
        <ele>542.20001220703125</ele>
        <time>2026-03-31T14:50:23.000Z</time>
        <extensions>
          <ns3:TrackPointExtension>
            <ns3:hr>108</ns3:hr>
            <ns3:cad>0</ns3:cad>
          </ns3:TrackPointExtension>
        </extensions>
      </trkpt>
      <trkpt lat="35.97099781036376953125" lon="-81.1097127757966518402099609375">
        <ele>542.20001220703125</ele>
        <time>2026-03-31T14:50:30.000Z</time>
        <extensions>
          <ns3:TrackPointExtension>
            <ns3:hr>111</ns3:hr>
            <ns3:cad>0</ns3:cad>
          </ns3:TrackPointExtension>
        </extensions>
      </trkpt>
      <trkpt lat="35.97100862301886081695556640625" lon="-81.10971034504473209381103515625">
        <ele>542.20001220703125</ele>
        <time>2026-03-31T14:50:33.000Z</time>
        <extensions>
          <ns3:TrackPointExtension>
            <ns3:hr>111</ns3:hr>
            <ns3:cad>0</ns3:cad>
          </ns3:TrackPointExtension>
        </extensions>
      </trkpt>
      <trkpt lat="35.97105254419147968292236328125" lon="-81.10970481298863887786865234375">
        <ele>542.4000244140625</ele>
        <time>2026-03-31T14:50:39.000Z</time>
        <extensions>
          <ns3:TrackPointExtension>
            <ns3:hr>111</ns3:hr>
            <ns3:cad>0</ns3:cad>
          </ns3:TrackPointExtension>
        </extensions>
      </trkpt>
      <trkpt lat="35.971085317432880401611328125" lon="-81.10971973277628421783447265625">
        <ele>542.79998779296875</ele>
        <time>2026-03-31T14:50:46.000Z</time>
        <extensions>
          <ns3:TrackPointExtension>
            <ns3:hr>113</ns3:hr>
            <ns3:cad>0</ns3:cad>
          </ns3:TrackPointExtension>
        </extensions>
      </trkpt>
      <trkpt lat="35.97111624665558338165283203125" lon="-81.1097439564764499664306640625">
        <ele>543</ele>
        <time>2026-03-31T14:50:53.000Z</time>
        <extensions>
          <ns3:TrackPointExtension>
            <ns3:hr>113</ns3:hr>
            <ns3:cad>45</ns3:cad>
          </ns3:TrackPointExtension>
        </extensions>
      </trkpt>
      <trkpt lat="35.97112513147294521331787109375" lon="-81.10974051989614963531494140625">
        <ele>543</ele>
        <time>2026-03-31T14:50:56.000Z</time>
        <extensions>
          <ns3:TrackPointExtension>
            <ns3:hr>116</ns3:hr>
            <ns3:cad>0</ns3:cad>
          </ns3:TrackPointExtension>
        </extensions>
      </trkpt>
      <trkpt lat="35.97115765325725078582763671875" lon="-81.1097372509539127349853515625">
        <ele>543.20001220703125</ele>
        <time>2026-03-31T14:51:00.000Z</time>
        <extensions>
          <ns3:TrackPointExtension>
            <ns3:hr>116</ns3:hr>
            <ns3:cad>0</ns3:cad>
          </ns3:TrackPointExtension>
        </extensions>
      </trkpt>
      <trkpt lat="35.9712083637714385986328125" lon="-81.10971319489181041717529296875">
        <ele>543.4000244140625</ele>
        <time>2026-03-31T14:51:06.000Z</time>
        <extensions>
          <ns3:TrackPointExtension>
            <ns3:hr>116</ns3:hr>
            <ns3:cad>0</ns3:cad>
          </ns3:TrackPointExtension>
        </extensions>
      </trkpt>
      <trkpt lat="35.97121599130332469940185546875" lon="-81.10966173000633716583251953125">
        <ele>543.4000244140625</ele>
        <time>2026-03-31T14:51:12.000Z</time>
        <extensions>
          <ns3:TrackPointExtension>
            <ns3:hr>116</ns3:hr>
            <ns3:cad>0</ns3:cad>
          </ns3:TrackPointExtension>
        </extensions>
      </trkpt>
      <trkpt lat="35.9711897559463977813720703125" lon="-81.1096433736383914947509765625">
        <ele>543.4000244140625</ele>
        <time>2026-03-31T14:51:15.000Z</time>
        <extensions>
          <ns3:TrackPointExtension>
            <ns3:hr>113</ns3:hr>
            <ns3:cad>0</ns3:cad>
          </ns3:TrackPointExtension>
        </extensions>
      </trkpt>
      <trkpt lat="35.971163772046566009521484375" lon="-81.1095997877418994903564453125">
        <ele>543.20001220703125</ele>
        <time>2026-03-31T14:51:22.000Z</time>
        <extensions>
          <ns3:TrackPointExtension>
            <ns3:hr>114</ns3:hr>
            <ns3:cad>0</ns3:cad>
          </ns3:TrackPointExtension>
        </extensions>
      </trkpt>
      <trkpt lat="35.9711552225053310394287109375" lon="-81.109577156603336334228515625">
        <ele>543</ele>
        <time>2026-03-31T14:51:25.000Z</time>
        <extensions>
          <ns3:TrackPointExtension>
            <ns3:hr>117</ns3:hr>
            <ns3:cad>66</ns3:cad>
          </ns3:TrackPointExtension>
        </extensions>
      </trkpt>
      <trkpt lat="35.97116000019013881683349609375" lon="-81.1095689423382282257080078125">
        <ele>543</ele>
        <time>2026-03-31T14:51:29.000Z</time>
        <extensions>
          <ns3:TrackPointExtension>
            <ns3:hr>116</ns3:hr>
            <ns3:cad>0</ns3:cad>
          </ns3:TrackPointExtension>
        </extensions>
      </trkpt>
      <trkpt lat="35.9711587429046630859375" lon="-81.10952795483171939849853515625">
        <ele>542.5999755859375</ele>
        <time>2026-03-31T14:51:37.000Z</time>
        <extensions>
          <ns3:TrackPointExtension>
            <ns3:hr>114</ns3:hr>
            <ns3:cad>0</ns3:cad>
          </ns3:TrackPointExtension>
        </extensions>
      </trkpt>
      <trkpt lat="35.97110836766660213470458984375" lon="-81.1094950139522552490234375">
        <ele>542.4000244140625</ele>
        <time>2026-03-31T14:51:45.000Z</time>
        <extensions>
          <ns3:TrackPointExtension>
            <ns3:hr>114</ns3:hr>
            <ns3:cad>0</ns3:cad>
          </ns3:TrackPointExtension>
        </extensions>
      </trkpt>
      <trkpt lat="35.97111825831234455108642578125" lon="-81.10948252491652965545654296875">
        <ele>542.20001220703125</ele>
        <time>2026-03-31T14:51:48.000Z</time>
        <extensions>
          <ns3:TrackPointExtension>
            <ns3:hr>113</ns3:hr>
            <ns3:cad>0</ns3:cad>
          </ns3:TrackPointExtension>
        </extensions>
      </trkpt>
      <trkpt lat="35.9711056016385555267333984375" lon="-81.109459139406681060791015625">
        <ele>542</ele>
        <time>2026-03-31T14:51:51.000Z</time>
        <extensions>
          <ns3:TrackPointExtension>
            <ns3:hr>113</ns3:hr>
            <ns3:cad>0</ns3:cad>
          </ns3:TrackPointExtension>
        </extensions>
      </trkpt>
      <trkpt lat="35.9710769355297088623046875" lon="-81.10947967506945133209228515625">
        <ele>541.79998779296875</ele>
        <time>2026-03-31T14:51:57.000Z</time>
        <extensions>
          <ns3:TrackPointExtension>
            <ns3:hr>110</ns3:hr>
            <ns3:cad>0</ns3:cad>
          </ns3:TrackPointExtension>
        </extensions>
      </trkpt>
      <trkpt lat="35.97108322195708751678466796875" lon="-81.10947900451719760894775390625">
        <ele>541.79998779296875</ele>
        <time>2026-03-31T14:51:59.000Z</time>
        <extensions>
          <ns3:TrackPointExtension>
            <ns3:hr>107</ns3:hr>
            <ns3:cad>0</ns3:cad>
          </ns3:TrackPointExtension>
        </extensions>
      </trkpt>
      <trkpt lat="35.97107584588229656219482421875" lon="-81.10950917936861515045166015625">
        <ele>542</ele>
        <time>2026-03-31T14:52:03.000Z</time>
        <extensions>
          <ns3:TrackPointExtension>
            <ns3:hr>104</ns3:hr>
            <ns3:cad>0</ns3:cad>
          </ns3:TrackPointExtension>
        </extensions>
      </trkpt>
      <trkpt lat="35.97107433713972568511962890625" lon="-81.10952108167111873626708984375">
        <ele>542</ele>
        <time>2026-03-31T14:52:04.000Z</time>
        <extensions>
          <ns3:TrackPointExtension>
            <ns3:hr>104</ns3:hr>
            <ns3:cad>0</ns3:cad>
          </ns3:TrackPointExtension>
        </extensions>
      </trkpt>
      <trkpt lat="35.971069894731044769287109375" lon="-81.10951789654791355133056640625">
        <ele>542</ele>
        <time>2026-03-31T14:52:11.000Z</time>
        <extensions>
          <ns3:TrackPointExtension>
            <ns3:hr>105</ns3:hr>
            <ns3:cad>0</ns3:cad>
          </ns3:TrackPointExtension>
        </extensions>
      </trkpt>
      <trkpt lat="35.97104868851602077484130859375" lon="-81.1095297150313854217529296875">
        <ele>541.5999755859375</ele>
        <time>2026-03-31T14:52:16.000Z</time>
        <extensions>
          <ns3:TrackPointExtension>
            <ns3:hr>108</ns3:hr>
            <ns3:cad>0</ns3:cad>
          </ns3:TrackPointExtension>
        </extensions>
      </trkpt>
      <trkpt lat="35.971051119267940521240234375" lon="-81.109525524079799652099609375">
        <ele>541.4000244140625</ele>
        <time>2026-03-31T14:52:19.000Z</time>
        <extensions>
          <ns3:TrackPointExtension>
            <ns3:hr>109</ns3:hr>
            <ns3:cad>0</ns3:cad>
          </ns3:TrackPointExtension>
        </extensions>
      </trkpt>
      <trkpt lat="35.97104064188897609710693359375" lon="-81.10950984992086887359619140625">
        <ele>541.20001220703125</ele>
        <time>2026-03-31T14:52:21.000Z</time>
        <extensions>
          <ns3:TrackPointExtension>
            <ns3:hr>109</ns3:hr>
            <ns3:cad>0</ns3:cad>
          </ns3:TrackPointExtension>
        </extensions>
      </trkpt>
      <trkpt lat="35.9710170887410640716552734375" lon="-81.10949308611452579498291015625">
        <ele>540.79998779296875</ele>
        <time>2026-03-31T14:52:26.000Z</time>
        <extensions>
          <ns3:TrackPointExtension>
            <ns3:hr>109</ns3:hr>
            <ns3:cad>0</ns3:cad>
          </ns3:TrackPointExtension>
        </extensions>
      </trkpt>
      <trkpt lat="35.9709906019270420074462890625" lon="-81.1094489134848117828369140625">
        <ele>540.4000244140625</ele>
        <time>2026-03-31T14:52:34.000Z</time>
        <extensions>
          <ns3:TrackPointExtension>
            <ns3:hr>111</ns3:hr>
            <ns3:cad>0</ns3:cad>
          </ns3:TrackPointExtension>
        </extensions>
      </trkpt>
      <trkpt lat="35.97100091166794300079345703125" lon="-81.10944732092320919036865234375">
        <ele>540.20001220703125</ele>
        <time>2026-03-31T14:52:37.000Z</time>
        <extensions>
          <ns3:TrackPointExtension>
            <ns3:hr>112</ns3:hr>
            <ns3:cad>0</ns3:cad>
          </ns3:TrackPointExtension>
        </extensions>
      </trkpt>
      <trkpt lat="35.9710097126662731170654296875" lon="-81.1094388552010059356689453125">
        <ele>540</ele>
        <time>2026-03-31T14:52:41.000Z</time>
        <extensions>
          <ns3:TrackPointExtension>
            <ns3:hr>110</ns3:hr>
            <ns3:cad>0</ns3:cad>
          </ns3:TrackPointExtension>
        </extensions>
      </trkpt>
      <trkpt lat="35.971037708222866058349609375" lon="-81.10943206585943698883056640625">
        <ele>539.5999755859375</ele>
        <time>2026-03-31T14:52:48.000Z</time>
        <extensions>
          <ns3:TrackPointExtension>
            <ns3:hr>112</ns3:hr>
            <ns3:cad>0</ns3:cad>
          </ns3:TrackPointExtension>
        </extensions>
      </trkpt>
      <trkpt lat="35.97103360109031200408935546875" lon="-81.10944380052387714385986328125">
        <ele>539.4000244140625</ele>
        <time>2026-03-31T14:52:54.000Z</time>
        <extensions>
          <ns3:TrackPointExtension>
            <ns3:hr>115</ns3:hr>
            <ns3:cad>0</ns3:cad>
          </ns3:TrackPointExtension>
        </extensions>
      </trkpt>
      <trkpt lat="35.97103376872837543487548828125" lon="-81.1094452254474163055419921875">
        <ele>539.4000244140625</ele>
        <time>2026-03-31T14:52:55.000Z</time>
        <extensions>
          <ns3:TrackPointExtension>
            <ns3:hr>115</ns3:hr>
            <ns3:cad>0</ns3:cad>
          </ns3:TrackPointExtension>
        </extensions>
      </trkpt>
      <trkpt lat="35.9710207767784595489501953125" lon="-81.10941714607179164886474609375">
        <ele>539.4000244140625</ele>
        <time>2026-03-31T14:53:01.000Z</time>
        <extensions>
          <ns3:TrackPointExtension>
            <ns3:hr>114</ns3:hr>
            <ns3:cad>0</ns3:cad>
          </ns3:TrackPointExtension>
        </extensions>
      </trkpt>
      <trkpt lat="35.97100845538079738616943359375" lon="-81.1093966104090213775634765625">
        <ele>539.4000244140625</ele>
        <time>2026-03-31T14:53:07.000Z</time>
        <extensions>
          <ns3:TrackPointExtension>
            <ns3:hr>113</ns3:hr>
            <ns3:cad>0</ns3:cad>
          </ns3:TrackPointExtension>
        </extensions>
      </trkpt>
      <trkpt lat="35.97094626165926456451416015625" lon="-81.10942301340401172637939453125">
        <ele>539.20001220703125</ele>
        <time>2026-03-31T14:53:14.000Z</time>
        <extensions>
          <ns3:TrackPointExtension>
            <ns3:hr>114</ns3:hr>
            <ns3:cad>0</ns3:cad>
          </ns3:TrackPointExtension>
        </extensions>
      </trkpt>
      <trkpt lat="35.9709416516125202178955078125" lon="-81.10942661762237548828125">
        <ele>539.20001220703125</ele>
        <time>2026-03-31T14:53:15.000Z</time>
        <extensions>
          <ns3:TrackPointExtension>
            <ns3:hr>114</ns3:hr>
            <ns3:cad>67</ns3:cad>
          </ns3:TrackPointExtension>
        </extensions>
      </trkpt>
      <trkpt lat="35.9709091298282146453857421875" lon="-81.10944162122905254364013671875">
        <ele>539</ele>
        <time>2026-03-31T14:53:20.000Z</time>
        <extensions>
          <ns3:TrackPointExtension>
            <ns3:hr>115</ns3:hr>
            <ns3:cad>0</ns3:cad>
          </ns3:TrackPointExtension>
        </extensions>
      </trkpt>
      <trkpt lat="35.97086395137012004852294921875" lon="-81.10944950021803379058837890625">
        <ele>538.5999755859375</ele>
        <time>2026-03-31T14:53:26.000Z</time>
        <extensions>
          <ns3:TrackPointExtension>
            <ns3:hr>114</ns3:hr>
            <ns3:cad>0</ns3:cad>
          </ns3:TrackPointExtension>
        </extensions>
      </trkpt>
      <trkpt lat="35.97085506655275821685791015625" lon="-81.10948554240167140960693359375">
        <ele>538.4000244140625</ele>
        <time>2026-03-31T14:53:29.000Z</time>
        <extensions>
          <ns3:TrackPointExtension>
            <ns3:hr>115</ns3:hr>
            <ns3:cad>0</ns3:cad>
          </ns3:TrackPointExtension>
        </extensions>
      </trkpt>
      <trkpt lat="35.9708799608051776885986328125" lon="-81.10950197093188762664794921875">
        <ele>538.5999755859375</ele>
        <time>2026-03-31T14:53:32.000Z</time>
        <extensions>
          <ns3:TrackPointExtension>
            <ns3:hr>114</ns3:hr>
            <ns3:cad>0</ns3:cad>
          </ns3:TrackPointExtension>
        </extensions>
      </trkpt>
      <trkpt lat="35.970901586115360260009765625" lon="-81.109503395855426788330078125">
        <ele>538.79998779296875</ele>
        <time>2026-03-31T14:53:34.000Z</time>
        <extensions>
          <ns3:TrackPointExtension>
            <ns3:hr>113</ns3:hr>
            <ns3:cad>0</ns3:cad>
          </ns3:TrackPointExtension>
        </extensions>
      </trkpt>
      <trkpt lat="35.97092337906360626220703125" lon="-81.109483279287815093994140625">
        <ele>539</ele>
        <time>2026-03-31T14:53:39.000Z</time>
        <extensions>
          <ns3:TrackPointExtension>
            <ns3:hr>112</ns3:hr>
            <ns3:cad>0</ns3:cad>
          </ns3:TrackPointExtension>
        </extensions>
      </trkpt>
      <trkpt lat="35.97090636380016803741455078125" lon="-81.1094971932470798492431640625">
        <ele>539.20001220703125</ele>
        <time>2026-03-31T14:53:43.000Z</time>
        <extensions>
          <ns3:TrackPointExtension>
            <ns3:hr>117</ns3:hr>
            <ns3:cad>0</ns3:cad>
          </ns3:TrackPointExtension>
        </extensions>
      </trkpt>
      <trkpt lat="35.970910303294658660888671875" lon="-81.1094767414033412933349609375">
        <ele>539</ele>
        <time>2026-03-31T14:53:48.000Z</time>
        <extensions>
          <ns3:TrackPointExtension>
            <ns3:hr>112</ns3:hr>
            <ns3:cad>0</ns3:cad>
          </ns3:TrackPointExtension>
        </extensions>
      </trkpt>
      <trkpt lat="35.97090192139148712158203125" lon="-81.10947766341269016265869140625">
        <ele>539</ele>
        <time>2026-03-31T14:53:49.000Z</time>
        <extensions>
          <ns3:TrackPointExtension>
            <ns3:hr>109</ns3:hr>
            <ns3:cad>0</ns3:cad>
          </ns3:TrackPointExtension>
        </extensions>
      </trkpt>
      <trkpt lat="35.97087786532938480377197265625" lon="-81.10949476249516010284423828125">
        <ele>539</ele>
        <time>2026-03-31T14:53:52.000Z</time>
        <extensions>
          <ns3:TrackPointExtension>
            <ns3:hr>108</ns3:hr>
            <ns3:cad>0</ns3:cad>
          </ns3:TrackPointExtension>
        </extensions>
      </trkpt>
      <trkpt lat="35.97085439600050449371337890625" lon="-81.10949928872287273406982421875">
        <ele>539</ele>
        <time>2026-03-31T14:53:56.000Z</time>
        <extensions>
          <ns3:TrackPointExtension>
            <ns3:hr>108</ns3:hr>
            <ns3:cad>0</ns3:cad>
          </ns3:TrackPointExtension>
        </extensions>
      </trkpt>
      <trkpt lat="35.97081877291202545166015625" lon="-81.10950465314090251922607421875">
        <ele>538.79998779296875</ele>
        <time>2026-03-31T14:54:03.000Z</time>
        <extensions>
          <ns3:TrackPointExtension>
            <ns3:hr>110</ns3:hr>
            <ns3:cad>57</ns3:cad>
          </ns3:TrackPointExtension>
        </extensions>
      </trkpt>
      <trkpt lat="35.9707984887063503265380859375" lon="-81.10951990820467472076416015625">
        <ele>538.79998779296875</ele>
        <time>2026-03-31T14:54:07.000Z</time>
        <extensions>
          <ns3:TrackPointExtension>
            <ns3:hr>106</ns3:hr>
            <ns3:cad>0</ns3:cad>
          </ns3:TrackPointExtension>
        </extensions>
      </trkpt>
      <trkpt lat="35.9708045236766338348388671875" lon="-81.10951286740601062774658203125">
        <ele>539</ele>
        <time>2026-03-31T14:54:09.000Z</time>
        <extensions>
          <ns3:TrackPointExtension>
            <ns3:hr>103</ns3:hr>
            <ns3:cad>0</ns3:cad>
          </ns3:TrackPointExtension>
        </extensions>
      </trkpt>
      <trkpt lat="35.97080645151436328887939453125" lon="-81.10950582660734653472900390625">
        <ele>539</ele>
        <time>2026-03-31T14:54:11.000Z</time>
        <extensions>
          <ns3:TrackPointExtension>
            <ns3:hr>102</ns3:hr>
            <ns3:cad>0</ns3:cad>
          </ns3:TrackPointExtension>
        </extensions>
      </trkpt>
      <trkpt lat="35.9708025120198726654052734375" lon="-81.10950532369315624237060546875">
        <ele>538.5999755859375</ele>
        <time>2026-03-31T14:54:17.000Z</time>
        <extensions>
          <ns3:TrackPointExtension>
            <ns3:hr>99</ns3:hr>
            <ns3:cad>0</ns3:cad>
          </ns3:TrackPointExtension>
        </extensions>
      </trkpt>
      <trkpt lat="35.97079454921185970306396484375" lon="-81.109508089721202850341796875">
        <ele>538.5999755859375</ele>
        <time>2026-03-31T14:54:18.000Z</time>
        <extensions>
          <ns3:TrackPointExtension>
            <ns3:hr>98</ns3:hr>
            <ns3:cad>0</ns3:cad>
          </ns3:TrackPointExtension>
        </extensions>
      </trkpt>
      <trkpt lat="35.970774181187152862548828125" lon="-81.10952879302203655242919921875">
        <ele>538.79998779296875</ele>
        <time>2026-03-31T14:54:23.000Z</time>
        <extensions>
          <ns3:TrackPointExtension>
            <ns3:hr>102</ns3:hr>
            <ns3:cad>0</ns3:cad>
          </ns3:TrackPointExtension>
        </extensions>
      </trkpt>
      <trkpt lat="35.970774181187152862548828125" lon="-81.1095300503075122833251953125">
        <ele>538.5999755859375</ele>
        <time>2026-03-31T14:54:26.000Z</time>
        <extensions>
          <ns3:TrackPointExtension>
            <ns3:hr>103</ns3:hr>
            <ns3:cad>0</ns3:cad>
          </ns3:TrackPointExtension>
        </extensions>
      </trkpt>
      <trkpt lat="35.97074794583022594451904296875" lon="-81.109509430825710296630859375">
        <ele>538.20001220703125</ele>
        <time>2026-03-31T14:54:33.000Z</time>
        <extensions>
          <ns3:TrackPointExtension>
            <ns3:hr>102</ns3:hr>
            <ns3:cad>0</ns3:cad>
          </ns3:TrackPointExtension>
        </extensions>
      </trkpt>
      <trkpt lat="35.970736630260944366455078125" lon="-81.1095018871128559112548828125">
        <ele>538</ele>
        <time>2026-03-31T14:54:36.000Z</time>
        <extensions>
          <ns3:TrackPointExtension>
            <ns3:hr>104</ns3:hr>
            <ns3:cad>0</ns3:cad>
          </ns3:TrackPointExtension>
        </extensions>
      </trkpt>
      <trkpt lat="35.97075448371469974517822265625" lon="-81.109525524079799652099609375">
        <ele>538.20001220703125</ele>
        <time>2026-03-31T14:54:45.000Z</time>
        <extensions>
          <ns3:TrackPointExtension>
            <ns3:hr>103</ns3:hr>
            <ns3:cad>0</ns3:cad>
          </ns3:TrackPointExtension>
        </extensions>
      </trkpt>
      <trkpt lat="35.9707572497427463531494140625" lon="-81.1095266975462436676025390625">
        <ele>538.20001220703125</ele>
        <time>2026-03-31T14:54:46.000Z</time>
        <extensions>
          <ns3:TrackPointExtension>
            <ns3:hr>103</ns3:hr>
            <ns3:cad>0</ns3:cad>
          </ns3:TrackPointExtension>
        </extensions>
      </trkpt>
      <trkpt lat="35.97076621837913990020751953125" lon="-81.10952787101268768310546875">
        <ele>538.20001220703125</ele>
        <time>2026-03-31T14:54:47.000Z</time>
        <extensions>
          <ns3:TrackPointExtension>
            <ns3:hr>102</ns3:hr>
            <ns3:cad>0</ns3:cad>
          </ns3:TrackPointExtension>
        </extensions>
      </trkpt>
      <trkpt lat="35.9707823954522609710693359375" lon="-81.10955335199832916259765625">
        <ele>538</ele>
        <time>2026-03-31T14:54:54.000Z</time>
        <extensions>
          <ns3:TrackPointExtension>
            <ns3:hr>101</ns3:hr>
            <ns3:cad>0</ns3:cad>
          </ns3:TrackPointExtension>
        </extensions>
      </trkpt>
      <trkpt lat="35.9707818925380706787109375" lon="-81.10955335199832916259765625">
        <ele>538</ele>
        <time>2026-03-31T14:54:56.000Z</time>
        <extensions>
          <ns3:TrackPointExtension>
            <ns3:hr>105</ns3:hr>
            <ns3:cad>0</ns3:cad>
          </ns3:TrackPointExtension>
        </extensions>
      </trkpt>
      <trkpt lat="35.9707818925380706787109375" lon="-81.10955335199832916259765625">
        <ele>538</ele>
        <time>2026-03-31T14:55:01.000Z</time>
        <extensions>
          <ns3:TrackPointExtension>
            <ns3:hr>102</ns3:hr>
            <ns3:cad>0</ns3:cad>
          </ns3:TrackPointExtension>
        </extensions>
      </trkpt>
      <trkpt lat="35.97076588310301303863525390625" lon="-81.1095441319048404693603515625">
        <ele>538</ele>
        <time>2026-03-31T14:55:10.000Z</time>
        <extensions>
          <ns3:TrackPointExtension>
            <ns3:hr>104</ns3:hr>
            <ns3:cad>0</ns3:cad>
          </ns3:TrackPointExtension>
        </extensions>
      </trkpt>
      <trkpt lat="35.97075305879116058349609375" lon="-81.10953583382070064544677734375">
        <ele>537.5999755859375</ele>
        <time>2026-03-31T14:55:15.000Z</time>
        <extensions>
          <ns3:TrackPointExtension>
            <ns3:hr>104</ns3:hr>
            <ns3:cad>0</ns3:cad>
          </ns3:TrackPointExtension>
        </extensions>
      </trkpt>
      <trkpt lat="35.9707056172192096710205078125" lon="-81.1095672659575939178466796875">
        <ele>537.4000244140625</ele>
        <time>2026-03-31T14:55:21.000Z</time>
        <extensions>
          <ns3:TrackPointExtension>
            <ns3:hr>106</ns3:hr>
            <ns3:cad>0</ns3:cad>
          </ns3:TrackPointExtension>
        </extensions>
      </trkpt>
      <trkpt lat="35.9706821478903293609619140625" lon="-81.109578497707843780517578125">
        <ele>537.4000244140625</ele>
        <time>2026-03-31T14:55:28.000Z</time>
        <extensions>
          <ns3:TrackPointExtension>
            <ns3:hr>109</ns3:hr>
            <ns3:cad>0</ns3:cad>
          </ns3:TrackPointExtension>
        </extensions>
      </trkpt>
      <trkpt lat="35.97067133523523807525634765625" lon="-81.10957338474690914154052734375">
        <ele>537.20001220703125</ele>
        <time>2026-03-31T14:55:30.000Z</time>
        <extensions>
          <ns3:TrackPointExtension>
            <ns3:hr>109</ns3:hr>
            <ns3:cad>73</ns3:cad>
          </ns3:TrackPointExtension>
        </extensions>
      </trkpt>
      <trkpt lat="35.970656834542751312255859375" lon="-81.10956349410116672515869140625">
        <ele>537.20001220703125</ele>
        <time>2026-03-31T14:55:33.000Z</time>
        <extensions>
          <ns3:TrackPointExtension>
            <ns3:hr>109</ns3:hr>
            <ns3:cad>0</ns3:cad>
          </ns3:TrackPointExtension>
        </extensions>
      </trkpt>
      <trkpt lat="35.97062741406261920928955078125" lon="-81.1095575429499149322509765625">
        <ele>537</ele>
        <time>2026-03-31T14:55:38.000Z</time>
        <extensions>
          <ns3:TrackPointExtension>
            <ns3:hr>108</ns3:hr>
            <ns3:cad>63</ns3:cad>
          </ns3:TrackPointExtension>
        </extensions>
      </trkpt>
      <trkpt lat="35.9705829061567783355712890625" lon="-81.10956835560500621795654296875">
        <ele>536.20001220703125</ele>
        <time>2026-03-31T14:55:46.000Z</time>
        <extensions>
          <ns3:TrackPointExtension>
            <ns3:hr>107</ns3:hr>
            <ns3:cad>0</ns3:cad>
          </ns3:TrackPointExtension>
        </extensions>
      </trkpt>
      <trkpt lat="35.97058718092739582061767578125" lon="-81.1095701158046722412109375">
        <ele>536</ele>
        <time>2026-03-31T14:55:55.000Z</time>
        <extensions>
          <ns3:TrackPointExtension>
            <ns3:hr>104</ns3:hr>
            <ns3:cad>0</ns3:cad>
          </ns3:TrackPointExtension>
        </extensions>
      </trkpt>
      <trkpt lat="35.97059237770736217498779296875" lon="-81.10957053489983081817626953125">
        <ele>535.79998779296875</ele>
        <time>2026-03-31T14:56:03.000Z</time>
        <extensions>
          <ns3:TrackPointExtension>
            <ns3:hr>100</ns3:hr>
            <ns3:cad>0</ns3:cad>
          </ns3:TrackPointExtension>
        </extensions>
      </trkpt>
      <trkpt lat="35.97058818675577640533447265625" lon="-81.10956684686243534088134765625">
        <ele>535.79998779296875</ele>
        <time>2026-03-31T14:56:04.000Z</time>
        <extensions>
          <ns3:TrackPointExtension>
            <ns3:hr>97</ns3:hr>
            <ns3:cad>0</ns3:cad>
          </ns3:TrackPointExtension>
        </extensions>
      </trkpt>
      <trkpt lat="35.9705879352986812591552734375" lon="-81.10956265591084957122802734375">
        <ele>535.79998779296875</ele>
        <time>2026-03-31T14:56:05.000Z</time>
        <extensions>
          <ns3:TrackPointExtension>
            <ns3:hr>95</ns3:hr>
            <ns3:cad>0</ns3:cad>
          </ns3:TrackPointExtension>
        </extensions>
      </trkpt>
      <trkpt lat="35.97057326696813106536865234375" lon="-81.109540946781635284423828125">
        <ele>535.4000244140625</ele>
        <time>2026-03-31T14:56:11.000Z</time>
        <extensions>
          <ns3:TrackPointExtension>
            <ns3:hr>95</ns3:hr>
            <ns3:cad>0</ns3:cad>
          </ns3:TrackPointExtension>
        </extensions>
      </trkpt>
      <trkpt lat="35.97052062861621379852294921875" lon="-81.1095511727035045623779296875">
        <ele>535.20001220703125</ele>
        <time>2026-03-31T14:56:19.000Z</time>
        <extensions>
          <ns3:TrackPointExtension>
            <ns3:hr>94</ns3:hr>
            <ns3:cad>0</ns3:cad>
          </ns3:TrackPointExtension>
        </extensions>
      </trkpt>
      <trkpt lat="35.97051107324659824371337890625" lon="-81.1095562018454074859619140625">
        <ele>535</ele>
        <time>2026-03-31T14:56:21.000Z</time>
        <extensions>
          <ns3:TrackPointExtension>
            <ns3:hr>93</ns3:hr>
            <ns3:cad>0</ns3:cad>
          </ns3:TrackPointExtension>
        </extensions>
      </trkpt>
      <trkpt lat="35.970495231449604034423828125" lon="-81.10959760844707489013671875">
        <ele>534.79998779296875</ele>
        <time>2026-03-31T14:56:27.000Z</time>
        <extensions>
          <ns3:TrackPointExtension>
            <ns3:hr>96</ns3:hr>
            <ns3:cad>0</ns3:cad>
          </ns3:TrackPointExtension>
        </extensions>
      </trkpt>
      <trkpt lat="35.97052213735878467559814453125" lon="-81.10961596481502056121826171875">
        <ele>534.5999755859375</ele>
        <time>2026-03-31T14:56:35.000Z</time>
        <extensions>
          <ns3:TrackPointExtension>
            <ns3:hr>96</ns3:hr>
            <ns3:cad>0</ns3:cad>
          </ns3:TrackPointExtension>
        </extensions>
      </trkpt>
      <trkpt lat="35.97053110599517822265625" lon="-81.10961638391017913818359375">
        <ele>534.4000244140625</ele>
        <time>2026-03-31T14:56:43.000Z</time>
        <extensions>
          <ns3:TrackPointExtension>
            <ns3:hr>93</ns3:hr>
            <ns3:cad>0</ns3:cad>
          </ns3:TrackPointExtension>
        </extensions>
      </trkpt>
      <trkpt lat="35.97050361335277557373046875" lon="-81.10961898230016231536865234375">
        <ele>534.20001220703125</ele>
        <time>2026-03-31T14:56:48.000Z</time>
        <extensions>
          <ns3:TrackPointExtension>
            <ns3:hr>94</ns3:hr>
            <ns3:cad>0</ns3:cad>
          </ns3:TrackPointExtension>
        </extensions>
      </trkpt>
      <trkpt lat="35.970498584210872650146484375" lon="-81.10961328260600566864013671875">
        <ele>534</ele>
        <time>2026-03-31T14:56:51.000Z</time>
        <extensions>
          <ns3:TrackPointExtension>
            <ns3:hr>94</ns3:hr>
            <ns3:cad>0</ns3:cad>
          </ns3:TrackPointExtension>
        </extensions>
      </trkpt>
      <trkpt lat="35.9704601950943470001220703125" lon="-81.109622418880462646484375">
        <ele>533.79998779296875</ele>
        <time>2026-03-31T14:56:58.000Z</time>
        <extensions>
          <ns3:TrackPointExtension>
            <ns3:hr>95</ns3:hr>
            <ns3:cad>0</ns3:cad>
          </ns3:TrackPointExtension>
        </extensions>
      </trkpt>
      <trkpt lat="35.97046044655144214630126953125" lon="-81.1096222512423992156982421875">
        <ele>533.79998779296875</ele>
        <time>2026-03-31T14:57:02.000Z</time>
        <extensions>
          <ns3:TrackPointExtension>
            <ns3:hr>92</ns3:hr>
            <ns3:cad>0</ns3:cad>
          </ns3:TrackPointExtension>
        </extensions>
      </trkpt>
      <trkpt lat="35.97046044655144214630126953125" lon="-81.1096222512423992156982421875">
        <ele>533.79998779296875</ele>
        <time>2026-03-31T14:57:04.000Z</time>
        <extensions>
          <ns3:TrackPointExtension>
            <ns3:hr>88</ns3:hr>
            <ns3:cad>0</ns3:cad>
          </ns3:TrackPointExtension>
        </extensions>
      </trkpt>
      <trkpt lat="35.97046262584626674652099609375" lon="-81.10962040722370147705078125">
        <ele>534</ele>
        <time>2026-03-31T14:57:06.000Z</time>
        <extensions>
          <ns3:TrackPointExtension>
            <ns3:hr>85</ns3:hr>
            <ns3:cad>0</ns3:cad>
          </ns3:TrackPointExtension>
        </extensions>
      </trkpt>
      <trkpt lat="35.97048659808933734893798828125" lon="-81.10960288904607295989990234375">
        <ele>534.20001220703125</ele>
        <time>2026-03-31T14:57:11.000Z</time>
        <extensions>
          <ns3:TrackPointExtension>
            <ns3:hr>88</ns3:hr>
            <ns3:cad>0</ns3:cad>
          </ns3:TrackPointExtension>
        </extensions>
      </trkpt>
      <trkpt lat="35.97048659808933734893798828125" lon="-81.10960288904607295989990234375">
        <ele>534.4000244140625</ele>
        <time>2026-03-31T14:57:14.000Z</time>
        <extensions>
          <ns3:TrackPointExtension>
            <ns3:hr>91</ns3:hr>
            <ns3:cad>0</ns3:cad>
          </ns3:TrackPointExtension>
        </extensions>
      </trkpt>
      <trkpt lat="35.97048659808933734893798828125" lon="-81.10960288904607295989990234375">
        <ele>534.4000244140625</ele>
        <time>2026-03-31T14:57:16.000Z</time>
        <extensions>
          <ns3:TrackPointExtension>
            <ns3:hr>94</ns3:hr>
            <ns3:cad>0</ns3:cad>
          </ns3:TrackPointExtension>
        </extensions>
      </trkpt>
      <trkpt lat="35.97048659808933734893798828125" lon="-81.10960288904607295989990234375">
        <ele>534.5999755859375</ele>
        <time>2026-03-31T14:57:20.000Z</time>
        <extensions>
          <ns3:TrackPointExtension>
            <ns3:hr>97</ns3:hr>
            <ns3:cad>0</ns3:cad>
          </ns3:TrackPointExtension>
        </extensions>
      </trkpt>
      <trkpt lat="35.97044720314443111419677734375" lon="-81.10958897508680820465087890625">
        <ele>535</ele>
        <time>2026-03-31T14:57:28.000Z</time>
        <extensions>
          <ns3:TrackPointExtension>
            <ns3:hr>96</ns3:hr>
            <ns3:cad>0</ns3:cad>
          </ns3:TrackPointExtension>
        </extensions>
      </trkpt>
      <trkpt lat="35.97040328197181224822998046875" lon="-81.10961328260600566864013671875">
        <ele>535</ele>
        <time>2026-03-31T14:57:36.000Z</time>
        <extensions>
          <ns3:TrackPointExtension>
            <ns3:hr>97</ns3:hr>
            <ns3:cad>0</ns3:cad>
          </ns3:TrackPointExtension>
        </extensions>
      </trkpt>
      <trkpt lat="35.9703941456973552703857421875" lon="-81.10962711274623870849609375">
        <ele>535</ele>
        <time>2026-03-31T14:57:43.000Z</time>
        <extensions>
          <ns3:TrackPointExtension>
            <ns3:hr>97</ns3:hr>
            <ns3:cad>0</ns3:cad>
          </ns3:TrackPointExtension>
        </extensions>
      </trkpt>
      <trkpt lat="35.97037193365395069122314453125" lon="-81.10967027954757213592529296875">
        <ele>534.4000244140625</ele>
        <time>2026-03-31T14:57:50.000Z</time>
        <extensions>
          <ns3:TrackPointExtension>
            <ns3:hr>97</ns3:hr>
            <ns3:cad>0</ns3:cad>
          </ns3:TrackPointExtension>
        </extensions>
      </trkpt>
      <trkpt lat="35.97035340964794158935546875" lon="-81.10972459428012371063232421875">
        <ele>534.5999755859375</ele>
        <time>2026-03-31T14:57:56.000Z</time>
        <extensions>
          <ns3:TrackPointExtension>
            <ns3:hr>100</ns3:hr>
            <ns3:cad>61</ns3:cad>
          </ns3:TrackPointExtension>
        </extensions>
      </trkpt>
      <trkpt lat="35.970351397991180419921875" lon="-81.109730713069438934326171875">
        <ele>534.79998779296875</ele>
        <time>2026-03-31T14:57:57.000Z</time>
        <extensions>
          <ns3:TrackPointExtension>
            <ns3:hr>100</ns3:hr>
            <ns3:cad>58</ns3:cad>
          </ns3:TrackPointExtension>
        </extensions>
      </trkpt>
      <trkpt lat="35.97035340964794158935546875" lon="-81.10977136529982089996337890625">
        <ele>535</ele>
        <time>2026-03-31T14:58:02.000Z</time>
        <extensions>
          <ns3:TrackPointExtension>
            <ns3:hr>101</ns3:hr>
            <ns3:cad>58</ns3:cad>
          </ns3:TrackPointExtension>
        </extensions>
      </trkpt>
      <trkpt lat="35.97035340964794158935546875" lon="-81.1097873747348785400390625">
        <ele>535</ele>
        <time>2026-03-31T14:58:04.000Z</time>
        <extensions>
          <ns3:TrackPointExtension>
            <ns3:hr>101</ns3:hr>
            <ns3:cad>0</ns3:cad>
          </ns3:TrackPointExtension>
        </extensions>
      </trkpt>
      <trkpt lat="35.97034896723926067352294921875" lon="-81.1098088324069976806640625">
        <ele>535.5999755859375</ele>
        <time>2026-03-31T14:58:12.000Z</time>
        <extensions>
          <ns3:TrackPointExtension>
            <ns3:hr>102</ns3:hr>
            <ns3:cad>0</ns3:cad>
          </ns3:TrackPointExtension>
        </extensions>
      </trkpt>
      <trkpt lat="35.970369838178157806396484375" lon="-81.10982425510883331298828125">
        <ele>535.4000244140625</ele>
        <time>2026-03-31T14:58:17.000Z</time>
        <extensions>
          <ns3:TrackPointExtension>
            <ns3:hr>113</ns3:hr>
            <ns3:cad>0</ns3:cad>
          </ns3:TrackPointExtension>
        </extensions>
      </trkpt>
      <trkpt lat="35.97037193365395069122314453125" lon="-81.10982400365173816680908203125">
        <ele>535.4000244140625</ele>
        <time>2026-03-31T14:58:18.000Z</time>
        <extensions>
          <ns3:TrackPointExtension>
            <ns3:hr>113</ns3:hr>
            <ns3:cad>0</ns3:cad>
          </ns3:TrackPointExtension>
        </extensions>
      </trkpt>
      <trkpt lat="35.9703653119504451751708984375" lon="-81.10983003862202167510986328125">
        <ele>535.4000244140625</ele>
        <time>2026-03-31T14:58:26.000Z</time>
        <extensions>
          <ns3:TrackPointExtension>
            <ns3:hr>115</ns3:hr>
            <ns3:cad>0</ns3:cad>
          </ns3:TrackPointExtension>
        </extensions>
      </trkpt>
      <trkpt lat="35.97033706493675708770751953125" lon="-81.10984177328646183013916015625">
        <ele>535.4000244140625</ele>
        <time>2026-03-31T14:58:32.000Z</time>
        <extensions>
          <ns3:TrackPointExtension>
            <ns3:hr>121</ns3:hr>
            <ns3:cad>0</ns3:cad>
          </ns3:TrackPointExtension>
        </extensions>
      </trkpt>
      <trkpt lat="35.97033136524260044097900390625" lon="-81.10984076745808124542236328125">
        <ele>535.20001220703125</ele>
        <time>2026-03-31T14:58:35.000Z</time>
        <extensions>
          <ns3:TrackPointExtension>
            <ns3:hr>124</ns3:hr>
            <ns3:cad>0</ns3:cad>
          </ns3:TrackPointExtension>
        </extensions>
      </trkpt>
      <trkpt lat="35.97031678073108196258544921875" lon="-81.1098317988216876983642578125">
        <ele>535</ele>
        <time>2026-03-31T14:58:42.000Z</time>
        <extensions>
          <ns3:TrackPointExtension>
            <ns3:hr>124</ns3:hr>
            <ns3:cad>77</ns3:cad>
          </ns3:TrackPointExtension>
        </extensions>
      </trkpt>
      <trkpt lat="35.97031057812273502349853515625" lon="-81.10982651822268962860107421875">
        <ele>534.5999755859375</ele>
        <time>2026-03-31T14:58:46.000Z</time>
        <extensions>
          <ns3:TrackPointExtension>
            <ns3:hr>121</ns3:hr>
            <ns3:cad>0</ns3:cad>
          </ns3:TrackPointExtension>
        </extensions>
      </trkpt>
      <trkpt lat="35.97030521370470523834228515625" lon="-81.109832637012004852294921875">
        <ele>534.4000244140625</ele>
        <time>2026-03-31T14:58:47.000Z</time>
        <extensions>
          <ns3:TrackPointExtension>
            <ns3:hr>117</ns3:hr>
            <ns3:cad>0</ns3:cad>
          </ns3:TrackPointExtension>
        </extensions>
      </trkpt>
      <trkpt lat="35.97029264084994792938232421875" lon="-81.1098437011241912841796875">
        <ele>534.5999755859375</ele>
        <time>2026-03-31T14:58:49.000Z</time>
        <extensions>
          <ns3:TrackPointExtension>
            <ns3:hr>116</ns3:hr>
            <ns3:cad>0</ns3:cad>
          </ns3:TrackPointExtension>
        </extensions>
      </trkpt>
      <trkpt lat="35.970257855951786041259765625" lon="-81.109863817691802978515625">
        <ele>534.20001220703125</ele>
        <time>2026-03-31T14:58:55.000Z</time>
        <extensions>
          <ns3:TrackPointExtension>
            <ns3:hr>116</ns3:hr>
            <ns3:cad>0</ns3:cad>
          </ns3:TrackPointExtension>
        </extensions>
      </trkpt>
      <trkpt lat="35.97025710158050060272216796875" lon="-81.10985987819731235504150390625">
        <ele>534.20001220703125</ele>
        <time>2026-03-31T14:58:59.000Z</time>
        <extensions>
          <ns3:TrackPointExtension>
            <ns3:hr>120</ns3:hr>
            <ns3:cad>0</ns3:cad>
          </ns3:TrackPointExtension>
        </extensions>
      </trkpt>
      <trkpt lat="35.97025307826697826385498046875" lon="-81.10984814353287220001220703125">
        <ele>534.20001220703125</ele>
        <time>2026-03-31T14:59:02.000Z</time>
        <extensions>
          <ns3:TrackPointExtension>
            <ns3:hr>124</ns3:hr>
            <ns3:cad>0</ns3:cad>
          </ns3:TrackPointExtension>
        </extensions>
      </trkpt>
      <trkpt lat="35.97024033777415752410888671875" lon="-81.1098358221352100372314453125">
        <ele>534</ele>
        <time>2026-03-31T14:59:05.000Z</time>
        <extensions>
          <ns3:TrackPointExtension>
            <ns3:hr>125</ns3:hr>
            <ns3:cad>0</ns3:cad>
          </ns3:TrackPointExtension>
        </extensions>
      </trkpt>
      <trkpt lat="35.97023405134677886962890625" lon="-81.10982718877494335174560546875">
        <ele>533.79998779296875</ele>
        <time>2026-03-31T14:59:09.000Z</time>
        <extensions>
          <ns3:TrackPointExtension>
            <ns3:hr>125</ns3:hr>
            <ns3:cad>0</ns3:cad>
          </ns3:TrackPointExtension>
        </extensions>
      </trkpt>
      <trkpt lat="35.97019775770604610443115234375" lon="-81.1098036356270313262939453125">
        <ele>533.5999755859375</ele>
        <time>2026-03-31T14:59:16.000Z</time>
        <extensions>
          <ns3:TrackPointExtension>
            <ns3:hr>124</ns3:hr>
            <ns3:cad>0</ns3:cad>
          </ns3:TrackPointExtension>
        </extensions>
      </trkpt>
      <trkpt lat="35.97016029059886932373046875" lon="-81.10979366116225719451904296875">
        <ele>533.20001220703125</ele>
        <time>2026-03-31T14:59:23.000Z</time>
        <extensions>
          <ns3:TrackPointExtension>
            <ns3:hr>124</ns3:hr>
            <ns3:cad>0</ns3:cad>
          </ns3:TrackPointExtension>
        </extensions>
      </trkpt>
      <trkpt lat="35.97015081904828548431396484375" lon="-81.10979265533387660980224609375">
        <ele>533</ele>
        <time>2026-03-31T14:59:26.000Z</time>
        <extensions>
          <ns3:TrackPointExtension>
            <ns3:hr>123</ns3:hr>
            <ns3:cad>0</ns3:cad>
          </ns3:TrackPointExtension>
        </extensions>
      </trkpt>
      <trkpt lat="35.9701274335384368896484375" lon="-81.10977404750883579254150390625">
        <ele>532.5999755859375</ele>
        <time>2026-03-31T14:59:32.000Z</time>
        <extensions>
          <ns3:TrackPointExtension>
            <ns3:hr>122</ns3:hr>
            <ns3:cad>64</ns3:cad>
          </ns3:TrackPointExtension>
        </extensions>
      </trkpt>
      <trkpt lat="35.9701032936573028564453125" lon="-81.109758876264095306396484375">
        <ele>532.20001220703125</ele>
        <time>2026-03-31T14:59:36.000Z</time>
        <extensions>
          <ns3:TrackPointExtension>
            <ns3:hr>119</ns3:hr>
            <ns3:cad>0</ns3:cad>
          </ns3:TrackPointExtension>
        </extensions>
      </trkpt>
      <trkpt lat="35.970101617276668548583984375" lon="-81.10975761897861957550048828125">
        <ele>532.20001220703125</ele>
        <time>2026-03-31T14:59:37.000Z</time>
        <extensions>
          <ns3:TrackPointExtension>
            <ns3:hr>116</ns3:hr>
            <ns3:cad>0</ns3:cad>
          </ns3:TrackPointExtension>
        </extensions>
      </trkpt>
      <trkpt lat="35.97009365446865558624267578125" lon="-81.10975242219865322113037109375">
        <ele>532</ele>
        <time>2026-03-31T14:59:38.000Z</time>
        <extensions>
          <ns3:TrackPointExtension>
            <ns3:hr>113</ns3:hr>
            <ns3:cad>0</ns3:cad>
          </ns3:TrackPointExtension>
        </extensions>
      </trkpt>
      <trkpt lat="35.9700850211083889007568359375" lon="-81.10974957235157489776611328125">
        <ele>532</ele>
        <time>2026-03-31T14:59:39.000Z</time>
        <extensions>
          <ns3:TrackPointExtension>
            <ns3:hr>109</ns3:hr>
            <ns3:cad>61</ns3:cad>
          </ns3:TrackPointExtension>
        </extensions>
      </trkpt>
      <trkpt lat="35.97007714211940765380859375" lon="-81.1097499914467334747314453125">
        <ele>531.79998779296875</ele>
        <time>2026-03-31T14:59:40.000Z</time>
        <extensions>
          <ns3:TrackPointExtension>
            <ns3:hr>107</ns3:hr>
            <ns3:cad>61</ns3:cad>
          </ns3:TrackPointExtension>
        </extensions>
      </trkpt>
      <trkpt lat="35.97006800584495067596435546875" lon="-81.109750159084796905517578125">
        <ele>531.5999755859375</ele>
        <time>2026-03-31T14:59:42.000Z</time>
        <extensions>
          <ns3:TrackPointExtension>
            <ns3:hr>106</ns3:hr>
            <ns3:cad>0</ns3:cad>
          </ns3:TrackPointExtension>
        </extensions>
      </trkpt>
      <trkpt lat="35.9700575284659862518310546875" lon="-81.10974848270416259765625">
        <ele>531.4000244140625</ele>
        <time>2026-03-31T14:59:46.000Z</time>
        <extensions>
          <ns3:TrackPointExtension>
            <ns3:hr>101</ns3:hr>
            <ns3:cad>0</ns3:cad>
          </ns3:TrackPointExtension>
        </extensions>
      </trkpt>
      <trkpt lat="35.97005224786698818206787109375" lon="-81.10975049436092376708984375">
        <ele>531.20001220703125</ele>
        <time>2026-03-31T14:59:50.000Z</time>
        <extensions>
          <ns3:TrackPointExtension>
            <ns3:hr>98</ns3:hr>
            <ns3:cad>0</ns3:cad>
          </ns3:TrackPointExtension>
        </extensions>
      </trkpt>
      <trkpt lat="35.970053337514400482177734375" lon="-81.109750159084796905517578125">
        <ele>531</ele>
        <time>2026-03-31T14:59:51.000Z</time>
        <extensions>
          <ns3:TrackPointExtension>
            <ns3:hr>98</ns3:hr>
            <ns3:cad>0</ns3:cad>
          </ns3:TrackPointExtension>
        </extensions>
      </trkpt>
      <trkpt lat="35.97005912102758884429931640625" lon="-81.10974051989614963531494140625">
        <ele>530.79998779296875</ele>
        <time>2026-03-31T14:59:54.000Z</time>
        <extensions>
          <ns3:TrackPointExtension>
            <ns3:hr>95</ns3:hr>
            <ns3:cad>0</ns3:cad>
          </ns3:TrackPointExtension>
        </extensions>
      </trkpt>
      <trkpt lat="35.97004830837249755859375" lon="-81.10973683185875415802001953125">
        <ele>530.5999755859375</ele>
        <time>2026-03-31T15:00:00.000Z</time>
        <extensions>
          <ns3:TrackPointExtension>
            <ns3:hr>93</ns3:hr>
            <ns3:cad>0</ns3:cad>
          </ns3:TrackPointExtension>
        </extensions>
      </trkpt>
      <trkpt lat="35.97004830837249755859375" lon="-81.10973683185875415802001953125">
        <ele>530.4000244140625</ele>
        <time>2026-03-31T15:00:02.000Z</time>
        <extensions>
          <ns3:TrackPointExtension>
            <ns3:hr>90</ns3:hr>
            <ns3:cad>0</ns3:cad>
          </ns3:TrackPointExtension>
        </extensions>
      </trkpt>
      <trkpt lat="35.97004830837249755859375" lon="-81.10973683185875415802001953125">
        <ele>530.20001220703125</ele>
        <time>2026-03-31T15:00:06.000Z</time>
        <extensions>
          <ns3:TrackPointExtension>
            <ns3:hr>86</ns3:hr>
            <ns3:cad>0</ns3:cad>
          </ns3:TrackPointExtension>
        </extensions>
      </trkpt>
      <trkpt lat="35.97004830837249755859375" lon="-81.10973683185875415802001953125">
        <ele>530.20001220703125</ele>
        <time>2026-03-31T15:00:12.000Z</time>
        <extensions>
          <ns3:TrackPointExtension>
            <ns3:hr>89</ns3:hr>
            <ns3:cad>0</ns3:cad>
          </ns3:TrackPointExtension>
        </extensions>
      </trkpt>
      <trkpt lat="35.97004830837249755859375" lon="-81.10973683185875415802001953125">
        <ele>530.20001220703125</ele>
        <time>2026-03-31T15:00:14.000Z</time>
        <extensions>
          <ns3:TrackPointExtension>
            <ns3:hr>92</ns3:hr>
            <ns3:cad>0</ns3:cad>
          </ns3:TrackPointExtension>
        </extensions>
      </trkpt>
      <trkpt lat="35.97004830837249755859375" lon="-81.10973683185875415802001953125">
        <ele>530</ele>
        <time>2026-03-31T15:00:19.000Z</time>
        <extensions>
          <ns3:TrackPointExtension>
            <ns3:hr>95</ns3:hr>
            <ns3:cad>0</ns3:cad>
          </ns3:TrackPointExtension>
        </extensions>
      </trkpt>
      <trkpt lat="35.97004830837249755859375" lon="-81.10973683185875415802001953125">
        <ele>530</ele>
        <time>2026-03-31T15:00:22.000Z</time>
        <extensions>
          <ns3:TrackPointExtension>
            <ns3:hr>98</ns3:hr>
            <ns3:cad>0</ns3:cad>
          </ns3:TrackPointExtension>
        </extensions>
      </trkpt>
      <trkpt lat="35.97004830837249755859375" lon="-81.10973683185875415802001953125">
        <ele>529.79998779296875</ele>
        <time>2026-03-31T15:00:24.000Z</time>
        <extensions>
          <ns3:TrackPointExtension>
            <ns3:hr>99</ns3:hr>
            <ns3:cad>0</ns3:cad>
          </ns3:TrackPointExtension>
        </extensions>
      </trkpt>
      <trkpt lat="35.9700407646596431732177734375" lon="-81.10974244773387908935546875">
        <ele>530</ele>
        <time>2026-03-31T15:00:30.000Z</time>
        <extensions>
          <ns3:TrackPointExtension>
            <ns3:hr>96</ns3:hr>
            <ns3:cad>0</ns3:cad>
          </ns3:TrackPointExtension>
        </extensions>
      </trkpt>
      <trkpt lat="35.97004369832575321197509765625" lon="-81.10975258983671665191650390625">
        <ele>530</ele>
        <time>2026-03-31T15:00:32.000Z</time>
        <extensions>
          <ns3:TrackPointExtension>
            <ns3:hr>95</ns3:hr>
            <ns3:cad>0</ns3:cad>
          </ns3:TrackPointExtension>
        </extensions>
      </trkpt>
      <trkpt lat="35.97006498835980892181396484375" lon="-81.10975929535925388336181640625">
        <ele>529.5999755859375</ele>
        <time>2026-03-31T15:00:37.000Z</time>
        <extensions>
          <ns3:TrackPointExtension>
            <ns3:hr>98</ns3:hr>
            <ns3:cad>0</ns3:cad>
          </ns3:TrackPointExtension>
        </extensions>
      </trkpt>
      <trkpt lat="35.97006238996982574462890625" lon="-81.10975594259798526763916015625">
        <ele>529.4000244140625</ele>
        <time>2026-03-31T15:00:42.000Z</time>
        <extensions>
          <ns3:TrackPointExtension>
            <ns3:hr>98</ns3:hr>
            <ns3:cad>0</ns3:cad>
          </ns3:TrackPointExtension>
        </extensions>
      </trkpt>
      <trkpt lat="35.97002626396715641021728515625" lon="-81.109768934547901153564453125">
        <ele>529.20001220703125</ele>
        <time>2026-03-31T15:00:49.000Z</time>
        <extensions>
          <ns3:TrackPointExtension>
            <ns3:hr>99</ns3:hr>
            <ns3:cad>0</ns3:cad>
          </ns3:TrackPointExtension>
        </extensions>
      </trkpt>
      <trkpt lat="35.96999709494411945343017578125" lon="-81.10979030840098857879638671875">
        <ele>529.20001220703125</ele>
        <time>2026-03-31T15:00:53.000Z</time>
        <extensions>
          <ns3:TrackPointExtension>
            <ns3:hr>99</ns3:hr>
            <ns3:cad>0</ns3:cad>
          </ns3:TrackPointExtension>
        </extensions>
      </trkpt>
      <trkpt lat="35.96996180713176727294921875" lon="-81.109841354191303253173828125">
        <ele>529</ele>
        <time>2026-03-31T15:01:01.000Z</time>
        <extensions>
          <ns3:TrackPointExtension>
            <ns3:hr>98</ns3:hr>
            <ns3:cad>61</ns3:cad>
          </ns3:TrackPointExtension>
        </extensions>
      </trkpt>
      <trkpt lat="35.96992853097617626190185546875" lon="-81.10985107719898223876953125">
        <ele>528.79998779296875</ele>
        <time>2026-03-31T15:01:07.000Z</time>
        <extensions>
          <ns3:TrackPointExtension>
            <ns3:hr>98</ns3:hr>
            <ns3:cad>0</ns3:cad>
          </ns3:TrackPointExtension>
        </extensions>
      </trkpt>
      <trkpt lat="35.9699163772165775299072265625" lon="-81.1098678410053253173828125">
        <ele>528.5999755859375</ele>
        <time>2026-03-31T15:01:09.000Z</time>
        <extensions>
          <ns3:TrackPointExtension>
            <ns3:hr>99</ns3:hr>
            <ns3:cad>0</ns3:cad>
          </ns3:TrackPointExtension>
        </extensions>
      </trkpt>
      <trkpt lat="35.96989751793444156646728515625" lon="-81.1099147796630859375">
        <ele>528.4000244140625</ele>
        <time>2026-03-31T15:01:15.000Z</time>
        <extensions>
          <ns3:TrackPointExtension>
            <ns3:hr>99</ns3:hr>
            <ns3:cad>71</ns3:cad>
          </ns3:TrackPointExtension>
        </extensions>
      </trkpt>
      <trkpt lat="35.969868265092372894287109375" lon="-81.10994570888578891754150390625">
        <ele>528.4000244140625</ele>
        <time>2026-03-31T15:01:22.000Z</time>
        <extensions>
          <ns3:TrackPointExtension>
            <ns3:hr>98</ns3:hr>
            <ns3:cad>0</ns3:cad>
          </ns3:TrackPointExtension>
        </extensions>
      </trkpt>
      <trkpt lat="35.969872958958148956298828125" lon="-81.1100044660270214080810546875">
        <ele>528.4000244140625</ele>
        <time>2026-03-31T15:01:30.000Z</time>
        <extensions>
          <ns3:TrackPointExtension>
            <ns3:hr>99</ns3:hr>
            <ns3:cad>0</ns3:cad>
          </ns3:TrackPointExtension>
        </extensions>
      </trkpt>
      <trkpt lat="35.9698711149394512176513671875" lon="-81.110002286732196807861328125">
        <ele>529</ele>
        <time>2026-03-31T15:01:41.000Z</time>
        <extensions>
          <ns3:TrackPointExtension>
            <ns3:hr>97</ns3:hr>
            <ns3:cad>0</ns3:cad>
          </ns3:TrackPointExtension>
        </extensions>
      </trkpt>
      <trkpt lat="35.96987807191908359527587890625" lon="-81.11000941134989261627197265625">
        <ele>528.79998779296875</ele>
        <time>2026-03-31T15:01:47.000Z</time>
        <extensions>
          <ns3:TrackPointExtension>
            <ns3:hr>97</ns3:hr>
            <ns3:cad>0</ns3:cad>
          </ns3:TrackPointExtension>
        </extensions>
      </trkpt>
      <trkpt lat="35.96986482851207256317138671875" lon="-81.110038496553897857666015625">
        <ele>528.4000244140625</ele>
        <time>2026-03-31T15:01:52.000Z</time>
        <extensions>
          <ns3:TrackPointExtension>
            <ns3:hr>100</ns3:hr>
            <ns3:cad>0</ns3:cad>
          </ns3:TrackPointExtension>
        </extensions>
      </trkpt>
      <trkpt lat="35.9698563627898693084716796875" lon="-81.11004662699997425079345703125">
        <ele>528.4000244140625</ele>
        <time>2026-03-31T15:01:54.000Z</time>
        <extensions>
          <ns3:TrackPointExtension>
            <ns3:hr>102</ns3:hr>
            <ns3:cad>0</ns3:cad>
          </ns3:TrackPointExtension>
        </extensions>
      </trkpt>
      <trkpt lat="35.9698308818042278289794921875" lon="-81.1100510694086551666259765625">
        <ele>528.4000244140625</ele>
        <time>2026-03-31T15:01:58.000Z</time>
        <extensions>
          <ns3:TrackPointExtension>
            <ns3:hr>105</ns3:hr>
            <ns3:cad>0</ns3:cad>
          </ns3:TrackPointExtension>
        </extensions>
      </trkpt>
      <trkpt lat="35.96981470473110675811767578125" lon="-81.11006724648177623748779296875">
        <ele>528.20001220703125</ele>
        <time>2026-03-31T15:02:02.000Z</time>
        <extensions>
          <ns3:TrackPointExtension>
            <ns3:hr>105</ns3:hr>
            <ns3:cad>0</ns3:cad>
          </ns3:TrackPointExtension>
        </extensions>
      </trkpt>
      <trkpt lat="35.96980313770473003387451171875" lon="-81.11009381711483001708984375">
        <ele>528.20001220703125</ele>
        <time>2026-03-31T15:02:08.000Z</time>
        <extensions>
          <ns3:TrackPointExtension>
            <ns3:hr>105</ns3:hr>
            <ns3:cad>0</ns3:cad>
          </ns3:TrackPointExtension>
        </extensions>
      </trkpt>
      <trkpt lat="35.9698094241321086883544921875" lon="-81.1101306974887847900390625">
        <ele>528.4000244140625</ele>
        <time>2026-03-31T15:02:15.000Z</time>
        <extensions>
          <ns3:TrackPointExtension>
            <ns3:hr>103</ns3:hr>
            <ns3:cad>0</ns3:cad>
          </ns3:TrackPointExtension>
        </extensions>
      </trkpt>
      <trkpt lat="35.9698389284312725067138671875" lon="-81.110169589519500732421875">
        <ele>529</ele>
        <time>2026-03-31T15:02:22.000Z</time>
        <extensions>
          <ns3:TrackPointExtension>
            <ns3:hr>102</ns3:hr>
            <ns3:cad>0</ns3:cad>
          </ns3:TrackPointExtension>
        </extensions>
      </trkpt>
      <trkpt lat="35.96983985044062137603759765625" lon="-81.11017419956624507904052734375">
        <ele>529.79998779296875</ele>
        <time>2026-03-31T15:02:27.000Z</time>
        <extensions>
          <ns3:TrackPointExtension>
            <ns3:hr>99</ns3:hr>
            <ns3:cad>0</ns3:cad>
          </ns3:TrackPointExtension>
        </extensions>
      </trkpt>
      <trkpt lat="35.96983934752643108367919921875" lon="-81.110177300870418548583984375">
        <ele>530</ele>
        <time>2026-03-31T15:02:34.000Z</time>
        <extensions>
          <ns3:TrackPointExtension>
            <ns3:hr>100</ns3:hr>
            <ns3:cad>0</ns3:cad>
          </ns3:TrackPointExtension>
        </extensions>
      </trkpt>
      <trkpt lat="35.969842784106731414794921875" lon="-81.110201776027679443359375">
        <ele>529.79998779296875</ele>
        <time>2026-03-31T15:02:39.000Z</time>
        <extensions>
          <ns3:TrackPointExtension>
            <ns3:hr>104</ns3:hr>
            <ns3:cad>0</ns3:cad>
          </ns3:TrackPointExtension>
        </extensions>
      </trkpt>
      <trkpt lat="35.9698607213795185089111328125" lon="-81.11023463308811187744140625">
        <ele>529.5999755859375</ele>
        <time>2026-03-31T15:02:43.000Z</time>
        <extensions>
          <ns3:TrackPointExtension>
            <ns3:hr>101</ns3:hr>
            <ns3:cad>0</ns3:cad>
          </ns3:TrackPointExtension>
        </extensions>
      </trkpt>
      <trkpt lat="35.9698680974543094635009765625" lon="-81.11024695448577404022216796875">
        <ele>529.5999755859375</ele>
        <time>2026-03-31T15:02:45.000Z</time>
        <extensions>
          <ns3:TrackPointExtension>
            <ns3:hr>98</ns3:hr>
            <ns3:cad>68</ns3:cad>
          </ns3:TrackPointExtension>
        </extensions>
      </trkpt>
      <trkpt lat="35.9698825143277645111083984375" lon="-81.1102542467415332794189453125">
        <ele>530.4000244140625</ele>
        <time>2026-03-31T15:02:52.000Z</time>
        <extensions>
          <ns3:TrackPointExtension>
            <ns3:hr>98</ns3:hr>
            <ns3:cad>0</ns3:cad>
          </ns3:TrackPointExtension>
        </extensions>
      </trkpt>
      <trkpt lat="35.969908498227596282958984375" lon="-81.11026170663535594940185546875">
        <ele>530.79998779296875</ele>
        <time>2026-03-31T15:02:56.000Z</time>
        <extensions>
          <ns3:TrackPointExtension>
            <ns3:hr>99</ns3:hr>
            <ns3:cad>0</ns3:cad>
          </ns3:TrackPointExtension>
        </extensions>
      </trkpt>
      <trkpt lat="35.96990807913243770599365234375" lon="-81.11023924313485622406005859375">
        <ele>531.4000244140625</ele>
        <time>2026-03-31T15:02:59.000Z</time>
        <extensions>
          <ns3:TrackPointExtension>
            <ns3:hr>102</ns3:hr>
            <ns3:cad>75</ns3:cad>
          </ns3:TrackPointExtension>
        </extensions>
      </trkpt>
      <trkpt lat="35.96991327591240406036376953125" lon="-81.11022616736590862274169921875">
        <ele>531.20001220703125</ele>
        <time>2026-03-31T15:03:09.000Z</time>
        <extensions>
          <ns3:TrackPointExtension>
            <ns3:hr>104</ns3:hr>
            <ns3:cad>0</ns3:cad>
          </ns3:TrackPointExtension>
        </extensions>
      </trkpt>
      <trkpt lat="35.96991629339754581451416015625" lon="-81.110225580632686614990234375">
        <ele>531.20001220703125</ele>
        <time>2026-03-31T15:03:11.000Z</time>
        <extensions>
          <ns3:TrackPointExtension>
            <ns3:hr>111</ns3:hr>
            <ns3:cad>0</ns3:cad>
          </ns3:TrackPointExtension>
        </extensions>
      </trkpt>
      <trkpt lat="35.96992517821490764617919921875" lon="-81.11022851429879665374755859375">
        <ele>531.20001220703125</ele>
        <time>2026-03-31T15:03:13.000Z</time>
        <extensions>
          <ns3:TrackPointExtension>
            <ns3:hr>114</ns3:hr>
            <ns3:cad>0</ns3:cad>
          </ns3:TrackPointExtension>
        </extensions>
      </trkpt>
      <trkpt lat="35.9698942489922046661376953125" lon="-81.11023329198360443115234375">
        <ele>531</ele>
        <time>2026-03-31T15:03:23.000Z</time>
        <extensions>
          <ns3:TrackPointExtension>
            <ns3:hr>115</ns3:hr>
            <ns3:cad>0</ns3:cad>
          </ns3:TrackPointExtension>
        </extensions>
      </trkpt>
      <trkpt lat="35.96992199309170246124267578125" lon="-81.11026103608310222625732421875">
        <ele>531</ele>
        <time>2026-03-31T15:03:32.000Z</time>
        <extensions>
          <ns3:TrackPointExtension>
            <ns3:hr>115</ns3:hr>
            <ns3:cad>0</ns3:cad>
          </ns3:TrackPointExtension>
        </extensions>
      </trkpt>
      <trkpt lat="35.96994437277317047119140625" lon="-81.11025583930313587188720703125">
        <ele>531.4000244140625</ele>
        <time>2026-03-31T15:03:42.000Z</time>
        <extensions>
          <ns3:TrackPointExtension>
            <ns3:hr>115</ns3:hr>
            <ns3:cad>0</ns3:cad>
          </ns3:TrackPointExtension>
        </extensions>
      </trkpt>
      <trkpt lat="35.96993339248001575469970703125" lon="-81.1102146841585636138916015625">
        <ele>531.5999755859375</ele>
        <time>2026-03-31T15:03:54.000Z</time>
        <extensions>
          <ns3:TrackPointExtension>
            <ns3:hr>114</ns3:hr>
            <ns3:cad>0</ns3:cad>
          </ns3:TrackPointExtension>
        </extensions>
      </trkpt>
      <trkpt lat="35.96993104554712772369384765625" lon="-81.110214181244373321533203125">
        <ele>531.5999755859375</ele>
        <time>2026-03-31T15:03:56.000Z</time>
        <extensions>
          <ns3:TrackPointExtension>
            <ns3:hr>108</ns3:hr>
            <ns3:cad>0</ns3:cad>
          </ns3:TrackPointExtension>
        </extensions>
      </trkpt>
      <trkpt lat="35.96992987208068370819091796875" lon="-81.11021510325372219085693359375">
        <ele>531.5999755859375</ele>
        <time>2026-03-31T15:03:57.000Z</time>
        <extensions>
          <ns3:TrackPointExtension>
            <ns3:hr>103</ns3:hr>
            <ns3:cad>0</ns3:cad>
          </ns3:TrackPointExtension>
        </extensions>
      </trkpt>
      <trkpt lat="35.9699304588139057159423828125" lon="-81.110214851796627044677734375">
        <ele>531.4000244140625</ele>
        <time>2026-03-31T15:03:58.000Z</time>
        <extensions>
          <ns3:TrackPointExtension>
            <ns3:hr>95</ns3:hr>
            <ns3:cad>0</ns3:cad>
          </ns3:TrackPointExtension>
        </extensions>
      </trkpt>
      <trkpt lat="35.96993020735681056976318359375" lon="-81.110218204557895660400390625">
        <ele>531.20001220703125</ele>
        <time>2026-03-31T15:04:10.000Z</time>
        <extensions>
          <ns3:TrackPointExtension>
            <ns3:hr>98</ns3:hr>
            <ns3:cad>0</ns3:cad>
          </ns3:TrackPointExtension>
        </extensions>
      </trkpt>
      <trkpt lat="35.96992987208068370819091796875" lon="-81.110216192901134490966796875">
        <ele>531</ele>
        <time>2026-03-31T15:04:11.000Z</time>
        <extensions>
          <ns3:TrackPointExtension>
            <ns3:hr>99</ns3:hr>
            <ns3:cad>0</ns3:cad>
          </ns3:TrackPointExtension>
        </extensions>
      </trkpt>
      <trkpt lat="35.96994412131607532501220703125" lon="-81.11021518707275390625">
        <ele>530.79998779296875</ele>
        <time>2026-03-31T15:04:18.000Z</time>
        <extensions>
          <ns3:TrackPointExtension>
            <ns3:hr>100</ns3:hr>
            <ns3:cad>0</ns3:cad>
          </ns3:TrackPointExtension>
        </extensions>
      </trkpt>
      <trkpt lat="35.969958119094371795654296875" lon="-81.11018543131649494171142578125">
        <ele>530.5999755859375</ele>
        <time>2026-03-31T15:04:24.000Z</time>
        <extensions>
          <ns3:TrackPointExtension>
            <ns3:hr>103</ns3:hr>
            <ns3:cad>62</ns3:cad>
          </ns3:TrackPointExtension>
        </extensions>
      </trkpt>
      <trkpt lat="35.96996440552175045013427734375" lon="-81.11015676520764827728271484375">
        <ele>530.5999755859375</ele>
        <time>2026-03-31T15:04:26.000Z</time>
        <extensions>
          <ns3:TrackPointExtension>
            <ns3:hr>105</ns3:hr>
            <ns3:cad>62</ns3:cad>
          </ns3:TrackPointExtension>
        </extensions>
      </trkpt>
      <trkpt lat="35.9699619747698307037353515625" lon="-81.110102869570255279541015625">
        <ele>530.20001220703125</ele>
        <time>2026-03-31T15:04:31.000Z</time>
        <extensions>
          <ns3:TrackPointExtension>
            <ns3:hr>108</ns3:hr>
            <ns3:cad>0</ns3:cad>
          </ns3:TrackPointExtension>
        </extensions>
      </trkpt>
      <trkpt lat="35.96996004693210124969482421875" lon="-81.1100958287715911865234375">
        <ele>530</ele>
        <time>2026-03-31T15:04:32.000Z</time>
        <extensions>
          <ns3:TrackPointExtension>
            <ns3:hr>109</ns3:hr>
            <ns3:cad>0</ns3:cad>
          </ns3:TrackPointExtension>
        </extensions>
      </trkpt>
      <trkpt lat="35.96995971165597438812255859375" lon="-81.11008753068745136260986328125">
        <ele>529.79998779296875</ele>
        <time>2026-03-31T15:04:33.000Z</time>
        <extensions>
          <ns3:TrackPointExtension>
            <ns3:hr>109</ns3:hr>
            <ns3:cad>0</ns3:cad>
          </ns3:TrackPointExtension>
        </extensions>
      </trkpt>
      <trkpt lat="35.9699569456279277801513671875" lon="-81.1100560985505580902099609375">
        <ele>529.4000244140625</ele>
        <time>2026-03-31T15:04:38.000Z</time>
        <extensions>
          <ns3:TrackPointExtension>
            <ns3:hr>107</ns3:hr>
            <ns3:cad>79</ns3:cad>
          </ns3:TrackPointExtension>
        </extensions>
      </trkpt>
      <trkpt lat="35.9699557721614837646484375" lon="-81.1100517399609088897705078125">
        <ele>529.4000244140625</ele>
        <time>2026-03-31T15:04:39.000Z</time>
        <extensions>
          <ns3:TrackPointExtension>
            <ns3:hr>104</ns3:hr>
            <ns3:cad>79</ns3:cad>
          </ns3:TrackPointExtension>
        </extensions>
      </trkpt>
      <trkpt lat="35.9699442051351070404052734375" lon="-81.11003790982067584991455078125">
        <ele>529.20001220703125</ele>
        <time>2026-03-31T15:04:42.000Z</time>
        <extensions>
          <ns3:TrackPointExtension>
            <ns3:hr>101</ns3:hr>
            <ns3:cad>0</ns3:cad>
          </ns3:TrackPointExtension>
        </extensions>
      </trkpt>
      <trkpt lat="35.9699328057467937469482421875" lon="-81.11001544632017612457275390625">
        <ele>529</ele>
        <time>2026-03-31T15:04:46.000Z</time>
        <extensions>
          <ns3:TrackPointExtension>
            <ns3:hr>100</ns3:hr>
            <ns3:cad>0</ns3:cad>
          </ns3:TrackPointExtension>
        </extensions>
      </trkpt>
      <trkpt lat="35.96992786042392253875732421875" lon="-81.10998116433620452880859375">
        <ele>529</ele>
        <time>2026-03-31T15:04:49.000Z</time>
        <extensions>
          <ns3:TrackPointExtension>
            <ns3:hr>97</ns3:hr>
            <ns3:cad>0</ns3:cad>
          </ns3:TrackPointExtension>
        </extensions>
      </trkpt>
      <trkpt lat="35.9699378348886966705322265625" lon="-81.109941937029361724853515625">
        <ele>528.79998779296875</ele>
        <time>2026-03-31T15:04:52.000Z</time>
        <extensions>
          <ns3:TrackPointExtension>
            <ns3:hr>97</ns3:hr>
            <ns3:cad>0</ns3:cad>
          </ns3:TrackPointExtension>
        </extensions>
      </trkpt>
      <trkpt lat="35.96994043327867984771728515625" lon="-81.10993363894522190093994140625">
        <ele>528.79998779296875</ele>
        <time>2026-03-31T15:04:53.000Z</time>
        <extensions>
          <ns3:TrackPointExtension>
            <ns3:hr>98</ns3:hr>
            <ns3:cad>0</ns3:cad>
          </ns3:TrackPointExtension>
        </extensions>
      </trkpt>
      <trkpt lat="35.9699535928666591644287109375" lon="-81.10992710106074810028076171875">
        <ele>528.79998779296875</ele>
        <time>2026-03-31T15:04:59.000Z</time>
        <extensions>
          <ns3:TrackPointExtension>
            <ns3:hr>97</ns3:hr>
            <ns3:cad>0</ns3:cad>
          </ns3:TrackPointExtension>
        </extensions>
      </trkpt>
      <trkpt lat="35.9699716977775096893310546875" lon="-81.10988594591617584228515625">
        <ele>529</ele>
        <time>2026-03-31T15:05:07.000Z</time>
        <extensions>
          <ns3:TrackPointExtension>
            <ns3:hr>98</ns3:hr>
            <ns3:cad>0</ns3:cad>
          </ns3:TrackPointExtension>
        </extensions>
      </trkpt>
      <trkpt lat="35.96999323926866054534912109375" lon="-81.1098710261285305023193359375">
        <ele>529.4000244140625</ele>
        <time>2026-03-31T15:05:12.000Z</time>
        <extensions>
          <ns3:TrackPointExtension>
            <ns3:hr>102</ns3:hr>
            <ns3:cad>0</ns3:cad>
          </ns3:TrackPointExtension>
        </extensions>
      </trkpt>
      <trkpt lat="35.96999944187700748443603515625" lon="-81.1098693497478961944580078125">
        <ele>529.4000244140625</ele>
        <time>2026-03-31T15:05:13.000Z</time>
        <extensions>
          <ns3:TrackPointExtension>
            <ns3:hr>105</ns3:hr>
            <ns3:cad>0</ns3:cad>
          </ns3:TrackPointExtension>
        </extensions>
      </trkpt>
      <trkpt lat="35.9700142778456211090087890625" lon="-81.109858788549900054931640625">
        <ele>529.4000244140625</ele>
        <time>2026-03-31T15:05:16.000Z</time>
        <extensions>
          <ns3:TrackPointExtension>
            <ns3:hr>106</ns3:hr>
            <ns3:cad>55</ns3:cad>
          </ns3:TrackPointExtension>
        </extensions>
      </trkpt>
      <trkpt lat="35.97003757953643798828125" lon="-81.10983741469681262969970703125">
        <ele>529.79998779296875</ele>
        <time>2026-03-31T15:05:21.000Z</time>
        <extensions>
          <ns3:TrackPointExtension>
            <ns3:hr>106</ns3:hr>
            <ns3:cad>55</ns3:cad>
          </ns3:TrackPointExtension>
        </extensions>
      </trkpt>
      <trkpt lat="35.970050990581512451171875" lon="-81.10983070917427539825439453125">
        <ele>529.79998779296875</ele>
        <time>2026-03-31T15:05:23.000Z</time>
        <extensions>
          <ns3:TrackPointExtension>
            <ns3:hr>106</ns3:hr>
            <ns3:cad>0</ns3:cad>
          </ns3:TrackPointExtension>
        </extensions>
      </trkpt>
      <trkpt lat="35.97007990814745426177978515625" lon="-81.1098224110901355743408203125">
        <ele>530.20001220703125</ele>
        <time>2026-03-31T15:05:29.000Z</time>
        <extensions>
          <ns3:TrackPointExtension>
            <ns3:hr>106</ns3:hr>
            <ns3:cad>0</ns3:cad>
          </ns3:TrackPointExtension>
        </extensions>
      </trkpt>
      <trkpt lat="35.97011259756982326507568359375" lon="-81.10977538861334323883056640625">
        <ele>530</ele>
        <time>2026-03-31T15:05:35.000Z</time>
        <extensions>
          <ns3:TrackPointExtension>
            <ns3:hr>106</ns3:hr>
            <ns3:cad>0</ns3:cad>
          </ns3:TrackPointExtension>
        </extensions>
      </trkpt>
      <trkpt lat="35.970123074948787689208984375" lon="-81.1097422800958156585693359375">
        <ele>530</ele>
        <time>2026-03-31T15:05:44.000Z</time>
        <extensions>
          <ns3:TrackPointExtension>
            <ns3:hr>107</ns3:hr>
            <ns3:cad>0</ns3:cad>
          </ns3:TrackPointExtension>
        </extensions>
      </trkpt>
      <trkpt lat="35.9701413474977016448974609375" lon="-81.1096997000277042388916015625">
        <ele>529.79998779296875</ele>
        <time>2026-03-31T15:05:51.000Z</time>
        <extensions>
          <ns3:TrackPointExtension>
            <ns3:hr>108</ns3:hr>
            <ns3:cad>0</ns3:cad>
          </ns3:TrackPointExtension>
        </extensions>
      </trkpt>
      <trkpt lat="35.97014646045863628387451171875" lon="-81.10965049825608730316162109375">
        <ele>529.5999755859375</ele>
        <time>2026-03-31T15:05:58.000Z</time>
        <extensions>
          <ns3:TrackPointExtension>
            <ns3:hr>106</ns3:hr>
            <ns3:cad>0</ns3:cad>
          </ns3:TrackPointExtension>
        </extensions>
      </trkpt>
      <trkpt lat="35.9701783955097198486328125" lon="-81.10960741527378559112548828125">
        <ele>529.79998779296875</ele>
        <time>2026-03-31T15:06:06.000Z</time>
        <extensions>
          <ns3:TrackPointExtension>
            <ns3:hr>103</ns3:hr>
            <ns3:cad>0</ns3:cad>
          </ns3:TrackPointExtension>
        </extensions>
      </trkpt>
      <trkpt lat="35.97018719650804996490478515625" lon="-81.1095917411148548126220703125">
        <ele>529.5999755859375</ele>
        <time>2026-03-31T15:06:08.000Z</time>
        <extensions>
          <ns3:TrackPointExtension>
            <ns3:hr>103</ns3:hr>
            <ns3:cad>0</ns3:cad>
          </ns3:TrackPointExtension>
        </extensions>
      </trkpt>
      <trkpt lat="35.97018702886998653411865234375" lon="-81.10953482799232006072998046875">
        <ele>529.4000244140625</ele>
        <time>2026-03-31T15:06:16.000Z</time>
        <extensions>
          <ns3:TrackPointExtension>
            <ns3:hr>101</ns3:hr>
            <ns3:cad>0</ns3:cad>
          </ns3:TrackPointExtension>
        </extensions>
      </trkpt>
      <trkpt lat="35.97011896781623363494873046875" lon="-81.1095243506133556365966796875">
        <ele>529</ele>
        <time>2026-03-31T15:06:22.000Z</time>
        <extensions>
          <ns3:TrackPointExtension>
            <ns3:hr>98</ns3:hr>
            <ns3:cad>65</ns3:cad>
          </ns3:TrackPointExtension>
        </extensions>
      </trkpt>
      <trkpt lat="35.97009885124862194061279296875" lon="-81.10954572446644306182861328125">
        <ele>529.4000244140625</ele>
        <time>2026-03-31T15:06:30.000Z</time>
        <extensions>
          <ns3:TrackPointExtension>
            <ns3:hr>97</ns3:hr>
            <ns3:cad>0</ns3:cad>
          </ns3:TrackPointExtension>
        </extensions>
      </trkpt>
      <trkpt lat="35.97011871635913848876953125" lon="-81.109536923468112945556640625">
        <ele>529.5999755859375</ele>
        <time>2026-03-31T15:06:38.000Z</time>
        <extensions>
          <ns3:TrackPointExtension>
            <ns3:hr>96</ns3:hr>
            <ns3:cad>0</ns3:cad>
          </ns3:TrackPointExtension>
        </extensions>
      </trkpt>
      <trkpt lat="35.97015400417149066925048828125" lon="-81.10952921211719512939453125">
        <ele>529.79998779296875</ele>
        <time>2026-03-31T15:06:44.000Z</time>
        <extensions>
          <ns3:TrackPointExtension>
            <ns3:hr>99</ns3:hr>
            <ns3:cad>0</ns3:cad>
          </ns3:TrackPointExtension>
        </extensions>
      </trkpt>
      <trkpt lat="35.9701698459684848785400390625" lon="-81.10951311886310577392578125">
        <ele>530.5999755859375</ele>
        <time>2026-03-31T15:06:51.000Z</time>
        <extensions>
          <ns3:TrackPointExtension>
            <ns3:hr>99</ns3:hr>
            <ns3:cad>0</ns3:cad>
          </ns3:TrackPointExtension>
        </extensions>
      </trkpt>
      <trkpt lat="35.9701802395284175872802734375" lon="-81.10950984992086887359619140625">
        <ele>530.79998779296875</ele>
        <time>2026-03-31T15:06:54.000Z</time>
        <extensions>
          <ns3:TrackPointExtension>
            <ns3:hr>97</ns3:hr>
            <ns3:cad>0</ns3:cad>
          </ns3:TrackPointExtension>
        </extensions>
      </trkpt>
      <trkpt lat="35.9701963327825069427490234375" lon="-81.1095092631876468658447265625">
        <ele>531</ele>
        <time>2026-03-31T15:06:56.000Z</time>
        <extensions>
          <ns3:TrackPointExtension>
            <ns3:hr>97</ns3:hr>
            <ns3:cad>0</ns3:cad>
          </ns3:TrackPointExtension>
        </extensions>
      </trkpt>
      <trkpt lat="35.9702546708285808563232421875" lon="-81.1095173098146915435791015625">
        <ele>531.79998779296875</ele>
        <time>2026-03-31T15:07:04.000Z</time>
        <extensions>
          <ns3:TrackPointExtension>
            <ns3:hr>99</ns3:hr>
            <ns3:cad>69</ns3:cad>
          </ns3:TrackPointExtension>
        </extensions>
      </trkpt>
      <trkpt lat="35.97026833333075046539306640625" lon="-81.10949970781803131103515625">
        <ele>531.79998779296875</ele>
        <time>2026-03-31T15:07:08.000Z</time>
        <extensions>
          <ns3:TrackPointExtension>
            <ns3:hr>101</ns3:hr>
            <ns3:cad>0</ns3:cad>
          </ns3:TrackPointExtension>
        </extensions>
      </trkpt>
      <trkpt lat="35.97028861753642559051513671875" lon="-81.10949543304741382598876953125">
        <ele>531.79998779296875</ele>
        <time>2026-03-31T15:07:11.000Z</time>
        <extensions>
          <ns3:TrackPointExtension>
            <ns3:hr>102</ns3:hr>
            <ns3:cad>60</ns3:cad>
          </ns3:TrackPointExtension>
        </extensions>
      </trkpt>
      <trkpt lat="35.97030839882791042327880859375" lon="-81.10948788933455944061279296875">
        <ele>531.79998779296875</ele>
        <time>2026-03-31T15:07:17.000Z</time>
        <extensions>
          <ns3:TrackPointExtension>
            <ns3:hr>106</ns3:hr>
            <ns3:cad>0</ns3:cad>
          </ns3:TrackPointExtension>
        </extensions>
      </trkpt>
      <trkpt lat="35.9703106619417667388916015625" lon="-81.10948855988681316375732421875">
        <ele>532</ele>
        <time>2026-03-31T15:07:18.000Z</time>
        <extensions>
          <ns3:TrackPointExtension>
            <ns3:hr>112</ns3:hr>
            <ns3:cad>0</ns3:cad>
          </ns3:TrackPointExtension>
        </extensions>
      </trkpt>
      <trkpt lat="35.97031057812273502349853515625" lon="-81.109492667019367218017578125">
        <ele>532</ele>
        <time>2026-03-31T15:07:19.000Z</time>
        <extensions>
          <ns3:TrackPointExtension>
            <ns3:hr>113</ns3:hr>
            <ns3:cad>0</ns3:cad>
          </ns3:TrackPointExtension>
        </extensions>
      </trkpt>
      <trkpt lat="35.970355756580829620361328125" lon="-81.1095059104263782501220703125">
        <ele>532.20001220703125</ele>
        <time>2026-03-31T15:07:26.000Z</time>
        <extensions>
          <ns3:TrackPointExtension>
            <ns3:hr>112</ns3:hr>
            <ns3:cad>49</ns3:cad>
          </ns3:TrackPointExtension>
        </extensions>
      </trkpt>
      <trkpt lat="35.97037964500486850738525390625" lon="-81.1095038987696170806884765625">
        <ele>532.79998779296875</ele>
        <time>2026-03-31T15:07:33.000Z</time>
        <extensions>
          <ns3:TrackPointExtension>
            <ns3:hr>111</ns3:hr>
            <ns3:cad>62</ns3:cad>
          </ns3:TrackPointExtension>
        </extensions>
      </trkpt>
      <trkpt lat="35.9703854285180568695068359375" lon="-81.10950582660734653472900390625">
        <ele>533</ele>
        <time>2026-03-31T15:07:34.000Z</time>
        <extensions>
          <ns3:TrackPointExtension>
            <ns3:hr>111</ns3:hr>
            <ns3:cad>62</ns3:cad>
          </ns3:TrackPointExtension>
        </extensions>
      </trkpt>
      <trkpt lat="35.97037763334810733795166015625" lon="-81.109538264572620391845703125">
        <ele>533.4000244140625</ele>
        <time>2026-03-31T15:07:39.000Z</time>
        <extensions>
          <ns3:TrackPointExtension>
            <ns3:hr>113</ns3:hr>
            <ns3:cad>55</ns3:cad>
          </ns3:TrackPointExtension>
        </extensions>
      </trkpt>
      <trkpt lat="35.97039992921054363250732421875" lon="-81.10953935422003269195556640625">
        <ele>534.20001220703125</ele>
        <time>2026-03-31T15:07:44.000Z</time>
        <extensions>
          <ns3:TrackPointExtension>
            <ns3:hr>114</ns3:hr>
            <ns3:cad>0</ns3:cad>
          </ns3:TrackPointExtension>
        </extensions>
      </trkpt>
      <trkpt lat="35.9704037010669708251953125" lon="-81.10953667201101779937744140625">
        <ele>534.4000244140625</ele>
        <time>2026-03-31T15:07:45.000Z</time>
        <extensions>
          <ns3:TrackPointExtension>
            <ns3:hr>115</ns3:hr>
            <ns3:cad>0</ns3:cad>
          </ns3:TrackPointExtension>
        </extensions>
      </trkpt>
      <trkpt lat="35.97042306326329708099365234375" lon="-81.10954052768647670745849609375">
        <ele>534.79998779296875</ele>
        <time>2026-03-31T15:07:49.000Z</time>
        <extensions>
          <ns3:TrackPointExtension>
            <ns3:hr>118</ns3:hr>
            <ns3:cad>0</ns3:cad>
          </ns3:TrackPointExtension>
        </extensions>
      </trkpt>
      <trkpt lat="35.97042306326329708099365234375" lon="-81.1095501668751239776611328125">
        <ele>535</ele>
        <time>2026-03-31T15:07:51.000Z</time>
        <extensions>
          <ns3:TrackPointExtension>
            <ns3:hr>118</ns3:hr>
            <ns3:cad>0</ns3:cad>
          </ns3:TrackPointExtension>
        </extensions>
      </trkpt>
      <trkpt lat="35.9704280085861682891845703125" lon="-81.10956818796694278717041015625">
        <ele>535.20001220703125</ele>
        <time>2026-03-31T15:07:54.000Z</time>
        <extensions>
          <ns3:TrackPointExtension>
            <ns3:hr>118</ns3:hr>
            <ns3:cad>0</ns3:cad>
          </ns3:TrackPointExtension>
        </extensions>
      </trkpt>
      <trkpt lat="35.97043655812740325927734375" lon="-81.1096111871302127838134765625">
        <ele>535.5999755859375</ele>
        <time>2026-03-31T15:08:01.000Z</time>
        <extensions>
          <ns3:TrackPointExtension>
            <ns3:hr>118</ns3:hr>
            <ns3:cad>0</ns3:cad>
          </ns3:TrackPointExtension>
        </extensions>
      </trkpt>
      <trkpt lat="35.97044083289802074432373046875" lon="-81.10962719656527042388916015625">
        <ele>536</ele>
        <time>2026-03-31T15:08:04.000Z</time>
        <extensions>
          <ns3:TrackPointExtension>
            <ns3:hr>121</ns3:hr>
            <ns3:cad>0</ns3:cad>
          </ns3:TrackPointExtension>
        </extensions>
      </trkpt>
      <trkpt lat="35.9704427607357501983642578125" lon="-81.10963742248713970184326171875">
        <ele>536.20001220703125</ele>
        <time>2026-03-31T15:08:06.000Z</time>
        <extensions>
          <ns3:TrackPointExtension>
            <ns3:hr>124</ns3:hr>
            <ns3:cad>59</ns3:cad>
          </ns3:TrackPointExtension>
        </extensions>
      </trkpt>
      <trkpt lat="35.97043798305094242095947265625" lon="-81.10965049825608730316162109375">
        <ele>536.4000244140625</ele>
        <time>2026-03-31T15:08:07.000Z</time>
        <extensions>
          <ns3:TrackPointExtension>
            <ns3:hr>124</ns3:hr>
            <ns3:cad>73</ns3:cad>
          </ns3:TrackPointExtension>
        </extensions>
      </trkpt>
      <trkpt lat="35.9704370610415935516357421875" lon="-81.1096554435789585113525390625">
        <ele>536.4000244140625</ele>
        <time>2026-03-31T15:08:08.000Z</time>
        <extensions>
          <ns3:TrackPointExtension>
            <ns3:hr>125</ns3:hr>
            <ns3:cad>73</ns3:cad>
          </ns3:TrackPointExtension>
        </extensions>
      </trkpt>
      <trkpt lat="35.97043748013675212860107421875" lon="-81.10968184657394886016845703125">
        <ele>537</ele>
        <time>2026-03-31T15:08:12.000Z</time>
        <extensions>
          <ns3:TrackPointExtension>
            <ns3:hr>122</ns3:hr>
            <ns3:cad>0</ns3:cad>
          </ns3:TrackPointExtension>
        </extensions>
      </trkpt>
      <trkpt lat="35.97043429501354694366455078125" lon="-81.109681427478790283203125">
        <ele>537.20001220703125</ele>
        <time>2026-03-31T15:08:15.000Z</time>
        <extensions>
          <ns3:TrackPointExtension>
            <ns3:hr>121</ns3:hr>
            <ns3:cad>0</ns3:cad>
          </ns3:TrackPointExtension>
        </extensions>
      </trkpt>
      <trkpt lat="35.9704390726983547210693359375" lon="-81.10968369059264659881591796875">
        <ele>537.4000244140625</ele>
        <time>2026-03-31T15:08:18.000Z</time>
        <extensions>
          <ns3:TrackPointExtension>
            <ns3:hr>122</ns3:hr>
            <ns3:cad>0</ns3:cad>
          </ns3:TrackPointExtension>
        </extensions>
      </trkpt>
      <trkpt lat="35.97044753842055797576904296875" lon="-81.1096856184303760528564453125">
        <ele>537.79998779296875</ele>
        <time>2026-03-31T15:08:21.000Z</time>
        <extensions>
          <ns3:TrackPointExtension>
            <ns3:hr>124</ns3:hr>
            <ns3:cad>0</ns3:cad>
          </ns3:TrackPointExtension>
        </extensions>
      </trkpt>
      <trkpt lat="35.97045994363725185394287109375" lon="-81.10972057096660137176513671875">
        <ele>538.4000244140625</ele>
        <time>2026-03-31T15:08:28.000Z</time>
        <extensions>
          <ns3:TrackPointExtension>
            <ns3:hr>122</ns3:hr>
            <ns3:cad>0</ns3:cad>
          </ns3:TrackPointExtension>
        </extensions>
      </trkpt>
      <trkpt lat="35.97050763666629791259765625" lon="-81.1096822656691074371337890625">
        <ele>538.5999755859375</ele>
        <time>2026-03-31T15:08:34.000Z</time>
        <extensions>
          <ns3:TrackPointExtension>
            <ns3:hr>123</ns3:hr>
            <ns3:cad>0</ns3:cad>
          </ns3:TrackPointExtension>
        </extensions>
      </trkpt>
      <trkpt lat="35.9705500490963459014892578125" lon="-81.10966022126376628875732421875">
        <ele>539</ele>
        <time>2026-03-31T15:08:41.000Z</time>
        <extensions>
          <ns3:TrackPointExtension>
            <ns3:hr>123</ns3:hr>
            <ns3:cad>0</ns3:cad>
          </ns3:TrackPointExtension>
        </extensions>
      </trkpt>
      <trkpt lat="35.97058407962322235107421875" lon="-81.1096252687275409698486328125">
        <ele>539.4000244140625</ele>
        <time>2026-03-31T15:08:46.000Z</time>
        <extensions>
          <ns3:TrackPointExtension>
            <ns3:hr>123</ns3:hr>
            <ns3:cad>0</ns3:cad>
          </ns3:TrackPointExtension>
        </extensions>
      </trkpt>
      <trkpt lat="35.97059288062155246734619140625" lon="-81.1096195690333843231201171875">
        <ele>539.4000244140625</ele>
        <time>2026-03-31T15:08:47.000Z</time>
        <extensions>
          <ns3:TrackPointExtension>
            <ns3:hr>122</ns3:hr>
            <ns3:cad>0</ns3:cad>
          </ns3:TrackPointExtension>
        </extensions>
      </trkpt>
      <trkpt lat="35.9706241451203823089599609375" lon="-81.109592579305171966552734375">
        <ele>539.79998779296875</ele>
        <time>2026-03-31T15:08:53.000Z</time>
        <extensions>
          <ns3:TrackPointExtension>
            <ns3:hr>121</ns3:hr>
            <ns3:cad>0</ns3:cad>
          </ns3:TrackPointExtension>
        </extensions>
      </trkpt>
      <trkpt lat="35.97063898108899593353271484375" lon="-81.10961462371051311492919921875">
        <ele>540.20001220703125</ele>
        <time>2026-03-31T15:08:59.000Z</time>
        <extensions>
          <ns3:TrackPointExtension>
            <ns3:hr>120</ns3:hr>
            <ns3:cad>0</ns3:cad>
          </ns3:TrackPointExtension>
        </extensions>
      </trkpt>
      <trkpt lat="35.97063696943223476409912109375" lon="-81.1096232570707798004150390625">
        <ele>540.4000244140625</ele>
        <time>2026-03-31T15:09:03.000Z</time>
        <extensions>
          <ns3:TrackPointExtension>
            <ns3:hr>119</ns3:hr>
            <ns3:cad>0</ns3:cad>
          </ns3:TrackPointExtension>
        </extensions>
      </trkpt>
      <trkpt lat="35.97064132802188396453857421875" lon="-81.109628789126873016357421875">
        <ele>540.5999755859375</ele>
        <time>2026-03-31T15:09:05.000Z</time>
        <extensions>
          <ns3:TrackPointExtension>
            <ns3:hr>116</ns3:hr>
            <ns3:cad>0</ns3:cad>
          </ns3:TrackPointExtension>
        </extensions>
      </trkpt>
      <trkpt lat="35.97066395916044712066650390625" lon="-81.10964320600032806396484375">
        <ele>540.79998779296875</ele>
        <time>2026-03-31T15:09:08.000Z</time>
        <extensions>
          <ns3:TrackPointExtension>
            <ns3:hr>114</ns3:hr>
            <ns3:cad>60</ns3:cad>
          </ns3:TrackPointExtension>
        </extensions>
      </trkpt>
      <trkpt lat="35.97069270908832550048828125" lon="-81.1096594668924808502197265625">
        <ele>541</ele>
        <time>2026-03-31T15:09:12.000Z</time>
        <extensions>
          <ns3:TrackPointExtension>
            <ns3:hr>111</ns3:hr>
            <ns3:cad>0</ns3:cad>
          </ns3:TrackPointExtension>
        </extensions>
      </trkpt>
      <trkpt lat="35.97069782204926013946533203125" lon="-81.10967078246176242828369140625">
        <ele>541</ele>
        <time>2026-03-31T15:09:17.000Z</time>
        <extensions>
          <ns3:TrackPointExtension>
            <ns3:hr>110</ns3:hr>
            <ns3:cad>62</ns3:cad>
          </ns3:TrackPointExtension>
        </extensions>
      </trkpt>
      <trkpt lat="35.9706915356218814849853515625" lon="-81.10966826789081096649169921875">
        <ele>541.5999755859375</ele>
        <time>2026-03-31T15:09:23.000Z</time>
        <extensions>
          <ns3:TrackPointExtension>
            <ns3:hr>110</ns3:hr>
            <ns3:cad>0</ns3:cad>
          </ns3:TrackPointExtension>
        </extensions>
      </trkpt>
      <trkpt lat="35.97068625502288341522216796875" lon="-81.1096866242587566375732421875">
        <ele>541.79998779296875</ele>
        <time>2026-03-31T15:09:25.000Z</time>
        <extensions>
          <ns3:TrackPointExtension>
            <ns3:hr>109</ns3:hr>
            <ns3:cad>0</ns3:cad>
          </ns3:TrackPointExtension>
        </extensions>
      </trkpt>
      <trkpt lat="35.9706868417561054229736328125" lon="-81.1097310483455657958984375">
        <ele>542</ele>
        <time>2026-03-31T15:09:33.000Z</time>
        <extensions>
          <ns3:TrackPointExtension>
            <ns3:hr>111</ns3:hr>
            <ns3:cad>0</ns3:cad>
          </ns3:TrackPointExtension>
        </extensions>
      </trkpt>
      <trkpt lat="35.970676951110363006591796875" lon="-81.10974253155291080474853515625">
        <ele>542</ele>
        <time>2026-03-31T15:09:37.000Z</time>
        <extensions>
          <ns3:TrackPointExtension>
            <ns3:hr>115</ns3:hr>
            <ns3:cad>0</ns3:cad>
          </ns3:TrackPointExtension>
        </extensions>
      </trkpt>
      <trkpt lat="35.97067954950034618377685546875" lon="-81.10975091345608234405517578125">
        <ele>542.20001220703125</ele>
        <time>2026-03-31T15:09:39.000Z</time>
        <extensions>
          <ns3:TrackPointExtension>
            <ns3:hr>117</ns3:hr>
            <ns3:cad>0</ns3:cad>
          </ns3:TrackPointExtension>
        </extensions>
      </trkpt>
      <trkpt lat="35.9707072935998439788818359375" lon="-81.10972375608980655670166015625">
        <ele>542</ele>
        <time>2026-03-31T15:09:48.000Z</time>
        <extensions>
          <ns3:TrackPointExtension>
            <ns3:hr>115</ns3:hr>
            <ns3:cad>0</ns3:cad>
          </ns3:TrackPointExtension>
        </extensions>
      </trkpt>
      <trkpt lat="35.9707180224359035491943359375" lon="-81.10970045439898967742919921875">
        <ele>541.5999755859375</ele>
        <time>2026-03-31T15:09:53.000Z</time>
        <extensions>
          <ns3:TrackPointExtension>
            <ns3:hr>112</ns3:hr>
            <ns3:cad>0</ns3:cad>
          </ns3:TrackPointExtension>
        </extensions>
      </trkpt>
      <trkpt lat="35.9707193635404109954833984375" lon="-81.10968343913555145263671875">
        <ele>541.5999755859375</ele>
        <time>2026-03-31T15:09:57.000Z</time>
        <extensions>
          <ns3:TrackPointExtension>
            <ns3:hr>113</ns3:hr>
            <ns3:cad>0</ns3:cad>
          </ns3:TrackPointExtension>
        </extensions>
      </trkpt>
      <trkpt lat="35.9707307629287242889404296875" lon="-81.10966323874890804290771484375">
        <ele>541.5999755859375</ele>
        <time>2026-03-31T15:10:03.000Z</time>
        <extensions>
          <ns3:TrackPointExtension>
            <ns3:hr>113</ns3:hr>
            <ns3:cad>41</ns3:cad>
          </ns3:TrackPointExtension>
        </extensions>
      </trkpt>
      <trkpt lat="35.97074098885059356689453125" lon="-81.1096559464931488037109375">
        <ele>541.5999755859375</ele>
        <time>2026-03-31T15:10:05.000Z</time>
        <extensions>
          <ns3:TrackPointExtension>
            <ns3:hr>110</ns3:hr>
            <ns3:cad>0</ns3:cad>
          </ns3:TrackPointExtension>
        </extensions>
      </trkpt>
      <trkpt lat="35.97075113095343112945556640625" lon="-81.1096494086086750030517578125">
        <ele>541.5999755859375</ele>
        <time>2026-03-31T15:10:08.000Z</time>
        <extensions>
          <ns3:TrackPointExtension>
            <ns3:hr>107</ns3:hr>
            <ns3:cad>63</ns3:cad>
          </ns3:TrackPointExtension>
        </extensions>
      </trkpt>
      <trkpt lat="35.97076638601720333099365234375" lon="-81.10964345745742321014404296875">
        <ele>542</ele>
        <time>2026-03-31T15:10:12.000Z</time>
        <extensions>
          <ns3:TrackPointExtension>
            <ns3:hr>111</ns3:hr>
            <ns3:cad>0</ns3:cad>
          </ns3:TrackPointExtension>
        </extensions>
      </trkpt>
      <trkpt lat="35.970774851739406585693359375" lon="-81.10964530147612094879150390625">
        <ele>542</ele>
        <time>2026-03-31T15:10:14.000Z</time>
        <extensions>
          <ns3:TrackPointExtension>
            <ns3:hr>111</ns3:hr>
            <ns3:cad>0</ns3:cad>
          </ns3:TrackPointExtension>
        </extensions>
      </trkpt>
      <trkpt lat="35.9707844071090221405029296875" lon="-81.10961814410984516143798828125">
        <ele>541.20001220703125</ele>
        <time>2026-03-31T15:10:23.000Z</time>
        <extensions>
          <ns3:TrackPointExtension>
            <ns3:hr>110</ns3:hr>
            <ns3:cad>0</ns3:cad>
          </ns3:TrackPointExtension>
        </extensions>
      </trkpt>
      <trkpt lat="35.97080762498080730438232421875" lon="-81.1096135340631008148193359375">
        <ele>541.4000244140625</ele>
        <time>2026-03-31T15:10:29.000Z</time>
        <extensions>
          <ns3:TrackPointExtension>
            <ns3:hr>107</ns3:hr>
            <ns3:cad>0</ns3:cad>
          </ns3:TrackPointExtension>
        </extensions>
      </trkpt>
      <trkpt lat="35.9708266519010066986083984375" lon="-81.10960473306477069854736328125">
        <ele>541.5999755859375</ele>
        <time>2026-03-31T15:10:31.000Z</time>
        <extensions>
          <ns3:TrackPointExtension>
            <ns3:hr>105</ns3:hr>
            <ns3:cad>0</ns3:cad>
          </ns3:TrackPointExtension>
        </extensions>
      </trkpt>
      <trkpt lat="35.97082522697746753692626953125" lon="-81.10962669365108013153076171875">
        <ele>541.5999755859375</ele>
        <time>2026-03-31T15:10:37.000Z</time>
        <extensions>
          <ns3:TrackPointExtension>
            <ns3:hr>104</ns3:hr>
            <ns3:cad>77</ns3:cad>
          </ns3:TrackPointExtension>
        </extensions>
      </trkpt>
      <trkpt lat="35.970844589173793792724609375" lon="-81.109605990350246429443359375">
        <ele>542.20001220703125</ele>
        <time>2026-03-31T15:10:44.000Z</time>
        <extensions>
          <ns3:TrackPointExtension>
            <ns3:hr>107</ns3:hr>
            <ns3:cad>0</ns3:cad>
          </ns3:TrackPointExtension>
        </extensions>
      </trkpt>
      <trkpt lat="35.97085489891469478607177734375" lon="-81.10960674472153186798095703125">
        <ele>542.20001220703125</ele>
        <time>2026-03-31T15:10:46.000Z</time>
        <extensions>
          <ns3:TrackPointExtension>
            <ns3:hr>111</ns3:hr>
            <ns3:cad>0</ns3:cad>
          </ns3:TrackPointExtension>
        </extensions>
      </trkpt>
      <trkpt lat="35.97088524140417575836181640625" lon="-81.10959199257194995880126953125">
        <ele>542.4000244140625</ele>
        <time>2026-03-31T15:10:51.000Z</time>
        <extensions>
          <ns3:TrackPointExtension>
            <ns3:hr>110</ns3:hr>
            <ns3:cad>0</ns3:cad>
          </ns3:TrackPointExtension>
        </extensions>
      </trkpt>
      <trkpt lat="35.9709091298282146453857421875" lon="-81.10955066978931427001953125">
        <ele>542.20001220703125</ele>
        <time>2026-03-31T15:10:58.000Z</time>
        <extensions>
          <ns3:TrackPointExtension>
            <ns3:hr>110</ns3:hr>
            <ns3:cad>53</ns3:cad>
          </ns3:TrackPointExtension>
        </extensions>
      </trkpt>
      <trkpt lat="35.97091667354106903076171875" lon="-81.10950062982738018035888671875">
        <ele>541.79998779296875</ele>
        <time>2026-03-31T15:11:06.000Z</time>
        <extensions>
          <ns3:TrackPointExtension>
            <ns3:hr>108</ns3:hr>
            <ns3:cad>0</ns3:cad>
          </ns3:TrackPointExtension>
        </extensions>
      </trkpt>
      <trkpt lat="35.9709141589701175689697265625" lon="-81.10950549133121967315673828125">
        <ele>542</ele>
        <time>2026-03-31T15:11:08.000Z</time>
        <extensions>
          <ns3:TrackPointExtension>
            <ns3:hr>111</ns3:hr>
            <ns3:cad>0</ns3:cad>
          </ns3:TrackPointExtension>
        </extensions>
      </trkpt>
      <trkpt lat="35.97090619616210460662841796875" lon="-81.1095012165606021881103515625">
        <ele>542.4000244140625</ele>
        <time>2026-03-31T15:11:15.000Z</time>
        <extensions>
          <ns3:TrackPointExtension>
            <ns3:hr>114</ns3:hr>
            <ns3:cad>0</ns3:cad>
          </ns3:TrackPointExtension>
        </extensions>
      </trkpt>
      <trkpt lat="35.9708997420966625213623046875" lon="-81.10949308611452579498291015625">
        <ele>542.4000244140625</ele>
        <time>2026-03-31T15:11:18.000Z</time>
        <extensions>
          <ns3:TrackPointExtension>
            <ns3:hr>115</ns3:hr>
            <ns3:cad>0</ns3:cad>
          </ns3:TrackPointExtension>
        </extensions>
      </trkpt>
      <trkpt lat="35.970899574458599090576171875" lon="-81.10949358902871608734130859375">
        <ele>542.4000244140625</ele>
        <time>2026-03-31T15:11:19.000Z</time>
        <extensions>
          <ns3:TrackPointExtension>
            <ns3:hr>118</ns3:hr>
            <ns3:cad>0</ns3:cad>
          </ns3:TrackPointExtension>
        </extensions>
      </trkpt>
      <trkpt lat="35.97089647315442562103271484375" lon="-81.1094951815903186798095703125">
        <ele>542.5999755859375</ele>
        <time>2026-03-31T15:11:20.000Z</time>
        <extensions>
          <ns3:TrackPointExtension>
            <ns3:hr>119</ns3:hr>
            <ns3:cad>0</ns3:cad>
          </ns3:TrackPointExtension>
        </extensions>
      </trkpt>
      <trkpt lat="35.970878787338733673095703125" lon="-81.10954237170517444610595703125">
        <ele>542.79998779296875</ele>
        <time>2026-03-31T15:11:25.000Z</time>
        <extensions>
          <ns3:TrackPointExtension>
            <ns3:hr>122</ns3:hr>
            <ns3:cad>0</ns3:cad>
          </ns3:TrackPointExtension>
        </extensions>
      </trkpt>
      <trkpt lat="35.97088037990033626556396484375" lon="-81.10955142416059970855712890625">
        <ele>542.79998779296875</ele>
        <time>2026-03-31T15:11:26.000Z</time>
        <extensions>
          <ns3:TrackPointExtension>
            <ns3:hr>122</ns3:hr>
            <ns3:cad>0</ns3:cad>
          </ns3:TrackPointExtension>
        </extensions>
      </trkpt>
      <trkpt lat="35.9708990715444087982177734375" lon="-81.10956466756761074066162109375">
        <ele>543.20001220703125</ele>
        <time>2026-03-31T15:11:33.000Z</time>
        <extensions>
          <ns3:TrackPointExtension>
            <ns3:hr>121</ns3:hr>
            <ns3:cad>61</ns3:cad>
          </ns3:TrackPointExtension>
        </extensions>
      </trkpt>
      <trkpt lat="35.97091357223689556121826171875" lon="-81.10958461649715900421142578125">
        <ele>543.5999755859375</ele>
        <time>2026-03-31T15:11:37.000Z</time>
        <extensions>
          <ns3:TrackPointExtension>
            <ns3:hr>117</ns3:hr>
            <ns3:cad>0</ns3:cad>
          </ns3:TrackPointExtension>
        </extensions>
      </trkpt>
      <trkpt lat="35.9709151647984981536865234375" lon="-81.1095967702567577362060546875">
        <ele>544</ele>
        <time>2026-03-31T15:11:40.000Z</time>
        <extensions>
          <ns3:TrackPointExtension>
            <ns3:hr>115</ns3:hr>
            <ns3:cad>70</ns3:cad>
          </ns3:TrackPointExtension>
        </extensions>
      </trkpt>
      <trkpt lat="35.9709245525300502777099609375" lon="-81.10963272862136363983154296875">
        <ele>544.5999755859375</ele>
        <time>2026-03-31T15:11:46.000Z</time>
        <extensions>
          <ns3:TrackPointExtension>
            <ns3:hr>116</ns3:hr>
            <ns3:cad>0</ns3:cad>
          </ns3:TrackPointExtension>
        </extensions>
      </trkpt>
      <trkpt lat="35.970945842564105987548828125" lon="-81.1096577905118465423583984375">
        <ele>544.4000244140625</ele>
        <time>2026-03-31T15:11:53.000Z</time>
        <extensions>
          <ns3:TrackPointExtension>
            <ns3:hr>114</ns3:hr>
            <ns3:cad>0</ns3:cad>
          </ns3:TrackPointExtension>
        </extensions>
      </trkpt>
      <trkpt lat="35.97094693221151828765869140625" lon="-81.1096470616757869720458984375">
        <ele>544.4000244140625</ele>
        <time>2026-03-31T15:11:57.000Z</time>
        <extensions>
          <ns3:TrackPointExtension>
            <ns3:hr>108</ns3:hr>
            <ns3:cad>0</ns3:cad>
          </ns3:TrackPointExtension>
        </extensions>
      </trkpt>
      <trkpt lat="35.97094693221151828765869140625" lon="-81.10964714549481868743896484375">
        <ele>544.20001220703125</ele>
        <time>2026-03-31T15:12:10.000Z</time>
        <extensions>
          <ns3:TrackPointExtension>
            <ns3:hr>111</ns3:hr>
            <ns3:cad>0</ns3:cad>
          </ns3:TrackPointExtension>
        </extensions>
      </trkpt>
      <trkpt lat="35.97094693221151828765869140625" lon="-81.10964714549481868743896484375">
        <ele>544</ele>
        <time>2026-03-31T15:12:18.000Z</time>
        <extensions>
          <ns3:TrackPointExtension>
            <ns3:hr>112</ns3:hr>
            <ns3:cad>0</ns3:cad>
          </ns3:TrackPointExtension>
        </extensions>
      </trkpt>
      <trkpt lat="35.97093167714774608612060546875" lon="-81.1096473969519138336181640625">
        <ele>544</ele>
        <time>2026-03-31T15:12:29.000Z</time>
        <extensions>
          <ns3:TrackPointExtension>
            <ns3:hr>111</ns3:hr>
            <ns3:cad>0</ns3:cad>
          </ns3:TrackPointExtension>
        </extensions>
      </trkpt>
      <trkpt lat="35.97091306932270526885986328125" lon="-81.109657622873783111572265625">
        <ele>544</ele>
        <time>2026-03-31T15:12:36.000Z</time>
        <extensions>
          <ns3:TrackPointExtension>
            <ns3:hr>110</ns3:hr>
            <ns3:cad>0</ns3:cad>
          </ns3:TrackPointExtension>
        </extensions>
      </trkpt>
      <trkpt lat="35.970914997160434722900390625" lon="-81.10970280133187770843505859375">
        <ele>544</ele>
        <time>2026-03-31T15:12:41.000Z</time>
        <extensions>
          <ns3:TrackPointExtension>
            <ns3:hr>106</ns3:hr>
            <ns3:cad>0</ns3:cad>
          </ns3:TrackPointExtension>
        </extensions>
      </trkpt>
      <trkpt lat="35.97092195414006710052490234375" lon="-81.10973247326910495758056640625">
        <ele>544</ele>
        <time>2026-03-31T15:12:44.000Z</time>
        <extensions>
          <ns3:TrackPointExtension>
            <ns3:hr>103</ns3:hr>
            <ns3:cad>69</ns3:cad>
          </ns3:TrackPointExtension>
        </extensions>
      </trkpt>
      <trkpt lat="35.97091910429298877716064453125" lon="-81.1097395978868007659912109375">
        <ele>544.20001220703125</ele>
        <time>2026-03-31T15:12:45.000Z</time>
        <extensions>
          <ns3:TrackPointExtension>
            <ns3:hr>103</ns3:hr>
            <ns3:cad>69</ns3:cad>
          </ns3:TrackPointExtension>
        </extensions>
      </trkpt>
      <trkpt lat="35.97093670628964900970458984375" lon="-81.10978108830749988555908203125">
        <ele>544.20001220703125</ele>
        <time>2026-03-31T15:12:52.000Z</time>
        <extensions>
          <ns3:TrackPointExtension>
            <ns3:hr>103</ns3:hr>
            <ns3:cad>65</ns3:cad>
          </ns3:TrackPointExtension>
        </extensions>
      </trkpt>
      <trkpt lat="35.9709074534475803375244140625" lon="-81.1098116822540760040283203125">
        <ele>544.4000244140625</ele>
        <time>2026-03-31T15:12:59.000Z</time>
        <extensions>
          <ns3:TrackPointExtension>
            <ns3:hr>100</ns3:hr>
            <ns3:cad>65</ns3:cad>
          </ns3:TrackPointExtension>
        </extensions>
      </trkpt>
      <trkpt lat="35.97086881287395954132080078125" lon="-81.10985015518963336944580078125">
        <ele>544.5999755859375</ele>
        <time>2026-03-31T15:13:08.000Z</time>
        <extensions>
          <ns3:TrackPointExtension>
            <ns3:hr>101</ns3:hr>
            <ns3:cad>0</ns3:cad>
          </ns3:TrackPointExtension>
        </extensions>
      </trkpt>
      <trkpt lat="35.9708608500659465789794921875" lon="-81.109825260937213897705078125">
        <ele>544.4000244140625</ele>
        <time>2026-03-31T15:13:13.000Z</time>
        <extensions>
          <ns3:TrackPointExtension>
            <ns3:hr>104</ns3:hr>
            <ns3:cad>71</ns3:cad>
          </ns3:TrackPointExtension>
        </extensions>
      </trkpt>
      <trkpt lat="35.97084668464958667755126953125" lon="-81.1098237521946430206298828125">
        <ele>544.4000244140625</ele>
        <time>2026-03-31T15:13:15.000Z</time>
        <extensions>
          <ns3:TrackPointExtension>
            <ns3:hr>104</ns3:hr>
            <ns3:cad>71</ns3:cad>
          </ns3:TrackPointExtension>
        </extensions>
      </trkpt>
      <trkpt lat="35.97082522697746753692626953125" lon="-81.1098324693739414215087890625">
        <ele>544.20001220703125</ele>
        <time>2026-03-31T15:13:19.000Z</time>
        <extensions>
          <ns3:TrackPointExtension>
            <ns3:hr>105</ns3:hr>
            <ns3:cad>0</ns3:cad>
          </ns3:TrackPointExtension>
        </extensions>
      </trkpt>
      <trkpt lat="35.97079195082187652587890625" lon="-81.10986717045307159423828125">
        <ele>544</ele>
        <time>2026-03-31T15:13:25.000Z</time>
        <extensions>
          <ns3:TrackPointExtension>
            <ns3:hr>104</ns3:hr>
            <ns3:cad>0</ns3:cad>
          </ns3:TrackPointExtension>
        </extensions>
      </trkpt>
      <trkpt lat="35.97075171768665313720703125" lon="-81.1098871193826198577880859375">
        <ele>543.79998779296875</ele>
        <time>2026-03-31T15:13:33.000Z</time>
        <extensions>
          <ns3:TrackPointExtension>
            <ns3:hr>104</ns3:hr>
            <ns3:cad>0</ns3:cad>
          </ns3:TrackPointExtension>
        </extensions>
      </trkpt>
      <trkpt lat="35.97073252312839031219482421875" lon="-81.1099555157124996185302734375">
        <ele>543.5999755859375</ele>
        <time>2026-03-31T15:13:40.000Z</time>
        <extensions>
          <ns3:TrackPointExtension>
            <ns3:hr>103</ns3:hr>
            <ns3:cad>0</ns3:cad>
          </ns3:TrackPointExtension>
        </extensions>
      </trkpt>
      <trkpt lat="35.9706895239651203155517578125" lon="-81.10994537360966205596923828125">
        <ele>543.5999755859375</ele>
        <time>2026-03-31T15:13:48.000Z</time>
        <extensions>
          <ns3:TrackPointExtension>
            <ns3:hr>104</ns3:hr>
            <ns3:cad>0</ns3:cad>
          </ns3:TrackPointExtension>
        </extensions>
      </trkpt>
      <trkpt lat="35.97069279290735721588134765625" lon="-81.10996146686375141143798828125">
        <ele>543.4000244140625</ele>
        <time>2026-03-31T15:13:55.000Z</time>
        <extensions>
          <ns3:TrackPointExtension>
            <ns3:hr>106</ns3:hr>
            <ns3:cad>0</ns3:cad>
          </ns3:TrackPointExtension>
        </extensions>
      </trkpt>
      <trkpt lat="35.97066513262689113616943359375" lon="-81.10991620458662509918212890625">
        <ele>543.4000244140625</ele>
        <time>2026-03-31T15:14:02.000Z</time>
        <extensions>
          <ns3:TrackPointExtension>
            <ns3:hr>106</ns3:hr>
            <ns3:cad>0</ns3:cad>
          </ns3:TrackPointExtension>
        </extensions>
      </trkpt>
      <trkpt lat="35.97063512541353702545166015625" lon="-81.1098938249051570892333984375">
        <ele>543.20001220703125</ele>
        <time>2026-03-31T15:14:09.000Z</time>
        <extensions>
          <ns3:TrackPointExtension>
            <ns3:hr>104</ns3:hr>
            <ns3:cad>0</ns3:cad>
          </ns3:TrackPointExtension>
        </extensions>
      </trkpt>
      <trkpt lat="35.97061760723590850830078125" lon="-81.10988854430615901947021484375">
        <ele>542.5999755859375</ele>
        <time>2026-03-31T15:14:16.000Z</time>
        <extensions>
          <ns3:TrackPointExtension>
            <ns3:hr>102</ns3:hr>
            <ns3:cad>0</ns3:cad>
          </ns3:TrackPointExtension>
        </extensions>
      </trkpt>
      <trkpt lat="35.97059019841253757476806640625" lon="-81.10995476134121417999267578125">
        <ele>542.4000244140625</ele>
        <time>2026-03-31T15:14:23.000Z</time>
        <extensions>
          <ns3:TrackPointExtension>
            <ns3:hr>102</ns3:hr>
            <ns3:cad>59</ns3:cad>
          </ns3:TrackPointExtension>
        </extensions>
      </trkpt>
      <trkpt lat="35.97060277126729488372802734375" lon="-81.10998250544071197509765625">
        <ele>542.4000244140625</ele>
        <time>2026-03-31T15:14:27.000Z</time>
        <extensions>
          <ns3:TrackPointExtension>
            <ns3:hr>102</ns3:hr>
            <ns3:cad>55</ns3:cad>
          </ns3:TrackPointExtension>
        </extensions>
      </trkpt>
      <trkpt lat="35.97061534412205219268798828125" lon="-81.1099893786013126373291015625">
        <ele>542.4000244140625</ele>
        <time>2026-03-31T15:14:29.000Z</time>
        <extensions>
          <ns3:TrackPointExtension>
            <ns3:hr>103</ns3:hr>
            <ns3:cad>59</ns3:cad>
          </ns3:TrackPointExtension>
        </extensions>
      </trkpt>
      <trkpt lat="35.97063244320452213287353515625" lon="-81.110000945627689361572265625">
        <ele>542.4000244140625</ele>
        <time>2026-03-31T15:14:32.000Z</time>
        <extensions>
          <ns3:TrackPointExtension>
            <ns3:hr>102</ns3:hr>
            <ns3:cad>0</ns3:cad>
          </ns3:TrackPointExtension>
        </extensions>
      </trkpt>
      <trkpt lat="35.97063093446195125579833984375" lon="-81.11000664532184600830078125">
        <ele>542.4000244140625</ele>
        <time>2026-03-31T15:14:36.000Z</time>
        <extensions>
          <ns3:TrackPointExtension>
            <ns3:hr>102</ns3:hr>
            <ns3:cad>0</ns3:cad>
          </ns3:TrackPointExtension>
        </extensions>
      </trkpt>
      <trkpt lat="35.970598496496677398681640625" lon="-81.1100019514560699462890625">
        <ele>542.20001220703125</ele>
        <time>2026-03-31T15:14:44.000Z</time>
        <extensions>
          <ns3:TrackPointExtension>
            <ns3:hr>104</ns3:hr>
            <ns3:cad>0</ns3:cad>
          </ns3:TrackPointExtension>
        </extensions>
      </trkpt>
      <trkpt lat="35.97060243599116802215576171875" lon="-81.11000287346541881561279296875">
        <ele>542.20001220703125</ele>
        <time>2026-03-31T15:14:51.000Z</time>
        <extensions>
          <ns3:TrackPointExtension>
            <ns3:hr>107</ns3:hr>
            <ns3:cad>0</ns3:cad>
          </ns3:TrackPointExtension>
        </extensions>
      </trkpt>
      <trkpt lat="35.970591790974140167236328125" lon="-81.11004419624805450439453125">
        <ele>542.20001220703125</ele>
        <time>2026-03-31T15:14:58.000Z</time>
        <extensions>
          <ns3:TrackPointExtension>
            <ns3:hr>104</ns3:hr>
            <ns3:cad>0</ns3:cad>
          </ns3:TrackPointExtension>
        </extensions>
      </trkpt>
      <trkpt lat="35.970591120421886444091796875" lon="-81.110051572322845458984375">
        <ele>542.20001220703125</ele>
        <time>2026-03-31T15:14:59.000Z</time>
        <extensions>
          <ns3:TrackPointExtension>
            <ns3:hr>103</ns3:hr>
            <ns3:cad>0</ns3:cad>
          </ns3:TrackPointExtension>
        </extensions>
      </trkpt>
      <trkpt lat="35.97058005630970001220703125" lon="-81.11004612408578395843505859375">
        <ele>542</ele>
        <time>2026-03-31T15:15:06.000Z</time>
        <extensions>
          <ns3:TrackPointExtension>
            <ns3:hr>105</ns3:hr>
            <ns3:cad>69</ns3:cad>
          </ns3:TrackPointExtension>
        </extensions>
      </trkpt>
      <trkpt lat="35.97055323421955108642578125" lon="-81.1100671626627445220947265625">
        <ele>541.79998779296875</ele>
        <time>2026-03-31T15:15:12.000Z</time>
        <extensions>
          <ns3:TrackPointExtension>
            <ns3:hr>102</ns3:hr>
            <ns3:cad>0</ns3:cad>
          </ns3:TrackPointExtension>
        </extensions>
      </trkpt>
      <trkpt lat="35.9705399908125400543212890625" lon="-81.1101201362907886505126953125">
        <ele>541.5999755859375</ele>
        <time>2026-03-31T15:15:19.000Z</time>
        <extensions>
          <ns3:TrackPointExtension>
            <ns3:hr>101</ns3:hr>
            <ns3:cad>0</ns3:cad>
          </ns3:TrackPointExtension>
        </extensions>
      </trkpt>
      <trkpt lat="35.97054376266896724700927734375" lon="-81.11012172885239124298095703125">
        <ele>541.4000244140625</ele>
        <time>2026-03-31T15:15:20.000Z</time>
        <extensions>
          <ns3:TrackPointExtension>
            <ns3:hr>101</ns3:hr>
            <ns3:cad>0</ns3:cad>
          </ns3:TrackPointExtension>
        </extensions>
      </trkpt>
      <trkpt lat="35.97054761834442615509033203125" lon="-81.11013798974454402923583984375">
        <ele>541.20001220703125</ele>
        <time>2026-03-31T15:15:28.000Z</time>
        <extensions>
          <ns3:TrackPointExtension>
            <ns3:hr>100</ns3:hr>
            <ns3:cad>0</ns3:cad>
          </ns3:TrackPointExtension>
        </extensions>
      </trkpt>
      <trkpt lat="35.97052498720586299896240234375" lon="-81.110137403011322021484375">
        <ele>540.79998779296875</ele>
        <time>2026-03-31T15:15:37.000Z</time>
        <extensions>
          <ns3:TrackPointExtension>
            <ns3:hr>101</ns3:hr>
            <ns3:cad>0</ns3:cad>
          </ns3:TrackPointExtension>
        </extensions>
      </trkpt>
      <trkpt lat="35.970505289733409881591796875" lon="-81.11012826673686504364013671875">
        <ele>540.79998779296875</ele>
        <time>2026-03-31T15:15:43.000Z</time>
        <extensions>
          <ns3:TrackPointExtension>
            <ns3:hr>100</ns3:hr>
            <ns3:cad>0</ns3:cad>
          </ns3:TrackPointExtension>
        </extensions>
      </trkpt>
      <trkpt lat="35.970504619181156158447265625" lon="-81.1101134307682514190673828125">
        <ele>540.5999755859375</ele>
        <time>2026-03-31T15:15:47.000Z</time>
        <extensions>
          <ns3:TrackPointExtension>
            <ns3:hr>96</ns3:hr>
            <ns3:cad>0</ns3:cad>
          </ns3:TrackPointExtension>
        </extensions>
      </trkpt>
      <trkpt lat="35.97049548290669918060302734375" lon="-81.110099852085113525390625">
        <ele>540.5999755859375</ele>
        <time>2026-03-31T15:15:50.000Z</time>
        <extensions>
          <ns3:TrackPointExtension>
            <ns3:hr>95</ns3:hr>
            <ns3:cad>0</ns3:cad>
          </ns3:TrackPointExtension>
        </extensions>
      </trkpt>
      <trkpt lat="35.97049347124993801116943359375" lon="-81.110097505152225494384765625">
        <ele>540.5999755859375</ele>
        <time>2026-03-31T15:15:52.000Z</time>
        <extensions>
          <ns3:TrackPointExtension>
            <ns3:hr>95</ns3:hr>
            <ns3:cad>0</ns3:cad>
          </ns3:TrackPointExtension>
        </extensions>
      </trkpt>
      <trkpt lat="35.97049196250736713409423828125" lon="-81.11009515821933746337890625">
        <ele>540.20001220703125</ele>
        <time>2026-03-31T15:15:58.000Z</time>
        <extensions>
          <ns3:TrackPointExtension>
            <ns3:hr>95</ns3:hr>
            <ns3:cad>0</ns3:cad>
          </ns3:TrackPointExtension>
        </extensions>
      </trkpt>
      <trkpt lat="35.97049196250736713409423828125" lon="-81.11009515821933746337890625">
        <ele>540.20001220703125</ele>
        <time>2026-03-31T15:16:05.000Z</time>
        <extensions>
          <ns3:TrackPointExtension>
            <ns3:hr>97</ns3:hr>
            <ns3:cad>0</ns3:cad>
          </ns3:TrackPointExtension>
        </extensions>
      </trkpt>
      <trkpt lat="35.97048240713775157928466796875" lon="-81.11008970998227596282958984375">
        <ele>540.20001220703125</ele>
        <time>2026-03-31T15:16:14.000Z</time>
        <extensions>
          <ns3:TrackPointExtension>
            <ns3:hr>97</ns3:hr>
            <ns3:cad>0</ns3:cad>
          </ns3:TrackPointExtension>
        </extensions>
      </trkpt>
      <trkpt lat="35.97046765498816967010498046875" lon="-81.11010722815990447998046875">
        <ele>540.20001220703125</ele>
        <time>2026-03-31T15:16:20.000Z</time>
        <extensions>
          <ns3:TrackPointExtension>
            <ns3:hr>99</ns3:hr>
            <ns3:cad>0</ns3:cad>
          </ns3:TrackPointExtension>
        </extensions>
      </trkpt>
      <trkpt lat="35.97046547569334506988525390625" lon="-81.11012994311749935150146484375">
        <ele>540</ele>
        <time>2026-03-31T15:16:28.000Z</time>
        <extensions>
          <ns3:TrackPointExtension>
            <ns3:hr>96</ns3:hr>
            <ns3:cad>0</ns3:cad>
          </ns3:TrackPointExtension>
        </extensions>
      </trkpt>
      <trkpt lat="35.9704628773033618927001953125" lon="-81.1101653985679149627685546875">
        <ele>539.5999755859375</ele>
        <time>2026-03-31T15:16:31.000Z</time>
        <extensions>
          <ns3:TrackPointExtension>
            <ns3:hr>93</ns3:hr>
            <ns3:cad>0</ns3:cad>
          </ns3:TrackPointExtension>
        </extensions>
      </trkpt>
      <trkpt lat="35.97046832554042339324951171875" lon="-81.110189370810985565185546875">
        <ele>539.5999755859375</ele>
        <time>2026-03-31T15:16:33.000Z</time>
        <extensions>
          <ns3:TrackPointExtension>
            <ns3:hr>92</ns3:hr>
            <ns3:cad>52</ns3:cad>
          </ns3:TrackPointExtension>
        </extensions>
      </trkpt>
      <trkpt lat="35.97050067968666553497314453125" lon="-81.11024779267609119415283203125">
        <ele>540.20001220703125</ele>
        <time>2026-03-31T15:16:39.000Z</time>
        <extensions>
          <ns3:TrackPointExtension>
            <ns3:hr>89</ns3:hr>
            <ns3:cad>71</ns3:cad>
          </ns3:TrackPointExtension>
        </extensions>
      </trkpt>
      <trkpt lat="35.97050101496279239654541015625" lon="-81.1102545820176601409912109375">
        <ele>540.20001220703125</ele>
        <time>2026-03-31T15:16:40.000Z</time>
        <extensions>
          <ns3:TrackPointExtension>
            <ns3:hr>90</ns3:hr>
            <ns3:cad>71</ns3:cad>
          </ns3:TrackPointExtension>
        </extensions>
      </trkpt>
      <trkpt lat="35.9705067984759807586669921875" lon="-81.1103105731308460235595703125">
        <ele>540.4000244140625</ele>
        <time>2026-03-31T15:16:47.000Z</time>
        <extensions>
          <ns3:TrackPointExtension>
            <ns3:hr>92</ns3:hr>
            <ns3:cad>0</ns3:cad>
          </ns3:TrackPointExtension>
        </extensions>
      </trkpt>
      <trkpt lat="35.97051878459751605987548828125" lon="-81.11033898778259754180908203125">
        <ele>540.5999755859375</ele>
        <time>2026-03-31T15:16:52.000Z</time>
        <extensions>
          <ns3:TrackPointExtension>
            <ns3:hr>95</ns3:hr>
            <ns3:cad>0</ns3:cad>
          </ns3:TrackPointExtension>
        </extensions>
      </trkpt>
      <trkpt lat="35.97053269855678081512451171875" lon="-81.110337562859058380126953125">
        <ele>540.5999755859375</ele>
        <time>2026-03-31T15:16:54.000Z</time>
        <extensions>
          <ns3:TrackPointExtension>
            <ns3:hr>95</ns3:hr>
            <ns3:cad>0</ns3:cad>
          </ns3:TrackPointExtension>
        </extensions>
      </trkpt>
      <trkpt lat="35.9705607779324054718017578125" lon="-81.11032909713685512542724609375">
        <ele>540.79998779296875</ele>
        <time>2026-03-31T15:16:58.000Z</time>
        <extensions>
          <ns3:TrackPointExtension>
            <ns3:hr>96</ns3:hr>
            <ns3:cad>0</ns3:cad>
          </ns3:TrackPointExtension>
        </extensions>
      </trkpt>
      <trkpt lat="35.97057309933006763458251953125" lon="-81.11032071523368358612060546875">
        <ele>540.79998779296875</ele>
        <time>2026-03-31T15:17:01.000Z</time>
        <extensions>
          <ns3:TrackPointExtension>
            <ns3:hr>98</ns3:hr>
            <ns3:cad>0</ns3:cad>
          </ns3:TrackPointExtension>
        </extensions>
      </trkpt>
      <trkpt lat="35.97057863138616085052490234375" lon="-81.11032607965171337127685546875">
        <ele>540.5999755859375</ele>
        <time>2026-03-31T15:17:06.000Z</time>
        <extensions>
          <ns3:TrackPointExtension>
            <ns3:hr>97</ns3:hr>
            <ns3:cad>0</ns3:cad>
          </ns3:TrackPointExtension>
        </extensions>
      </trkpt>
      <trkpt lat="35.97057058475911617279052734375" lon="-81.11034384928643703460693359375">
        <ele>540.4000244140625</ele>
        <time>2026-03-31T15:17:08.000Z</time>
        <extensions>
          <ns3:TrackPointExtension>
            <ns3:hr>96</ns3:hr>
            <ns3:cad>0</ns3:cad>
          </ns3:TrackPointExtension>
        </extensions>
      </trkpt>
      <trkpt lat="35.97057460807263851165771484375" lon="-81.11035323701798915863037109375">
        <ele>540.20001220703125</ele>
        <time>2026-03-31T15:17:10.000Z</time>
        <extensions>
          <ns3:TrackPointExtension>
            <ns3:hr>96</ns3:hr>
            <ns3:cad>0</ns3:cad>
          </ns3:TrackPointExtension>
        </extensions>
      </trkpt>
      <trkpt lat="35.97056941129267215728759765625" lon="-81.1103538237512111663818359375">
        <ele>540.20001220703125</ele>
        <time>2026-03-31T15:17:12.000Z</time>
        <extensions>
          <ns3:TrackPointExtension>
            <ns3:hr>96</ns3:hr>
            <ns3:cad>0</ns3:cad>
          </ns3:TrackPointExtension>
        </extensions>
      </trkpt>
      <trkpt lat="35.97054007463157176971435546875" lon="-81.1103491298854351043701171875">
        <ele>540.20001220703125</ele>
        <time>2026-03-31T15:17:16.000Z</time>
        <extensions>
          <ns3:TrackPointExtension>
            <ns3:hr>94</ns3:hr>
            <ns3:cad>0</ns3:cad>
          </ns3:TrackPointExtension>
        </extensions>
      </trkpt>
      <trkpt lat="35.9705244004726409912109375" lon="-81.1103347130119800567626953125">
        <ele>540.4000244140625</ele>
        <time>2026-03-31T15:17:21.000Z</time>
        <extensions>
          <ns3:TrackPointExtension>
            <ns3:hr>91</ns3:hr>
            <ns3:cad>0</ns3:cad>
          </ns3:TrackPointExtension>
        </extensions>
      </trkpt>
      <trkpt lat="35.9705034457147121429443359375" lon="-81.11030973494052886962890625">
        <ele>540.4000244140625</ele>
        <time>2026-03-31T15:17:25.000Z</time>
        <extensions>
          <ns3:TrackPointExtension>
            <ns3:hr>89</ns3:hr>
            <ns3:cad>0</ns3:cad>
          </ns3:TrackPointExtension>
        </extensions>
      </trkpt>
      <trkpt lat="35.97049062140285968780517578125" lon="-81.11031451262533664703369140625">
        <ele>540.4000244140625</ele>
        <time>2026-03-31T15:17:28.000Z</time>
        <extensions>
          <ns3:TrackPointExtension>
            <ns3:hr>92</ns3:hr>
            <ns3:cad>0</ns3:cad>
          </ns3:TrackPointExtension>
        </extensions>
      </trkpt>
      <trkpt lat="35.97047813236713409423828125" lon="-81.11031954176723957061767578125">
        <ele>540.4000244140625</ele>
        <time>2026-03-31T15:17:32.000Z</time>
        <extensions>
          <ns3:TrackPointExtension>
            <ns3:hr>94</ns3:hr>
            <ns3:cad>0</ns3:cad>
          </ns3:TrackPointExtension>
        </extensions>
      </trkpt>
      <trkpt lat="35.97044988535344600677490234375" lon="-81.11033965833485126495361328125">
        <ele>540.4000244140625</ele>
        <time>2026-03-31T15:17:38.000Z</time>
        <extensions>
          <ns3:TrackPointExtension>
            <ns3:hr>91</ns3:hr>
            <ns3:cad>0</ns3:cad>
          </ns3:TrackPointExtension>
        </extensions>
      </trkpt>
      <trkpt lat="35.970452316105365753173828125" lon="-81.11032783985137939453125">
        <ele>540.20001220703125</ele>
        <time>2026-03-31T15:17:40.000Z</time>
        <extensions>
          <ns3:TrackPointExtension>
            <ns3:hr>90</ns3:hr>
            <ns3:cad>0</ns3:cad>
          </ns3:TrackPointExtension>
        </extensions>
      </trkpt>
      <trkpt lat="35.970439910888671875" lon="-81.11030579544603824615478515625">
        <ele>540.20001220703125</ele>
        <time>2026-03-31T15:17:44.000Z</time>
        <extensions>
          <ns3:TrackPointExtension>
            <ns3:hr>93</ns3:hr>
            <ns3:cad>0</ns3:cad>
          </ns3:TrackPointExtension>
        </extensions>
      </trkpt>
      <trkpt lat="35.97044368274509906768798828125" lon="-81.11030110158026218414306640625">
        <ele>540.20001220703125</ele>
        <time>2026-03-31T15:17:48.000Z</time>
        <extensions>
          <ns3:TrackPointExtension>
            <ns3:hr>92</ns3:hr>
            <ns3:cad>0</ns3:cad>
          </ns3:TrackPointExtension>
        </extensions>
      </trkpt>
      <trkpt lat="35.97041468136012554168701171875" lon="-81.11030177213251590728759765625">
        <ele>539.79998779296875</ele>
        <time>2026-03-31T15:17:57.000Z</time>
        <extensions>
          <ns3:TrackPointExtension>
            <ns3:hr>91</ns3:hr>
            <ns3:cad>0</ns3:cad>
          </ns3:TrackPointExtension>
        </extensions>
      </trkpt>
      <trkpt lat="35.970381237566471099853515625" lon="-81.110316105186939239501953125">
        <ele>539.5999755859375</ele>
        <time>2026-03-31T15:18:06.000Z</time>
        <extensions>
          <ns3:TrackPointExtension>
            <ns3:hr>91</ns3:hr>
            <ns3:cad>0</ns3:cad>
          </ns3:TrackPointExtension>
        </extensions>
      </trkpt>
      <trkpt lat="35.97038031555712223052978515625" lon="-81.110322810709476470947265625">
        <ele>539.4000244140625</ele>
        <time>2026-03-31T15:18:08.000Z</time>
        <extensions>
          <ns3:TrackPointExtension>
            <ns3:hr>91</ns3:hr>
            <ns3:cad>0</ns3:cad>
          </ns3:TrackPointExtension>
        </extensions>
      </trkpt>
      <trkpt lat="35.97036472521722316741943359375" lon="-81.11034569330513477325439453125">
        <ele>539.4000244140625</ele>
        <time>2026-03-31T15:18:13.000Z</time>
        <extensions>
          <ns3:TrackPointExtension>
            <ns3:hr>93</ns3:hr>
            <ns3:cad>0</ns3:cad>
          </ns3:TrackPointExtension>
        </extensions>
      </trkpt>
      <trkpt lat="35.97040177322924137115478515625" lon="-81.11032180488109588623046875">
        <ele>539.79998779296875</ele>
        <time>2026-03-31T15:18:21.000Z</time>
        <extensions>
          <ns3:TrackPointExtension>
            <ns3:hr>94</ns3:hr>
            <ns3:cad>0</ns3:cad>
          </ns3:TrackPointExtension>
        </extensions>
      </trkpt>
      <trkpt lat="35.9703971631824970245361328125" lon="-81.1102433502674102783203125">
        <ele>539.5999755859375</ele>
        <time>2026-03-31T15:18:29.000Z</time>
        <extensions>
          <ns3:TrackPointExtension>
            <ns3:hr>95</ns3:hr>
            <ns3:cad>0</ns3:cad>
          </ns3:TrackPointExtension>
        </extensions>
      </trkpt>
      <trkpt lat="35.97037143073976039886474609375" lon="-81.1102076433598995208740234375">
        <ele>539.4000244140625</ele>
        <time>2026-03-31T15:18:36.000Z</time>
        <extensions>
          <ns3:TrackPointExtension>
            <ns3:hr>94</ns3:hr>
            <ns3:cad>60</ns3:cad>
          </ns3:TrackPointExtension>
        </extensions>
      </trkpt>
      <trkpt lat="35.9703586064279079437255859375" lon="-81.1101610399782657623291015625">
        <ele>539.20001220703125</ele>
        <time>2026-03-31T15:18:45.000Z</time>
        <extensions>
          <ns3:TrackPointExtension>
            <ns3:hr>95</ns3:hr>
            <ns3:cad>69</ns3:cad>
          </ns3:TrackPointExtension>
        </extensions>
      </trkpt>
      <trkpt lat="35.97034779377281665802001953125" lon="-81.1101613752543926239013671875">
        <ele>539.20001220703125</ele>
        <time>2026-03-31T15:18:48.000Z</time>
        <extensions>
          <ns3:TrackPointExtension>
            <ns3:hr>98</ns3:hr>
            <ns3:cad>0</ns3:cad>
          </ns3:TrackPointExtension>
        </extensions>
      </trkpt>
      <trkpt lat="35.970345698297023773193359375" lon="-81.1101731099188327789306640625">
        <ele>539.4000244140625</ele>
        <time>2026-03-31T15:18:52.000Z</time>
        <extensions>
          <ns3:TrackPointExtension>
            <ns3:hr>99</ns3:hr>
            <ns3:cad>0</ns3:cad>
          </ns3:TrackPointExtension>
        </extensions>
      </trkpt>
      <trkpt lat="35.97031652927398681640625" lon="-81.11017151735723018646240234375">
        <ele>539.4000244140625</ele>
        <time>2026-03-31T15:19:01.000Z</time>
        <extensions>
          <ns3:TrackPointExtension>
            <ns3:hr>99</ns3:hr>
            <ns3:cad>0</ns3:cad>
          </ns3:TrackPointExtension>
        </extensions>
      </trkpt>
      <trkpt lat="35.97032113932073116302490234375" lon="-81.110176630318164825439453125">
        <ele>539</ele>
        <time>2026-03-31T15:19:12.000Z</time>
        <extensions>
          <ns3:TrackPointExtension>
            <ns3:hr>98</ns3:hr>
            <ns3:cad>0</ns3:cad>
          </ns3:TrackPointExtension>
        </extensions>
      </trkpt>
      <trkpt lat="35.97032113932073116302490234375" lon="-81.110176630318164825439453125">
        <ele>539</ele>
        <time>2026-03-31T15:19:13.000Z</time>
        <extensions>
          <ns3:TrackPointExtension>
            <ns3:hr>101</ns3:hr>
            <ns3:cad>0</ns3:cad>
          </ns3:TrackPointExtension>
        </extensions>
      </trkpt>
      <trkpt lat="35.97032113932073116302490234375" lon="-81.110176630318164825439453125">
        <ele>539.20001220703125</ele>
        <time>2026-03-31T15:19:15.000Z</time>
        <extensions>
          <ns3:TrackPointExtension>
            <ns3:hr>104</ns3:hr>
            <ns3:cad>0</ns3:cad>
          </ns3:TrackPointExtension>
        </extensions>
      </trkpt>
      <trkpt lat="35.97032113932073116302490234375" lon="-81.110176630318164825439453125">
        <ele>539.20001220703125</ele>
        <time>2026-03-31T15:19:20.000Z</time>
        <extensions>
          <ns3:TrackPointExtension>
            <ns3:hr>100</ns3:hr>
            <ns3:cad>0</ns3:cad>
          </ns3:TrackPointExtension>
        </extensions>
      </trkpt>
      <trkpt lat="35.97032113932073116302490234375" lon="-81.110176630318164825439453125">
        <ele>539.5999755859375</ele>
        <time>2026-03-31T15:19:39.000Z</time>
        <extensions>
          <ns3:TrackPointExtension>
            <ns3:hr>99</ns3:hr>
            <ns3:cad>0</ns3:cad>
          </ns3:TrackPointExtension>
        </extensions>
      </trkpt>
      <trkpt lat="35.97032583318650722503662109375" lon="-81.1101762950420379638671875">
        <ele>539.79998779296875</ele>
        <time>2026-03-31T15:19:59.000Z</time>
        <extensions>
          <ns3:TrackPointExtension>
            <ns3:hr>100</ns3:hr>
            <ns3:cad>0</ns3:cad>
          </ns3:TrackPointExtension>
        </extensions>
      </trkpt>
      <trkpt lat="35.97030378878116607666015625" lon="-81.11019951291382312774658203125">
        <ele>539.79998779296875</ele>
        <time>2026-03-31T15:20:08.000Z</time>
        <extensions>
          <ns3:TrackPointExtension>
            <ns3:hr>99</ns3:hr>
            <ns3:cad>0</ns3:cad>
          </ns3:TrackPointExtension>
        </extensions>
      </trkpt>
      <trkpt lat="35.97028392367064952850341796875" lon="-81.11021208576858043670654296875">
        <ele>539.4000244140625</ele>
        <time>2026-03-31T15:20:14.000Z</time>
        <extensions>
          <ns3:TrackPointExtension>
            <ns3:hr>102</ns3:hr>
            <ns3:cad>70</ns3:cad>
          </ns3:TrackPointExtension>
        </extensions>
      </trkpt>
      <trkpt lat="35.970277972519397735595703125" lon="-81.110225580632686614990234375">
        <ele>539.5999755859375</ele>
        <time>2026-03-31T15:20:16.000Z</time>
        <extensions>
          <ns3:TrackPointExtension>
            <ns3:hr>102</ns3:hr>
            <ns3:cad>70</ns3:cad>
          </ns3:TrackPointExtension>
        </extensions>
      </trkpt>
      <trkpt lat="35.97025006078183650970458984375" lon="-81.110263131558895111083984375">
        <ele>539.4000244140625</ele>
        <time>2026-03-31T15:20:21.000Z</time>
        <extensions>
          <ns3:TrackPointExtension>
            <ns3:hr>101</ns3:hr>
            <ns3:cad>68</ns3:cad>
          </ns3:TrackPointExtension>
        </extensions>
      </trkpt>
      <trkpt lat="35.970222651958465576171875" lon="-81.1102951504290103912353515625">
        <ele>539.20001220703125</ele>
        <time>2026-03-31T15:20:28.000Z</time>
        <extensions>
          <ns3:TrackPointExtension>
            <ns3:hr>103</ns3:hr>
            <ns3:cad>68</ns3:cad>
          </ns3:TrackPointExtension>
        </extensions>
      </trkpt>
      <trkpt lat="35.97020882181823253631591796875" lon="-81.1103219725191593170166015625">
        <ele>538.79998779296875</ele>
        <time>2026-03-31T15:20:33.000Z</time>
        <extensions>
          <ns3:TrackPointExtension>
            <ns3:hr>100</ns3:hr>
            <ns3:cad>0</ns3:cad>
          </ns3:TrackPointExtension>
        </extensions>
      </trkpt>
      <trkpt lat="35.9702050499618053436279296875" lon="-81.11032574437558650970458984375">
        <ele>538.79998779296875</ele>
        <time>2026-03-31T15:20:35.000Z</time>
        <extensions>
          <ns3:TrackPointExtension>
            <ns3:hr>92</ns3:hr>
            <ns3:cad>67</ns3:cad>
          </ns3:TrackPointExtension>
        </extensions>
      </trkpt>
      <trkpt lat="35.97019524313509464263916015625" lon="-81.11032574437558650970458984375">
        <ele>538.5999755859375</ele>
        <time>2026-03-31T15:20:37.000Z</time>
        <extensions>
          <ns3:TrackPointExtension>
            <ns3:hr>89</ns3:hr>
            <ns3:cad>67</ns3:cad>
          </ns3:TrackPointExtension>
        </extensions>
      </trkpt>
      <trkpt lat="35.97017043270170688629150390625" lon="-81.11032985150814056396484375">
        <ele>538.4000244140625</ele>
        <time>2026-03-31T15:20:40.000Z</time>
        <extensions>
          <ns3:TrackPointExtension>
            <ns3:hr>90</ns3:hr>
            <ns3:cad>65</ns3:cad>
          </ns3:TrackPointExtension>
        </extensions>
      </trkpt>
      <trkpt lat="35.970158278942108154296875" lon="-81.11033429391682147979736328125">
        <ele>538</ele>
        <time>2026-03-31T15:20:44.000Z</time>
        <extensions>
          <ns3:TrackPointExtension>
            <ns3:hr>91</ns3:hr>
            <ns3:cad>65</ns3:cad>
          </ns3:TrackPointExtension>
        </extensions>
      </trkpt>
      <trkpt lat="35.9701202251017093658447265625" lon="-81.11037117429077625274658203125">
        <ele>537.4000244140625</ele>
        <time>2026-03-31T15:20:51.000Z</time>
        <extensions>
          <ns3:TrackPointExtension>
            <ns3:hr>90</ns3:hr>
            <ns3:cad>0</ns3:cad>
          </ns3:TrackPointExtension>
        </extensions>
      </trkpt>
      <trkpt lat="35.9701140224933624267578125" lon="-81.11038005910813808441162109375">
        <ele>537.20001220703125</ele>
        <time>2026-03-31T15:20:52.000Z</time>
        <extensions>
          <ns3:TrackPointExtension>
            <ns3:hr>90</ns3:hr>
            <ns3:cad>0</ns3:cad>
          </ns3:TrackPointExtension>
        </extensions>
      </trkpt>
      <trkpt lat="35.97007370553910732269287109375" lon="-81.11039866693317890167236328125">
        <ele>537</ele>
        <time>2026-03-31T15:20:59.000Z</time>
        <extensions>
          <ns3:TrackPointExtension>
            <ns3:hr>90</ns3:hr>
            <ns3:cad>61</ns3:cad>
          </ns3:TrackPointExtension>
        </extensions>
      </trkpt>
      <trkpt lat="35.97003833390772342681884765625" lon="-81.1104135029017925262451171875">
        <ele>536.4000244140625</ele>
        <time>2026-03-31T15:21:06.000Z</time>
        <extensions>
          <ns3:TrackPointExtension>
            <ns3:hr>89</ns3:hr>
            <ns3:cad>0</ns3:cad>
          </ns3:TrackPointExtension>
        </extensions>
      </trkpt>
      <trkpt lat="35.97001436166465282440185546875" lon="-81.11040084622800350189208984375">
        <ele>536.20001220703125</ele>
        <time>2026-03-31T15:21:11.000Z</time>
        <extensions>
          <ns3:TrackPointExtension>
            <ns3:hr>90</ns3:hr>
            <ns3:cad>0</ns3:cad>
          </ns3:TrackPointExtension>
        </extensions>
      </trkpt>
      <trkpt lat="35.969997681677341461181640625" lon="-81.1104061268270015716552734375">
        <ele>536</ele>
        <time>2026-03-31T15:21:14.000Z</time>
        <extensions>
          <ns3:TrackPointExtension>
            <ns3:hr>90</ns3:hr>
            <ns3:cad>65</ns3:cad>
          </ns3:TrackPointExtension>
        </extensions>
      </trkpt>
      <trkpt lat="35.969980247318744659423828125" lon="-81.1104731820523738861083984375">
        <ele>535.4000244140625</ele>
        <time>2026-03-31T15:21:21.000Z</time>
        <extensions>
          <ns3:TrackPointExtension>
            <ns3:hr>88</ns3:hr>
            <ns3:cad>65</ns3:cad>
          </ns3:TrackPointExtension>
        </extensions>
      </trkpt>
      <trkpt lat="35.969976224005222320556640625" lon="-81.11048148013651371002197265625">
        <ele>535.20001220703125</ele>
        <time>2026-03-31T15:21:23.000Z</time>
        <extensions>
          <ns3:TrackPointExtension>
            <ns3:hr>88</ns3:hr>
            <ns3:cad>68</ns3:cad>
          </ns3:TrackPointExtension>
        </extensions>
      </trkpt>
      <trkpt lat="35.96995568834245204925537109375" lon="-81.110506542026996612548828125">
        <ele>534.79998779296875</ele>
        <time>2026-03-31T15:21:28.000Z</time>
        <extensions>
          <ns3:TrackPointExtension>
            <ns3:hr>90</ns3:hr>
            <ns3:cad>69</ns3:cad>
          </ns3:TrackPointExtension>
        </extensions>
      </trkpt>
      <trkpt lat="35.96994571387767791748046875" lon="-81.11051282845437526702880859375">
        <ele>534.5999755859375</ele>
        <time>2026-03-31T15:21:30.000Z</time>
        <extensions>
          <ns3:TrackPointExtension>
            <ns3:hr>93</ns3:hr>
            <ns3:cad>0</ns3:cad>
          </ns3:TrackPointExtension>
        </extensions>
      </trkpt>
      <trkpt lat="35.96993230283260345458984375" lon="-81.11054015345871448516845703125">
        <ele>534.4000244140625</ele>
        <time>2026-03-31T15:21:34.000Z</time>
        <extensions>
          <ns3:TrackPointExtension>
            <ns3:hr>96</ns3:hr>
            <ns3:cad>0</ns3:cad>
          </ns3:TrackPointExtension>
        </extensions>
      </trkpt>
      <trkpt lat="35.9699316322803497314453125" lon="-81.11054308712482452392578125">
        <ele>534.20001220703125</ele>
        <time>2026-03-31T15:21:35.000Z</time>
        <extensions>
          <ns3:TrackPointExtension>
            <ns3:hr>96</ns3:hr>
            <ns3:cad>0</ns3:cad>
          </ns3:TrackPointExtension>
        </extensions>
      </trkpt>
      <trkpt lat="35.96993230283260345458984375" lon="-81.11054853536188602447509765625">
        <ele>534.20001220703125</ele>
        <time>2026-03-31T15:21:37.000Z</time>
        <extensions>
          <ns3:TrackPointExtension>
            <ns3:hr>99</ns3:hr>
            <ns3:cad>0</ns3:cad>
          </ns3:TrackPointExtension>
        </extensions>
      </trkpt>
      <trkpt lat="35.9699986875057220458984375" lon="-81.1105888523161411285400390625">
        <ele>534.20001220703125</ele>
        <time>2026-03-31T15:21:43.000Z</time>
        <extensions>
          <ns3:TrackPointExtension>
            <ns3:hr>97</ns3:hr>
            <ns3:cad>0</ns3:cad>
          </ns3:TrackPointExtension>
        </extensions>
      </trkpt>
      <trkpt lat="35.97004185430705547332763671875" lon="-81.11056898720562458038330078125">
        <ele>534.5999755859375</ele>
        <time>2026-03-31T15:21:50.000Z</time>
        <extensions>
          <ns3:TrackPointExtension>
            <ns3:hr>97</ns3:hr>
            <ns3:cad>69</ns3:cad>
          </ns3:TrackPointExtension>
        </extensions>
      </trkpt>
      <trkpt lat="35.97008024342358112335205078125" lon="-81.11055557616055011749267578125">
        <ele>535</ele>
        <time>2026-03-31T15:21:56.000Z</time>
        <extensions>
          <ns3:TrackPointExtension>
            <ns3:hr>98</ns3:hr>
            <ns3:cad>60</ns3:cad>
          </ns3:TrackPointExtension>
        </extensions>
      </trkpt>
      <trkpt lat="35.97009516321122646331787109375" lon="-81.11055239103734493255615234375">
        <ele>535.20001220703125</ele>
        <time>2026-03-31T15:21:58.000Z</time>
        <extensions>
          <ns3:TrackPointExtension>
            <ns3:hr>99</ns3:hr>
            <ns3:cad>60</ns3:cad>
          </ns3:TrackPointExtension>
        </extensions>
      </trkpt>
      <trkpt lat="35.9701327979564666748046875" lon="-81.11055113375186920166015625">
        <ele>535.20001220703125</ele>
        <time>2026-03-31T15:22:03.000Z</time>
        <extensions>
          <ns3:TrackPointExtension>
            <ns3:hr>100</ns3:hr>
            <ns3:cad>68</ns3:cad>
          </ns3:TrackPointExtension>
        </extensions>
      </trkpt>
      <trkpt lat="35.970149897038936614990234375" lon="-81.1105580069124698638916015625">
        <ele>535.4000244140625</ele>
        <time>2026-03-31T15:22:07.000Z</time>
        <extensions>
          <ns3:TrackPointExtension>
            <ns3:hr>101</ns3:hr>
            <ns3:cad>67</ns3:cad>
          </ns3:TrackPointExtension>
        </extensions>
      </trkpt>
      <trkpt lat="35.970159955322742462158203125" lon="-81.11057301051914691925048828125">
        <ele>535.5999755859375</ele>
        <time>2026-03-31T15:22:09.000Z</time>
        <extensions>
          <ns3:TrackPointExtension>
            <ns3:hr>104</ns3:hr>
            <ns3:cad>67</ns3:cad>
          </ns3:TrackPointExtension>
        </extensions>
      </trkpt>
      <trkpt lat="35.97016707994043827056884765625" lon="-81.110579632222652435302734375">
        <ele>535.5999755859375</ele>
        <time>2026-03-31T15:22:10.000Z</time>
        <extensions>
          <ns3:TrackPointExtension>
            <ns3:hr>107</ns3:hr>
            <ns3:cad>66</ns3:cad>
          </ns3:TrackPointExtension>
        </extensions>
      </trkpt>
      <trkpt lat="35.9701825864613056182861328125" lon="-81.11059446819126605987548828125">
        <ele>535.79998779296875</ele>
        <time>2026-03-31T15:22:15.000Z</time>
        <extensions>
          <ns3:TrackPointExtension>
            <ns3:hr>110</ns3:hr>
            <ns3:cad>0</ns3:cad>
          </ns3:TrackPointExtension>
        </extensions>
      </trkpt>
      <trkpt lat="35.970190465450286865234375" lon="-81.1105818115174770355224609375">
        <ele>536</ele>
        <time>2026-03-31T15:22:23.000Z</time>
        <extensions>
          <ns3:TrackPointExtension>
            <ns3:hr>111</ns3:hr>
            <ns3:cad>0</ns3:cad>
          </ns3:TrackPointExtension>
        </extensions>
      </trkpt>
      <trkpt lat="35.97019071690738201141357421875" lon="-81.11057669855654239654541015625">
        <ele>536.20001220703125</ele>
        <time>2026-03-31T15:22:25.000Z</time>
        <extensions>
          <ns3:TrackPointExtension>
            <ns3:hr>110</ns3:hr>
            <ns3:cad>0</ns3:cad>
          </ns3:TrackPointExtension>
        </extensions>
      </trkpt>
      <trkpt lat="35.97018334083259105682373046875" lon="-81.1105271615087985992431640625">
        <ele>536.4000244140625</ele>
        <time>2026-03-31T15:22:30.000Z</time>
        <extensions>
          <ns3:TrackPointExtension>
            <ns3:hr>111</ns3:hr>
            <ns3:cad>0</ns3:cad>
          </ns3:TrackPointExtension>
        </extensions>
      </trkpt>
      <trkpt lat="35.9701386652886867523193359375" lon="-81.11053260974586009979248046875">
        <ele>536</ele>
        <time>2026-03-31T15:22:37.000Z</time>
        <extensions>
          <ns3:TrackPointExtension>
            <ns3:hr>111</ns3:hr>
            <ns3:cad>0</ns3:cad>
          </ns3:TrackPointExtension>
        </extensions>
      </trkpt>
      <trkpt lat="35.9700776450335979461669921875" lon="-81.1105549894273281097412109375">
        <ele>535.20001220703125</ele>
        <time>2026-03-31T15:22:44.000Z</time>
        <extensions>
          <ns3:TrackPointExtension>
            <ns3:hr>108</ns3:hr>
            <ns3:cad>74</ns3:cad>
          </ns3:TrackPointExtension>
        </extensions>
      </trkpt>
      <trkpt lat="35.9700711071491241455078125" lon="-81.1105546541512012481689453125">
        <ele>535</ele>
        <time>2026-03-31T15:22:45.000Z</time>
        <extensions>
          <ns3:TrackPointExtension>
            <ns3:hr>108</ns3:hr>
            <ns3:cad>74</ns3:cad>
          </ns3:TrackPointExtension>
        </extensions>
      </trkpt>
      <trkpt lat="35.97003146074712276458740234375" lon="-81.110557503998279571533203125">
        <ele>534.4000244140625</ele>
        <time>2026-03-31T15:22:51.000Z</time>
        <extensions>
          <ns3:TrackPointExtension>
            <ns3:hr>105</ns3:hr>
            <ns3:cad>0</ns3:cad>
          </ns3:TrackPointExtension>
        </extensions>
      </trkpt>
      <trkpt lat="35.97000950016081333160400390625" lon="-81.11056261695921421051025390625">
        <ele>534</ele>
        <time>2026-03-31T15:22:55.000Z</time>
        <extensions>
          <ns3:TrackPointExtension>
            <ns3:hr>103</ns3:hr>
            <ns3:cad>40</ns3:cad>
          </ns3:TrackPointExtension>
        </extensions>
      </trkpt>
      <trkpt lat="35.96998418681323528289794921875" lon="-81.110560856759548187255859375">
        <ele>533.79998779296875</ele>
        <time>2026-03-31T15:22:58.000Z</time>
        <extensions>
          <ns3:TrackPointExtension>
            <ns3:hr>104</ns3:hr>
            <ns3:cad>80</ns3:cad>
          </ns3:TrackPointExtension>
        </extensions>
      </trkpt>
      <trkpt lat="35.96992517821490764617919921875" lon="-81.1105482839047908782958984375">
        <ele>532.79998779296875</ele>
        <time>2026-03-31T15:23:06.000Z</time>
        <extensions>
          <ns3:TrackPointExtension>
            <ns3:hr>103</ns3:hr>
            <ns3:cad>76</ns3:cad>
          </ns3:TrackPointExtension>
        </extensions>
      </trkpt>
      <trkpt lat="35.96991528756916522979736328125" lon="-81.1105445958673954010009765625">
        <ele>532.5999755859375</ele>
        <time>2026-03-31T15:23:08.000Z</time>
        <extensions>
          <ns3:TrackPointExtension>
            <ns3:hr>102</ns3:hr>
            <ns3:cad>75</ns3:cad>
          </ns3:TrackPointExtension>
        </extensions>
      </trkpt>
      <trkpt lat="35.96985192038118839263916015625" lon="-81.1105637066066265106201171875">
        <ele>531.79998779296875</ele>
        <time>2026-03-31T15:23:15.000Z</time>
        <extensions>
          <ns3:TrackPointExtension>
            <ns3:hr>101</ns3:hr>
            <ns3:cad>75</ns3:cad>
          </ns3:TrackPointExtension>
        </extensions>
      </trkpt>
      <trkpt lat="35.969836413860321044921875" lon="-81.1105811409652233123779296875">
        <ele>531.4000244140625</ele>
        <time>2026-03-31T15:23:17.000Z</time>
        <extensions>
          <ns3:TrackPointExtension>
            <ns3:hr>100</ns3:hr>
            <ns3:cad>75</ns3:cad>
          </ns3:TrackPointExtension>
        </extensions>
      </trkpt>
      <trkpt lat="35.96981990151107311248779296875" lon="-81.11062983982264995574951171875">
        <ele>531</ele>
        <time>2026-03-31T15:23:21.000Z</time>
        <extensions>
          <ns3:TrackPointExtension>
            <ns3:hr>97</ns3:hr>
            <ns3:cad>0</ns3:cad>
          </ns3:TrackPointExtension>
        </extensions>
      </trkpt>
      <trkpt lat="35.96978721208870410919189453125" lon="-81.11068122088909149169921875">
        <ele>531</ele>
        <time>2026-03-31T15:23:26.000Z</time>
        <extensions>
          <ns3:TrackPointExtension>
            <ns3:hr>96</ns3:hr>
            <ns3:cad>65</ns3:cad>
          </ns3:TrackPointExtension>
        </extensions>
      </trkpt>
      <trkpt lat="35.9697519242763519287109375" lon="-81.11069052480161190032958984375">
        <ele>530.5999755859375</ele>
        <time>2026-03-31T15:23:33.000Z</time>
        <extensions>
          <ns3:TrackPointExtension>
            <ns3:hr>94</ns3:hr>
            <ns3:cad>69</ns3:cad>
          </ns3:TrackPointExtension>
        </extensions>
      </trkpt>
      <trkpt lat="35.969740189611911773681640625" lon="-81.11070594750344753265380859375">
        <ele>530.4000244140625</ele>
        <time>2026-03-31T15:23:35.000Z</time>
        <extensions>
          <ns3:TrackPointExtension>
            <ns3:hr>94</ns3:hr>
            <ns3:cad>68</ns3:cad>
          </ns3:TrackPointExtension>
        </extensions>
      </trkpt>
      <trkpt lat="35.96974882297217845916748046875" lon="-81.11071667633950710296630859375">
        <ele>530.20001220703125</ele>
        <time>2026-03-31T15:23:42.000Z</time>
        <extensions>
          <ns3:TrackPointExtension>
            <ns3:hr>94</ns3:hr>
            <ns3:cad>0</ns3:cad>
          </ns3:TrackPointExtension>
        </extensions>
      </trkpt>
      <trkpt lat="35.96975418739020824432373046875" lon="-81.11071684397757053375244140625">
        <ele>530.20001220703125</ele>
        <time>2026-03-31T15:23:50.000Z</time>
        <extensions>
          <ns3:TrackPointExtension>
            <ns3:hr>91</ns3:hr>
            <ns3:cad>0</ns3:cad>
          </ns3:TrackPointExtension>
        </extensions>
      </trkpt>
      <trkpt lat="35.96975418739020824432373046875" lon="-81.11071684397757053375244140625">
        <ele>530.20001220703125</ele>
        <time>2026-03-31T15:23:52.000Z</time>
        <extensions>
          <ns3:TrackPointExtension>
            <ns3:hr>88</ns3:hr>
            <ns3:cad>0</ns3:cad>
          </ns3:TrackPointExtension>
        </extensions>
      </trkpt>
      <trkpt lat="35.96972971223294734954833984375" lon="-81.11073612235486507415771484375">
        <ele>530.4000244140625</ele>
        <time>2026-03-31T15:23:55.000Z</time>
        <extensions>
          <ns3:TrackPointExtension>
            <ns3:hr>85</ns3:hr>
            <ns3:cad>0</ns3:cad>
          </ns3:TrackPointExtension>
        </extensions>
      </trkpt>
      <trkpt lat="35.96971378661692142486572265625" lon="-81.1107387207448482513427734375">
        <ele>530.20001220703125</ele>
        <time>2026-03-31T15:23:59.000Z</time>
        <extensions>
          <ns3:TrackPointExtension>
            <ns3:hr>84</ns3:hr>
            <ns3:cad>47</ns3:cad>
          </ns3:TrackPointExtension>
        </extensions>
      </trkpt>
      <trkpt lat="35.96969534642994403839111328125" lon="-81.11074626445770263671875">
        <ele>529.5999755859375</ele>
        <time>2026-03-31T15:24:03.000Z</time>
        <extensions>
          <ns3:TrackPointExtension>
            <ns3:hr>84</ns3:hr>
            <ns3:cad>47</ns3:cad>
          </ns3:TrackPointExtension>
        </extensions>
      </trkpt>
      <trkpt lat="35.9697036445140838623046875" lon="-81.110725142061710357666015625">
        <ele>528.79998779296875</ele>
        <time>2026-03-31T15:24:08.000Z</time>
        <extensions>
          <ns3:TrackPointExtension>
            <ns3:hr>84</ns3:hr>
            <ns3:cad>49</ns3:cad>
          </ns3:TrackPointExtension>
        </extensions>
      </trkpt>
      <trkpt lat="35.9696847014129161834716796875" lon="-81.11070108599960803985595703125">
        <ele>528.5999755859375</ele>
        <time>2026-03-31T15:24:12.000Z</time>
        <extensions>
          <ns3:TrackPointExtension>
            <ns3:hr>86</ns3:hr>
            <ns3:cad>48</ns3:cad>
          </ns3:TrackPointExtension>
        </extensions>
      </trkpt>
      <trkpt lat="35.96964572556316852569580078125" lon="-81.11066789366304874420166015625">
        <ele>528.4000244140625</ele>
        <time>2026-03-31T15:24:15.000Z</time>
        <extensions>
          <ns3:TrackPointExtension>
            <ns3:hr>87</ns3:hr>
            <ns3:cad>47</ns3:cad>
          </ns3:TrackPointExtension>
        </extensions>
      </trkpt>
      <trkpt lat="35.96962091512978076934814453125" lon="-81.11065112985670566558837890625">
        <ele>528.20001220703125</ele>
        <time>2026-03-31T15:24:22.000Z</time>
        <extensions>
          <ns3:TrackPointExtension>
            <ns3:hr>86</ns3:hr>
            <ns3:cad>0</ns3:cad>
          </ns3:TrackPointExtension>
        </extensions>
      </trkpt>
      <trkpt lat="35.96962745301425457000732421875" lon="-81.11067510209977626800537109375">
        <ele>528.4000244140625</ele>
        <time>2026-03-31T15:24:31.000Z</time>
        <extensions>
          <ns3:TrackPointExtension>
            <ns3:hr>86</ns3:hr>
            <ns3:cad>0</ns3:cad>
          </ns3:TrackPointExtension>
        </extensions>
      </trkpt>
      <trkpt lat="35.96961622126400470733642578125" lon="-81.11068398691713809967041015625">
        <ele>528.5999755859375</ele>
        <time>2026-03-31T15:24:38.000Z</time>
        <extensions>
          <ns3:TrackPointExtension>
            <ns3:hr>86</ns3:hr>
            <ns3:cad>0</ns3:cad>
          </ns3:TrackPointExtension>
        </extensions>
      </trkpt>
      <trkpt lat="35.9696059115231037139892578125" lon="-81.11065213568508625030517578125">
        <ele>528.5999755859375</ele>
        <time>2026-03-31T15:24:45.000Z</time>
        <extensions>
          <ns3:TrackPointExtension>
            <ns3:hr>86</ns3:hr>
            <ns3:cad>0</ns3:cad>
          </ns3:TrackPointExtension>
        </extensions>
      </trkpt>
      <trkpt lat="35.96959996037185192108154296875" lon="-81.110684908926486968994140625">
        <ele>528.79998779296875</ele>
        <time>2026-03-31T15:24:52.000Z</time>
        <extensions>
          <ns3:TrackPointExtension>
            <ns3:hr>86</ns3:hr>
            <ns3:cad>0</ns3:cad>
          </ns3:TrackPointExtension>
        </extensions>
      </trkpt>
      <trkpt lat="35.969595350325107574462890625" lon="-81.11068298108875751495361328125">
        <ele>529.4000244140625</ele>
        <time>2026-03-31T15:25:00.000Z</time>
        <extensions>
          <ns3:TrackPointExtension>
            <ns3:hr>87</ns3:hr>
            <ns3:cad>0</ns3:cad>
          </ns3:TrackPointExtension>
        </extensions>
      </trkpt>
      <trkpt lat="35.96960297785699367523193359375" lon="-81.1106766946613788604736328125">
        <ele>529.4000244140625</ele>
        <time>2026-03-31T15:25:07.000Z</time>
        <extensions>
          <ns3:TrackPointExtension>
            <ns3:hr>88</ns3:hr>
            <ns3:cad>0</ns3:cad>
          </ns3:TrackPointExtension>
        </extensions>
      </trkpt>
    </trkseg>
  </trk>
</gpx>
