<?xml version="1.0" encoding="UTF-8"?>
<gpx creator="Garmin Connect" version="1.1"
  xsi:schemaLocation="http://www.topografix.com/GPX/1/1 http://www.topografix.com/GPX/11.xsd"
  xmlns:ns3="http://www.garmin.com/xmlschemas/TrackPointExtension/v1"
  xmlns="http://www.topografix.com/GPX/1/1"
  xmlns:xsi="http://www.w3.org/2001/XMLSchema-instance" xmlns:ns2="http://www.garmin.com/xmlschemas/GpxExtensions/v3">
  <metadata>
    <link href="connect.garmin.com">
      <text>Garmin Connect</text>
    </link>
    <time>2026-03-30T19:52:20.000Z</time>
  </metadata>
  <trk>
    <name>Alexander County Hiking</name>
    <type>hiking</type>
    <trkseg>
      <trkpt lat="35.97141363658010959625244140625" lon="-81.10984428785741329193115234375">
        <ele>542.4000244140625</ele>
        <time>2026-03-30T19:52:39.000Z</time>
        <extensions>
          <ns3:TrackPointExtension>
            <ns3:hr>110</ns3:hr>
            <ns3:cad>0</ns3:cad>
          </ns3:TrackPointExtension>
        </extensions>
      </trkpt>
      <trkpt lat="35.971399135887622833251953125" lon="-81.10981352627277374267578125">
        <ele>542.20001220703125</ele>
        <time>2026-03-30T19:52:42.000Z</time>
        <extensions>
          <ns3:TrackPointExtension>
            <ns3:hr>107</ns3:hr>
            <ns3:cad>0</ns3:cad>
          </ns3:TrackPointExtension>
        </extensions>
      </trkpt>
      <trkpt lat="35.97140223719179630279541015625" lon="-81.1098180525004863739013671875">
        <ele>542.20001220703125</ele>
        <time>2026-03-30T19:52:47.000Z</time>
        <extensions>
          <ns3:TrackPointExtension>
            <ns3:hr>109</ns3:hr>
            <ns3:cad>0</ns3:cad>
          </ns3:TrackPointExtension>
        </extensions>
      </trkpt>
      <trkpt lat="35.97141447477042675018310546875" lon="-81.10982827842235565185546875">
        <ele>542</ele>
        <time>2026-03-30T19:52:52.000Z</time>
        <extensions>
          <ns3:TrackPointExtension>
            <ns3:hr>112</ns3:hr>
            <ns3:cad>0</ns3:cad>
          </ns3:TrackPointExtension>
        </extensions>
      </trkpt>
      <trkpt lat="35.97139838151633739471435546875" lon="-81.1098495684564113616943359375">
        <ele>542</ele>
        <time>2026-03-30T19:52:56.000Z</time>
        <extensions>
          <ns3:TrackPointExtension>
            <ns3:hr>112</ns3:hr>
            <ns3:cad>59</ns3:cad>
          </ns3:TrackPointExtension>
        </extensions>
      </trkpt>
      <trkpt lat="35.97141196019947528839111328125" lon="-81.10990446992218494415283203125">
        <ele>541.79998779296875</ele>
        <time>2026-03-30T19:53:02.000Z</time>
        <extensions>
          <ns3:TrackPointExtension>
            <ns3:hr>112</ns3:hr>
            <ns3:cad>69</ns3:cad>
          </ns3:TrackPointExtension>
        </extensions>
      </trkpt>
      <trkpt lat="35.97141279838979244232177734375" lon="-81.10992860980331897735595703125">
        <ele>541.5999755859375</ele>
        <time>2026-03-30T19:53:08.000Z</time>
        <extensions>
          <ns3:TrackPointExtension>
            <ns3:hr>111</ns3:hr>
            <ns3:cad>0</ns3:cad>
          </ns3:TrackPointExtension>
        </extensions>
      </trkpt>
      <trkpt lat="35.97139620222151279449462890625" lon="-81.1099536716938018798828125">
        <ele>541.4000244140625</ele>
        <time>2026-03-30T19:53:14.000Z</time>
        <extensions>
          <ns3:TrackPointExtension>
            <ns3:hr>110</ns3:hr>
            <ns3:cad>0</ns3:cad>
          </ns3:TrackPointExtension>
        </extensions>
      </trkpt>
      <trkpt lat="35.97139519639313220977783203125" lon="-81.10994839109480381011962890625">
        <ele>541.4000244140625</ele>
        <time>2026-03-30T19:53:16.000Z</time>
        <extensions>
          <ns3:TrackPointExtension>
            <ns3:hr>109</ns3:hr>
            <ns3:cad>0</ns3:cad>
          </ns3:TrackPointExtension>
        </extensions>
      </trkpt>
      <trkpt lat="35.971392095088958740234375" lon="-81.109956018626689910888671875">
        <ele>541.20001220703125</ele>
        <time>2026-03-30T19:53:19.000Z</time>
        <extensions>
          <ns3:TrackPointExtension>
            <ns3:hr>106</ns3:hr>
            <ns3:cad>0</ns3:cad>
          </ns3:TrackPointExtension>
        </extensions>
      </trkpt>
      <trkpt lat="35.971393771469593048095703125" lon="-81.10996238887310028076171875">
        <ele>541.20001220703125</ele>
        <time>2026-03-30T19:53:20.000Z</time>
        <extensions>
          <ns3:TrackPointExtension>
            <ns3:hr>104</ns3:hr>
            <ns3:cad>0</ns3:cad>
          </ns3:TrackPointExtension>
        </extensions>
      </trkpt>
      <trkpt lat="35.97139368765056133270263671875" lon="-81.10997152514755725860595703125">
        <ele>541.20001220703125</ele>
        <time>2026-03-30T19:53:21.000Z</time>
        <extensions>
          <ns3:TrackPointExtension>
            <ns3:hr>101</ns3:hr>
            <ns3:cad>0</ns3:cad>
          </ns3:TrackPointExtension>
        </extensions>
      </trkpt>
      <trkpt lat="35.97138631157577037811279296875" lon="-81.1099820025265216827392578125">
        <ele>541.20001220703125</ele>
        <time>2026-03-30T19:53:23.000Z</time>
        <extensions>
          <ns3:TrackPointExtension>
            <ns3:hr>98</ns3:hr>
            <ns3:cad>0</ns3:cad>
          </ns3:TrackPointExtension>
        </extensions>
      </trkpt>
      <trkpt lat="35.97136099822819232940673828125" lon="-81.1100101657211780548095703125">
        <ele>541</ele>
        <time>2026-03-30T19:53:26.000Z</time>
        <extensions>
          <ns3:TrackPointExtension>
            <ns3:hr>101</ns3:hr>
            <ns3:cad>0</ns3:cad>
          </ns3:TrackPointExtension>
        </extensions>
      </trkpt>
      <trkpt lat="35.97135378979146480560302734375" lon="-81.1100148595869541168212890625">
        <ele>541.20001220703125</ele>
        <time>2026-03-30T19:53:27.000Z</time>
        <extensions>
          <ns3:TrackPointExtension>
            <ns3:hr>102</ns3:hr>
            <ns3:cad>70</ns3:cad>
          </ns3:TrackPointExtension>
        </extensions>
      </trkpt>
      <trkpt lat="35.97134255804121494293212890625" lon="-81.11001075245440006256103515625">
        <ele>541.20001220703125</ele>
        <time>2026-03-30T19:53:29.000Z</time>
        <extensions>
          <ns3:TrackPointExtension>
            <ns3:hr>109</ns3:hr>
            <ns3:cad>70</ns3:cad>
          </ns3:TrackPointExtension>
        </extensions>
      </trkpt>
      <trkpt lat="35.97134205512702465057373046875" lon="-81.11000270582735538482666015625">
        <ele>541.20001220703125</ele>
        <time>2026-03-30T19:53:34.000Z</time>
        <extensions>
          <ns3:TrackPointExtension>
            <ns3:hr>110</ns3:hr>
            <ns3:cad>0</ns3:cad>
          </ns3:TrackPointExtension>
        </extensions>
      </trkpt>
      <trkpt lat="35.97133317030966281890869140625" lon="-81.110017038881778717041015625">
        <ele>541.20001220703125</ele>
        <time>2026-03-30T19:53:41.000Z</time>
        <extensions>
          <ns3:TrackPointExtension>
            <ns3:hr>110</ns3:hr>
            <ns3:cad>0</ns3:cad>
          </ns3:TrackPointExtension>
        </extensions>
      </trkpt>
      <trkpt lat="35.97133300267159938812255859375" lon="-81.11001670360565185546875">
        <ele>541.20001220703125</ele>
        <time>2026-03-30T19:53:43.000Z</time>
        <extensions>
          <ns3:TrackPointExtension>
            <ns3:hr>107</ns3:hr>
            <ns3:cad>0</ns3:cad>
          </ns3:TrackPointExtension>
        </extensions>
      </trkpt>
      <trkpt lat="35.97131137736141681671142578125" lon="-81.1100279353559017181396484375">
        <ele>541.20001220703125</ele>
        <time>2026-03-30T19:53:48.000Z</time>
        <extensions>
          <ns3:TrackPointExtension>
            <ns3:hr>106</ns3:hr>
            <ns3:cad>0</ns3:cad>
          </ns3:TrackPointExtension>
        </extensions>
      </trkpt>
      <trkpt lat="35.97126175649464130401611328125" lon="-81.1100326292216777801513671875">
        <ele>541</ele>
        <time>2026-03-30T19:53:54.000Z</time>
        <extensions>
          <ns3:TrackPointExtension>
            <ns3:hr>106</ns3:hr>
            <ns3:cad>58</ns3:cad>
          </ns3:TrackPointExtension>
        </extensions>
      </trkpt>
      <trkpt lat="35.971241556107997894287109375" lon="-81.11001745797693729400634765625">
        <ele>541.4000244140625</ele>
        <time>2026-03-30T19:53:58.000Z</time>
        <extensions>
          <ns3:TrackPointExtension>
            <ns3:hr>106</ns3:hr>
            <ns3:cad>56</ns3:cad>
          </ns3:TrackPointExtension>
        </extensions>
      </trkpt>
      <trkpt lat="35.97123912535607814788818359375" lon="-81.11001695506274700164794921875">
        <ele>541.20001220703125</ele>
        <time>2026-03-30T19:54:00.000Z</time>
        <extensions>
          <ns3:TrackPointExtension>
            <ns3:hr>110</ns3:hr>
            <ns3:cad>0</ns3:cad>
          </ns3:TrackPointExtension>
        </extensions>
      </trkpt>
      <trkpt lat="35.9712417237460613250732421875" lon="-81.11001712270081043243408203125">
        <ele>540.79998779296875</ele>
        <time>2026-03-30T19:54:02.000Z</time>
        <extensions>
          <ns3:TrackPointExtension>
            <ns3:hr>113</ns3:hr>
            <ns3:cad>0</ns3:cad>
          </ns3:TrackPointExtension>
        </extensions>
      </trkpt>
      <trkpt lat="35.97125329077243804931640625" lon="-81.11002902500331401824951171875">
        <ele>541</ele>
        <time>2026-03-30T19:54:10.000Z</time>
        <extensions>
          <ns3:TrackPointExtension>
            <ns3:hr>115</ns3:hr>
            <ns3:cad>0</ns3:cad>
          </ns3:TrackPointExtension>
        </extensions>
      </trkpt>
      <trkpt lat="35.97127215005457401275634765625" lon="-81.11006422899663448333740234375">
        <ele>541.20001220703125</ele>
        <time>2026-03-30T19:54:14.000Z</time>
        <extensions>
          <ns3:TrackPointExtension>
            <ns3:hr>116</ns3:hr>
            <ns3:cad>61</ns3:cad>
          </ns3:TrackPointExtension>
        </extensions>
      </trkpt>
      <trkpt lat="35.97132093273103237152099609375" lon="-81.1100822500884532928466796875">
        <ele>540.5999755859375</ele>
        <time>2026-03-30T19:54:21.000Z</time>
        <extensions>
          <ns3:TrackPointExtension>
            <ns3:hr>121</ns3:hr>
            <ns3:cad>0</ns3:cad>
          </ns3:TrackPointExtension>
        </extensions>
      </trkpt>
      <trkpt lat="35.971315987408161163330078125" lon="-81.11008535139262676239013671875">
        <ele>540.79998779296875</ele>
        <time>2026-03-30T19:54:23.000Z</time>
        <extensions>
          <ns3:TrackPointExtension>
            <ns3:hr>123</ns3:hr>
            <ns3:cad>0</ns3:cad>
          </ns3:TrackPointExtension>
        </extensions>
      </trkpt>
      <trkpt lat="35.97130701877176761627197265625" lon="-81.11010395921766757965087890625">
        <ele>541.20001220703125</ele>
        <time>2026-03-30T19:54:30.000Z</time>
        <extensions>
          <ns3:TrackPointExtension>
            <ns3:hr>118</ns3:hr>
            <ns3:cad>0</ns3:cad>
          </ns3:TrackPointExtension>
        </extensions>
      </trkpt>
      <trkpt lat="35.9713091142475605010986328125" lon="-81.11010781489312648773193359375">
        <ele>541.20001220703125</ele>
        <time>2026-03-30T19:54:31.000Z</time>
        <extensions>
          <ns3:TrackPointExtension>
            <ns3:hr>114</ns3:hr>
            <ns3:cad>0</ns3:cad>
          </ns3:TrackPointExtension>
        </extensions>
      </trkpt>
      <trkpt lat="35.97131020389497280120849609375" lon="-81.11011234112083911895751953125">
        <ele>541.20001220703125</ele>
        <time>2026-03-30T19:54:32.000Z</time>
        <extensions>
          <ns3:TrackPointExtension>
            <ns3:hr>110</ns3:hr>
            <ns3:cad>0</ns3:cad>
          </ns3:TrackPointExtension>
        </extensions>
      </trkpt>
      <trkpt lat="35.97131875343620777130126953125" lon="-81.1101023666560649871826171875">
        <ele>541</ele>
        <time>2026-03-30T19:54:34.000Z</time>
        <extensions>
          <ns3:TrackPointExtension>
            <ns3:hr>110</ns3:hr>
            <ns3:cad>0</ns3:cad>
          </ns3:TrackPointExtension>
        </extensions>
      </trkpt>
      <trkpt lat="35.97133819945156574249267578125" lon="-81.110093481838703155517578125">
        <ele>541.4000244140625</ele>
        <time>2026-03-30T19:54:38.000Z</time>
        <extensions>
          <ns3:TrackPointExtension>
            <ns3:hr>113</ns3:hr>
            <ns3:cad>0</ns3:cad>
          </ns3:TrackPointExtension>
        </extensions>
      </trkpt>
      <trkpt lat="35.97136518917977809906005859375" lon="-81.1100725270807743072509765625">
        <ele>541.79998779296875</ele>
        <time>2026-03-30T19:54:42.000Z</time>
        <extensions>
          <ns3:TrackPointExtension>
            <ns3:hr>115</ns3:hr>
            <ns3:cad>0</ns3:cad>
          </ns3:TrackPointExtension>
        </extensions>
      </trkpt>
      <trkpt lat="35.9713724814355373382568359375" lon="-81.11006489954888820648193359375">
        <ele>541.79998779296875</ele>
        <time>2026-03-30T19:54:43.000Z</time>
        <extensions>
          <ns3:TrackPointExtension>
            <ns3:hr>118</ns3:hr>
            <ns3:cad>0</ns3:cad>
          </ns3:TrackPointExtension>
        </extensions>
      </trkpt>
      <trkpt lat="35.9713862277567386627197265625" lon="-81.110048554837703704833984375">
        <ele>542</ele>
        <time>2026-03-30T19:54:45.000Z</time>
        <extensions>
          <ns3:TrackPointExtension>
            <ns3:hr>121</ns3:hr>
            <ns3:cad>0</ns3:cad>
          </ns3:TrackPointExtension>
        </extensions>
      </trkpt>
      <trkpt lat="35.971404500305652618408203125" lon="-81.11003774218261241912841796875">
        <ele>542.20001220703125</ele>
        <time>2026-03-30T19:54:49.000Z</time>
        <extensions>
          <ns3:TrackPointExtension>
            <ns3:hr>121</ns3:hr>
            <ns3:cad>68</ns3:cad>
          </ns3:TrackPointExtension>
        </extensions>
      </trkpt>
      <trkpt lat="35.9714368544518947601318359375" lon="-81.11002743244171142578125">
        <ele>542.20001220703125</ele>
        <time>2026-03-30T19:54:53.000Z</time>
        <extensions>
          <ns3:TrackPointExtension>
            <ns3:hr>116</ns3:hr>
            <ns3:cad>57</ns3:cad>
          </ns3:TrackPointExtension>
        </extensions>
      </trkpt>
      <trkpt lat="35.97142956219613552093505859375" lon="-81.11004444770514965057373046875">
        <ele>542.20001220703125</ele>
        <time>2026-03-30T19:54:56.000Z</time>
        <extensions>
          <ns3:TrackPointExtension>
            <ns3:hr>115</ns3:hr>
            <ns3:cad>57</ns3:cad>
          </ns3:TrackPointExtension>
        </extensions>
      </trkpt>
      <trkpt lat="35.97143123857676982879638671875" lon="-81.11004360951483249664306640625">
        <ele>542.20001220703125</ele>
        <time>2026-03-30T19:54:58.000Z</time>
        <extensions>
          <ns3:TrackPointExtension>
            <ns3:hr>116</ns3:hr>
            <ns3:cad>57</ns3:cad>
          </ns3:TrackPointExtension>
        </extensions>
      </trkpt>
      <trkpt lat="35.97143677063286304473876953125" lon="-81.11004478298127651214599609375">
        <ele>542.20001220703125</ele>
        <time>2026-03-30T19:55:00.000Z</time>
        <extensions>
          <ns3:TrackPointExtension>
            <ns3:hr>119</ns3:hr>
            <ns3:cad>57</ns3:cad>
          </ns3:TrackPointExtension>
        </extensions>
      </trkpt>
      <trkpt lat="35.971440039575099945068359375" lon="-81.11005115322768688201904296875">
        <ele>542.4000244140625</ele>
        <time>2026-03-30T19:55:01.000Z</time>
        <extensions>
          <ns3:TrackPointExtension>
            <ns3:hr>121</ns3:hr>
            <ns3:cad>55</ns3:cad>
          </ns3:TrackPointExtension>
        </extensions>
      </trkpt>
      <trkpt lat="35.9714438952505588531494140625" lon="-81.11006087623536586761474609375">
        <ele>542.4000244140625</ele>
        <time>2026-03-30T19:55:03.000Z</time>
        <extensions>
          <ns3:TrackPointExtension>
            <ns3:hr>119</ns3:hr>
            <ns3:cad>55</ns3:cad>
          </ns3:TrackPointExtension>
        </extensions>
      </trkpt>
      <trkpt lat="35.9714499302208423614501953125" lon="-81.11009021289646625518798828125">
        <ele>542.5999755859375</ele>
        <time>2026-03-30T19:55:08.000Z</time>
        <extensions>
          <ns3:TrackPointExtension>
            <ns3:hr>116</ns3:hr>
            <ns3:cad>59</ns3:cad>
          </ns3:TrackPointExtension>
        </extensions>
      </trkpt>
      <trkpt lat="35.97145588137209415435791015625" lon="-81.11009876243770122528076171875">
        <ele>542.5999755859375</ele>
        <time>2026-03-30T19:55:09.000Z</time>
        <extensions>
          <ns3:TrackPointExtension>
            <ns3:hr>116</ns3:hr>
            <ns3:cad>59</ns3:cad>
          </ns3:TrackPointExtension>
        </extensions>
      </trkpt>
      <trkpt lat="35.97149041481316089630126953125" lon="-81.11013798974454402923583984375">
        <ele>542.5999755859375</ele>
        <time>2026-03-30T19:55:16.000Z</time>
        <extensions>
          <ns3:TrackPointExtension>
            <ns3:hr>117</ns3:hr>
            <ns3:cad>66</ns3:cad>
          </ns3:TrackPointExtension>
        </extensions>
      </trkpt>
      <trkpt lat="35.9715122915804386138916015625" lon="-81.11017922870814800262451171875">
        <ele>542.4000244140625</ele>
        <time>2026-03-30T19:55:24.000Z</time>
        <extensions>
          <ns3:TrackPointExtension>
            <ns3:hr>114</ns3:hr>
            <ns3:cad>0</ns3:cad>
          </ns3:TrackPointExtension>
        </extensions>
      </trkpt>
      <trkpt lat="35.971515476703643798828125" lon="-81.1101816594600677490234375">
        <ele>542.20001220703125</ele>
        <time>2026-03-30T19:55:25.000Z</time>
        <extensions>
          <ns3:TrackPointExtension>
            <ns3:hr>114</ns3:hr>
            <ns3:cad>0</ns3:cad>
          </ns3:TrackPointExtension>
        </extensions>
      </trkpt>
      <trkpt lat="35.9715391136705875396728515625" lon="-81.11019850708544254302978515625">
        <ele>541.4000244140625</ele>
        <time>2026-03-30T19:55:32.000Z</time>
        <extensions>
          <ns3:TrackPointExtension>
            <ns3:hr>113</ns3:hr>
            <ns3:cad>53</ns3:cad>
          </ns3:TrackPointExtension>
        </extensions>
      </trkpt>
      <trkpt lat="35.9715414606034755706787109375" lon="-81.1102032847702503204345703125">
        <ele>541.20001220703125</ele>
        <time>2026-03-30T19:55:33.000Z</time>
        <extensions>
          <ns3:TrackPointExtension>
            <ns3:hr>112</ns3:hr>
            <ns3:cad>53</ns3:cad>
          </ns3:TrackPointExtension>
        </extensions>
      </trkpt>
      <trkpt lat="35.9715557098388671875" lon="-81.11021979711949825286865234375">
        <ele>541.20001220703125</ele>
        <time>2026-03-30T19:55:39.000Z</time>
        <extensions>
          <ns3:TrackPointExtension>
            <ns3:hr>112</ns3:hr>
            <ns3:cad>57</ns3:cad>
          </ns3:TrackPointExtension>
        </extensions>
      </trkpt>
      <trkpt lat="35.971590578556060791015625" lon="-81.11025366000831127166748046875">
        <ele>540.79998779296875</ele>
        <time>2026-03-30T19:55:47.000Z</time>
        <extensions>
          <ns3:TrackPointExtension>
            <ns3:hr>112</ns3:hr>
            <ns3:cad>0</ns3:cad>
          </ns3:TrackPointExtension>
        </extensions>
      </trkpt>
      <trkpt lat="35.9716068394482135772705078125" lon="-81.1102696694433689117431640625">
        <ele>541.20001220703125</ele>
        <time>2026-03-30T19:55:54.000Z</time>
        <extensions>
          <ns3:TrackPointExtension>
            <ns3:hr>111</ns3:hr>
            <ns3:cad>0</ns3:cad>
          </ns3:TrackPointExtension>
        </extensions>
      </trkpt>
      <trkpt lat="35.97161446698009967803955078125" lon="-81.1102840863168239593505859375">
        <ele>540.79998779296875</ele>
        <time>2026-03-30T19:56:00.000Z</time>
        <extensions>
          <ns3:TrackPointExtension>
            <ns3:hr>107</ns3:hr>
            <ns3:cad>0</ns3:cad>
          </ns3:TrackPointExtension>
        </extensions>
      </trkpt>
      <trkpt lat="35.9716182388365268707275390625" lon="-81.1102911271154880523681640625">
        <ele>540.5999755859375</ele>
        <time>2026-03-30T19:56:01.000Z</time>
        <extensions>
          <ns3:TrackPointExtension>
            <ns3:hr>106</ns3:hr>
            <ns3:cad>0</ns3:cad>
          </ns3:TrackPointExtension>
        </extensions>
      </trkpt>
      <trkpt lat="35.97162452526390552520751953125" lon="-81.1103117465972900390625">
        <ele>540.20001220703125</ele>
        <time>2026-03-30T19:56:07.000Z</time>
        <extensions>
          <ns3:TrackPointExtension>
            <ns3:hr>109</ns3:hr>
            <ns3:cad>0</ns3:cad>
          </ns3:TrackPointExtension>
        </extensions>
      </trkpt>
      <trkpt lat="35.97162821330130100250244140625" lon="-81.1103233136236667633056640625">
        <ele>540.20001220703125</ele>
        <time>2026-03-30T19:56:09.000Z</time>
        <extensions>
          <ns3:TrackPointExtension>
            <ns3:hr>110</ns3:hr>
            <ns3:cad>42</ns3:cad>
          </ns3:TrackPointExtension>
        </extensions>
      </trkpt>
      <trkpt lat="35.971647910773754119873046875" lon="-81.1103694140911102294921875">
        <ele>539.79998779296875</ele>
        <time>2026-03-30T19:56:17.000Z</time>
        <extensions>
          <ns3:TrackPointExtension>
            <ns3:hr>108</ns3:hr>
            <ns3:cad>0</ns3:cad>
          </ns3:TrackPointExtension>
        </extensions>
      </trkpt>
      <trkpt lat="35.97164866514503955841064453125" lon="-81.1103749461472034454345703125">
        <ele>539.4000244140625</ele>
        <time>2026-03-30T19:56:21.000Z</time>
        <extensions>
          <ns3:TrackPointExtension>
            <ns3:hr>111</ns3:hr>
            <ns3:cad>0</ns3:cad>
          </ns3:TrackPointExtension>
        </extensions>
      </trkpt>
      <trkpt lat="35.971644222736358642578125" lon="-81.11037544906139373779296875">
        <ele>539.4000244140625</ele>
        <time>2026-03-30T19:56:26.000Z</time>
        <extensions>
          <ns3:TrackPointExtension>
            <ns3:hr>110</ns3:hr>
            <ns3:cad>0</ns3:cad>
          </ns3:TrackPointExtension>
        </extensions>
      </trkpt>
      <trkpt lat="35.97163927741348743438720703125" lon="-81.11037410795688629150390625">
        <ele>539.20001220703125</ele>
        <time>2026-03-30T19:56:29.000Z</time>
        <extensions>
          <ns3:TrackPointExtension>
            <ns3:hr>110</ns3:hr>
            <ns3:cad>0</ns3:cad>
          </ns3:TrackPointExtension>
        </extensions>
      </trkpt>
      <trkpt lat="35.971645228564739227294921875" lon="-81.1104057915508747100830078125">
        <ele>539</ele>
        <time>2026-03-30T19:56:33.000Z</time>
        <extensions>
          <ns3:TrackPointExtension>
            <ns3:hr>109</ns3:hr>
            <ns3:cad>0</ns3:cad>
          </ns3:TrackPointExtension>
        </extensions>
      </trkpt>
      <trkpt lat="35.9716723859310150146484375" lon="-81.1104420013725757598876953125">
        <ele>538.5999755859375</ele>
        <time>2026-03-30T19:56:40.000Z</time>
        <extensions>
          <ns3:TrackPointExtension>
            <ns3:hr>106</ns3:hr>
            <ns3:cad>0</ns3:cad>
          </ns3:TrackPointExtension>
        </extensions>
      </trkpt>
      <trkpt lat="35.97170515917241573333740234375" lon="-81.11048466525971889495849609375">
        <ele>538.4000244140625</ele>
        <time>2026-03-30T19:56:48.000Z</time>
        <extensions>
          <ns3:TrackPointExtension>
            <ns3:hr>108</ns3:hr>
            <ns3:cad>0</ns3:cad>
          </ns3:TrackPointExtension>
        </extensions>
      </trkpt>
      <trkpt lat="35.971713624894618988037109375" lon="-81.11049405299127101898193359375">
        <ele>538.4000244140625</ele>
        <time>2026-03-30T19:56:50.000Z</time>
        <extensions>
          <ns3:TrackPointExtension>
            <ns3:hr>111</ns3:hr>
            <ns3:cad>0</ns3:cad>
          </ns3:TrackPointExtension>
        </extensions>
      </trkpt>
      <trkpt lat="35.9717206656932830810546875" lon="-81.1104983277618885040283203125">
        <ele>538.20001220703125</ele>
        <time>2026-03-30T19:56:52.000Z</time>
        <extensions>
          <ns3:TrackPointExtension>
            <ns3:hr>112</ns3:hr>
            <ns3:cad>57</ns3:cad>
          </ns3:TrackPointExtension>
        </extensions>
      </trkpt>
      <trkpt lat="35.9717241860926151275634765625" lon="-81.1104986630380153656005859375">
        <ele>538.20001220703125</ele>
        <time>2026-03-30T19:56:53.000Z</time>
        <extensions>
          <ns3:TrackPointExtension>
            <ns3:hr>111</ns3:hr>
            <ns3:cad>57</ns3:cad>
          </ns3:TrackPointExtension>
        </extensions>
      </trkpt>
      <trkpt lat="35.9717801772058010101318359375" lon="-81.11049790866672992706298828125">
        <ele>537.5999755859375</ele>
        <time>2026-03-30T19:57:01.000Z</time>
        <extensions>
          <ns3:TrackPointExtension>
            <ns3:hr>111</ns3:hr>
            <ns3:cad>0</ns3:cad>
          </ns3:TrackPointExtension>
        </extensions>
      </trkpt>
      <trkpt lat="35.971806161105632781982421875" lon="-81.110501848161220550537109375">
        <ele>537.20001220703125</ele>
        <time>2026-03-30T19:57:05.000Z</time>
        <extensions>
          <ns3:TrackPointExtension>
            <ns3:hr>111</ns3:hr>
            <ns3:cad>0</ns3:cad>
          </ns3:TrackPointExtension>
        </extensions>
      </trkpt>
      <trkpt lat="35.971838347613811492919921875" lon="-81.11048650927841663360595703125">
        <ele>537.20001220703125</ele>
        <time>2026-03-30T19:57:09.000Z</time>
        <extensions>
          <ns3:TrackPointExtension>
            <ns3:hr>109</ns3:hr>
            <ns3:cad>53</ns3:cad>
          </ns3:TrackPointExtension>
        </extensions>
      </trkpt>
      <trkpt lat="35.97187950275838375091552734375" lon="-81.11046253703534603118896484375">
        <ele>536.79998779296875</ele>
        <time>2026-03-30T19:57:17.000Z</time>
        <extensions>
          <ns3:TrackPointExtension>
            <ns3:hr>110</ns3:hr>
            <ns3:cad>71</ns3:cad>
          </ns3:TrackPointExtension>
        </extensions>
      </trkpt>
      <trkpt lat="35.971891991794109344482421875" lon="-81.11045993864536285400390625">
        <ele>536.5999755859375</ele>
        <time>2026-03-30T19:57:19.000Z</time>
        <extensions>
          <ns3:TrackPointExtension>
            <ns3:hr>113</ns3:hr>
            <ns3:cad>65</ns3:cad>
          </ns3:TrackPointExtension>
        </extensions>
      </trkpt>
      <trkpt lat="35.9719045646488666534423828125" lon="-81.11045767553150653839111328125">
        <ele>536.4000244140625</ele>
        <time>2026-03-30T19:57:24.000Z</time>
        <extensions>
          <ns3:TrackPointExtension>
            <ns3:hr>111</ns3:hr>
            <ns3:cad>66</ns3:cad>
          </ns3:TrackPointExtension>
        </extensions>
      </trkpt>
      <trkpt lat="35.97188268788158893585205078125" lon="-81.110466308891773223876953125">
        <ele>536.4000244140625</ele>
        <time>2026-03-30T19:57:30.000Z</time>
        <extensions>
          <ns3:TrackPointExtension>
            <ns3:hr>112</ns3:hr>
            <ns3:cad>0</ns3:cad>
          </ns3:TrackPointExtension>
        </extensions>
      </trkpt>
      <trkpt lat="35.9718730486929416656494140625" lon="-81.11047267913818359375">
        <ele>536</ele>
        <time>2026-03-30T19:57:32.000Z</time>
        <extensions>
          <ns3:TrackPointExtension>
            <ns3:hr>113</ns3:hr>
            <ns3:cad>16</ns3:cad>
          </ns3:TrackPointExtension>
        </extensions>
      </trkpt>
      <trkpt lat="35.97184530459344387054443359375" lon="-81.11051098443567752838134765625">
        <ele>535.4000244140625</ele>
        <time>2026-03-30T19:57:38.000Z</time>
        <extensions>
          <ns3:TrackPointExtension>
            <ns3:hr>114</ns3:hr>
            <ns3:cad>0</ns3:cad>
          </ns3:TrackPointExtension>
        </extensions>
      </trkpt>
      <trkpt lat="35.9718408621847629547119140625" lon="-81.1105425842106342315673828125">
        <ele>535</ele>
        <time>2026-03-30T19:57:41.000Z</time>
        <extensions>
          <ns3:TrackPointExtension>
            <ns3:hr>115</ns3:hr>
            <ns3:cad>75</ns3:cad>
          </ns3:TrackPointExtension>
        </extensions>
      </trkpt>
      <trkpt lat="35.97185812890529632568359375" lon="-81.110558174550533294677734375">
        <ele>534.79998779296875</ele>
        <time>2026-03-30T19:57:45.000Z</time>
        <extensions>
          <ns3:TrackPointExtension>
            <ns3:hr>114</ns3:hr>
            <ns3:cad>75</ns3:cad>
          </ns3:TrackPointExtension>
        </extensions>
      </trkpt>
      <trkpt lat="35.971861146390438079833984375" lon="-81.11057183705270290374755859375">
        <ele>535</ele>
        <time>2026-03-30T19:57:48.000Z</time>
        <extensions>
          <ns3:TrackPointExtension>
            <ns3:hr>110</ns3:hr>
            <ns3:cad>43</ns3:cad>
          </ns3:TrackPointExtension>
        </extensions>
      </trkpt>
      <trkpt lat="35.97189660184085369110107421875" lon="-81.11058407463133335113525390625">
        <ele>534.79998779296875</ele>
        <time>2026-03-30T19:57:54.000Z</time>
        <extensions>
          <ns3:TrackPointExtension>
            <ns3:hr>113</ns3:hr>
            <ns3:cad>0</ns3:cad>
          </ns3:TrackPointExtension>
        </extensions>
      </trkpt>
      <trkpt lat="35.9718975238502025604248046875" lon="-81.110580302774906158447265625">
        <ele>534.79998779296875</ele>
        <time>2026-03-30T19:57:55.000Z</time>
        <extensions>
          <ns3:TrackPointExtension>
            <ns3:hr>113</ns3:hr>
            <ns3:cad>0</ns3:cad>
          </ns3:TrackPointExtension>
        </extensions>
      </trkpt>
      <trkpt lat="35.9719152934849262237548828125" lon="-81.11058742739260196685791015625">
        <ele>534.79998779296875</ele>
        <time>2026-03-30T19:58:02.000Z</time>
        <extensions>
          <ns3:TrackPointExtension>
            <ns3:hr>113</ns3:hr>
            <ns3:cad>0</ns3:cad>
          </ns3:TrackPointExtension>
        </extensions>
      </trkpt>
      <trkpt lat="35.97191101871430873870849609375" lon="-81.11059966497123241424560546875">
        <ele>534.5999755859375</ele>
        <time>2026-03-30T19:58:10.000Z</time>
        <extensions>
          <ns3:TrackPointExtension>
            <ns3:hr>112</ns3:hr>
            <ns3:cad>0</ns3:cad>
          </ns3:TrackPointExtension>
        </extensions>
      </trkpt>
      <trkpt lat="35.97192845307290554046630859375" lon="-81.110630594193935394287109375">
        <ele>534</ele>
        <time>2026-03-30T19:58:15.000Z</time>
        <extensions>
          <ns3:TrackPointExtension>
            <ns3:hr>111</ns3:hr>
            <ns3:cad>0</ns3:cad>
          </ns3:TrackPointExtension>
        </extensions>
      </trkpt>
      <trkpt lat="35.9719287045300006866455078125" lon="-81.11064174212515354156494140625">
        <ele>533.79998779296875</ele>
        <time>2026-03-30T19:58:17.000Z</time>
        <extensions>
          <ns3:TrackPointExtension>
            <ns3:hr>111</ns3:hr>
            <ns3:cad>0</ns3:cad>
          </ns3:TrackPointExtension>
        </extensions>
      </trkpt>
      <trkpt lat="35.97191504202783107757568359375" lon="-81.11061240546405315399169921875">
        <ele>533.5999755859375</ele>
        <time>2026-03-30T19:58:26.000Z</time>
        <extensions>
          <ns3:TrackPointExtension>
            <ns3:hr>111</ns3:hr>
            <ns3:cad>0</ns3:cad>
          </ns3:TrackPointExtension>
        </extensions>
      </trkpt>
      <trkpt lat="35.9718914888799190521240234375" lon="-81.11059941351413726806640625">
        <ele>533.5999755859375</ele>
        <time>2026-03-30T19:58:32.000Z</time>
        <extensions>
          <ns3:TrackPointExtension>
            <ns3:hr>114</ns3:hr>
            <ns3:cad>0</ns3:cad>
          </ns3:TrackPointExtension>
        </extensions>
      </trkpt>
      <trkpt lat="35.97187715582549571990966796875" lon="-81.1106019280850887298583984375">
        <ele>533.5999755859375</ele>
        <time>2026-03-30T19:58:34.000Z</time>
        <extensions>
          <ns3:TrackPointExtension>
            <ns3:hr>116</ns3:hr>
            <ns3:cad>62</ns3:cad>
          </ns3:TrackPointExtension>
        </extensions>
      </trkpt>
      <trkpt lat="35.97181831486523151397705078125" lon="-81.1105995811522006988525390625">
        <ele>533.79998779296875</ele>
        <time>2026-03-30T19:58:43.000Z</time>
        <extensions>
          <ns3:TrackPointExtension>
            <ns3:hr>118</ns3:hr>
            <ns3:cad>66</ns3:cad>
          </ns3:TrackPointExtension>
        </extensions>
      </trkpt>
      <trkpt lat="35.97177858464419841766357421875" lon="-81.11059949733316898345947265625">
        <ele>534</ele>
        <time>2026-03-30T19:58:49.000Z</time>
        <extensions>
          <ns3:TrackPointExtension>
            <ns3:hr>124</ns3:hr>
            <ns3:cad>72</ns3:cad>
          </ns3:TrackPointExtension>
        </extensions>
      </trkpt>
      <trkpt lat="35.97176450304687023162841796875" lon="-81.1106106452643871307373046875">
        <ele>534</ele>
        <time>2026-03-30T19:58:51.000Z</time>
        <extensions>
          <ns3:TrackPointExtension>
            <ns3:hr>127</ns3:hr>
            <ns3:cad>72</ns3:cad>
          </ns3:TrackPointExtension>
        </extensions>
      </trkpt>
      <trkpt lat="35.97174991853535175323486328125" lon="-81.1106247268617153167724609375">
        <ele>533.79998779296875</ele>
        <time>2026-03-30T19:58:58.000Z</time>
        <extensions>
          <ns3:TrackPointExtension>
            <ns3:hr>128</ns3:hr>
            <ns3:cad>0</ns3:cad>
          </ns3:TrackPointExtension>
        </extensions>
      </trkpt>
      <trkpt lat="35.97171471454203128814697265625" lon="-81.11063101328909397125244140625">
        <ele>533.79998779296875</ele>
        <time>2026-03-30T19:59:05.000Z</time>
        <extensions>
          <ns3:TrackPointExtension>
            <ns3:hr>128</ns3:hr>
            <ns3:cad>0</ns3:cad>
          </ns3:TrackPointExtension>
        </extensions>
      </trkpt>
      <trkpt lat="35.9717295505106449127197265625" lon="-81.110629253089427947998046875">
        <ele>533.79998779296875</ele>
        <time>2026-03-30T19:59:08.000Z</time>
        <extensions>
          <ns3:TrackPointExtension>
            <ns3:hr>122</ns3:hr>
            <ns3:cad>0</ns3:cad>
          </ns3:TrackPointExtension>
        </extensions>
      </trkpt>
      <trkpt lat="35.971736423671245574951171875" lon="-81.11063235439360141754150390625">
        <ele>533.79998779296875</ele>
        <time>2026-03-30T19:59:10.000Z</time>
        <extensions>
          <ns3:TrackPointExtension>
            <ns3:hr>119</ns3:hr>
            <ns3:cad>0</ns3:cad>
          </ns3:TrackPointExtension>
        </extensions>
      </trkpt>
      <trkpt lat="35.97173868678510189056396484375" lon="-81.11063218675553798675537109375">
        <ele>533.79998779296875</ele>
        <time>2026-03-30T19:59:11.000Z</time>
        <extensions>
          <ns3:TrackPointExtension>
            <ns3:hr>118</ns3:hr>
            <ns3:cad>0</ns3:cad>
          </ns3:TrackPointExtension>
        </extensions>
      </trkpt>
      <trkpt lat="35.9717255271971225738525390625" lon="-81.11063168384134769439697265625">
        <ele>533.79998779296875</ele>
        <time>2026-03-30T19:59:16.000Z</time>
        <extensions>
          <ns3:TrackPointExtension>
            <ns3:hr>121</ns3:hr>
            <ns3:cad>0</ns3:cad>
          </ns3:TrackPointExtension>
        </extensions>
      </trkpt>
      <trkpt lat="35.97171857021749019622802734375" lon="-81.11063268966972827911376953125">
        <ele>533.5999755859375</ele>
        <time>2026-03-30T19:59:20.000Z</time>
        <extensions>
          <ns3:TrackPointExtension>
            <ns3:hr>119</ns3:hr>
            <ns3:cad>0</ns3:cad>
          </ns3:TrackPointExtension>
        </extensions>
      </trkpt>
      <trkpt lat="35.971718318760395050048828125" lon="-81.11069236882030963897705078125">
        <ele>533.4000244140625</ele>
        <time>2026-03-30T19:59:28.000Z</time>
        <extensions>
          <ns3:TrackPointExtension>
            <ns3:hr>120</ns3:hr>
            <ns3:cad>0</ns3:cad>
          </ns3:TrackPointExtension>
        </extensions>
      </trkpt>
      <trkpt lat="35.97171421162784099578857421875" lon="-81.110711731016635894775390625">
        <ele>532.79998779296875</ele>
        <time>2026-03-30T19:59:32.000Z</time>
        <extensions>
          <ns3:TrackPointExtension>
            <ns3:hr>120</ns3:hr>
            <ns3:cad>0</ns3:cad>
          </ns3:TrackPointExtension>
        </extensions>
      </trkpt>
      <trkpt lat="35.97171437926590442657470703125" lon="-81.1107196100056171417236328125">
        <ele>532.79998779296875</ele>
        <time>2026-03-30T19:59:33.000Z</time>
        <extensions>
          <ns3:TrackPointExtension>
            <ns3:hr>121</ns3:hr>
            <ns3:cad>0</ns3:cad>
          </ns3:TrackPointExtension>
        </extensions>
      </trkpt>
      <trkpt lat="35.97172460518777370452880859375" lon="-81.11076110042631626129150390625">
        <ele>532.4000244140625</ele>
        <time>2026-03-30T19:59:37.000Z</time>
        <extensions>
          <ns3:TrackPointExtension>
            <ns3:hr>120</ns3:hr>
            <ns3:cad>0</ns3:cad>
          </ns3:TrackPointExtension>
        </extensions>
      </trkpt>
      <trkpt lat="35.97173416055738925933837890625" lon="-81.1107766069471836090087890625">
        <ele>532.4000244140625</ele>
        <time>2026-03-30T19:59:39.000Z</time>
        <extensions>
          <ns3:TrackPointExtension>
            <ns3:hr>117</ns3:hr>
            <ns3:cad>0</ns3:cad>
          </ns3:TrackPointExtension>
        </extensions>
      </trkpt>
      <trkpt lat="35.97172846086323261260986328125" lon="-81.1108040995895862579345703125">
        <ele>532</ele>
        <time>2026-03-30T19:59:44.000Z</time>
        <extensions>
          <ns3:TrackPointExtension>
            <ns3:hr>118</ns3:hr>
            <ns3:cad>0</ns3:cad>
          </ns3:TrackPointExtension>
        </extensions>
      </trkpt>
      <trkpt lat="35.97172410227358341217041015625" lon="-81.11082329414784908294677734375">
        <ele>531.79998779296875</ele>
        <time>2026-03-30T19:59:46.000Z</time>
        <extensions>
          <ns3:TrackPointExtension>
            <ns3:hr>121</ns3:hr>
            <ns3:cad>61</ns3:cad>
          </ns3:TrackPointExtension>
        </extensions>
      </trkpt>
      <trkpt lat="35.971723683178424835205078125" lon="-81.11083410680294036865234375">
        <ele>531.79998779296875</ele>
        <time>2026-03-30T19:59:47.000Z</time>
        <extensions>
          <ns3:TrackPointExtension>
            <ns3:hr>121</ns3:hr>
            <ns3:cad>61</ns3:cad>
          </ns3:TrackPointExtension>
        </extensions>
      </trkpt>
      <trkpt lat="35.9717386029660701751708984375" lon="-81.110857240855693817138671875">
        <ele>531</ele>
        <time>2026-03-30T19:59:52.000Z</time>
        <extensions>
          <ns3:TrackPointExtension>
            <ns3:hr>121</ns3:hr>
            <ns3:cad>61</ns3:cad>
          </ns3:TrackPointExtension>
        </extensions>
      </trkpt>
      <trkpt lat="35.971735417842864990234375" lon="-81.11086369492113590240478515625">
        <ele>530.5999755859375</ele>
        <time>2026-03-30T19:59:55.000Z</time>
        <extensions>
          <ns3:TrackPointExtension>
            <ns3:hr>122</ns3:hr>
            <ns3:cad>0</ns3:cad>
          </ns3:TrackPointExtension>
        </extensions>
      </trkpt>
      <trkpt lat="35.97174438647925853729248046875" lon="-81.11087299883365631103515625">
        <ele>530.4000244140625</ele>
        <time>2026-03-30T19:59:58.000Z</time>
        <extensions>
          <ns3:TrackPointExtension>
            <ns3:hr>122</ns3:hr>
            <ns3:cad>0</ns3:cad>
          </ns3:TrackPointExtension>
        </extensions>
      </trkpt>
      <trkpt lat="35.9717469848692417144775390625" lon="-81.11090007238090038299560546875">
        <ele>529.5999755859375</ele>
        <time>2026-03-30T20:00:06.000Z</time>
        <extensions>
          <ns3:TrackPointExtension>
            <ns3:hr>118</ns3:hr>
            <ns3:cad>0</ns3:cad>
          </ns3:TrackPointExtension>
        </extensions>
      </trkpt>
      <trkpt lat="35.9717463143169879913330078125" lon="-81.11090728081762790679931640625">
        <ele>529.5999755859375</ele>
        <time>2026-03-30T20:00:07.000Z</time>
        <extensions>
          <ns3:TrackPointExtension>
            <ns3:hr>116</ns3:hr>
            <ns3:cad>0</ns3:cad>
          </ns3:TrackPointExtension>
        </extensions>
      </trkpt>
      <trkpt lat="35.971751846373081207275390625" lon="-81.11095723696053028106689453125">
        <ele>529</ele>
        <time>2026-03-30T20:00:15.000Z</time>
        <extensions>
          <ns3:TrackPointExtension>
            <ns3:hr>116</ns3:hr>
            <ns3:cad>66</ns3:cad>
          </ns3:TrackPointExtension>
        </extensions>
      </trkpt>
      <trkpt lat="35.97175897099077701568603515625" lon="-81.110972575843334197998046875">
        <ele>528.4000244140625</ele>
        <time>2026-03-30T20:00:19.000Z</time>
        <extensions>
          <ns3:TrackPointExtension>
            <ns3:hr>115</ns3:hr>
            <ns3:cad>0</ns3:cad>
          </ns3:TrackPointExtension>
        </extensions>
      </trkpt>
      <trkpt lat="35.97177238203585147857666015625" lon="-81.11099344678223133087158203125">
        <ele>528</ele>
        <time>2026-03-30T20:00:23.000Z</time>
        <extensions>
          <ns3:TrackPointExtension>
            <ns3:hr>115</ns3:hr>
            <ns3:cad>0</ns3:cad>
          </ns3:TrackPointExtension>
        </extensions>
      </trkpt>
      <trkpt lat="35.97176492214202880859375" lon="-81.11099780537188053131103515625">
        <ele>528</ele>
        <time>2026-03-30T20:00:27.000Z</time>
        <extensions>
          <ns3:TrackPointExtension>
            <ns3:hr>112</ns3:hr>
            <ns3:cad>0</ns3:cad>
          </ns3:TrackPointExtension>
        </extensions>
      </trkpt>
      <trkpt lat="35.9717500023543834686279296875" lon="-81.11098925583064556121826171875">
        <ele>528</ele>
        <time>2026-03-30T20:00:29.000Z</time>
        <extensions>
          <ns3:TrackPointExtension>
            <ns3:hr>109</ns3:hr>
            <ns3:cad>0</ns3:cad>
          </ns3:TrackPointExtension>
        </extensions>
      </trkpt>
      <trkpt lat="35.9717412851750850677490234375" lon="-81.11098355613648891448974609375">
        <ele>527.79998779296875</ele>
        <time>2026-03-30T20:00:31.000Z</time>
        <extensions>
          <ns3:TrackPointExtension>
            <ns3:hr>109</ns3:hr>
            <ns3:cad>0</ns3:cad>
          </ns3:TrackPointExtension>
        </extensions>
      </trkpt>
      <trkpt lat="35.97173416055738925933837890625" lon="-81.11098690889775753021240234375">
        <ele>527.5999755859375</ele>
        <time>2026-03-30T20:00:37.000Z</time>
        <extensions>
          <ns3:TrackPointExtension>
            <ns3:hr>111</ns3:hr>
            <ns3:cad>0</ns3:cad>
          </ns3:TrackPointExtension>
        </extensions>
      </trkpt>
      <trkpt lat="35.97171404398977756500244140625" lon="-81.11100333742797374725341796875">
        <ele>527.4000244140625</ele>
        <time>2026-03-30T20:00:39.000Z</time>
        <extensions>
          <ns3:TrackPointExtension>
            <ns3:hr>111</ns3:hr>
            <ns3:cad>0</ns3:cad>
          </ns3:TrackPointExtension>
        </extensions>
      </trkpt>
      <trkpt lat="35.9717097692191600799560546875" lon="-81.1110346019268035888671875">
        <ele>527</ele>
        <time>2026-03-30T20:00:42.000Z</time>
        <extensions>
          <ns3:TrackPointExtension>
            <ns3:hr>112</ns3:hr>
            <ns3:cad>0</ns3:cad>
          </ns3:TrackPointExtension>
        </extensions>
      </trkpt>
      <trkpt lat="35.97171857021749019622802734375" lon="-81.11105077899992465972900390625">
        <ele>526.5999755859375</ele>
        <time>2026-03-30T20:00:44.000Z</time>
        <extensions>
          <ns3:TrackPointExtension>
            <ns3:hr>114</ns3:hr>
            <ns3:cad>0</ns3:cad>
          </ns3:TrackPointExtension>
        </extensions>
      </trkpt>
      <trkpt lat="35.971710942685604095458984375" lon="-81.11106838099658489227294921875">
        <ele>526.4000244140625</ele>
        <time>2026-03-30T20:00:46.000Z</time>
        <extensions>
          <ns3:TrackPointExtension>
            <ns3:hr>110</ns3:hr>
            <ns3:cad>45</ns3:cad>
          </ns3:TrackPointExtension>
        </extensions>
      </trkpt>
      <trkpt lat="35.97170717082917690277099609375" lon="-81.11109771765768527984619140625">
        <ele>526.20001220703125</ele>
        <time>2026-03-30T20:00:49.000Z</time>
        <extensions>
          <ns3:TrackPointExtension>
            <ns3:hr>108</ns3:hr>
            <ns3:cad>45</ns3:cad>
          </ns3:TrackPointExtension>
        </extensions>
      </trkpt>
      <trkpt lat="35.9717161394655704498291015625" lon="-81.111112721264362335205078125">
        <ele>526</ele>
        <time>2026-03-30T20:00:50.000Z</time>
        <extensions>
          <ns3:TrackPointExtension>
            <ns3:hr>108</ns3:hr>
            <ns3:cad>45</ns3:cad>
          </ns3:TrackPointExtension>
        </extensions>
      </trkpt>
      <trkpt lat="35.97173742949962615966796875" lon="-81.111122108995914459228515625">
        <ele>525.79998779296875</ele>
        <time>2026-03-30T20:00:52.000Z</time>
        <extensions>
          <ns3:TrackPointExtension>
            <ns3:hr>107</ns3:hr>
            <ns3:cad>0</ns3:cad>
          </ns3:TrackPointExtension>
        </extensions>
      </trkpt>
      <trkpt lat="35.9717637486755847930908203125" lon="-81.1111016571521759033203125">
        <ele>525.4000244140625</ele>
        <time>2026-03-30T20:00:55.000Z</time>
        <extensions>
          <ns3:TrackPointExtension>
            <ns3:hr>107</ns3:hr>
            <ns3:cad>0</ns3:cad>
          </ns3:TrackPointExtension>
        </extensions>
      </trkpt>
      <trkpt lat="35.971774645149707794189453125" lon="-81.111095286905765533447265625">
        <ele>525.4000244140625</ele>
        <time>2026-03-30T20:00:57.000Z</time>
        <extensions>
          <ns3:TrackPointExtension>
            <ns3:hr>107</ns3:hr>
            <ns3:cad>0</ns3:cad>
          </ns3:TrackPointExtension>
        </extensions>
      </trkpt>
      <trkpt lat="35.97177439369261264801025390625" lon="-81.11109562218189239501953125">
        <ele>525.20001220703125</ele>
        <time>2026-03-30T20:01:03.000Z</time>
        <extensions>
          <ns3:TrackPointExtension>
            <ns3:hr>108</ns3:hr>
            <ns3:cad>0</ns3:cad>
          </ns3:TrackPointExtension>
        </extensions>
      </trkpt>
      <trkpt lat="35.97177607007324695587158203125" lon="-81.1110947839915752410888671875">
        <ele>525.4000244140625</ele>
        <time>2026-03-30T20:01:04.000Z</time>
        <extensions>
          <ns3:TrackPointExtension>
            <ns3:hr>108</ns3:hr>
            <ns3:cad>0</ns3:cad>
          </ns3:TrackPointExtension>
        </extensions>
      </trkpt>
      <trkpt lat="35.97181965596973896026611328125" lon="-81.1111028306186199188232421875">
        <ele>524.5999755859375</ele>
        <time>2026-03-30T20:01:11.000Z</time>
        <extensions>
          <ns3:TrackPointExtension>
            <ns3:hr>109</ns3:hr>
            <ns3:cad>0</ns3:cad>
          </ns3:TrackPointExtension>
        </extensions>
      </trkpt>
      <trkpt lat="35.97184832207858562469482421875" lon="-81.11114247702062129974365234375">
        <ele>524.20001220703125</ele>
        <time>2026-03-30T20:01:19.000Z</time>
        <extensions>
          <ns3:TrackPointExtension>
            <ns3:hr>108</ns3:hr>
            <ns3:cad>75</ns3:cad>
          </ns3:TrackPointExtension>
        </extensions>
      </trkpt>
      <trkpt lat="35.97187229432165622711181640625" lon="-81.1111427284777164459228515625">
        <ele>524</ele>
        <time>2026-03-30T20:01:22.000Z</time>
        <extensions>
          <ns3:TrackPointExtension>
            <ns3:hr>109</ns3:hr>
            <ns3:cad>76</ns3:cad>
          </ns3:TrackPointExtension>
        </extensions>
      </trkpt>
      <trkpt lat="35.9719052352011203765869140625" lon="-81.11114398576319217681884765625">
        <ele>523.79998779296875</ele>
        <time>2026-03-30T20:01:25.000Z</time>
        <extensions>
          <ns3:TrackPointExtension>
            <ns3:hr>109</ns3:hr>
            <ns3:cad>0</ns3:cad>
          </ns3:TrackPointExtension>
        </extensions>
      </trkpt>
      <trkpt lat="35.9718985296785831451416015625" lon="-81.11116728745400905609130859375">
        <ele>523.4000244140625</ele>
        <time>2026-03-30T20:01:29.000Z</time>
        <extensions>
          <ns3:TrackPointExtension>
            <ns3:hr>108</ns3:hr>
            <ns3:cad>0</ns3:cad>
          </ns3:TrackPointExtension>
        </extensions>
      </trkpt>
      <trkpt lat="35.97189693711698055267333984375" lon="-81.1111725680530071258544921875">
        <ele>523.20001220703125</ele>
        <time>2026-03-30T20:01:30.000Z</time>
        <extensions>
          <ns3:TrackPointExtension>
            <ns3:hr>109</ns3:hr>
            <ns3:cad>0</ns3:cad>
          </ns3:TrackPointExtension>
        </extensions>
      </trkpt>
      <trkpt lat="35.971897356212139129638671875" lon="-81.11117684282362461090087890625">
        <ele>523</ele>
        <time>2026-03-30T20:01:31.000Z</time>
        <extensions>
          <ns3:TrackPointExtension>
            <ns3:hr>108</ns3:hr>
            <ns3:cad>0</ns3:cad>
          </ns3:TrackPointExtension>
        </extensions>
      </trkpt>
      <trkpt lat="35.971881262958049774169921875" lon="-81.1111638508737087249755859375">
        <ele>522.20001220703125</ele>
        <time>2026-03-30T20:01:36.000Z</time>
        <extensions>
          <ns3:TrackPointExtension>
            <ns3:hr>111</ns3:hr>
            <ns3:cad>42</ns3:cad>
          </ns3:TrackPointExtension>
        </extensions>
      </trkpt>
      <trkpt lat="35.9718777425587177276611328125" lon="-81.11116242595016956329345703125">
        <ele>522.20001220703125</ele>
        <time>2026-03-30T20:01:37.000Z</time>
        <extensions>
          <ns3:TrackPointExtension>
            <ns3:hr>111</ns3:hr>
            <ns3:cad>42</ns3:cad>
          </ns3:TrackPointExtension>
        </extensions>
      </trkpt>
      <trkpt lat="35.97187715582549571990966796875" lon="-81.11115940846502780914306640625">
        <ele>522</ele>
        <time>2026-03-30T20:01:38.000Z</time>
        <extensions>
          <ns3:TrackPointExtension>
            <ns3:hr>111</ns3:hr>
            <ns3:cad>42</ns3:cad>
          </ns3:TrackPointExtension>
        </extensions>
      </trkpt>
      <trkpt lat="35.9719030559062957763671875" lon="-81.11118170432746410369873046875">
        <ele>521.5999755859375</ele>
        <time>2026-03-30T20:01:45.000Z</time>
        <extensions>
          <ns3:TrackPointExtension>
            <ns3:hr>111</ns3:hr>
            <ns3:cad>0</ns3:cad>
          </ns3:TrackPointExtension>
        </extensions>
      </trkpt>
      <trkpt lat="35.971907079219818115234375" lon="-81.11121623776853084564208984375">
        <ele>521</ele>
        <time>2026-03-30T20:01:49.000Z</time>
        <extensions>
          <ns3:TrackPointExtension>
            <ns3:hr>111</ns3:hr>
            <ns3:cad>0</ns3:cad>
          </ns3:TrackPointExtension>
        </extensions>
      </trkpt>
      <trkpt lat="35.9719048999249935150146484375" lon="-81.1112238653004169464111328125">
        <ele>520.20001220703125</ele>
        <time>2026-03-30T20:01:53.000Z</time>
        <extensions>
          <ns3:TrackPointExtension>
            <ns3:hr>111</ns3:hr>
            <ns3:cad>0</ns3:cad>
          </ns3:TrackPointExtension>
        </extensions>
      </trkpt>
      <trkpt lat="35.97190699540078639984130859375" lon="-81.111228056252002716064453125">
        <ele>520</ele>
        <time>2026-03-30T20:01:54.000Z</time>
        <extensions>
          <ns3:TrackPointExtension>
            <ns3:hr>111</ns3:hr>
            <ns3:cad>41</ns3:cad>
          </ns3:TrackPointExtension>
        </extensions>
      </trkpt>
      <trkpt lat="35.971920154988765716552734375" lon="-81.11126719973981380462646484375">
        <ele>519</ele>
        <time>2026-03-30T20:01:58.000Z</time>
        <extensions>
          <ns3:TrackPointExtension>
            <ns3:hr>111</ns3:hr>
            <ns3:cad>41</ns3:cad>
          </ns3:TrackPointExtension>
        </extensions>
      </trkpt>
      <trkpt lat="35.97192459739744663238525390625" lon="-81.11127340234816074371337890625">
        <ele>518.79998779296875</ele>
        <time>2026-03-30T20:01:59.000Z</time>
        <extensions>
          <ns3:TrackPointExtension>
            <ns3:hr>112</ns3:hr>
            <ns3:cad>0</ns3:cad>
          </ns3:TrackPointExtension>
        </extensions>
      </trkpt>
      <trkpt lat="35.97193113528192043304443359375" lon="-81.1112838797271251678466796875">
        <ele>518.4000244140625</ele>
        <time>2026-03-30T20:02:02.000Z</time>
        <extensions>
          <ns3:TrackPointExtension>
            <ns3:hr>112</ns3:hr>
            <ns3:cad>0</ns3:cad>
          </ns3:TrackPointExtension>
        </extensions>
      </trkpt>
      <trkpt lat="35.97195074893534183502197265625" lon="-81.11131690442562103271484375">
        <ele>518</ele>
        <time>2026-03-30T20:02:08.000Z</time>
        <extensions>
          <ns3:TrackPointExtension>
            <ns3:hr>115</ns3:hr>
            <ns3:cad>0</ns3:cad>
          </ns3:TrackPointExtension>
        </extensions>
      </trkpt>
      <trkpt lat="35.97195460461080074310302734375" lon="-81.11132285557687282562255859375">
        <ele>518</ele>
        <time>2026-03-30T20:02:09.000Z</time>
        <extensions>
          <ns3:TrackPointExtension>
            <ns3:hr>115</ns3:hr>
            <ns3:cad>0</ns3:cad>
          </ns3:TrackPointExtension>
        </extensions>
      </trkpt>
      <trkpt lat="35.97196248359978199005126953125" lon="-81.11133157275617122650146484375">
        <ele>517.5999755859375</ele>
        <time>2026-03-30T20:02:11.000Z</time>
        <extensions>
          <ns3:TrackPointExtension>
            <ns3:hr>112</ns3:hr>
            <ns3:cad>0</ns3:cad>
          </ns3:TrackPointExtension>
        </extensions>
      </trkpt>
      <trkpt lat="35.97196809947490692138671875" lon="-81.11133459024131298065185546875">
        <ele>517.5999755859375</ele>
        <time>2026-03-30T20:02:12.000Z</time>
        <extensions>
          <ns3:TrackPointExtension>
            <ns3:hr>109</ns3:hr>
            <ns3:cad>0</ns3:cad>
          </ns3:TrackPointExtension>
        </extensions>
      </trkpt>
      <trkpt lat="35.9720289520919322967529296875" lon="-81.1113039962947368621826171875">
        <ele>517</ele>
        <time>2026-03-30T20:02:19.000Z</time>
        <extensions>
          <ns3:TrackPointExtension>
            <ns3:hr>107</ns3:hr>
            <ns3:cad>64</ns3:cad>
          </ns3:TrackPointExtension>
        </extensions>
      </trkpt>
      <trkpt lat="35.972030460834503173828125" lon="-81.11128865741193294525146484375">
        <ele>517</ele>
        <time>2026-03-30T20:02:26.000Z</time>
        <extensions>
          <ns3:TrackPointExtension>
            <ns3:hr>108</ns3:hr>
            <ns3:cad>0</ns3:cad>
          </ns3:TrackPointExtension>
        </extensions>
      </trkpt>
      <trkpt lat="35.97204881720244884490966796875" lon="-81.11128765158355236053466796875">
        <ele>516.79998779296875</ele>
        <time>2026-03-30T20:02:29.000Z</time>
        <extensions>
          <ns3:TrackPointExtension>
            <ns3:hr>108</ns3:hr>
            <ns3:cad>0</ns3:cad>
          </ns3:TrackPointExtension>
        </extensions>
      </trkpt>
      <trkpt lat="35.97205569036304950714111328125" lon="-81.11128748394548892974853515625">
        <ele>516.79998779296875</ele>
        <time>2026-03-30T20:02:32.000Z</time>
        <extensions>
          <ns3:TrackPointExtension>
            <ns3:hr>111</ns3:hr>
            <ns3:cad>0</ns3:cad>
          </ns3:TrackPointExtension>
        </extensions>
      </trkpt>
      <trkpt lat="35.97205904312431812286376953125" lon="-81.11130123026669025421142578125">
        <ele>517.20001220703125</ele>
        <time>2026-03-30T20:02:39.000Z</time>
        <extensions>
          <ns3:TrackPointExtension>
            <ns3:hr>109</ns3:hr>
            <ns3:cad>69</ns3:cad>
          </ns3:TrackPointExtension>
        </extensions>
      </trkpt>
      <trkpt lat="35.97207547165453433990478515625" lon="-81.11131346784532070159912109375">
        <ele>517.20001220703125</ele>
        <time>2026-03-30T20:02:44.000Z</time>
        <extensions>
          <ns3:TrackPointExtension>
            <ns3:hr>112</ns3:hr>
            <ns3:cad>0</ns3:cad>
          </ns3:TrackPointExtension>
        </extensions>
      </trkpt>
      <trkpt lat="35.97207547165453433990478515625" lon="-81.11131346784532070159912109375">
        <ele>517.20001220703125</ele>
        <time>2026-03-30T20:02:48.000Z</time>
        <extensions>
          <ns3:TrackPointExtension>
            <ns3:hr>110</ns3:hr>
            <ns3:cad>0</ns3:cad>
          </ns3:TrackPointExtension>
        </extensions>
      </trkpt>
      <trkpt lat="35.97207882441580295562744140625" lon="-81.1113039962947368621826171875">
        <ele>517.5999755859375</ele>
        <time>2026-03-30T20:02:51.000Z</time>
        <extensions>
          <ns3:TrackPointExtension>
            <ns3:hr>107</ns3:hr>
            <ns3:cad>0</ns3:cad>
          </ns3:TrackPointExtension>
        </extensions>
      </trkpt>
      <trkpt lat="35.97208284772932529449462890625" lon="-81.11129586584866046905517578125">
        <ele>518</ele>
        <time>2026-03-30T20:02:53.000Z</time>
        <extensions>
          <ns3:TrackPointExtension>
            <ns3:hr>106</ns3:hr>
            <ns3:cad>0</ns3:cad>
          </ns3:TrackPointExtension>
        </extensions>
      </trkpt>
      <trkpt lat="35.9720812551677227020263671875" lon="-81.11129905097186565399169921875">
        <ele>518</ele>
        <time>2026-03-30T20:02:55.000Z</time>
        <extensions>
          <ns3:TrackPointExtension>
            <ns3:hr>106</ns3:hr>
            <ns3:cad>0</ns3:cad>
          </ns3:TrackPointExtension>
        </extensions>
      </trkpt>
      <trkpt lat="35.97207547165453433990478515625" lon="-81.11131346784532070159912109375">
        <ele>518</ele>
        <time>2026-03-30T20:03:00.000Z</time>
        <extensions>
          <ns3:TrackPointExtension>
            <ns3:hr>110</ns3:hr>
            <ns3:cad>0</ns3:cad>
          </ns3:TrackPointExtension>
        </extensions>
      </trkpt>
      <trkpt lat="35.97207547165453433990478515625" lon="-81.11131346784532070159912109375">
        <ele>518</ele>
        <time>2026-03-30T20:03:02.000Z</time>
        <extensions>
          <ns3:TrackPointExtension>
            <ns3:hr>114</ns3:hr>
            <ns3:cad>0</ns3:cad>
          </ns3:TrackPointExtension>
        </extensions>
      </trkpt>
      <trkpt lat="35.972087793052196502685546875" lon="-81.11130751669406890869140625">
        <ele>517.5999755859375</ele>
        <time>2026-03-30T20:03:10.000Z</time>
        <extensions>
          <ns3:TrackPointExtension>
            <ns3:hr>112</ns3:hr>
            <ns3:cad>0</ns3:cad>
          </ns3:TrackPointExtension>
        </extensions>
      </trkpt>
      <trkpt lat="35.9720876254141330718994140625" lon="-81.11130575649440288543701171875">
        <ele>517.20001220703125</ele>
        <time>2026-03-30T20:03:16.000Z</time>
        <extensions>
          <ns3:TrackPointExtension>
            <ns3:hr>109</ns3:hr>
            <ns3:cad>0</ns3:cad>
          </ns3:TrackPointExtension>
        </extensions>
      </trkpt>
      <trkpt lat="35.97208536230027675628662109375" lon="-81.11130408011376857757568359375">
        <ele>517</ele>
        <time>2026-03-30T20:03:18.000Z</time>
        <extensions>
          <ns3:TrackPointExtension>
            <ns3:hr>110</ns3:hr>
            <ns3:cad>0</ns3:cad>
          </ns3:TrackPointExtension>
        </extensions>
      </trkpt>
      <trkpt lat="35.97208787687122821807861328125" lon="-81.11130625940859317779541015625">
        <ele>516.4000244140625</ele>
        <time>2026-03-30T20:03:31.000Z</time>
        <extensions>
          <ns3:TrackPointExtension>
            <ns3:hr>108</ns3:hr>
            <ns3:cad>0</ns3:cad>
          </ns3:TrackPointExtension>
        </extensions>
      </trkpt>
      <trkpt lat="35.97211025655269622802734375" lon="-81.11130609177052974700927734375">
        <ele>516.5999755859375</ele>
        <time>2026-03-30T20:03:33.000Z</time>
        <extensions>
          <ns3:TrackPointExtension>
            <ns3:hr>111</ns3:hr>
            <ns3:cad>0</ns3:cad>
          </ns3:TrackPointExtension>
        </extensions>
      </trkpt>
      <trkpt lat="35.97211520187556743621826171875" lon="-81.11129133962094783782958984375">
        <ele>516.79998779296875</ele>
        <time>2026-03-30T20:03:37.000Z</time>
        <extensions>
          <ns3:TrackPointExtension>
            <ns3:hr>113</ns3:hr>
            <ns3:cad>0</ns3:cad>
          </ns3:TrackPointExtension>
        </extensions>
      </trkpt>
      <trkpt lat="35.972119309008121490478515625" lon="-81.1112691275775432586669921875">
        <ele>517</ele>
        <time>2026-03-30T20:03:39.000Z</time>
        <extensions>
          <ns3:TrackPointExtension>
            <ns3:hr>116</ns3:hr>
            <ns3:cad>0</ns3:cad>
          </ns3:TrackPointExtension>
        </extensions>
      </trkpt>
      <trkpt lat="35.97211922518908977508544921875" lon="-81.11121900379657745361328125">
        <ele>517.20001220703125</ele>
        <time>2026-03-30T20:03:43.000Z</time>
        <extensions>
          <ns3:TrackPointExtension>
            <ns3:hr>116</ns3:hr>
            <ns3:cad>67</ns3:cad>
          </ns3:TrackPointExtension>
        </extensions>
      </trkpt>
      <trkpt lat="35.9721161238849163055419921875" lon="-81.111212633550167083740234375">
        <ele>517.4000244140625</ele>
        <time>2026-03-30T20:03:47.000Z</time>
        <extensions>
          <ns3:TrackPointExtension>
            <ns3:hr>113</ns3:hr>
            <ns3:cad>0</ns3:cad>
          </ns3:TrackPointExtension>
        </extensions>
      </trkpt>
      <trkpt lat="35.9721127711236476898193359375" lon="-81.11122495494782924652099609375">
        <ele>517.5999755859375</ele>
        <time>2026-03-30T20:03:48.000Z</time>
        <extensions>
          <ns3:TrackPointExtension>
            <ns3:hr>113</ns3:hr>
            <ns3:cad>0</ns3:cad>
          </ns3:TrackPointExtension>
        </extensions>
      </trkpt>
      <trkpt lat="35.97211302258074283599853515625" lon="-81.11122847534716129302978515625">
        <ele>517.5999755859375</ele>
        <time>2026-03-30T20:03:49.000Z</time>
        <extensions>
          <ns3:TrackPointExtension>
            <ns3:hr>112</ns3:hr>
            <ns3:cad>0</ns3:cad>
          </ns3:TrackPointExtension>
        </extensions>
      </trkpt>
      <trkpt lat="35.9721198119223117828369140625" lon="-81.11122964881360530853271484375">
        <ele>517.79998779296875</ele>
        <time>2026-03-30T20:03:51.000Z</time>
        <extensions>
          <ns3:TrackPointExtension>
            <ns3:hr>112</ns3:hr>
            <ns3:cad>0</ns3:cad>
          </ns3:TrackPointExtension>
        </extensions>
      </trkpt>
      <trkpt lat="35.97214504145085811614990234375" lon="-81.11122411675751209259033203125">
        <ele>517.5999755859375</ele>
        <time>2026-03-30T20:03:56.000Z</time>
        <extensions>
          <ns3:TrackPointExtension>
            <ns3:hr>111</ns3:hr>
            <ns3:cad>66</ns3:cad>
          </ns3:TrackPointExtension>
        </extensions>
      </trkpt>
      <trkpt lat="35.97215585410594940185546875" lon="-81.1112277209758758544921875">
        <ele>517.79998779296875</ele>
        <time>2026-03-30T20:04:00.000Z</time>
        <extensions>
          <ns3:TrackPointExtension>
            <ns3:hr>114</ns3:hr>
            <ns3:cad>0</ns3:cad>
          </ns3:TrackPointExtension>
        </extensions>
      </trkpt>
      <trkpt lat="35.97215375863015651702880859375" lon="-81.11122327856719493865966796875">
        <ele>517.79998779296875</ele>
        <time>2026-03-30T20:04:02.000Z</time>
        <extensions>
          <ns3:TrackPointExtension>
            <ns3:hr>118</ns3:hr>
            <ns3:cad>0</ns3:cad>
          </ns3:TrackPointExtension>
        </extensions>
      </trkpt>
      <trkpt lat="35.97214856185019016265869140625" lon="-81.11122814007103443145751953125">
        <ele>517.79998779296875</ele>
        <time>2026-03-30T20:04:03.000Z</time>
        <extensions>
          <ns3:TrackPointExtension>
            <ns3:hr>122</ns3:hr>
            <ns3:cad>0</ns3:cad>
          </ns3:TrackPointExtension>
        </extensions>
      </trkpt>
      <trkpt lat="35.9721593745052814483642578125" lon="-81.111228056252002716064453125">
        <ele>517.20001220703125</ele>
        <time>2026-03-30T20:04:11.000Z</time>
        <extensions>
          <ns3:TrackPointExtension>
            <ns3:hr>124</ns3:hr>
            <ns3:cad>0</ns3:cad>
          </ns3:TrackPointExtension>
        </extensions>
      </trkpt>
      <trkpt lat="35.97215828485786914825439453125" lon="-81.11121020279824733734130859375">
        <ele>518</ele>
        <time>2026-03-30T20:04:16.000Z</time>
        <extensions>
          <ns3:TrackPointExtension>
            <ns3:hr>125</ns3:hr>
            <ns3:cad>0</ns3:cad>
          </ns3:TrackPointExtension>
        </extensions>
      </trkpt>
      <trkpt lat="35.97216733731329441070556640625" lon="-81.1112010665237903594970703125">
        <ele>518</ele>
        <time>2026-03-30T20:04:18.000Z</time>
        <extensions>
          <ns3:TrackPointExtension>
            <ns3:hr>124</ns3:hr>
            <ns3:cad>0</ns3:cad>
          </ns3:TrackPointExtension>
        </extensions>
      </trkpt>
      <trkpt lat="35.97217454575002193450927734375" lon="-81.111169718205928802490234375">
        <ele>518</ele>
        <time>2026-03-30T20:04:25.000Z</time>
        <extensions>
          <ns3:TrackPointExtension>
            <ns3:hr>125</ns3:hr>
            <ns3:cad>0</ns3:cad>
          </ns3:TrackPointExtension>
        </extensions>
      </trkpt>
      <trkpt lat="35.97214378416538238525390625" lon="-81.1111705563962459564208984375">
        <ele>519</ele>
        <time>2026-03-30T20:04:31.000Z</time>
        <extensions>
          <ns3:TrackPointExtension>
            <ns3:hr>123</ns3:hr>
            <ns3:cad>0</ns3:cad>
          </ns3:TrackPointExtension>
        </extensions>
      </trkpt>
      <trkpt lat="35.97214001230895519256591796875" lon="-81.11116879619657993316650390625">
        <ele>519</ele>
        <time>2026-03-30T20:04:32.000Z</time>
        <extensions>
          <ns3:TrackPointExtension>
            <ns3:hr>122</ns3:hr>
            <ns3:cad>0</ns3:cad>
          </ns3:TrackPointExtension>
        </extensions>
      </trkpt>
      <trkpt lat="35.972138084471225738525390625" lon="-81.11115622334182262420654296875">
        <ele>519.20001220703125</ele>
        <time>2026-03-30T20:04:34.000Z</time>
        <extensions>
          <ns3:TrackPointExtension>
            <ns3:hr>119</ns3:hr>
            <ns3:cad>0</ns3:cad>
          </ns3:TrackPointExtension>
        </extensions>
      </trkpt>
      <trkpt lat="35.97214587964117527008056640625" lon="-81.11114817671477794647216796875">
        <ele>519.79998779296875</ele>
        <time>2026-03-30T20:04:37.000Z</time>
        <extensions>
          <ns3:TrackPointExtension>
            <ns3:hr>117</ns3:hr>
            <ns3:cad>0</ns3:cad>
          </ns3:TrackPointExtension>
        </extensions>
      </trkpt>
      <trkpt lat="35.97214386798441410064697265625" lon="-81.11113610677421092987060546875">
        <ele>520</ele>
        <time>2026-03-30T20:04:39.000Z</time>
        <extensions>
          <ns3:TrackPointExtension>
            <ns3:hr>119</ns3:hr>
            <ns3:cad>0</ns3:cad>
          </ns3:TrackPointExtension>
        </extensions>
      </trkpt>
      <trkpt lat="35.972151495516300201416015625" lon="-81.1111311614513397216796875">
        <ele>520.20001220703125</ele>
        <time>2026-03-30T20:04:42.000Z</time>
        <extensions>
          <ns3:TrackPointExtension>
            <ns3:hr>124</ns3:hr>
            <ns3:cad>0</ns3:cad>
          </ns3:TrackPointExtension>
        </extensions>
      </trkpt>
      <trkpt lat="35.97215057350695133209228515625" lon="-81.1111306585371494293212890625">
        <ele>520.20001220703125</ele>
        <time>2026-03-30T20:04:43.000Z</time>
        <extensions>
          <ns3:TrackPointExtension>
            <ns3:hr>128</ns3:hr>
            <ns3:cad>0</ns3:cad>
          </ns3:TrackPointExtension>
        </extensions>
      </trkpt>
      <trkpt lat="35.97215292043983936309814453125" lon="-81.111128814518451690673828125">
        <ele>520.20001220703125</ele>
        <time>2026-03-30T20:04:44.000Z</time>
        <extensions>
          <ns3:TrackPointExtension>
            <ns3:hr>128</ns3:hr>
            <ns3:cad>0</ns3:cad>
          </ns3:TrackPointExtension>
        </extensions>
      </trkpt>
      <trkpt lat="35.97215375863015651702880859375" lon="-81.1111286468803882598876953125">
        <ele>520.20001220703125</ele>
        <time>2026-03-30T20:04:45.000Z</time>
        <extensions>
          <ns3:TrackPointExtension>
            <ns3:hr>129</ns3:hr>
            <ns3:cad>0</ns3:cad>
          </ns3:TrackPointExtension>
        </extensions>
      </trkpt>
      <trkpt lat="35.9721416048705577850341796875" lon="-81.11114297993481159210205078125">
        <ele>520</ele>
        <time>2026-03-30T20:04:53.000Z</time>
        <extensions>
          <ns3:TrackPointExtension>
            <ns3:hr>130</ns3:hr>
            <ns3:cad>0</ns3:cad>
          </ns3:TrackPointExtension>
        </extensions>
      </trkpt>
      <trkpt lat="35.9721707738935947418212890625" lon="-81.111127473413944244384765625">
        <ele>520</ele>
        <time>2026-03-30T20:05:00.000Z</time>
        <extensions>
          <ns3:TrackPointExtension>
            <ns3:hr>129</ns3:hr>
            <ns3:cad>0</ns3:cad>
          </ns3:TrackPointExtension>
        </extensions>
      </trkpt>
      <trkpt lat="35.97218535840511322021484375" lon="-81.1111293174326419830322265625">
        <ele>519.5999755859375</ele>
        <time>2026-03-30T20:05:06.000Z</time>
        <extensions>
          <ns3:TrackPointExtension>
            <ns3:hr>131</ns3:hr>
            <ns3:cad>0</ns3:cad>
          </ns3:TrackPointExtension>
        </extensions>
      </trkpt>
      <trkpt lat="35.9721791557967662811279296875" lon="-81.11109687946736812591552734375">
        <ele>520</ele>
        <time>2026-03-30T20:05:13.000Z</time>
        <extensions>
          <ns3:TrackPointExtension>
            <ns3:hr>130</ns3:hr>
            <ns3:cad>0</ns3:cad>
          </ns3:TrackPointExtension>
        </extensions>
      </trkpt>
      <trkpt lat="35.9722150303423404693603515625" lon="-81.11108497716486454010009765625">
        <ele>520.20001220703125</ele>
        <time>2026-03-30T20:05:20.000Z</time>
        <extensions>
          <ns3:TrackPointExtension>
            <ns3:hr>130</ns3:hr>
            <ns3:cad>0</ns3:cad>
          </ns3:TrackPointExtension>
        </extensions>
      </trkpt>
      <trkpt lat="35.97220639698207378387451171875" lon="-81.111085899174213409423828125">
        <ele>520.5999755859375</ele>
        <time>2026-03-30T20:05:24.000Z</time>
        <extensions>
          <ns3:TrackPointExtension>
            <ns3:hr>120</ns3:hr>
            <ns3:cad>0</ns3:cad>
          </ns3:TrackPointExtension>
        </extensions>
      </trkpt>
      <trkpt lat="35.9722019545733928680419921875" lon="-81.1110884137451648712158203125">
        <ele>520.4000244140625</ele>
        <time>2026-03-30T20:05:25.000Z</time>
        <extensions>
          <ns3:TrackPointExtension>
            <ns3:hr>117</ns3:hr>
            <ns3:cad>0</ns3:cad>
          </ns3:TrackPointExtension>
        </extensions>
      </trkpt>
      <trkpt lat="35.97220681607723236083984375" lon="-81.11109939403831958770751953125">
        <ele>520.4000244140625</ele>
        <time>2026-03-30T20:05:27.000Z</time>
        <extensions>
          <ns3:TrackPointExtension>
            <ns3:hr>116</ns3:hr>
            <ns3:cad>0</ns3:cad>
          </ns3:TrackPointExtension>
        </extensions>
      </trkpt>
      <trkpt lat="35.97220681607723236083984375" lon="-81.1111256293952465057373046875">
        <ele>520.79998779296875</ele>
        <time>2026-03-30T20:05:31.000Z</time>
        <extensions>
          <ns3:TrackPointExtension>
            <ns3:hr>120</ns3:hr>
            <ns3:cad>0</ns3:cad>
          </ns3:TrackPointExtension>
        </extensions>
      </trkpt>
      <trkpt lat="35.972209833562374114990234375" lon="-81.1111257970333099365234375">
        <ele>520</ele>
        <time>2026-03-30T20:05:34.000Z</time>
        <extensions>
          <ns3:TrackPointExtension>
            <ns3:hr>119</ns3:hr>
            <ns3:cad>0</ns3:cad>
          </ns3:TrackPointExtension>
        </extensions>
      </trkpt>
      <trkpt lat="35.97224595956504344940185546875" lon="-81.11110232770442962646484375">
        <ele>520.20001220703125</ele>
        <time>2026-03-30T20:05:41.000Z</time>
        <extensions>
          <ns3:TrackPointExtension>
            <ns3:hr>118</ns3:hr>
            <ns3:cad>0</ns3:cad>
          </ns3:TrackPointExtension>
        </extensions>
      </trkpt>
      <trkpt lat="35.97224579192698001861572265625" lon="-81.11109989695250988006591796875">
        <ele>520.4000244140625</ele>
        <time>2026-03-30T20:05:45.000Z</time>
        <extensions>
          <ns3:TrackPointExtension>
            <ns3:hr>115</ns3:hr>
            <ns3:cad>0</ns3:cad>
          </ns3:TrackPointExtension>
        </extensions>
      </trkpt>
      <trkpt lat="35.97224847413599491119384765625" lon="-81.11109989695250988006591796875">
        <ele>520.5999755859375</ele>
        <time>2026-03-30T20:05:46.000Z</time>
        <extensions>
          <ns3:TrackPointExtension>
            <ns3:hr>114</ns3:hr>
            <ns3:cad>0</ns3:cad>
          </ns3:TrackPointExtension>
        </extensions>
      </trkpt>
      <trkpt lat="35.9722552634775638580322265625" lon="-81.11112244427204132080078125">
        <ele>520.5999755859375</ele>
        <time>2026-03-30T20:05:49.000Z</time>
        <extensions>
          <ns3:TrackPointExtension>
            <ns3:hr>111</ns3:hr>
            <ns3:cad>0</ns3:cad>
          </ns3:TrackPointExtension>
        </extensions>
      </trkpt>
      <trkpt lat="35.97225668840110301971435546875" lon="-81.11114767380058765411376953125">
        <ele>520.20001220703125</ele>
        <time>2026-03-30T20:05:54.000Z</time>
        <extensions>
          <ns3:TrackPointExtension>
            <ns3:hr>112</ns3:hr>
            <ns3:cad>0</ns3:cad>
          </ns3:TrackPointExtension>
        </extensions>
      </trkpt>
      <trkpt lat="35.97224964760243892669677734375" lon="-81.1111578159034252166748046875">
        <ele>519.79998779296875</ele>
        <time>2026-03-30T20:05:56.000Z</time>
        <extensions>
          <ns3:TrackPointExtension>
            <ns3:hr>115</ns3:hr>
            <ns3:cad>0</ns3:cad>
          </ns3:TrackPointExtension>
        </extensions>
      </trkpt>
      <trkpt lat="35.9722438640892505645751953125" lon="-81.11119243316352367401123046875">
        <ele>519.20001220703125</ele>
        <time>2026-03-30T20:06:01.000Z</time>
        <extensions>
          <ns3:TrackPointExtension>
            <ns3:hr>115</ns3:hr>
            <ns3:cad>45</ns3:cad>
          </ns3:TrackPointExtension>
        </extensions>
      </trkpt>
      <trkpt lat="35.9722415171563625335693359375" lon="-81.11120349727571010589599609375">
        <ele>519.20001220703125</ele>
        <time>2026-03-30T20:06:04.000Z</time>
        <extensions>
          <ns3:TrackPointExtension>
            <ns3:hr>112</ns3:hr>
            <ns3:cad>44</ns3:cad>
          </ns3:TrackPointExtension>
        </extensions>
      </trkpt>
      <trkpt lat="35.97224411554634571075439453125" lon="-81.11120500601828098297119140625">
        <ele>519</ele>
        <time>2026-03-30T20:06:05.000Z</time>
        <extensions>
          <ns3:TrackPointExtension>
            <ns3:hr>111</ns3:hr>
            <ns3:cad>43</ns3:cad>
          </ns3:TrackPointExtension>
        </extensions>
      </trkpt>
      <trkpt lat="35.97225015051662921905517578125" lon="-81.11122730188071727752685546875">
        <ele>518.5999755859375</ele>
        <time>2026-03-30T20:06:08.000Z</time>
        <extensions>
          <ns3:TrackPointExtension>
            <ns3:hr>111</ns3:hr>
            <ns3:cad>43</ns3:cad>
          </ns3:TrackPointExtension>
        </extensions>
      </trkpt>
      <trkpt lat="35.972260124981403350830078125" lon="-81.11127507872879505157470703125">
        <ele>518.20001220703125</ele>
        <time>2026-03-30T20:06:15.000Z</time>
        <extensions>
          <ns3:TrackPointExtension>
            <ns3:hr>113</ns3:hr>
            <ns3:cad>0</ns3:cad>
          </ns3:TrackPointExtension>
        </extensions>
      </trkpt>
      <trkpt lat="35.97226607613265514373779296875" lon="-81.11124674789607524871826171875">
        <ele>518.4000244140625</ele>
        <time>2026-03-30T20:06:24.000Z</time>
        <extensions>
          <ns3:TrackPointExtension>
            <ns3:hr>108</ns3:hr>
            <ns3:cad>0</ns3:cad>
          </ns3:TrackPointExtension>
        </extensions>
      </trkpt>
      <trkpt lat="35.97226674668490886688232421875" lon="-81.1112449876964092254638671875">
        <ele>518.4000244140625</ele>
        <time>2026-03-30T20:06:25.000Z</time>
        <extensions>
          <ns3:TrackPointExtension>
            <ns3:hr>107</ns3:hr>
            <ns3:cad>0</ns3:cad>
          </ns3:TrackPointExtension>
        </extensions>
      </trkpt>
      <trkpt lat="35.972284935414791107177734375" lon="-81.1112721450626850128173828125">
        <ele>518.79998779296875</ele>
        <time>2026-03-30T20:06:35.000Z</time>
        <extensions>
          <ns3:TrackPointExtension>
            <ns3:hr>107</ns3:hr>
            <ns3:cad>0</ns3:cad>
          </ns3:TrackPointExtension>
        </extensions>
      </trkpt>
      <trkpt lat="35.97229172475636005401611328125" lon="-81.11127809621393680572509765625">
        <ele>519</ele>
        <time>2026-03-30T20:06:39.000Z</time>
        <extensions>
          <ns3:TrackPointExtension>
            <ns3:hr>104</ns3:hr>
            <ns3:cad>0</ns3:cad>
          </ns3:TrackPointExtension>
        </extensions>
      </trkpt>
      <trkpt lat="35.97229122184216976165771484375" lon="-81.111260242760181427001953125">
        <ele>519</ele>
        <time>2026-03-30T20:06:42.000Z</time>
        <extensions>
          <ns3:TrackPointExtension>
            <ns3:hr>101</ns3:hr>
            <ns3:cad>0</ns3:cad>
          </ns3:TrackPointExtension>
        </extensions>
      </trkpt>
      <trkpt lat="35.97229138948023319244384765625" lon="-81.11123886890709400177001953125">
        <ele>518.79998779296875</ele>
        <time>2026-03-30T20:06:45.000Z</time>
        <extensions>
          <ns3:TrackPointExtension>
            <ns3:hr>101</ns3:hr>
            <ns3:cad>0</ns3:cad>
          </ns3:TrackPointExtension>
        </extensions>
      </trkpt>
      <trkpt lat="35.972282923758029937744140625" lon="-81.11121020279824733734130859375">
        <ele>518.79998779296875</ele>
        <time>2026-03-30T20:06:48.000Z</time>
        <extensions>
          <ns3:TrackPointExtension>
            <ns3:hr>104</ns3:hr>
            <ns3:cad>0</ns3:cad>
          </ns3:TrackPointExtension>
        </extensions>
      </trkpt>
      <trkpt lat="35.972260795533657073974609375" lon="-81.1112141422927379608154296875">
        <ele>518.5999755859375</ele>
        <time>2026-03-30T20:06:51.000Z</time>
        <extensions>
          <ns3:TrackPointExtension>
            <ns3:hr>106</ns3:hr>
            <ns3:cad>0</ns3:cad>
          </ns3:TrackPointExtension>
        </extensions>
      </trkpt>
      <trkpt lat="35.97222181968390941619873046875" lon="-81.1112433113157749176025390625">
        <ele>518</ele>
        <time>2026-03-30T20:06:59.000Z</time>
        <extensions>
          <ns3:TrackPointExtension>
            <ns3:hr>106</ns3:hr>
            <ns3:cad>0</ns3:cad>
          </ns3:TrackPointExtension>
        </extensions>
      </trkpt>
      <trkpt lat="35.97222181968390941619873046875" lon="-81.1112433113157749176025390625">
        <ele>518.20001220703125</ele>
        <time>2026-03-30T20:07:02.000Z</time>
        <extensions>
          <ns3:TrackPointExtension>
            <ns3:hr>102</ns3:hr>
            <ns3:cad>0</ns3:cad>
          </ns3:TrackPointExtension>
        </extensions>
      </trkpt>
      <trkpt lat="35.972234643995761871337890625" lon="-81.1112506873905658721923828125">
        <ele>518.20001220703125</ele>
        <time>2026-03-30T20:07:07.000Z</time>
        <extensions>
          <ns3:TrackPointExtension>
            <ns3:hr>103</ns3:hr>
            <ns3:cad>0</ns3:cad>
          </ns3:TrackPointExtension>
        </extensions>
      </trkpt>
      <trkpt lat="35.972234643995761871337890625" lon="-81.1112506873905658721923828125">
        <ele>518</ele>
        <time>2026-03-30T20:07:09.000Z</time>
        <extensions>
          <ns3:TrackPointExtension>
            <ns3:hr>105</ns3:hr>
            <ns3:cad>0</ns3:cad>
          </ns3:TrackPointExtension>
        </extensions>
      </trkpt>
      <trkpt lat="35.9722599573433399200439453125" lon="-81.1112453229725360870361328125">
        <ele>518</ele>
        <time>2026-03-30T20:07:14.000Z</time>
        <extensions>
          <ns3:TrackPointExtension>
            <ns3:hr>107</ns3:hr>
            <ns3:cad>0</ns3:cad>
          </ns3:TrackPointExtension>
        </extensions>
      </trkpt>
      <trkpt lat="35.972277224063873291015625" lon="-81.111222691833972930908203125">
        <ele>518.20001220703125</ele>
        <time>2026-03-30T20:07:16.000Z</time>
        <extensions>
          <ns3:TrackPointExtension>
            <ns3:hr>106</ns3:hr>
            <ns3:cad>0</ns3:cad>
          </ns3:TrackPointExtension>
        </extensions>
      </trkpt>
      <trkpt lat="35.9722944907844066619873046875" lon="-81.1112101189792156219482421875">
        <ele>518.4000244140625</ele>
        <time>2026-03-30T20:07:21.000Z</time>
        <extensions>
          <ns3:TrackPointExtension>
            <ns3:hr>106</ns3:hr>
            <ns3:cad>61</ns3:cad>
          </ns3:TrackPointExtension>
        </extensions>
      </trkpt>
      <trkpt lat="35.9723176248371601104736328125" lon="-81.11120081506669521331787109375">
        <ele>519</ele>
        <time>2026-03-30T20:07:25.000Z</time>
        <extensions>
          <ns3:TrackPointExtension>
            <ns3:hr>105</ns3:hr>
            <ns3:cad>0</ns3:cad>
          </ns3:TrackPointExtension>
        </extensions>
      </trkpt>
      <trkpt lat="35.9723434410989284515380859375" lon="-81.11115722917020320892333984375">
        <ele>518.5999755859375</ele>
        <time>2026-03-30T20:07:31.000Z</time>
        <extensions>
          <ns3:TrackPointExtension>
            <ns3:hr>110</ns3:hr>
            <ns3:cad>0</ns3:cad>
          </ns3:TrackPointExtension>
        </extensions>
      </trkpt>
      <trkpt lat="35.97234821878373622894287109375" lon="-81.11114884726703166961669921875">
        <ele>518.5999755859375</ele>
        <time>2026-03-30T20:07:32.000Z</time>
        <extensions>
          <ns3:TrackPointExtension>
            <ns3:hr>115</ns3:hr>
            <ns3:cad>0</ns3:cad>
          </ns3:TrackPointExtension>
        </extensions>
      </trkpt>
      <trkpt lat="35.97234226763248443603515625" lon="-81.1111222766339778900146484375">
        <ele>518.79998779296875</ele>
        <time>2026-03-30T20:07:37.000Z</time>
        <extensions>
          <ns3:TrackPointExtension>
            <ns3:hr>118</ns3:hr>
            <ns3:cad>0</ns3:cad>
          </ns3:TrackPointExtension>
        </extensions>
      </trkpt>
      <trkpt lat="35.97234226763248443603515625" lon="-81.1111222766339778900146484375">
        <ele>518.79998779296875</ele>
        <time>2026-03-30T20:07:38.000Z</time>
        <extensions>
          <ns3:TrackPointExtension>
            <ns3:hr>118</ns3:hr>
            <ns3:cad>0</ns3:cad>
          </ns3:TrackPointExtension>
        </extensions>
      </trkpt>
      <trkpt lat="35.97233380191028118133544921875" lon="-81.1110847257077693939208984375">
        <ele>520</ele>
        <time>2026-03-30T20:07:44.000Z</time>
        <extensions>
          <ns3:TrackPointExtension>
            <ns3:hr>116</ns3:hr>
            <ns3:cad>0</ns3:cad>
          </ns3:TrackPointExtension>
        </extensions>
      </trkpt>
      <trkpt lat="35.97232173196971416473388671875" lon="-81.1110682971775531768798828125">
        <ele>520.20001220703125</ele>
        <time>2026-03-30T20:07:50.000Z</time>
        <extensions>
          <ns3:TrackPointExtension>
            <ns3:hr>121</ns3:hr>
            <ns3:cad>0</ns3:cad>
          </ns3:TrackPointExtension>
        </extensions>
      </trkpt>
      <trkpt lat="35.97232156433165073394775390625" lon="-81.11106351949274539947509765625">
        <ele>520.20001220703125</ele>
        <time>2026-03-30T20:07:51.000Z</time>
        <extensions>
          <ns3:TrackPointExtension>
            <ns3:hr>122</ns3:hr>
            <ns3:cad>0</ns3:cad>
          </ns3:TrackPointExtension>
        </extensions>
      </trkpt>
      <trkpt lat="35.9723343886435031890869140625" lon="-81.11103837378323078155517578125">
        <ele>520.4000244140625</ele>
        <time>2026-03-30T20:08:04.000Z</time>
        <extensions>
          <ns3:TrackPointExtension>
            <ns3:hr>125</ns3:hr>
            <ns3:cad>0</ns3:cad>
          </ns3:TrackPointExtension>
        </extensions>
      </trkpt>
      <trkpt lat="35.9723429381847381591796875" lon="-81.11103736795485019683837890625">
        <ele>520.4000244140625</ele>
        <time>2026-03-30T20:08:05.000Z</time>
        <extensions>
          <ns3:TrackPointExtension>
            <ns3:hr>125</ns3:hr>
            <ns3:cad>0</ns3:cad>
          </ns3:TrackPointExtension>
        </extensions>
      </trkpt>
      <trkpt lat="35.972358025610446929931640625" lon="-81.11101021058857440948486328125">
        <ele>520.4000244140625</ele>
        <time>2026-03-30T20:08:10.000Z</time>
        <extensions>
          <ns3:TrackPointExtension>
            <ns3:hr>124</ns3:hr>
            <ns3:cad>0</ns3:cad>
          </ns3:TrackPointExtension>
        </extensions>
      </trkpt>
      <trkpt lat="35.97239247523248195648193359375" lon="-81.1110096238553524017333984375">
        <ele>520.5999755859375</ele>
        <time>2026-03-30T20:08:18.000Z</time>
        <extensions>
          <ns3:TrackPointExtension>
            <ns3:hr>123</ns3:hr>
            <ns3:cad>17</ns3:cad>
          </ns3:TrackPointExtension>
        </extensions>
      </trkpt>
      <trkpt lat="35.9724073112010955810546875" lon="-81.11099462024867534637451171875">
        <ele>520.4000244140625</ele>
        <time>2026-03-30T20:08:25.000Z</time>
        <extensions>
          <ns3:TrackPointExtension>
            <ns3:hr>125</ns3:hr>
            <ns3:cad>0</ns3:cad>
          </ns3:TrackPointExtension>
        </extensions>
      </trkpt>
      <trkpt lat="35.97240655682981014251708984375" lon="-81.11097718589007854461669921875">
        <ele>520.79998779296875</ele>
        <time>2026-03-30T20:08:33.000Z</time>
        <extensions>
          <ns3:TrackPointExtension>
            <ns3:hr>125</ns3:hr>
            <ns3:cad>0</ns3:cad>
          </ns3:TrackPointExtension>
        </extensions>
      </trkpt>
      <trkpt lat="35.97241577692329883575439453125" lon="-81.11095958389341831207275390625">
        <ele>520.79998779296875</ele>
        <time>2026-03-30T20:08:36.000Z</time>
        <extensions>
          <ns3:TrackPointExtension>
            <ns3:hr>122</ns3:hr>
            <ns3:cad>0</ns3:cad>
          </ns3:TrackPointExtension>
        </extensions>
      </trkpt>
      <trkpt lat="35.9724245779216289520263671875" lon="-81.1109429039061069488525390625">
        <ele>520.5999755859375</ele>
        <time>2026-03-30T20:08:40.000Z</time>
        <extensions>
          <ns3:TrackPointExtension>
            <ns3:hr>124</ns3:hr>
            <ns3:cad>0</ns3:cad>
          </ns3:TrackPointExtension>
        </extensions>
      </trkpt>
      <trkpt lat="35.9724161960184574127197265625" lon="-81.11091046594083309173583984375">
        <ele>520.20001220703125</ele>
        <time>2026-03-30T20:08:49.000Z</time>
        <extensions>
          <ns3:TrackPointExtension>
            <ns3:hr>121</ns3:hr>
            <ns3:cad>0</ns3:cad>
          </ns3:TrackPointExtension>
        </extensions>
      </trkpt>
      <trkpt lat="35.972443521022796630859375" lon="-81.11092924140393733978271484375">
        <ele>520.20001220703125</ele>
        <time>2026-03-30T20:08:58.000Z</time>
        <extensions>
          <ns3:TrackPointExtension>
            <ns3:hr>120</ns3:hr>
            <ns3:cad>0</ns3:cad>
          </ns3:TrackPointExtension>
        </extensions>
      </trkpt>
      <trkpt lat="35.97244427539408206939697265625" lon="-81.110924966633319854736328125">
        <ele>520.20001220703125</ele>
        <time>2026-03-30T20:08:59.000Z</time>
        <extensions>
          <ns3:TrackPointExtension>
            <ns3:hr>120</ns3:hr>
            <ns3:cad>0</ns3:cad>
          </ns3:TrackPointExtension>
        </extensions>
      </trkpt>
      <trkpt lat="35.97243857569992542266845703125" lon="-81.11090996302664279937744140625">
        <ele>520.5999755859375</ele>
        <time>2026-03-30T20:09:08.000Z</time>
        <extensions>
          <ns3:TrackPointExtension>
            <ns3:hr>120</ns3:hr>
            <ns3:cad>0</ns3:cad>
          </ns3:TrackPointExtension>
        </extensions>
      </trkpt>
      <trkpt lat="35.97243187017738819122314453125" lon="-81.11091298051178455352783203125">
        <ele>520.4000244140625</ele>
        <time>2026-03-30T20:09:09.000Z</time>
        <extensions>
          <ns3:TrackPointExtension>
            <ns3:hr>117</ns3:hr>
            <ns3:cad>0</ns3:cad>
          </ns3:TrackPointExtension>
        </extensions>
      </trkpt>
      <trkpt lat="35.972419045865535736083984375" lon="-81.110950447618961334228515625">
        <ele>520.20001220703125</ele>
        <time>2026-03-30T20:09:14.000Z</time>
        <extensions>
          <ns3:TrackPointExtension>
            <ns3:hr>117</ns3:hr>
            <ns3:cad>0</ns3:cad>
          </ns3:TrackPointExtension>
        </extensions>
      </trkpt>
      <trkpt lat="35.97245223820209503173828125" lon="-81.110950447618961334228515625">
        <ele>520.4000244140625</ele>
        <time>2026-03-30T20:09:20.000Z</time>
        <extensions>
          <ns3:TrackPointExtension>
            <ns3:hr>117</ns3:hr>
            <ns3:cad>77</ns3:cad>
          </ns3:TrackPointExtension>
        </extensions>
      </trkpt>
      <trkpt lat="35.972488783299922943115234375" lon="-81.1109777726233005523681640625">
        <ele>519.5999755859375</ele>
        <time>2026-03-30T20:09:28.000Z</time>
        <extensions>
          <ns3:TrackPointExtension>
            <ns3:hr>115</ns3:hr>
            <ns3:cad>0</ns3:cad>
          </ns3:TrackPointExtension>
        </extensions>
      </trkpt>
      <trkpt lat="35.9724850952625274658203125" lon="-81.11098431050777435302734375">
        <ele>519.5999755859375</ele>
        <time>2026-03-30T20:09:29.000Z</time>
        <extensions>
          <ns3:TrackPointExtension>
            <ns3:hr>116</ns3:hr>
            <ns3:cad>0</ns3:cad>
          </ns3:TrackPointExtension>
        </extensions>
      </trkpt>
      <trkpt lat="35.9724939800798892974853515625" lon="-81.11102320253849029541015625">
        <ele>519.5999755859375</ele>
        <time>2026-03-30T20:09:35.000Z</time>
        <extensions>
          <ns3:TrackPointExtension>
            <ns3:hr>113</ns3:hr>
            <ns3:cad>73</ns3:cad>
          </ns3:TrackPointExtension>
        </extensions>
      </trkpt>
      <trkpt lat="35.97249775193631649017333984375" lon="-81.1110243760049343109130859375">
        <ele>519.4000244140625</ele>
        <time>2026-03-30T20:09:37.000Z</time>
        <extensions>
          <ns3:TrackPointExtension>
            <ns3:hr>109</ns3:hr>
            <ns3:cad>73</ns3:cad>
          </ns3:TrackPointExtension>
        </extensions>
      </trkpt>
      <trkpt lat="35.97248987294733524322509765625" lon="-81.111020855605602264404296875">
        <ele>519.20001220703125</ele>
        <time>2026-03-30T20:09:41.000Z</time>
        <extensions>
          <ns3:TrackPointExtension>
            <ns3:hr>109</ns3:hr>
            <ns3:cad>0</ns3:cad>
          </ns3:TrackPointExtension>
        </extensions>
      </trkpt>
      <trkpt lat="35.97248014993965625762939453125" lon="-81.11100316978991031646728515625">
        <ele>519</ele>
        <time>2026-03-30T20:09:46.000Z</time>
        <extensions>
          <ns3:TrackPointExtension>
            <ns3:hr>107</ns3:hr>
            <ns3:cad>0</ns3:cad>
          </ns3:TrackPointExtension>
        </extensions>
      </trkpt>
      <trkpt lat="35.97247595898807048797607421875" lon="-81.11099948175251483917236328125">
        <ele>518.5999755859375</ele>
        <time>2026-03-30T20:09:49.000Z</time>
        <extensions>
          <ns3:TrackPointExtension>
            <ns3:hr>107</ns3:hr>
            <ns3:cad>0</ns3:cad>
          </ns3:TrackPointExtension>
        </extensions>
      </trkpt>
      <trkpt lat="35.972478054463863372802734375" lon="-81.11105463467538356781005859375">
        <ele>517.79998779296875</ele>
        <time>2026-03-30T20:09:56.000Z</time>
        <extensions>
          <ns3:TrackPointExtension>
            <ns3:hr>110</ns3:hr>
            <ns3:cad>41</ns3:cad>
          </ns3:TrackPointExtension>
        </extensions>
      </trkpt>
      <trkpt lat="35.97248308360576629638671875" lon="-81.11105597577989101409912109375">
        <ele>517.79998779296875</ele>
        <time>2026-03-30T20:09:57.000Z</time>
        <extensions>
          <ns3:TrackPointExtension>
            <ns3:hr>111</ns3:hr>
            <ns3:cad>76</ns3:cad>
          </ns3:TrackPointExtension>
        </extensions>
      </trkpt>
      <trkpt lat="35.97245617769658565521240234375" lon="-81.11101205460727214813232421875">
        <ele>517</ele>
        <time>2026-03-30T20:10:04.000Z</time>
        <extensions>
          <ns3:TrackPointExtension>
            <ns3:hr>112</ns3:hr>
            <ns3:cad>0</ns3:cad>
          </ns3:TrackPointExtension>
        </extensions>
      </trkpt>
      <trkpt lat="35.9724768809974193572998046875" lon="-81.11103602685034275054931640625">
        <ele>517.20001220703125</ele>
        <time>2026-03-30T20:10:10.000Z</time>
        <extensions>
          <ns3:TrackPointExtension>
            <ns3:hr>112</ns3:hr>
            <ns3:cad>0</ns3:cad>
          </ns3:TrackPointExtension>
        </extensions>
      </trkpt>
      <trkpt lat="35.97247830592095851898193359375" lon="-81.111042983829975128173828125">
        <ele>517.20001220703125</ele>
        <time>2026-03-30T20:10:11.000Z</time>
        <extensions>
          <ns3:TrackPointExtension>
            <ns3:hr>112</ns3:hr>
            <ns3:cad>0</ns3:cad>
          </ns3:TrackPointExtension>
        </extensions>
      </trkpt>
      <trkpt lat="35.9724835865199565887451171875" lon="-81.11107625998556613922119140625">
        <ele>516.79998779296875</ele>
        <time>2026-03-30T20:10:15.000Z</time>
        <extensions>
          <ns3:TrackPointExtension>
            <ns3:hr>113</ns3:hr>
            <ns3:cad>59</ns3:cad>
          </ns3:TrackPointExtension>
        </extensions>
      </trkpt>
      <trkpt lat="35.97247830592095851898193359375" lon="-81.111094616353511810302734375">
        <ele>516.5999755859375</ele>
        <time>2026-03-30T20:10:18.000Z</time>
        <extensions>
          <ns3:TrackPointExtension>
            <ns3:hr>113</ns3:hr>
            <ns3:cad>0</ns3:cad>
          </ns3:TrackPointExtension>
        </extensions>
      </trkpt>
      <trkpt lat="35.97245651297271251678466796875" lon="-81.11112470738589763641357421875">
        <ele>516.4000244140625</ele>
        <time>2026-03-30T20:10:27.000Z</time>
        <extensions>
          <ns3:TrackPointExtension>
            <ns3:hr>111</ns3:hr>
            <ns3:cad>0</ns3:cad>
          </ns3:TrackPointExtension>
        </extensions>
      </trkpt>
      <trkpt lat="35.97243505530059337615966796875" lon="-81.1111316643655300140380859375">
        <ele>516.4000244140625</ele>
        <time>2026-03-30T20:10:34.000Z</time>
        <extensions>
          <ns3:TrackPointExtension>
            <ns3:hr>111</ns3:hr>
            <ns3:cad>0</ns3:cad>
          </ns3:TrackPointExtension>
        </extensions>
      </trkpt>
      <trkpt lat="35.97241024486720561981201171875" lon="-81.11118338070809841156005859375">
        <ele>516.4000244140625</ele>
        <time>2026-03-30T20:10:42.000Z</time>
        <extensions>
          <ns3:TrackPointExtension>
            <ns3:hr>108</ns3:hr>
            <ns3:cad>0</ns3:cad>
          </ns3:TrackPointExtension>
        </extensions>
      </trkpt>
      <trkpt lat="35.9724108316004276275634765625" lon="-81.11118455417454242706298828125">
        <ele>516.4000244140625</ele>
        <time>2026-03-30T20:10:43.000Z</time>
        <extensions>
          <ns3:TrackPointExtension>
            <ns3:hr>107</ns3:hr>
            <ns3:cad>0</ns3:cad>
          </ns3:TrackPointExtension>
        </extensions>
      </trkpt>
      <trkpt lat="35.97240119241178035736083984375" lon="-81.11116980202496051788330078125">
        <ele>516.4000244140625</ele>
        <time>2026-03-30T20:10:50.000Z</time>
        <extensions>
          <ns3:TrackPointExtension>
            <ns3:hr>107</ns3:hr>
            <ns3:cad>0</ns3:cad>
          </ns3:TrackPointExtension>
        </extensions>
      </trkpt>
      <trkpt lat="35.97236900590360164642333984375" lon="-81.1111866496503353118896484375">
        <ele>516.4000244140625</ele>
        <time>2026-03-30T20:10:56.000Z</time>
        <extensions>
          <ns3:TrackPointExtension>
            <ns3:hr>107</ns3:hr>
            <ns3:cad>45</ns3:cad>
          </ns3:TrackPointExtension>
        </extensions>
      </trkpt>
      <trkpt lat="35.97237856127321720123291015625" lon="-81.11117030493915081024169921875">
        <ele>516.20001220703125</ele>
        <time>2026-03-30T20:11:02.000Z</time>
        <extensions>
          <ns3:TrackPointExtension>
            <ns3:hr>111</ns3:hr>
            <ns3:cad>0</ns3:cad>
          </ns3:TrackPointExtension>
        </extensions>
      </trkpt>
      <trkpt lat="35.97236196510493755340576171875" lon="-81.1111806146800518035888671875">
        <ele>516.5999755859375</ele>
        <time>2026-03-30T20:11:10.000Z</time>
        <extensions>
          <ns3:TrackPointExtension>
            <ns3:hr>112</ns3:hr>
            <ns3:cad>0</ns3:cad>
          </ns3:TrackPointExtension>
        </extensions>
      </trkpt>
      <trkpt lat="35.9723461233079433441162109375" lon="-81.11118757165968418121337890625">
        <ele>516.20001220703125</ele>
        <time>2026-03-30T20:11:19.000Z</time>
        <extensions>
          <ns3:TrackPointExtension>
            <ns3:hr>115</ns3:hr>
            <ns3:cad>0</ns3:cad>
          </ns3:TrackPointExtension>
        </extensions>
      </trkpt>
      <trkpt lat="35.9723461233079433441162109375" lon="-81.11118757165968418121337890625">
        <ele>516.20001220703125</ele>
        <time>2026-03-30T20:11:20.000Z</time>
        <extensions>
          <ns3:TrackPointExtension>
            <ns3:hr>119</ns3:hr>
            <ns3:cad>0</ns3:cad>
          </ns3:TrackPointExtension>
        </extensions>
      </trkpt>
      <trkpt lat="35.9723461233079433441162109375" lon="-81.11118757165968418121337890625">
        <ele>516.20001220703125</ele>
        <time>2026-03-30T20:11:21.000Z</time>
        <extensions>
          <ns3:TrackPointExtension>
            <ns3:hr>123</ns3:hr>
            <ns3:cad>0</ns3:cad>
          </ns3:TrackPointExtension>
        </extensions>
      </trkpt>
      <trkpt lat="35.972345955669879913330078125" lon="-81.11118723638355731964111328125">
        <ele>516.20001220703125</ele>
        <time>2026-03-30T20:11:22.000Z</time>
        <extensions>
          <ns3:TrackPointExtension>
            <ns3:hr>123</ns3:hr>
            <ns3:cad>0</ns3:cad>
          </ns3:TrackPointExtension>
        </extensions>
      </trkpt>
      <trkpt lat="35.9723588638007640838623046875" lon="-81.11118790693581104278564453125">
        <ele>516</ele>
        <time>2026-03-30T20:11:26.000Z</time>
        <extensions>
          <ns3:TrackPointExtension>
            <ns3:hr>122</ns3:hr>
            <ns3:cad>0</ns3:cad>
          </ns3:TrackPointExtension>
        </extensions>
      </trkpt>
      <trkpt lat="35.97236104309558868408203125" lon="-81.11119109205901622772216796875">
        <ele>515.79998779296875</ele>
        <time>2026-03-30T20:11:27.000Z</time>
        <extensions>
          <ns3:TrackPointExtension>
            <ns3:hr>122</ns3:hr>
            <ns3:cad>0</ns3:cad>
          </ns3:TrackPointExtension>
        </extensions>
      </trkpt>
      <trkpt lat="35.9723508171737194061279296875" lon="-81.11123300157487392425537109375">
        <ele>514.79998779296875</ele>
        <time>2026-03-30T20:11:33.000Z</time>
        <extensions>
          <ns3:TrackPointExtension>
            <ns3:hr>122</ns3:hr>
            <ns3:cad>0</ns3:cad>
          </ns3:TrackPointExtension>
        </extensions>
      </trkpt>
      <trkpt lat="35.972345285117626190185546875" lon="-81.11123752780258655548095703125">
        <ele>514.5999755859375</ele>
        <time>2026-03-30T20:11:34.000Z</time>
        <extensions>
          <ns3:TrackPointExtension>
            <ns3:hr>122</ns3:hr>
            <ns3:cad>0</ns3:cad>
          </ns3:TrackPointExtension>
        </extensions>
      </trkpt>
      <trkpt lat="35.97233732230961322784423828125" lon="-81.1112681217491626739501953125">
        <ele>513.79998779296875</ele>
        <time>2026-03-30T20:11:39.000Z</time>
        <extensions>
          <ns3:TrackPointExtension>
            <ns3:hr>119</ns3:hr>
            <ns3:cad>0</ns3:cad>
          </ns3:TrackPointExtension>
        </extensions>
      </trkpt>
      <trkpt lat="35.97234226763248443603515625" lon="-81.11126971431076526641845703125">
        <ele>513.5999755859375</ele>
        <time>2026-03-30T20:11:41.000Z</time>
        <extensions>
          <ns3:TrackPointExtension>
            <ns3:hr>117</ns3:hr>
            <ns3:cad>0</ns3:cad>
          </ns3:TrackPointExtension>
        </extensions>
      </trkpt>
      <trkpt lat="35.97236967645585536956787109375" lon="-81.111253201961517333984375">
        <ele>513.20001220703125</ele>
        <time>2026-03-30T20:11:49.000Z</time>
        <extensions>
          <ns3:TrackPointExtension>
            <ns3:hr>115</ns3:hr>
            <ns3:cad>0</ns3:cad>
          </ns3:TrackPointExtension>
        </extensions>
      </trkpt>
      <trkpt lat="35.9723659045994281768798828125" lon="-81.11124741844832897186279296875">
        <ele>514.4000244140625</ele>
        <time>2026-03-30T20:11:55.000Z</time>
        <extensions>
          <ns3:TrackPointExtension>
            <ns3:hr>116</ns3:hr>
            <ns3:cad>0</ns3:cad>
          </ns3:TrackPointExtension>
        </extensions>
      </trkpt>
      <trkpt lat="35.972351990640163421630859375" lon="-81.11124238930642604827880859375">
        <ele>515</ele>
        <time>2026-03-30T20:11:57.000Z</time>
        <extensions>
          <ns3:TrackPointExtension>
            <ns3:hr>118</ns3:hr>
            <ns3:cad>0</ns3:cad>
          </ns3:TrackPointExtension>
        </extensions>
      </trkpt>
      <trkpt lat="35.97232592292129993438720703125" lon="-81.11122973263263702392578125">
        <ele>516</ele>
        <time>2026-03-30T20:12:01.000Z</time>
        <extensions>
          <ns3:TrackPointExtension>
            <ns3:hr>116</ns3:hr>
            <ns3:cad>0</ns3:cad>
          </ns3:TrackPointExtension>
        </extensions>
      </trkpt>
      <trkpt lat="35.9723099134862422943115234375" lon="-81.1112288944423198699951171875">
        <ele>516</ele>
        <time>2026-03-30T20:12:04.000Z</time>
        <extensions>
          <ns3:TrackPointExtension>
            <ns3:hr>120</ns3:hr>
            <ns3:cad>0</ns3:cad>
          </ns3:TrackPointExtension>
        </extensions>
      </trkpt>
      <trkpt lat="35.972311757504940032958984375" lon="-81.11122713424265384674072265625">
        <ele>516</ele>
        <time>2026-03-30T20:12:05.000Z</time>
        <extensions>
          <ns3:TrackPointExtension>
            <ns3:hr>124</ns3:hr>
            <ns3:cad>0</ns3:cad>
          </ns3:TrackPointExtension>
        </extensions>
      </trkpt>
      <trkpt lat="35.9723109193146228790283203125" lon="-81.111228056252002716064453125">
        <ele>515.5999755859375</ele>
        <time>2026-03-30T20:12:07.000Z</time>
        <extensions>
          <ns3:TrackPointExtension>
            <ns3:hr>127</ns3:hr>
            <ns3:cad>0</ns3:cad>
          </ns3:TrackPointExtension>
        </extensions>
      </trkpt>
      <trkpt lat="35.972309075295925140380859375" lon="-81.1112357676029205322265625">
        <ele>515</ele>
        <time>2026-03-30T20:12:10.000Z</time>
        <extensions>
          <ns3:TrackPointExtension>
            <ns3:hr>130</ns3:hr>
            <ns3:cad>0</ns3:cad>
          </ns3:TrackPointExtension>
        </extensions>
      </trkpt>
      <trkpt lat="35.9722656570374965667724609375" lon="-81.11127977259457111358642578125">
        <ele>514.4000244140625</ele>
        <time>2026-03-30T20:12:17.000Z</time>
        <extensions>
          <ns3:TrackPointExtension>
            <ns3:hr>130</ns3:hr>
            <ns3:cad>0</ns3:cad>
          </ns3:TrackPointExtension>
        </extensions>
      </trkpt>
      <trkpt lat="35.9722639806568622589111328125" lon="-81.1112929321825504302978515625">
        <ele>514</ele>
        <time>2026-03-30T20:12:21.000Z</time>
        <extensions>
          <ns3:TrackPointExtension>
            <ns3:hr>130</ns3:hr>
            <ns3:cad>0</ns3:cad>
          </ns3:TrackPointExtension>
        </extensions>
      </trkpt>
      <trkpt lat="35.972255431115627288818359375" lon="-81.11130173318088054656982421875">
        <ele>513.5999755859375</ele>
        <time>2026-03-30T20:12:24.000Z</time>
        <extensions>
          <ns3:TrackPointExtension>
            <ns3:hr>128</ns3:hr>
            <ns3:cad>0</ns3:cad>
          </ns3:TrackPointExtension>
        </extensions>
      </trkpt>
      <trkpt lat="35.97223590128123760223388671875" lon="-81.11128295771777629852294921875">
        <ele>514</ele>
        <time>2026-03-30T20:12:33.000Z</time>
        <extensions>
          <ns3:TrackPointExtension>
            <ns3:hr>126</ns3:hr>
            <ns3:cad>0</ns3:cad>
          </ns3:TrackPointExtension>
        </extensions>
      </trkpt>
      <trkpt lat="35.97223036922514438629150390625" lon="-81.11131212674081325531005859375">
        <ele>514</ele>
        <time>2026-03-30T20:12:42.000Z</time>
        <extensions>
          <ns3:TrackPointExtension>
            <ns3:hr>126</ns3:hr>
            <ns3:cad>48</ns3:cad>
          </ns3:TrackPointExtension>
        </extensions>
      </trkpt>
      <trkpt lat="35.97221695818006992340087890625" lon="-81.1113234423100948333740234375">
        <ele>513.5999755859375</ele>
        <time>2026-03-30T20:12:48.000Z</time>
        <extensions>
          <ns3:TrackPointExtension>
            <ns3:hr>129</ns3:hr>
            <ns3:cad>72</ns3:cad>
          </ns3:TrackPointExtension>
        </extensions>
      </trkpt>
      <trkpt lat="35.972210504114627838134765625" lon="-81.11132838763296604156494140625">
        <ele>513.5999755859375</ele>
        <time>2026-03-30T20:12:49.000Z</time>
        <extensions>
          <ns3:TrackPointExtension>
            <ns3:hr>129</ns3:hr>
            <ns3:cad>72</ns3:cad>
          </ns3:TrackPointExtension>
        </extensions>
      </trkpt>
      <trkpt lat="35.972204469144344329833984375" lon="-81.11133291386067867279052734375">
        <ele>513.4000244140625</ele>
        <time>2026-03-30T20:12:55.000Z</time>
        <extensions>
          <ns3:TrackPointExtension>
            <ns3:hr>127</ns3:hr>
            <ns3:cad>0</ns3:cad>
          </ns3:TrackPointExtension>
        </extensions>
      </trkpt>
      <trkpt lat="35.97220187075436115264892578125" lon="-81.1113358475267887115478515625">
        <ele>513.79998779296875</ele>
        <time>2026-03-30T20:12:57.000Z</time>
        <extensions>
          <ns3:TrackPointExtension>
            <ns3:hr>123</ns3:hr>
            <ns3:cad>0</ns3:cad>
          </ns3:TrackPointExtension>
        </extensions>
      </trkpt>
      <trkpt lat="35.9722214005887508392333984375" lon="-81.11134816892445087432861328125">
        <ele>513.5999755859375</ele>
        <time>2026-03-30T20:13:01.000Z</time>
        <extensions>
          <ns3:TrackPointExtension>
            <ns3:hr>120</ns3:hr>
            <ns3:cad>0</ns3:cad>
          </ns3:TrackPointExtension>
        </extensions>
      </trkpt>
      <trkpt lat="35.9722455404698848724365234375" lon="-81.11136174760758876800537109375">
        <ele>513</ele>
        <time>2026-03-30T20:13:08.000Z</time>
        <extensions>
          <ns3:TrackPointExtension>
            <ns3:hr>120</ns3:hr>
            <ns3:cad>0</ns3:cad>
          </ns3:TrackPointExtension>
        </extensions>
      </trkpt>
      <trkpt lat="35.97224361263215541839599609375" lon="-81.11136023886501789093017578125">
        <ele>512.79998779296875</ele>
        <time>2026-03-30T20:13:09.000Z</time>
        <extensions>
          <ns3:TrackPointExtension>
            <ns3:hr>120</ns3:hr>
            <ns3:cad>0</ns3:cad>
          </ns3:TrackPointExtension>
        </extensions>
      </trkpt>
      <trkpt lat="35.97223891876637935638427734375" lon="-81.111358813941478729248046875">
        <ele>512.79998779296875</ele>
        <time>2026-03-30T20:13:12.000Z</time>
        <extensions>
          <ns3:TrackPointExtension>
            <ns3:hr>116</ns3:hr>
            <ns3:cad>0</ns3:cad>
          </ns3:TrackPointExtension>
        </extensions>
      </trkpt>
      <trkpt lat="35.97223556600511074066162109375" lon="-81.1113831214606761932373046875">
        <ele>512.4000244140625</ele>
        <time>2026-03-30T20:13:17.000Z</time>
        <extensions>
          <ns3:TrackPointExtension>
            <ns3:hr>114</ns3:hr>
            <ns3:cad>0</ns3:cad>
          </ns3:TrackPointExtension>
        </extensions>
      </trkpt>
      <trkpt lat="35.97224771976470947265625" lon="-81.111404411494731903076171875">
        <ele>511.79998779296875</ele>
        <time>2026-03-30T20:13:20.000Z</time>
        <extensions>
          <ns3:TrackPointExtension>
            <ns3:hr>114</ns3:hr>
            <ns3:cad>0</ns3:cad>
          </ns3:TrackPointExtension>
        </extensions>
      </trkpt>
      <trkpt lat="35.972244702279567718505859375" lon="-81.1114015616476535797119140625">
        <ele>511.600006103515625</ele>
        <time>2026-03-30T20:13:25.000Z</time>
        <extensions>
          <ns3:TrackPointExtension>
            <ns3:hr>114</ns3:hr>
            <ns3:cad>0</ns3:cad>
          </ns3:TrackPointExtension>
        </extensions>
      </trkpt>
      <trkpt lat="35.972228609025478363037109375" lon="-81.11135202459990978240966796875">
        <ele>511.600006103515625</ele>
        <time>2026-03-30T20:13:33.000Z</time>
        <extensions>
          <ns3:TrackPointExtension>
            <ns3:hr>114</ns3:hr>
            <ns3:cad>0</ns3:cad>
          </ns3:TrackPointExtension>
        </extensions>
      </trkpt>
      <trkpt lat="35.9722408466041088104248046875" lon="-81.1113593168556690216064453125">
        <ele>511.79998779296875</ele>
        <time>2026-03-30T20:13:36.000Z</time>
        <extensions>
          <ns3:TrackPointExtension>
            <ns3:hr>111</ns3:hr>
            <ns3:cad>0</ns3:cad>
          </ns3:TrackPointExtension>
        </extensions>
      </trkpt>
      <trkpt lat="35.9722549282014369964599609375" lon="-81.1113631725311279296875">
        <ele>511.600006103515625</ele>
        <time>2026-03-30T20:13:38.000Z</time>
        <extensions>
          <ns3:TrackPointExtension>
            <ns3:hr>108</ns3:hr>
            <ns3:cad>0</ns3:cad>
          </ns3:TrackPointExtension>
        </extensions>
      </trkpt>
      <trkpt lat="35.97224947996437549591064453125" lon="-81.1113851331174373626708984375">
        <ele>511</ele>
        <time>2026-03-30T20:13:41.000Z</time>
        <extensions>
          <ns3:TrackPointExtension>
            <ns3:hr>106</ns3:hr>
            <ns3:cad>0</ns3:cad>
          </ns3:TrackPointExtension>
        </extensions>
      </trkpt>
      <trkpt lat="35.972250737249851226806640625" lon="-81.11141639761626720428466796875">
        <ele>510.600006103515625</ele>
        <time>2026-03-30T20:13:43.000Z</time>
        <extensions>
          <ns3:TrackPointExtension>
            <ns3:hr>108</ns3:hr>
            <ns3:cad>0</ns3:cad>
          </ns3:TrackPointExtension>
        </extensions>
      </trkpt>
      <trkpt lat="35.97225098870694637298583984375" lon="-81.11141882836818695068359375">
        <ele>510.399993896484375</ele>
        <time>2026-03-30T20:13:44.000Z</time>
        <extensions>
          <ns3:TrackPointExtension>
            <ns3:hr>112</ns3:hr>
            <ns3:cad>0</ns3:cad>
          </ns3:TrackPointExtension>
        </extensions>
      </trkpt>
      <trkpt lat="35.9722425229847431182861328125" lon="-81.111419163644313812255859375">
        <ele>509.79998779296875</ele>
        <time>2026-03-30T20:13:49.000Z</time>
        <extensions>
          <ns3:TrackPointExtension>
            <ns3:hr>112</ns3:hr>
            <ns3:cad>0</ns3:cad>
          </ns3:TrackPointExtension>
        </extensions>
      </trkpt>
      <trkpt lat="35.972240008413791656494140625" lon="-81.111419498920440673828125">
        <ele>509.79998779296875</ele>
        <time>2026-03-30T20:13:50.000Z</time>
        <extensions>
          <ns3:TrackPointExtension>
            <ns3:hr>109</ns3:hr>
            <ns3:cad>0</ns3:cad>
          </ns3:TrackPointExtension>
        </extensions>
      </trkpt>
      <trkpt lat="35.97223590128123760223388671875" lon="-81.11142260022461414337158203125">
        <ele>510</ele>
        <time>2026-03-30T20:13:51.000Z</time>
        <extensions>
          <ns3:TrackPointExtension>
            <ns3:hr>106</ns3:hr>
            <ns3:cad>0</ns3:cad>
          </ns3:TrackPointExtension>
        </extensions>
      </trkpt>
      <trkpt lat="35.972239673137664794921875" lon="-81.11145076341927051544189453125">
        <ele>510.399993896484375</ele>
        <time>2026-03-30T20:13:58.000Z</time>
        <extensions>
          <ns3:TrackPointExtension>
            <ns3:hr>103</ns3:hr>
            <ns3:cad>0</ns3:cad>
          </ns3:TrackPointExtension>
        </extensions>
      </trkpt>
      <trkpt lat="35.972239673137664794921875" lon="-81.11145076341927051544189453125">
        <ele>510.600006103515625</ele>
        <time>2026-03-30T20:13:59.000Z</time>
        <extensions>
          <ns3:TrackPointExtension>
            <ns3:hr>101</ns3:hr>
            <ns3:cad>0</ns3:cad>
          </ns3:TrackPointExtension>
        </extensions>
      </trkpt>
      <trkpt lat="35.972239673137664794921875" lon="-81.11145076341927051544189453125">
        <ele>510.600006103515625</ele>
        <time>2026-03-30T20:14:07.000Z</time>
        <extensions>
          <ns3:TrackPointExtension>
            <ns3:hr>104</ns3:hr>
            <ns3:cad>0</ns3:cad>
          </ns3:TrackPointExtension>
        </extensions>
      </trkpt>
      <trkpt lat="35.972239673137664794921875" lon="-81.11145076341927051544189453125">
        <ele>510.600006103515625</ele>
        <time>2026-03-30T20:14:09.000Z</time>
        <extensions>
          <ns3:TrackPointExtension>
            <ns3:hr>107</ns3:hr>
            <ns3:cad>0</ns3:cad>
          </ns3:TrackPointExtension>
        </extensions>
      </trkpt>
      <trkpt lat="35.972239673137664794921875" lon="-81.11145076341927051544189453125">
        <ele>510.399993896484375</ele>
        <time>2026-03-30T20:14:17.000Z</time>
        <extensions>
          <ns3:TrackPointExtension>
            <ns3:hr>105</ns3:hr>
            <ns3:cad>0</ns3:cad>
          </ns3:TrackPointExtension>
        </extensions>
      </trkpt>
      <trkpt lat="35.972239673137664794921875" lon="-81.11145076341927051544189453125">
        <ele>510.600006103515625</ele>
        <time>2026-03-30T20:14:24.000Z</time>
        <extensions>
          <ns3:TrackPointExtension>
            <ns3:hr>108</ns3:hr>
            <ns3:cad>0</ns3:cad>
          </ns3:TrackPointExtension>
        </extensions>
      </trkpt>
      <trkpt lat="35.9722361527383327484130859375" lon="-81.11145176924765110015869140625">
        <ele>510.79998779296875</ele>
        <time>2026-03-30T20:14:35.000Z</time>
        <extensions>
          <ns3:TrackPointExtension>
            <ns3:hr>105</ns3:hr>
            <ns3:cad>0</ns3:cad>
          </ns3:TrackPointExtension>
        </extensions>
      </trkpt>
      <trkpt lat="35.9722348116338253021240234375" lon="-81.11145311035215854644775390625">
        <ele>510.79998779296875</ele>
        <time>2026-03-30T20:14:38.000Z</time>
        <extensions>
          <ns3:TrackPointExtension>
            <ns3:hr>105</ns3:hr>
            <ns3:cad>0</ns3:cad>
          </ns3:TrackPointExtension>
        </extensions>
      </trkpt>
      <trkpt lat="35.972239673137664794921875" lon="-81.11145076341927051544189453125">
        <ele>510.79998779296875</ele>
        <time>2026-03-30T20:14:40.000Z</time>
        <extensions>
          <ns3:TrackPointExtension>
            <ns3:hr>108</ns3:hr>
            <ns3:cad>0</ns3:cad>
          </ns3:TrackPointExtension>
        </extensions>
      </trkpt>
      <trkpt lat="35.972239673137664794921875" lon="-81.11145076341927051544189453125">
        <ele>510.399993896484375</ele>
        <time>2026-03-30T20:14:51.000Z</time>
        <extensions>
          <ns3:TrackPointExtension>
            <ns3:hr>111</ns3:hr>
            <ns3:cad>0</ns3:cad>
          </ns3:TrackPointExtension>
        </extensions>
      </trkpt>
      <trkpt lat="35.972239673137664794921875" lon="-81.11145076341927051544189453125">
        <ele>510.20001220703125</ele>
        <time>2026-03-30T20:14:53.000Z</time>
        <extensions>
          <ns3:TrackPointExtension>
            <ns3:hr>111</ns3:hr>
            <ns3:cad>0</ns3:cad>
          </ns3:TrackPointExtension>
        </extensions>
      </trkpt>
      <trkpt lat="35.972239673137664794921875" lon="-81.11145076341927051544189453125">
        <ele>510</ele>
        <time>2026-03-30T20:15:01.000Z</time>
        <extensions>
          <ns3:TrackPointExtension>
            <ns3:hr>108</ns3:hr>
            <ns3:cad>0</ns3:cad>
          </ns3:TrackPointExtension>
        </extensions>
      </trkpt>
      <trkpt lat="35.972239673137664794921875" lon="-81.11145076341927051544189453125">
        <ele>510</ele>
        <time>2026-03-30T20:15:08.000Z</time>
        <extensions>
          <ns3:TrackPointExtension>
            <ns3:hr>111</ns3:hr>
            <ns3:cad>0</ns3:cad>
          </ns3:TrackPointExtension>
        </extensions>
      </trkpt>
      <trkpt lat="35.972239673137664794921875" lon="-81.11145076341927051544189453125">
        <ele>510</ele>
        <time>2026-03-30T20:15:11.000Z</time>
        <extensions>
          <ns3:TrackPointExtension>
            <ns3:hr>114</ns3:hr>
            <ns3:cad>0</ns3:cad>
          </ns3:TrackPointExtension>
        </extensions>
      </trkpt>
      <trkpt lat="35.972239673137664794921875" lon="-81.11145076341927051544189453125">
        <ele>509.600006103515625</ele>
        <time>2026-03-30T20:15:18.000Z</time>
        <extensions>
          <ns3:TrackPointExtension>
            <ns3:hr>110</ns3:hr>
            <ns3:cad>0</ns3:cad>
          </ns3:TrackPointExtension>
        </extensions>
      </trkpt>
      <trkpt lat="35.972239673137664794921875" lon="-81.11145076341927051544189453125">
        <ele>509.600006103515625</ele>
        <time>2026-03-30T20:15:21.000Z</time>
        <extensions>
          <ns3:TrackPointExtension>
            <ns3:hr>106</ns3:hr>
            <ns3:cad>0</ns3:cad>
          </ns3:TrackPointExtension>
        </extensions>
      </trkpt>
      <trkpt lat="35.972239673137664794921875" lon="-81.11145076341927051544189453125">
        <ele>509.600006103515625</ele>
        <time>2026-03-30T20:15:23.000Z</time>
        <extensions>
          <ns3:TrackPointExtension>
            <ns3:hr>107</ns3:hr>
            <ns3:cad>0</ns3:cad>
          </ns3:TrackPointExtension>
        </extensions>
      </trkpt>
      <trkpt lat="35.97222626209259033203125" lon="-81.111445315182209014892578125">
        <ele>509.600006103515625</ele>
        <time>2026-03-30T20:15:31.000Z</time>
        <extensions>
          <ns3:TrackPointExtension>
            <ns3:hr>104</ns3:hr>
            <ns3:cad>0</ns3:cad>
          </ns3:TrackPointExtension>
        </extensions>
      </trkpt>
      <trkpt lat="35.97222626209259033203125" lon="-81.111445315182209014892578125">
        <ele>510</ele>
        <time>2026-03-30T20:15:37.000Z</time>
        <extensions>
          <ns3:TrackPointExtension>
            <ns3:hr>107</ns3:hr>
            <ns3:cad>0</ns3:cad>
          </ns3:TrackPointExtension>
        </extensions>
      </trkpt>
      <trkpt lat="35.97224436700344085693359375" lon="-81.11140851862728595733642578125">
        <ele>510</ele>
        <time>2026-03-30T20:15:39.000Z</time>
        <extensions>
          <ns3:TrackPointExtension>
            <ns3:hr>107</ns3:hr>
            <ns3:cad>0</ns3:cad>
          </ns3:TrackPointExtension>
        </extensions>
      </trkpt>
      <trkpt lat="35.97224780358374118804931640625" lon="-81.11138706095516681671142578125">
        <ele>509.600006103515625</ele>
        <time>2026-03-30T20:15:44.000Z</time>
        <extensions>
          <ns3:TrackPointExtension>
            <ns3:hr>110</ns3:hr>
            <ns3:cad>0</ns3:cad>
          </ns3:TrackPointExtension>
        </extensions>
      </trkpt>
      <trkpt lat="35.97224277444183826446533203125" lon="-81.11137012951076030731201171875">
        <ele>509.600006103515625</ele>
        <time>2026-03-30T20:15:51.000Z</time>
        <extensions>
          <ns3:TrackPointExtension>
            <ns3:hr>109</ns3:hr>
            <ns3:cad>0</ns3:cad>
          </ns3:TrackPointExtension>
        </extensions>
      </trkpt>
      <trkpt lat="35.9722083248198032379150390625" lon="-81.111369542777538299560546875">
        <ele>509.600006103515625</ele>
        <time>2026-03-30T20:15:56.000Z</time>
        <extensions>
          <ns3:TrackPointExtension>
            <ns3:hr>110</ns3:hr>
            <ns3:cad>0</ns3:cad>
          </ns3:TrackPointExtension>
        </extensions>
      </trkpt>
      <trkpt lat="35.97220505587756633758544921875" lon="-81.11138739623129367828369140625">
        <ele>509.399993896484375</ele>
        <time>2026-03-30T20:15:59.000Z</time>
        <extensions>
          <ns3:TrackPointExtension>
            <ns3:hr>107</ns3:hr>
            <ns3:cad>45</ns3:cad>
          </ns3:TrackPointExtension>
        </extensions>
      </trkpt>
      <trkpt lat="35.97219650633633136749267578125" lon="-81.1113941855728626251220703125">
        <ele>509.399993896484375</ele>
        <time>2026-03-30T20:16:01.000Z</time>
        <extensions>
          <ns3:TrackPointExtension>
            <ns3:hr>104</ns3:hr>
            <ns3:cad>45</ns3:cad>
          </ns3:TrackPointExtension>
        </extensions>
      </trkpt>
      <trkpt lat="35.97219407558441162109375" lon="-81.11139602959156036376953125">
        <ele>509.600006103515625</ele>
        <time>2026-03-30T20:16:03.000Z</time>
        <extensions>
          <ns3:TrackPointExtension>
            <ns3:hr>103</ns3:hr>
            <ns3:cad>0</ns3:cad>
          </ns3:TrackPointExtension>
        </extensions>
      </trkpt>
      <trkpt lat="35.9721808321774005889892578125" lon="-81.1113921739161014556884765625">
        <ele>510.600006103515625</ele>
        <time>2026-03-30T20:16:07.000Z</time>
        <extensions>
          <ns3:TrackPointExtension>
            <ns3:hr>103</ns3:hr>
            <ns3:cad>0</ns3:cad>
          </ns3:TrackPointExtension>
        </extensions>
      </trkpt>
      <trkpt lat="35.97216633148491382598876953125" lon="-81.111395023763179779052734375">
        <ele>511.20001220703125</ele>
        <time>2026-03-30T20:16:10.000Z</time>
        <extensions>
          <ns3:TrackPointExtension>
            <ns3:hr>104</ns3:hr>
            <ns3:cad>0</ns3:cad>
          </ns3:TrackPointExtension>
        </extensions>
      </trkpt>
      <trkpt lat="35.972137413918972015380859375" lon="-81.11139393411576747894287109375">
        <ele>511.600006103515625</ele>
        <time>2026-03-30T20:16:14.000Z</time>
        <extensions>
          <ns3:TrackPointExtension>
            <ns3:hr>108</ns3:hr>
            <ns3:cad>71</ns3:cad>
          </ns3:TrackPointExtension>
        </extensions>
      </trkpt>
      <trkpt lat="35.97212760709226131439208984375" lon="-81.11138856969773769378662109375">
        <ele>511.79998779296875</ele>
        <time>2026-03-30T20:16:15.000Z</time>
        <extensions>
          <ns3:TrackPointExtension>
            <ns3:hr>123</ns3:hr>
            <ns3:cad>71</ns3:cad>
          </ns3:TrackPointExtension>
        </extensions>
      </trkpt>
      <trkpt lat="35.9721174649894237518310546875" lon="-81.11138261854648590087890625">
        <ele>511.79998779296875</ele>
        <time>2026-03-30T20:16:16.000Z</time>
        <extensions>
          <ns3:TrackPointExtension>
            <ns3:hr>126</ns3:hr>
            <ns3:cad>71</ns3:cad>
          </ns3:TrackPointExtension>
        </extensions>
      </trkpt>
      <trkpt lat="35.97212274558842182159423828125" lon="-81.11137683503329753875732421875">
        <ele>512</ele>
        <time>2026-03-30T20:16:18.000Z</time>
        <extensions>
          <ns3:TrackPointExtension>
            <ns3:hr>128</ns3:hr>
            <ns3:cad>0</ns3:cad>
          </ns3:TrackPointExtension>
        </extensions>
      </trkpt>
      <trkpt lat="35.9721385873854160308837890625" lon="-81.11135789193212985992431640625">
        <ele>512.4000244140625</ele>
        <time>2026-03-30T20:16:23.000Z</time>
        <extensions>
          <ns3:TrackPointExtension>
            <ns3:hr>126</ns3:hr>
            <ns3:cad>0</ns3:cad>
          </ns3:TrackPointExtension>
        </extensions>
      </trkpt>
      <trkpt lat="35.97214470617473125457763671875" lon="-81.1113438941538333892822265625">
        <ele>512.79998779296875</ele>
        <time>2026-03-30T20:16:25.000Z</time>
        <extensions>
          <ns3:TrackPointExtension>
            <ns3:hr>126</ns3:hr>
            <ns3:cad>0</ns3:cad>
          </ns3:TrackPointExtension>
        </extensions>
      </trkpt>
      <trkpt lat="35.972136072814464569091796875" lon="-81.1113296449184417724609375">
        <ele>513.5999755859375</ele>
        <time>2026-03-30T20:16:29.000Z</time>
        <extensions>
          <ns3:TrackPointExtension>
            <ns3:hr>123</ns3:hr>
            <ns3:cad>0</ns3:cad>
          </ns3:TrackPointExtension>
        </extensions>
      </trkpt>
      <trkpt lat="35.97213397733867168426513671875" lon="-81.11132788471877574920654296875">
        <ele>513.5999755859375</ele>
        <time>2026-03-30T20:16:31.000Z</time>
        <extensions>
          <ns3:TrackPointExtension>
            <ns3:hr>121</ns3:hr>
            <ns3:cad>0</ns3:cad>
          </ns3:TrackPointExtension>
        </extensions>
      </trkpt>
      <trkpt lat="35.97212861292064189910888671875" lon="-81.11134414561092853546142578125">
        <ele>513.79998779296875</ele>
        <time>2026-03-30T20:16:37.000Z</time>
        <extensions>
          <ns3:TrackPointExtension>
            <ns3:hr>126</ns3:hr>
            <ns3:cad>0</ns3:cad>
          </ns3:TrackPointExtension>
        </extensions>
      </trkpt>
      <trkpt lat="35.97212408669292926788330078125" lon="-81.111356131732463836669921875">
        <ele>513.79998779296875</ele>
        <time>2026-03-30T20:16:39.000Z</time>
        <extensions>
          <ns3:TrackPointExtension>
            <ns3:hr>129</ns3:hr>
            <ns3:cad>0</ns3:cad>
          </ns3:TrackPointExtension>
        </extensions>
      </trkpt>
      <trkpt lat="35.97210329957306385040283203125" lon="-81.11134774982929229736328125">
        <ele>514</ele>
        <time>2026-03-30T20:16:42.000Z</time>
        <extensions>
          <ns3:TrackPointExtension>
            <ns3:hr>132</ns3:hr>
            <ns3:cad>0</ns3:cad>
          </ns3:TrackPointExtension>
        </extensions>
      </trkpt>
      <trkpt lat="35.9720708616077899932861328125" lon="-81.1113455705344676971435546875">
        <ele>514.20001220703125</ele>
        <time>2026-03-30T20:16:47.000Z</time>
        <extensions>
          <ns3:TrackPointExtension>
            <ns3:hr>135</ns3:hr>
            <ns3:cad>0</ns3:cad>
          </ns3:TrackPointExtension>
        </extensions>
      </trkpt>
      <trkpt lat="35.972052924335002899169921875" lon="-81.11131380312144756317138671875">
        <ele>514.5999755859375</ele>
        <time>2026-03-30T20:16:53.000Z</time>
        <extensions>
          <ns3:TrackPointExtension>
            <ns3:hr>134</ns3:hr>
            <ns3:cad>77</ns3:cad>
          </ns3:TrackPointExtension>
        </extensions>
      </trkpt>
      <trkpt lat="35.97204294987022876739501953125" lon="-81.111305169761180877685546875">
        <ele>514.79998779296875</ele>
        <time>2026-03-30T20:16:56.000Z</time>
        <extensions>
          <ns3:TrackPointExtension>
            <ns3:hr>131</ns3:hr>
            <ns3:cad>77</ns3:cad>
          </ns3:TrackPointExtension>
        </extensions>
      </trkpt>
      <trkpt lat="35.97202836535871028900146484375" lon="-81.111296117305755615234375">
        <ele>515</ele>
        <time>2026-03-30T20:16:58.000Z</time>
        <extensions>
          <ns3:TrackPointExtension>
            <ns3:hr>130</ns3:hr>
            <ns3:cad>0</ns3:cad>
          </ns3:TrackPointExtension>
        </extensions>
      </trkpt>
      <trkpt lat="35.972019396722316741943359375" lon="-81.111286394298076629638671875">
        <ele>515.4000244140625</ele>
        <time>2026-03-30T20:17:00.000Z</time>
        <extensions>
          <ns3:TrackPointExtension>
            <ns3:hr>131</ns3:hr>
            <ns3:cad>0</ns3:cad>
          </ns3:TrackPointExtension>
        </extensions>
      </trkpt>
      <trkpt lat="35.9719915688037872314453125" lon="-81.111258566379547119140625">
        <ele>516.20001220703125</ele>
        <time>2026-03-30T20:17:04.000Z</time>
        <extensions>
          <ns3:TrackPointExtension>
            <ns3:hr>132</ns3:hr>
            <ns3:cad>69</ns3:cad>
          </ns3:TrackPointExtension>
        </extensions>
      </trkpt>
      <trkpt lat="35.97198226489126682281494140625" lon="-81.111246831715106964111328125">
        <ele>516.5999755859375</ele>
        <time>2026-03-30T20:17:06.000Z</time>
        <extensions>
          <ns3:TrackPointExtension>
            <ns3:hr>132</ns3:hr>
            <ns3:cad>69</ns3:cad>
          </ns3:TrackPointExtension>
        </extensions>
      </trkpt>
      <trkpt lat="35.97197438590228557586669921875" lon="-81.11123886890709400177001953125">
        <ele>517.20001220703125</ele>
        <time>2026-03-30T20:17:08.000Z</time>
        <extensions>
          <ns3:TrackPointExtension>
            <ns3:hr>132</ns3:hr>
            <ns3:cad>0</ns3:cad>
          </ns3:TrackPointExtension>
        </extensions>
      </trkpt>
      <trkpt lat="35.9719411097466945648193359375" lon="-81.1112205125391483306884765625">
        <ele>518</ele>
        <time>2026-03-30T20:17:14.000Z</time>
        <extensions>
          <ns3:TrackPointExtension>
            <ns3:hr>133</ns3:hr>
            <ns3:cad>68</ns3:cad>
          </ns3:TrackPointExtension>
        </extensions>
      </trkpt>
      <trkpt lat="35.97192711196839809417724609375" lon="-81.11121632158756256103515625">
        <ele>518.4000244140625</ele>
        <time>2026-03-30T20:17:16.000Z</time>
        <extensions>
          <ns3:TrackPointExtension>
            <ns3:hr>133</ns3:hr>
            <ns3:cad>67</ns3:cad>
          </ns3:TrackPointExtension>
        </extensions>
      </trkpt>
      <trkpt lat="35.9718990325927734375" lon="-81.11121791414916515350341796875">
        <ele>518.79998779296875</ele>
        <time>2026-03-30T20:17:20.000Z</time>
        <extensions>
          <ns3:TrackPointExtension>
            <ns3:hr>135</ns3:hr>
            <ns3:cad>64</ns3:cad>
          </ns3:TrackPointExtension>
        </extensions>
      </trkpt>
      <trkpt lat="35.97188805229961872100830078125" lon="-81.11121523194015026092529296875">
        <ele>519</ele>
        <time>2026-03-30T20:17:23.000Z</time>
        <extensions>
          <ns3:TrackPointExtension>
            <ns3:hr>135</ns3:hr>
            <ns3:cad>61</ns3:cad>
          </ns3:TrackPointExtension>
        </extensions>
      </trkpt>
      <trkpt lat="35.97186726517975330352783203125" lon="-81.1112035810947418212890625">
        <ele>519.4000244140625</ele>
        <time>2026-03-30T20:17:26.000Z</time>
        <extensions>
          <ns3:TrackPointExtension>
            <ns3:hr>136</ns3:hr>
            <ns3:cad>60</ns3:cad>
          </ns3:TrackPointExtension>
        </extensions>
      </trkpt>
      <trkpt lat="35.97185553051531314849853515625" lon="-81.11120785586535930633544921875">
        <ele>519.79998779296875</ele>
        <time>2026-03-30T20:17:28.000Z</time>
        <extensions>
          <ns3:TrackPointExtension>
            <ns3:hr>136</ns3:hr>
            <ns3:cad>60</ns3:cad>
          </ns3:TrackPointExtension>
        </extensions>
      </trkpt>
      <trkpt lat="35.97184698097407817840576171875" lon="-81.11121632158756256103515625">
        <ele>519.79998779296875</ele>
        <time>2026-03-30T20:17:32.000Z</time>
        <extensions>
          <ns3:TrackPointExtension>
            <ns3:hr>136</ns3:hr>
            <ns3:cad>0</ns3:cad>
          </ns3:TrackPointExtension>
        </extensions>
      </trkpt>
      <trkpt lat="35.97182904370129108428955078125" lon="-81.111240796744823455810546875">
        <ele>520.20001220703125</ele>
        <time>2026-03-30T20:17:38.000Z</time>
        <extensions>
          <ns3:TrackPointExtension>
            <ns3:hr>133</ns3:hr>
            <ns3:cad>0</ns3:cad>
          </ns3:TrackPointExtension>
        </extensions>
      </trkpt>
      <trkpt lat="35.97182728350162506103515625" lon="-81.1112634278833866119384765625">
        <ele>520</ele>
        <time>2026-03-30T20:17:40.000Z</time>
        <extensions>
          <ns3:TrackPointExtension>
            <ns3:hr>133</ns3:hr>
            <ns3:cad>0</ns3:cad>
          </ns3:TrackPointExtension>
        </extensions>
      </trkpt>
      <trkpt lat="35.971802137792110443115234375" lon="-81.11129620112478733062744140625">
        <ele>519.20001220703125</ele>
        <time>2026-03-30T20:17:46.000Z</time>
        <extensions>
          <ns3:TrackPointExtension>
            <ns3:hr>133</ns3:hr>
            <ns3:cad>0</ns3:cad>
          </ns3:TrackPointExtension>
        </extensions>
      </trkpt>
      <trkpt lat="35.97178059630095958709716796875" lon="-81.11130290664732456207275390625">
        <ele>519</ele>
        <time>2026-03-30T20:17:52.000Z</time>
        <extensions>
          <ns3:TrackPointExtension>
            <ns3:hr>131</ns3:hr>
            <ns3:cad>0</ns3:cad>
          </ns3:TrackPointExtension>
        </extensions>
      </trkpt>
      <trkpt lat="35.97177607007324695587158203125" lon="-81.1112929321825504302978515625">
        <ele>519.20001220703125</ele>
        <time>2026-03-30T20:17:54.000Z</time>
        <extensions>
          <ns3:TrackPointExtension>
            <ns3:hr>127</ns3:hr>
            <ns3:cad>0</ns3:cad>
          </ns3:TrackPointExtension>
        </extensions>
      </trkpt>
      <trkpt lat="35.97177120856940746307373046875" lon="-81.11128631047904491424560546875">
        <ele>519.4000244140625</ele>
        <time>2026-03-30T20:17:56.000Z</time>
        <extensions>
          <ns3:TrackPointExtension>
            <ns3:hr>124</ns3:hr>
            <ns3:cad>0</ns3:cad>
          </ns3:TrackPointExtension>
        </extensions>
      </trkpt>
      <trkpt lat="35.97176349721848964691162109375" lon="-81.11128010787069797515869140625">
        <ele>519.79998779296875</ele>
        <time>2026-03-30T20:17:59.000Z</time>
        <extensions>
          <ns3:TrackPointExtension>
            <ns3:hr>123</ns3:hr>
            <ns3:cad>0</ns3:cad>
          </ns3:TrackPointExtension>
        </extensions>
      </trkpt>
      <trkpt lat="35.971762239933013916015625" lon="-81.11126652918756008148193359375">
        <ele>520.5999755859375</ele>
        <time>2026-03-30T20:18:04.000Z</time>
        <extensions>
          <ns3:TrackPointExtension>
            <ns3:hr>123</ns3:hr>
            <ns3:cad>0</ns3:cad>
          </ns3:TrackPointExtension>
        </extensions>
      </trkpt>
      <trkpt lat="35.9717614017426967620849609375" lon="-81.1112547107040882110595703125">
        <ele>520.79998779296875</ele>
        <time>2026-03-30T20:18:06.000Z</time>
        <extensions>
          <ns3:TrackPointExtension>
            <ns3:hr>124</ns3:hr>
            <ns3:cad>71</ns3:cad>
          </ns3:TrackPointExtension>
        </extensions>
      </trkpt>
      <trkpt lat="35.97177875228226184844970703125" lon="-81.11123509705066680908203125">
        <ele>521.4000244140625</ele>
        <time>2026-03-30T20:18:11.000Z</time>
        <extensions>
          <ns3:TrackPointExtension>
            <ns3:hr>125</ns3:hr>
            <ns3:cad>63</ns3:cad>
          </ns3:TrackPointExtension>
        </extensions>
      </trkpt>
      <trkpt lat="35.9717888943850994110107421875" lon="-81.11121221445500850677490234375">
        <ele>521.5999755859375</ele>
        <time>2026-03-30T20:18:14.000Z</time>
        <extensions>
          <ns3:TrackPointExtension>
            <ns3:hr>126</ns3:hr>
            <ns3:cad>0</ns3:cad>
          </ns3:TrackPointExtension>
        </extensions>
      </trkpt>
      <trkpt lat="35.9717945940792560577392578125" lon="-81.1111794412136077880859375">
        <ele>522</ele>
        <time>2026-03-30T20:18:17.000Z</time>
        <extensions>
          <ns3:TrackPointExtension>
            <ns3:hr>127</ns3:hr>
            <ns3:cad>0</ns3:cad>
          </ns3:TrackPointExtension>
        </extensions>
      </trkpt>
      <trkpt lat="35.97179082222282886505126953125" lon="-81.1111665330827236175537109375">
        <ele>522.20001220703125</ele>
        <time>2026-03-30T20:18:18.000Z</time>
        <extensions>
          <ns3:TrackPointExtension>
            <ns3:hr>127</ns3:hr>
            <ns3:cad>77</ns3:cad>
          </ns3:TrackPointExtension>
        </extensions>
      </trkpt>
      <trkpt lat="35.9717769920825958251953125" lon="-81.11114465631544589996337890625">
        <ele>522.79998779296875</ele>
        <time>2026-03-30T20:18:21.000Z</time>
        <extensions>
          <ns3:TrackPointExtension>
            <ns3:hr>128</ns3:hr>
            <ns3:cad>64</ns3:cad>
          </ns3:TrackPointExtension>
        </extensions>
      </trkpt>
      <trkpt lat="35.97176567651331424713134765625" lon="-81.11112646758556365966796875">
        <ele>523</ele>
        <time>2026-03-30T20:18:24.000Z</time>
        <extensions>
          <ns3:TrackPointExtension>
            <ns3:hr>128</ns3:hr>
            <ns3:cad>64</ns3:cad>
          </ns3:TrackPointExtension>
        </extensions>
      </trkpt>
      <trkpt lat="35.97176249139010906219482421875" lon="-81.11110006459057331085205078125">
        <ele>523.5999755859375</ele>
        <time>2026-03-30T20:18:29.000Z</time>
        <extensions>
          <ns3:TrackPointExtension>
            <ns3:hr>130</ns3:hr>
            <ns3:cad>0</ns3:cad>
          </ns3:TrackPointExtension>
        </extensions>
      </trkpt>
      <trkpt lat="35.97175444476306438446044921875" lon="-81.11109134741127490997314453125">
        <ele>523.79998779296875</ele>
        <time>2026-03-30T20:18:30.000Z</time>
        <extensions>
          <ns3:TrackPointExtension>
            <ns3:hr>130</ns3:hr>
            <ns3:cad>0</ns3:cad>
          </ns3:TrackPointExtension>
        </extensions>
      </trkpt>
      <trkpt lat="35.97172041423618793487548828125" lon="-81.111087240278720855712890625">
        <ele>524.4000244140625</ele>
        <time>2026-03-30T20:18:33.000Z</time>
        <extensions>
          <ns3:TrackPointExtension>
            <ns3:hr>132</ns3:hr>
            <ns3:cad>73</ns3:cad>
          </ns3:TrackPointExtension>
        </extensions>
      </trkpt>
      <trkpt lat="35.971693508327007293701171875" lon="-81.11111364327371120452880859375">
        <ele>524.5999755859375</ele>
        <time>2026-03-30T20:18:36.000Z</time>
        <extensions>
          <ns3:TrackPointExtension>
            <ns3:hr>134</ns3:hr>
            <ns3:cad>0</ns3:cad>
          </ns3:TrackPointExtension>
        </extensions>
      </trkpt>
      <trkpt lat="35.97166408784687519073486328125" lon="-81.111189164221286773681640625">
        <ele>523.79998779296875</ele>
        <time>2026-03-30T20:18:45.000Z</time>
        <extensions>
          <ns3:TrackPointExtension>
            <ns3:hr>134</ns3:hr>
            <ns3:cad>40</ns3:cad>
          </ns3:TrackPointExtension>
        </extensions>
      </trkpt>
      <trkpt lat="35.97163441590964794158935546875" lon="-81.11119628883898258209228515625">
        <ele>523.79998779296875</ele>
        <time>2026-03-30T20:18:51.000Z</time>
        <extensions>
          <ns3:TrackPointExtension>
            <ns3:hr>131</ns3:hr>
            <ns3:cad>40</ns3:cad>
          </ns3:TrackPointExtension>
        </extensions>
      </trkpt>
      <trkpt lat="35.9716309793293476104736328125" lon="-81.11118623055517673492431640625">
        <ele>524</ele>
        <time>2026-03-30T20:18:52.000Z</time>
        <extensions>
          <ns3:TrackPointExtension>
            <ns3:hr>130</ns3:hr>
            <ns3:cad>40</ns3:cad>
          </ns3:TrackPointExtension>
        </extensions>
      </trkpt>
      <trkpt lat="35.97162385471165180206298828125" lon="-81.11117399297654628753662109375">
        <ele>524</ele>
        <time>2026-03-30T20:18:54.000Z</time>
        <extensions>
          <ns3:TrackPointExtension>
            <ns3:hr>128</ns3:hr>
            <ns3:cad>68</ns3:cad>
          </ns3:TrackPointExtension>
        </extensions>
      </trkpt>
      <trkpt lat="35.97161681391298770904541015625" lon="-81.1111474223434925079345703125">
        <ele>524.79998779296875</ele>
        <time>2026-03-30T20:19:00.000Z</time>
        <extensions>
          <ns3:TrackPointExtension>
            <ns3:hr>125</ns3:hr>
            <ns3:cad>0</ns3:cad>
          </ns3:TrackPointExtension>
        </extensions>
      </trkpt>
      <trkpt lat="35.97161949612200260162353515625" lon="-81.111147589981555938720703125">
        <ele>525</ele>
        <time>2026-03-30T20:19:01.000Z</time>
        <extensions>
          <ns3:TrackPointExtension>
            <ns3:hr>125</ns3:hr>
            <ns3:cad>0</ns3:cad>
          </ns3:TrackPointExtension>
        </extensions>
      </trkpt>
      <trkpt lat="35.971622429788112640380859375" lon="-81.111152954399585723876953125">
        <ele>525.79998779296875</ele>
        <time>2026-03-30T20:19:07.000Z</time>
        <extensions>
          <ns3:TrackPointExtension>
            <ns3:hr>126</ns3:hr>
            <ns3:cad>0</ns3:cad>
          </ns3:TrackPointExtension>
        </extensions>
      </trkpt>
      <trkpt lat="35.97161262296140193939208984375" lon="-81.1111470870673656463623046875">
        <ele>526</ele>
        <time>2026-03-30T20:19:08.000Z</time>
        <extensions>
          <ns3:TrackPointExtension>
            <ns3:hr>126</ns3:hr>
            <ns3:cad>0</ns3:cad>
          </ns3:TrackPointExtension>
        </extensions>
      </trkpt>
      <trkpt lat="35.9715713001787662506103515625" lon="-81.11113375984132289886474609375">
        <ele>526.20001220703125</ele>
        <time>2026-03-30T20:19:13.000Z</time>
        <extensions>
          <ns3:TrackPointExtension>
            <ns3:hr>126</ns3:hr>
            <ns3:cad>43</ns3:cad>
          </ns3:TrackPointExtension>
        </extensions>
      </trkpt>
      <trkpt lat="35.9715863876044750213623046875" lon="-81.11112470738589763641357421875">
        <ele>526.20001220703125</ele>
        <time>2026-03-30T20:19:21.000Z</time>
        <extensions>
          <ns3:TrackPointExtension>
            <ns3:hr>125</ns3:hr>
            <ns3:cad>0</ns3:cad>
          </ns3:TrackPointExtension>
        </extensions>
      </trkpt>
      <trkpt lat="35.97156819887459278106689453125" lon="-81.1110984720289707183837890625">
        <ele>526.5999755859375</ele>
        <time>2026-03-30T20:19:29.000Z</time>
        <extensions>
          <ns3:TrackPointExtension>
            <ns3:hr>124</ns3:hr>
            <ns3:cad>0</ns3:cad>
          </ns3:TrackPointExtension>
        </extensions>
      </trkpt>
      <trkpt lat="35.97156576812267303466796875" lon="-81.11110073514282703399658203125">
        <ele>527</ele>
        <time>2026-03-30T20:19:31.000Z</time>
        <extensions>
          <ns3:TrackPointExtension>
            <ns3:hr>123</ns3:hr>
            <ns3:cad>0</ns3:cad>
          </ns3:TrackPointExtension>
        </extensions>
      </trkpt>
      <trkpt lat="35.97154992632567882537841796875" lon="-81.1111182533204555511474609375">
        <ele>527</ele>
        <time>2026-03-30T20:19:38.000Z</time>
        <extensions>
          <ns3:TrackPointExtension>
            <ns3:hr>124</ns3:hr>
            <ns3:cad>0</ns3:cad>
          </ns3:TrackPointExtension>
        </extensions>
      </trkpt>
      <trkpt lat="35.9715384431183338165283203125" lon="-81.11110727302730083465576171875">
        <ele>527</ele>
        <time>2026-03-30T20:19:40.000Z</time>
        <extensions>
          <ns3:TrackPointExtension>
            <ns3:hr>127</ns3:hr>
            <ns3:cad>0</ns3:cad>
          </ns3:TrackPointExtension>
        </extensions>
      </trkpt>
      <trkpt lat="35.9715290553867816925048828125" lon="-81.1111035011708736419677734375">
        <ele>526.79998779296875</ele>
        <time>2026-03-30T20:19:42.000Z</time>
        <extensions>
          <ns3:TrackPointExtension>
            <ns3:hr>130</ns3:hr>
            <ns3:cad>0</ns3:cad>
          </ns3:TrackPointExtension>
        </extensions>
      </trkpt>
      <trkpt lat="35.971521176397800445556640625" lon="-81.111094616353511810302734375">
        <ele>526.79998779296875</ele>
        <time>2026-03-30T20:19:45.000Z</time>
        <extensions>
          <ns3:TrackPointExtension>
            <ns3:hr>130</ns3:hr>
            <ns3:cad>0</ns3:cad>
          </ns3:TrackPointExtension>
        </extensions>
      </trkpt>
      <trkpt lat="35.971478931605815887451171875" lon="-81.1110810376703739166259765625">
        <ele>527</ele>
        <time>2026-03-30T20:19:53.000Z</time>
        <extensions>
          <ns3:TrackPointExtension>
            <ns3:hr>131</ns3:hr>
            <ns3:cad>0</ns3:cad>
          </ns3:TrackPointExtension>
        </extensions>
      </trkpt>
      <trkpt lat="35.9714700467884540557861328125" lon="-81.1110746674239635467529296875">
        <ele>527.5999755859375</ele>
        <time>2026-03-30T20:19:56.000Z</time>
        <extensions>
          <ns3:TrackPointExtension>
            <ns3:hr>128</ns3:hr>
            <ns3:cad>0</ns3:cad>
          </ns3:TrackPointExtension>
        </extensions>
      </trkpt>
      <trkpt lat="35.971468202769756317138671875" lon="-81.1110693030059337615966796875">
        <ele>528</ele>
        <time>2026-03-30T20:19:59.000Z</time>
        <extensions>
          <ns3:TrackPointExtension>
            <ns3:hr>128</ns3:hr>
            <ns3:cad>0</ns3:cad>
          </ns3:TrackPointExtension>
        </extensions>
      </trkpt>
      <trkpt lat="35.97148437984287738800048828125" lon="-81.1110641062259674072265625">
        <ele>527.79998779296875</ele>
        <time>2026-03-30T20:20:07.000Z</time>
        <extensions>
          <ns3:TrackPointExtension>
            <ns3:hr>127</ns3:hr>
            <ns3:cad>0</ns3:cad>
          </ns3:TrackPointExtension>
        </extensions>
      </trkpt>
      <trkpt lat="35.9714599885046482086181640625" lon="-81.1110465042293071746826171875">
        <ele>528.20001220703125</ele>
        <time>2026-03-30T20:20:18.000Z</time>
        <extensions>
          <ns3:TrackPointExtension>
            <ns3:hr>126</ns3:hr>
            <ns3:cad>0</ns3:cad>
          </ns3:TrackPointExtension>
        </extensions>
      </trkpt>
      <trkpt lat="35.971468873322010040283203125" lon="-81.11101113259792327880859375">
        <ele>529</ele>
        <time>2026-03-30T20:20:24.000Z</time>
        <extensions>
          <ns3:TrackPointExtension>
            <ns3:hr>127</ns3:hr>
            <ns3:cad>80</ns3:cad>
          </ns3:TrackPointExtension>
        </extensions>
      </trkpt>
      <trkpt lat="35.9714739024639129638671875" lon="-81.111001409590244293212890625">
        <ele>529</ele>
        <time>2026-03-30T20:20:25.000Z</time>
        <extensions>
          <ns3:TrackPointExtension>
            <ns3:hr>127</ns3:hr>
            <ns3:cad>80</ns3:cad>
          </ns3:TrackPointExtension>
        </extensions>
      </trkpt>
      <trkpt lat="35.971503071486949920654296875" lon="-81.110975928604602813720703125">
        <ele>529.4000244140625</ele>
        <time>2026-03-30T20:20:30.000Z</time>
        <extensions>
          <ns3:TrackPointExtension>
            <ns3:hr>127</ns3:hr>
            <ns3:cad>0</ns3:cad>
          </ns3:TrackPointExtension>
        </extensions>
      </trkpt>
      <trkpt lat="35.97151924856007099151611328125" lon="-81.110961847007274627685546875">
        <ele>529.20001220703125</ele>
        <time>2026-03-30T20:20:34.000Z</time>
        <extensions>
          <ns3:TrackPointExtension>
            <ns3:hr>123</ns3:hr>
            <ns3:cad>0</ns3:cad>
          </ns3:TrackPointExtension>
        </extensions>
      </trkpt>
      <trkpt lat="35.97151824273169040679931640625" lon="-81.110955812036991119384765625">
        <ele>529.4000244140625</ele>
        <time>2026-03-30T20:20:35.000Z</time>
        <extensions>
          <ns3:TrackPointExtension>
            <ns3:hr>119</ns3:hr>
            <ns3:cad>0</ns3:cad>
          </ns3:TrackPointExtension>
        </extensions>
      </trkpt>
      <trkpt lat="35.9714871458709239959716796875" lon="-81.11096293665468692779541015625">
        <ele>529.5999755859375</ele>
        <time>2026-03-30T20:20:39.000Z</time>
        <extensions>
          <ns3:TrackPointExtension>
            <ns3:hr>118</ns3:hr>
            <ns3:cad>0</ns3:cad>
          </ns3:TrackPointExtension>
        </extensions>
      </trkpt>
      <trkpt lat="35.97144716419279575347900390625" lon="-81.11100719310343265533447265625">
        <ele>529.4000244140625</ele>
        <time>2026-03-30T20:20:45.000Z</time>
        <extensions>
          <ns3:TrackPointExtension>
            <ns3:hr>119</ns3:hr>
            <ns3:cad>43</ns3:cad>
          </ns3:TrackPointExtension>
        </extensions>
      </trkpt>
      <trkpt lat="35.9714335016906261444091796875" lon="-81.11104139126837253570556640625">
        <ele>529.20001220703125</ele>
        <time>2026-03-30T20:20:48.000Z</time>
        <extensions>
          <ns3:TrackPointExtension>
            <ns3:hr>122</ns3:hr>
            <ns3:cad>0</ns3:cad>
          </ns3:TrackPointExtension>
        </extensions>
      </trkpt>
      <trkpt lat="35.971448756754398345947265625" lon="-81.11109654419124126434326171875">
        <ele>528.4000244140625</ele>
        <time>2026-03-30T20:20:53.000Z</time>
        <extensions>
          <ns3:TrackPointExtension>
            <ns3:hr>121</ns3:hr>
            <ns3:cad>0</ns3:cad>
          </ns3:TrackPointExtension>
        </extensions>
      </trkpt>
      <trkpt lat="35.97145101986825466156005859375" lon="-81.11110576428472995758056640625">
        <ele>528.4000244140625</ele>
        <time>2026-03-30T20:20:54.000Z</time>
        <extensions>
          <ns3:TrackPointExtension>
            <ns3:hr>118</ns3:hr>
            <ns3:cad>0</ns3:cad>
          </ns3:TrackPointExtension>
        </extensions>
      </trkpt>
      <trkpt lat="35.97145906649529933929443359375" lon="-81.11113912425935268402099609375">
        <ele>528.20001220703125</ele>
        <time>2026-03-30T20:20:58.000Z</time>
        <extensions>
          <ns3:TrackPointExtension>
            <ns3:hr>115</ns3:hr>
            <ns3:cad>47</ns3:cad>
          </ns3:TrackPointExtension>
        </extensions>
      </trkpt>
      <trkpt lat="35.9714687056839466094970703125" lon="-81.11115605570375919342041015625">
        <ele>528</ele>
        <time>2026-03-30T20:21:02.000Z</time>
        <extensions>
          <ns3:TrackPointExtension>
            <ns3:hr>113</ns3:hr>
            <ns3:cad>0</ns3:cad>
          </ns3:TrackPointExtension>
        </extensions>
      </trkpt>
      <trkpt lat="35.9714643470942974090576171875" lon="-81.1111440695822238922119140625">
        <ele>527.79998779296875</ele>
        <time>2026-03-30T20:21:05.000Z</time>
        <extensions>
          <ns3:TrackPointExtension>
            <ns3:hr>110</ns3:hr>
            <ns3:cad>0</ns3:cad>
          </ns3:TrackPointExtension>
        </extensions>
      </trkpt>
      <trkpt lat="35.9714506007730960845947265625" lon="-81.11114390194416046142578125">
        <ele>527.79998779296875</ele>
        <time>2026-03-30T20:21:07.000Z</time>
        <extensions>
          <ns3:TrackPointExtension>
            <ns3:hr>107</ns3:hr>
            <ns3:cad>0</ns3:cad>
          </ns3:TrackPointExtension>
        </extensions>
      </trkpt>
      <trkpt lat="35.97143643535673618316650390625" lon="-81.1111584864556789398193359375">
        <ele>527.5999755859375</ele>
        <time>2026-03-30T20:21:10.000Z</time>
        <extensions>
          <ns3:TrackPointExtension>
            <ns3:hr>105</ns3:hr>
            <ns3:cad>0</ns3:cad>
          </ns3:TrackPointExtension>
        </extensions>
      </trkpt>
      <trkpt lat="35.97142889164388179779052734375" lon="-81.1111745797097682952880859375">
        <ele>527.4000244140625</ele>
        <time>2026-03-30T20:21:15.000Z</time>
        <extensions>
          <ns3:TrackPointExtension>
            <ns3:hr>105</ns3:hr>
            <ns3:cad>0</ns3:cad>
          </ns3:TrackPointExtension>
        </extensions>
      </trkpt>
      <trkpt lat="35.9714291431009769439697265625" lon="-81.11123979091644287109375">
        <ele>527</ele>
        <time>2026-03-30T20:21:24.000Z</time>
        <extensions>
          <ns3:TrackPointExtension>
            <ns3:hr>103</ns3:hr>
            <ns3:cad>0</ns3:cad>
          </ns3:TrackPointExtension>
        </extensions>
      </trkpt>
      <trkpt lat="35.97143459133803844451904296875" lon="-81.11126669682562351226806640625">
        <ele>526.79998779296875</ele>
        <time>2026-03-30T20:21:28.000Z</time>
        <extensions>
          <ns3:TrackPointExtension>
            <ns3:hr>102</ns3:hr>
            <ns3:cad>0</ns3:cad>
          </ns3:TrackPointExtension>
        </extensions>
      </trkpt>
      <trkpt lat="35.9714365191757678985595703125" lon="-81.11124180257320404052734375">
        <ele>526.4000244140625</ele>
        <time>2026-03-30T20:21:32.000Z</time>
        <extensions>
          <ns3:TrackPointExtension>
            <ns3:hr>101</ns3:hr>
            <ns3:cad>0</ns3:cad>
          </ns3:TrackPointExtension>
        </extensions>
      </trkpt>
      <trkpt lat="35.971419252455234527587890625" lon="-81.11124104820191860198974609375">
        <ele>526.4000244140625</ele>
        <time>2026-03-30T20:21:39.000Z</time>
        <extensions>
          <ns3:TrackPointExtension>
            <ns3:hr>105</ns3:hr>
            <ns3:cad>0</ns3:cad>
          </ns3:TrackPointExtension>
        </extensions>
      </trkpt>
      <trkpt lat="35.971419252455234527587890625" lon="-81.11124104820191860198974609375">
        <ele>526.5999755859375</ele>
        <time>2026-03-30T20:21:40.000Z</time>
        <extensions>
          <ns3:TrackPointExtension>
            <ns3:hr>106</ns3:hr>
            <ns3:cad>0</ns3:cad>
          </ns3:TrackPointExtension>
        </extensions>
      </trkpt>
      <trkpt lat="35.9714070148766040802001953125" lon="-81.11122244037687778472900390625">
        <ele>527.20001220703125</ele>
        <time>2026-03-30T20:21:49.000Z</time>
        <extensions>
          <ns3:TrackPointExtension>
            <ns3:hr>106</ns3:hr>
            <ns3:cad>0</ns3:cad>
          </ns3:TrackPointExtension>
        </extensions>
      </trkpt>
      <trkpt lat="35.97139067016541957855224609375" lon="-81.1112305708229541778564453125">
        <ele>527</ele>
        <time>2026-03-30T20:21:57.000Z</time>
        <extensions>
          <ns3:TrackPointExtension>
            <ns3:hr>106</ns3:hr>
            <ns3:cad>0</ns3:cad>
          </ns3:TrackPointExtension>
        </extensions>
      </trkpt>
      <trkpt lat="35.97142721526324748992919921875" lon="-81.11125010065734386444091796875">
        <ele>526.5999755859375</ele>
        <time>2026-03-30T20:22:01.000Z</time>
        <extensions>
          <ns3:TrackPointExtension>
            <ns3:hr>105</ns3:hr>
            <ns3:cad>0</ns3:cad>
          </ns3:TrackPointExtension>
        </extensions>
      </trkpt>
      <trkpt lat="35.97142134793102741241455078125" lon="-81.1112674511969089508056640625">
        <ele>526.20001220703125</ele>
        <time>2026-03-30T20:22:05.000Z</time>
        <extensions>
          <ns3:TrackPointExtension>
            <ns3:hr>105</ns3:hr>
            <ns3:cad>41</ns3:cad>
          </ns3:TrackPointExtension>
        </extensions>
      </trkpt>
      <trkpt lat="35.97141346894204616546630859375" lon="-81.11128195188939571380615234375">
        <ele>525.79998779296875</ele>
        <time>2026-03-30T20:22:08.000Z</time>
        <extensions>
          <ns3:TrackPointExtension>
            <ns3:hr>105</ns3:hr>
            <ns3:cad>41</ns3:cad>
          </ns3:TrackPointExtension>
        </extensions>
      </trkpt>
      <trkpt lat="35.97141078673303127288818359375" lon="-81.11133324913680553436279296875">
        <ele>525</ele>
        <time>2026-03-30T20:22:13.000Z</time>
        <extensions>
          <ns3:TrackPointExtension>
            <ns3:hr>105</ns3:hr>
            <ns3:cad>40</ns3:cad>
          </ns3:TrackPointExtension>
        </extensions>
      </trkpt>
      <trkpt lat="35.97141715697944164276123046875" lon="-81.1113532818853855133056640625">
        <ele>524.5999755859375</ele>
        <time>2026-03-30T20:22:15.000Z</time>
        <extensions>
          <ns3:TrackPointExtension>
            <ns3:hr>105</ns3:hr>
            <ns3:cad>44</ns3:cad>
          </ns3:TrackPointExtension>
        </extensions>
      </trkpt>
      <trkpt lat="35.9714291431009769439697265625" lon="-81.11136560328304767608642578125">
        <ele>524.4000244140625</ele>
        <time>2026-03-30T20:22:17.000Z</time>
        <extensions>
          <ns3:TrackPointExtension>
            <ns3:hr>102</ns3:hr>
            <ns3:cad>44</ns3:cad>
          </ns3:TrackPointExtension>
        </extensions>
      </trkpt>
      <trkpt lat="35.9714425541460514068603515625" lon="-81.11136292107403278350830078125">
        <ele>524.20001220703125</ele>
        <time>2026-03-30T20:22:19.000Z</time>
        <extensions>
          <ns3:TrackPointExtension>
            <ns3:hr>102</ns3:hr>
            <ns3:cad>80</ns3:cad>
          </ns3:TrackPointExtension>
        </extensions>
      </trkpt>
      <trkpt lat="35.9714841283857822418212890625" lon="-81.11134883947670459747314453125">
        <ele>523.79998779296875</ele>
        <time>2026-03-30T20:22:25.000Z</time>
        <extensions>
          <ns3:TrackPointExtension>
            <ns3:hr>102</ns3:hr>
            <ns3:cad>0</ns3:cad>
          </ns3:TrackPointExtension>
        </extensions>
      </trkpt>
      <trkpt lat="35.97148287110030651092529296875" lon="-81.11134129576385021209716796875">
        <ele>523.5999755859375</ele>
        <time>2026-03-30T20:22:26.000Z</time>
        <extensions>
          <ns3:TrackPointExtension>
            <ns3:hr>102</ns3:hr>
            <ns3:cad>0</ns3:cad>
          </ns3:TrackPointExtension>
        </extensions>
      </trkpt>
      <trkpt lat="35.971486978232860565185546875" lon="-81.1113120429217815399169921875">
        <ele>523.4000244140625</ele>
        <time>2026-03-30T20:22:31.000Z</time>
        <extensions>
          <ns3:TrackPointExtension>
            <ns3:hr>104</ns3:hr>
            <ns3:cad>0</ns3:cad>
          </ns3:TrackPointExtension>
        </extensions>
      </trkpt>
      <trkpt lat="35.9714787639677524566650390625" lon="-81.11130424775183200836181640625">
        <ele>523.20001220703125</ele>
        <time>2026-03-30T20:22:40.000Z</time>
        <extensions>
          <ns3:TrackPointExtension>
            <ns3:hr>103</ns3:hr>
            <ns3:cad>0</ns3:cad>
          </ns3:TrackPointExtension>
        </extensions>
      </trkpt>
      <trkpt lat="35.971477590501308441162109375" lon="-81.1113120429217815399169921875">
        <ele>523.20001220703125</ele>
        <time>2026-03-30T20:22:45.000Z</time>
        <extensions>
          <ns3:TrackPointExtension>
            <ns3:hr>106</ns3:hr>
            <ns3:cad>0</ns3:cad>
          </ns3:TrackPointExtension>
        </extensions>
      </trkpt>
      <trkpt lat="35.9714792668819427490234375" lon="-81.111311875283718109130859375">
        <ele>523.4000244140625</ele>
        <time>2026-03-30T20:22:46.000Z</time>
        <extensions>
          <ns3:TrackPointExtension>
            <ns3:hr>111</ns3:hr>
            <ns3:cad>0</ns3:cad>
          </ns3:TrackPointExtension>
        </extensions>
      </trkpt>
      <trkpt lat="35.97147901542484760284423828125" lon="-81.11130810342729091644287109375">
        <ele>523.4000244140625</ele>
        <time>2026-03-30T20:22:49.000Z</time>
        <extensions>
          <ns3:TrackPointExtension>
            <ns3:hr>113</ns3:hr>
            <ns3:cad>0</ns3:cad>
          </ns3:TrackPointExtension>
        </extensions>
      </trkpt>
      <trkpt lat="35.97146962769329547882080078125" lon="-81.11134347505867481231689453125">
        <ele>523</ele>
        <time>2026-03-30T20:22:57.000Z</time>
        <extensions>
          <ns3:TrackPointExtension>
            <ns3:hr>114</ns3:hr>
            <ns3:cad>0</ns3:cad>
          </ns3:TrackPointExtension>
        </extensions>
      </trkpt>
      <trkpt lat="35.9714524447917938232421875" lon="-81.11134917475283145904541015625">
        <ele>523</ele>
        <time>2026-03-30T20:23:04.000Z</time>
        <extensions>
          <ns3:TrackPointExtension>
            <ns3:hr>116</ns3:hr>
            <ns3:cad>0</ns3:cad>
          </ns3:TrackPointExtension>
        </extensions>
      </trkpt>
      <trkpt lat="35.97143257968127727508544921875" lon="-81.1113328300416469573974609375">
        <ele>522.79998779296875</ele>
        <time>2026-03-30T20:23:11.000Z</time>
        <extensions>
          <ns3:TrackPointExtension>
            <ns3:hr>112</ns3:hr>
            <ns3:cad>0</ns3:cad>
          </ns3:TrackPointExtension>
        </extensions>
      </trkpt>
      <trkpt lat="35.9714231081306934356689453125" lon="-81.1113291420042514801025390625">
        <ele>522.79998779296875</ele>
        <time>2026-03-30T20:23:13.000Z</time>
        <extensions>
          <ns3:TrackPointExtension>
            <ns3:hr>109</ns3:hr>
            <ns3:cad>0</ns3:cad>
          </ns3:TrackPointExtension>
        </extensions>
      </trkpt>
      <trkpt lat="35.97143123857676982879638671875" lon="-81.11129838041961193084716796875">
        <ele>522.5999755859375</ele>
        <time>2026-03-30T20:23:19.000Z</time>
        <extensions>
          <ns3:TrackPointExtension>
            <ns3:hr>110</ns3:hr>
            <ns3:cad>0</ns3:cad>
          </ns3:TrackPointExtension>
        </extensions>
      </trkpt>
      <trkpt lat="35.971404500305652618408203125" lon="-81.11125948838889598846435546875">
        <ele>523.79998779296875</ele>
        <time>2026-03-30T20:23:27.000Z</time>
        <extensions>
          <ns3:TrackPointExtension>
            <ns3:hr>111</ns3:hr>
            <ns3:cad>77</ns3:cad>
          </ns3:TrackPointExtension>
        </extensions>
      </trkpt>
      <trkpt lat="35.97133887000381946563720703125" lon="-81.11125881783664226531982421875">
        <ele>524</ele>
        <time>2026-03-30T20:23:36.000Z</time>
        <extensions>
          <ns3:TrackPointExtension>
            <ns3:hr>112</ns3:hr>
            <ns3:cad>0</ns3:cad>
          </ns3:TrackPointExtension>
        </extensions>
      </trkpt>
      <trkpt lat="35.97133912146091461181640625" lon="-81.111260242760181427001953125">
        <ele>524</ele>
        <time>2026-03-30T20:23:39.000Z</time>
        <extensions>
          <ns3:TrackPointExtension>
            <ns3:hr>115</ns3:hr>
            <ns3:cad>0</ns3:cad>
          </ns3:TrackPointExtension>
        </extensions>
      </trkpt>
      <trkpt lat="35.9713389538228511810302734375" lon="-81.1112604103982448577880859375">
        <ele>524</ele>
        <time>2026-03-30T20:23:40.000Z</time>
        <extensions>
          <ns3:TrackPointExtension>
            <ns3:hr>118</ns3:hr>
            <ns3:cad>0</ns3:cad>
          </ns3:TrackPointExtension>
        </extensions>
      </trkpt>
      <trkpt lat="35.9713389538228511810302734375" lon="-81.1112604103982448577880859375">
        <ele>524</ele>
        <time>2026-03-30T20:23:42.000Z</time>
        <extensions>
          <ns3:TrackPointExtension>
            <ns3:hr>123</ns3:hr>
            <ns3:cad>0</ns3:cad>
          </ns3:TrackPointExtension>
        </extensions>
      </trkpt>
      <trkpt lat="35.97132302820682525634765625" lon="-81.11127155832946300506591796875">
        <ele>523.5999755859375</ele>
        <time>2026-03-30T20:23:48.000Z</time>
        <extensions>
          <ns3:TrackPointExtension>
            <ns3:hr>123</ns3:hr>
            <ns3:cad>0</ns3:cad>
          </ns3:TrackPointExtension>
        </extensions>
      </trkpt>
      <trkpt lat="35.9713087789714336395263671875" lon="-81.11122361384332180023193359375">
        <ele>524.79998779296875</ele>
        <time>2026-03-30T20:23:55.000Z</time>
        <extensions>
          <ns3:TrackPointExtension>
            <ns3:hr>122</ns3:hr>
            <ns3:cad>0</ns3:cad>
          </ns3:TrackPointExtension>
        </extensions>
      </trkpt>
      <trkpt lat="35.97131154499948024749755859375" lon="-81.11118991859257221221923828125">
        <ele>525.20001220703125</ele>
        <time>2026-03-30T20:24:00.000Z</time>
        <extensions>
          <ns3:TrackPointExtension>
            <ns3:hr>122</ns3:hr>
            <ns3:cad>40</ns3:cad>
          </ns3:TrackPointExtension>
        </extensions>
      </trkpt>
      <trkpt lat="35.9713117964565753936767578125" lon="-81.11116938292980194091796875">
        <ele>525.4000244140625</ele>
        <time>2026-03-30T20:24:02.000Z</time>
        <extensions>
          <ns3:TrackPointExtension>
            <ns3:hr>117</ns3:hr>
            <ns3:cad>0</ns3:cad>
          </ns3:TrackPointExtension>
        </extensions>
      </trkpt>
      <trkpt lat="35.97130299545824527740478515625" lon="-81.11116343177855014801025390625">
        <ele>525.4000244140625</ele>
        <time>2026-03-30T20:24:03.000Z</time>
        <extensions>
          <ns3:TrackPointExtension>
            <ns3:hr>116</ns3:hr>
            <ns3:cad>0</ns3:cad>
          </ns3:TrackPointExtension>
        </extensions>
      </trkpt>
      <trkpt lat="35.9712749160826206207275390625" lon="-81.11115722917020320892333984375">
        <ele>525.79998779296875</ele>
        <time>2026-03-30T20:24:06.000Z</time>
        <extensions>
          <ns3:TrackPointExtension>
            <ns3:hr>119</ns3:hr>
            <ns3:cad>0</ns3:cad>
          </ns3:TrackPointExtension>
        </extensions>
      </trkpt>
      <trkpt lat="35.97127164714038372039794921875" lon="-81.1111537925899028778076171875">
        <ele>525.5999755859375</ele>
        <time>2026-03-30T20:24:08.000Z</time>
        <extensions>
          <ns3:TrackPointExtension>
            <ns3:hr>120</ns3:hr>
            <ns3:cad>0</ns3:cad>
          </ns3:TrackPointExtension>
        </extensions>
      </trkpt>
      <trkpt lat="35.97125974483788013458251953125" lon="-81.11116091720759868621826171875">
        <ele>525.79998779296875</ele>
        <time>2026-03-30T20:24:13.000Z</time>
        <extensions>
          <ns3:TrackPointExtension>
            <ns3:hr>121</ns3:hr>
            <ns3:cad>0</ns3:cad>
          </ns3:TrackPointExtension>
        </extensions>
      </trkpt>
      <trkpt lat="35.97124792635440826416015625" lon="-81.1111618392169475555419921875">
        <ele>526.20001220703125</ele>
        <time>2026-03-30T20:24:16.000Z</time>
        <extensions>
          <ns3:TrackPointExtension>
            <ns3:hr>120</ns3:hr>
            <ns3:cad>0</ns3:cad>
          </ns3:TrackPointExtension>
        </extensions>
      </trkpt>
      <trkpt lat="35.9712152369320392608642578125" lon="-81.1112024076282978057861328125">
        <ele>526.4000244140625</ele>
        <time>2026-03-30T20:24:22.000Z</time>
        <extensions>
          <ns3:TrackPointExtension>
            <ns3:hr>119</ns3:hr>
            <ns3:cad>41</ns3:cad>
          </ns3:TrackPointExtension>
        </extensions>
      </trkpt>
      <trkpt lat="35.97121934406459331512451171875" lon="-81.1112084425985813140869140625">
        <ele>526.20001220703125</ele>
        <time>2026-03-30T20:24:24.000Z</time>
        <extensions>
          <ns3:TrackPointExtension>
            <ns3:hr>123</ns3:hr>
            <ns3:cad>0</ns3:cad>
          </ns3:TrackPointExtension>
        </extensions>
      </trkpt>
      <trkpt lat="35.97121951170265674591064453125" lon="-81.1112084425985813140869140625">
        <ele>526.20001220703125</ele>
        <time>2026-03-30T20:24:25.000Z</time>
        <extensions>
          <ns3:TrackPointExtension>
            <ns3:hr>127</ns3:hr>
            <ns3:cad>0</ns3:cad>
          </ns3:TrackPointExtension>
        </extensions>
      </trkpt>
      <trkpt lat="35.97121976315975189208984375" lon="-81.111208610236644744873046875">
        <ele>526.20001220703125</ele>
        <time>2026-03-30T20:24:27.000Z</time>
        <extensions>
          <ns3:TrackPointExtension>
            <ns3:hr>130</ns3:hr>
            <ns3:cad>0</ns3:cad>
          </ns3:TrackPointExtension>
        </extensions>
      </trkpt>
      <trkpt lat="35.97124231047928333282470703125" lon="-81.111195199191570281982421875">
        <ele>526.4000244140625</ele>
        <time>2026-03-30T20:24:30.000Z</time>
        <extensions>
          <ns3:TrackPointExtension>
            <ns3:hr>131</ns3:hr>
            <ns3:cad>0</ns3:cad>
          </ns3:TrackPointExtension>
        </extensions>
      </trkpt>
      <trkpt lat="35.97126695327460765838623046875" lon="-81.11117541790008544921875">
        <ele>526.79998779296875</ele>
        <time>2026-03-30T20:24:33.000Z</time>
        <extensions>
          <ns3:TrackPointExtension>
            <ns3:hr>131</ns3:hr>
            <ns3:cad>0</ns3:cad>
          </ns3:TrackPointExtension>
        </extensions>
      </trkpt>
      <trkpt lat="35.971279107034206390380859375" lon="-81.11117650754749774932861328125">
        <ele>527.20001220703125</ele>
        <time>2026-03-30T20:24:35.000Z</time>
        <extensions>
          <ns3:TrackPointExtension>
            <ns3:hr>130</ns3:hr>
            <ns3:cad>71</ns3:cad>
          </ns3:TrackPointExtension>
        </extensions>
      </trkpt>
      <trkpt lat="35.97128975205123424530029296875" lon="-81.111182458698749542236328125">
        <ele>527.20001220703125</ele>
        <time>2026-03-30T20:24:37.000Z</time>
        <extensions>
          <ns3:TrackPointExtension>
            <ns3:hr>132</ns3:hr>
            <ns3:cad>70</ns3:cad>
          </ns3:TrackPointExtension>
        </extensions>
      </trkpt>
      <trkpt lat="35.97129813395440578460693359375" lon="-81.11121707595884799957275390625">
        <ele>526.79998779296875</ele>
        <time>2026-03-30T20:24:44.000Z</time>
        <extensions>
          <ns3:TrackPointExtension>
            <ns3:hr>131</ns3:hr>
            <ns3:cad>77</ns3:cad>
          </ns3:TrackPointExtension>
        </extensions>
      </trkpt>
      <trkpt lat="35.9713060967624187469482421875" lon="-81.11126015894114971160888671875">
        <ele>526.20001220703125</ele>
        <time>2026-03-30T20:24:50.000Z</time>
        <extensions>
          <ns3:TrackPointExtension>
            <ns3:hr>134</ns3:hr>
            <ns3:cad>45</ns3:cad>
          </ns3:TrackPointExtension>
        </extensions>
      </trkpt>
      <trkpt lat="35.97131975926458835601806640625" lon="-81.1112738214433193206787109375">
        <ele>526.20001220703125</ele>
        <time>2026-03-30T20:24:53.000Z</time>
        <extensions>
          <ns3:TrackPointExtension>
            <ns3:hr>131</ns3:hr>
            <ns3:cad>0</ns3:cad>
          </ns3:TrackPointExtension>
        </extensions>
      </trkpt>
      <trkpt lat="35.97132294438779354095458984375" lon="-81.1112765036523342132568359375">
        <ele>526.20001220703125</ele>
        <time>2026-03-30T20:24:54.000Z</time>
        <extensions>
          <ns3:TrackPointExtension>
            <ns3:hr>127</ns3:hr>
            <ns3:cad>0</ns3:cad>
          </ns3:TrackPointExtension>
        </extensions>
      </trkpt>
      <trkpt lat="35.97132763825356960296630859375" lon="-81.11128010787069797515869140625">
        <ele>526.20001220703125</ele>
        <time>2026-03-30T20:24:55.000Z</time>
        <extensions>
          <ns3:TrackPointExtension>
            <ns3:hr>119</ns3:hr>
            <ns3:cad>76</ns3:cad>
          </ns3:TrackPointExtension>
        </extensions>
      </trkpt>
      <trkpt lat="35.97133241593837738037109375" lon="-81.11128178425133228302001953125">
        <ele>526.20001220703125</ele>
        <time>2026-03-30T20:24:56.000Z</time>
        <extensions>
          <ns3:TrackPointExtension>
            <ns3:hr>119</ns3:hr>
            <ns3:cad>76</ns3:cad>
          </ns3:TrackPointExtension>
        </extensions>
      </trkpt>
      <trkpt lat="35.9713550470769405364990234375" lon="-81.11129955388605594635009765625">
        <ele>525.79998779296875</ele>
        <time>2026-03-30T20:25:00.000Z</time>
        <extensions>
          <ns3:TrackPointExtension>
            <ns3:hr>118</ns3:hr>
            <ns3:cad>60</ns3:cad>
          </ns3:TrackPointExtension>
        </extensions>
      </trkpt>
      <trkpt lat="35.97135814838111400604248046875" lon="-81.111308522522449493408203125">
        <ele>525.5999755859375</ele>
        <time>2026-03-30T20:25:02.000Z</time>
        <extensions>
          <ns3:TrackPointExtension>
            <ns3:hr>117</ns3:hr>
            <ns3:cad>0</ns3:cad>
          </ns3:TrackPointExtension>
        </extensions>
      </trkpt>
      <trkpt lat="35.9713905863463878631591796875" lon="-81.1113492585718631744384765625">
        <ele>524.79998779296875</ele>
        <time>2026-03-30T20:25:09.000Z</time>
        <extensions>
          <ns3:TrackPointExtension>
            <ns3:hr>116</ns3:hr>
            <ns3:cad>79</ns3:cad>
          </ns3:TrackPointExtension>
        </extensions>
      </trkpt>
      <trkpt lat="35.97140617668628692626953125" lon="-81.11134238541126251220703125">
        <ele>525</ele>
        <time>2026-03-30T20:25:11.000Z</time>
        <extensions>
          <ns3:TrackPointExtension>
            <ns3:hr>115</ns3:hr>
            <ns3:cad>0</ns3:cad>
          </ns3:TrackPointExtension>
        </extensions>
      </trkpt>
      <trkpt lat="35.9714229404926300048828125" lon="-81.1113532818853855133056640625">
        <ele>525</ele>
        <time>2026-03-30T20:25:14.000Z</time>
        <extensions>
          <ns3:TrackPointExtension>
            <ns3:hr>113</ns3:hr>
            <ns3:cad>79</ns3:cad>
          </ns3:TrackPointExtension>
        </extensions>
      </trkpt>
      <trkpt lat="35.97142285667359828948974609375" lon="-81.11136090941727161407470703125">
        <ele>525</ele>
        <time>2026-03-30T20:25:15.000Z</time>
        <extensions>
          <ns3:TrackPointExtension>
            <ns3:hr>112</ns3:hr>
            <ns3:cad>79</ns3:cad>
          </ns3:TrackPointExtension>
        </extensions>
      </trkpt>
      <trkpt lat="35.97142486833035945892333984375" lon="-81.1113720573484897613525390625">
        <ele>524.5999755859375</ele>
        <time>2026-03-30T20:25:18.000Z</time>
        <extensions>
          <ns3:TrackPointExtension>
            <ns3:hr>108</ns3:hr>
            <ns3:cad>44</ns3:cad>
          </ns3:TrackPointExtension>
        </extensions>
      </trkpt>
      <trkpt lat="35.9714355133473873138427734375" lon="-81.111386306583881378173828125">
        <ele>524.4000244140625</ele>
        <time>2026-03-30T20:25:21.000Z</time>
        <extensions>
          <ns3:TrackPointExtension>
            <ns3:hr>107</ns3:hr>
            <ns3:cad>44</ns3:cad>
          </ns3:TrackPointExtension>
        </extensions>
      </trkpt>
      <trkpt lat="35.9714376926422119140625" lon="-81.11139996908605098724365234375">
        <ele>523.79998779296875</ele>
        <time>2026-03-30T20:25:25.000Z</time>
        <extensions>
          <ns3:TrackPointExtension>
            <ns3:hr>106</ns3:hr>
            <ns3:cad>44</ns3:cad>
          </ns3:TrackPointExtension>
        </extensions>
      </trkpt>
      <trkpt lat="35.97145034931600093841552734375" lon="-81.1114055849611759185791015625">
        <ele>523.4000244140625</ele>
        <time>2026-03-30T20:25:28.000Z</time>
        <extensions>
          <ns3:TrackPointExtension>
            <ns3:hr>106</ns3:hr>
            <ns3:cad>44</ns3:cad>
          </ns3:TrackPointExtension>
        </extensions>
      </trkpt>
      <trkpt lat="35.97147733904421329498291015625" lon="-81.11144171096384525299072265625">
        <ele>523</ele>
        <time>2026-03-30T20:25:38.000Z</time>
        <extensions>
          <ns3:TrackPointExtension>
            <ns3:hr>104</ns3:hr>
            <ns3:cad>0</ns3:cad>
          </ns3:TrackPointExtension>
        </extensions>
      </trkpt>
      <trkpt lat="35.971486978232860565185546875" lon="-81.11144741065800189971923828125">
        <ele>522.79998779296875</ele>
        <time>2026-03-30T20:25:40.000Z</time>
        <extensions>
          <ns3:TrackPointExtension>
            <ns3:hr>105</ns3:hr>
            <ns3:cad>0</ns3:cad>
          </ns3:TrackPointExtension>
        </extensions>
      </trkpt>
      <trkpt lat="35.97149795852601528167724609375" lon="-81.11145461909472942352294921875">
        <ele>522.4000244140625</ele>
        <time>2026-03-30T20:25:44.000Z</time>
        <extensions>
          <ns3:TrackPointExtension>
            <ns3:hr>104</ns3:hr>
            <ns3:cad>59</ns3:cad>
          </ns3:TrackPointExtension>
        </extensions>
      </trkpt>
      <trkpt lat="35.97149334847927093505859375" lon="-81.11146886833012104034423828125">
        <ele>521.79998779296875</ele>
        <time>2026-03-30T20:25:51.000Z</time>
        <extensions>
          <ns3:TrackPointExtension>
            <ns3:hr>103</ns3:hr>
            <ns3:cad>0</ns3:cad>
          </ns3:TrackPointExtension>
        </extensions>
      </trkpt>
      <trkpt lat="35.971497036516666412353515625" lon="-81.111485548317432403564453125">
        <ele>521.4000244140625</ele>
        <time>2026-03-30T20:25:54.000Z</time>
        <extensions>
          <ns3:TrackPointExtension>
            <ns3:hr>103</ns3:hr>
            <ns3:cad>0</ns3:cad>
          </ns3:TrackPointExtension>
        </extensions>
      </trkpt>
      <trkpt lat="35.971493013203144073486328125" lon="-81.11148529686033725738525390625">
        <ele>521</ele>
        <time>2026-03-30T20:25:57.000Z</time>
        <extensions>
          <ns3:TrackPointExtension>
            <ns3:hr>100</ns3:hr>
            <ns3:cad>0</ns3:cad>
          </ns3:TrackPointExtension>
        </extensions>
      </trkpt>
      <trkpt lat="35.97149192355573177337646484375" lon="-81.11150356940925121307373046875">
        <ele>520.5999755859375</ele>
        <time>2026-03-30T20:26:00.000Z</time>
        <extensions>
          <ns3:TrackPointExtension>
            <ns3:hr>97</ns3:hr>
            <ns3:cad>0</ns3:cad>
          </ns3:TrackPointExtension>
        </extensions>
      </trkpt>
      <trkpt lat="35.9714948572218418121337890625" lon="-81.11151002347469329833984375">
        <ele>520.4000244140625</ele>
        <time>2026-03-30T20:26:07.000Z</time>
        <extensions>
          <ns3:TrackPointExtension>
            <ns3:hr>99</ns3:hr>
            <ns3:cad>0</ns3:cad>
          </ns3:TrackPointExtension>
        </extensions>
      </trkpt>
      <trkpt lat="35.97152444534003734588623046875" lon="-81.11155704595148563385009765625">
        <ele>519.79998779296875</ele>
        <time>2026-03-30T20:26:15.000Z</time>
        <extensions>
          <ns3:TrackPointExtension>
            <ns3:hr>101</ns3:hr>
            <ns3:cad>0</ns3:cad>
          </ns3:TrackPointExtension>
        </extensions>
      </trkpt>
      <trkpt lat="35.97153450362384319305419921875" lon="-81.11157448031008243560791015625">
        <ele>519.5999755859375</ele>
        <time>2026-03-30T20:26:17.000Z</time>
        <extensions>
          <ns3:TrackPointExtension>
            <ns3:hr>103</ns3:hr>
            <ns3:cad>0</ns3:cad>
          </ns3:TrackPointExtension>
        </extensions>
      </trkpt>
      <trkpt lat="35.9715411253273487091064453125" lon="-81.11156861297786235809326171875">
        <ele>519.5999755859375</ele>
        <time>2026-03-30T20:26:21.000Z</time>
        <extensions>
          <ns3:TrackPointExtension>
            <ns3:hr>101</ns3:hr>
            <ns3:cad>0</ns3:cad>
          </ns3:TrackPointExtension>
        </extensions>
      </trkpt>
      <trkpt lat="35.97154162824153900146484375" lon="-81.1115578003227710723876953125">
        <ele>519.20001220703125</ele>
        <time>2026-03-30T20:26:29.000Z</time>
        <extensions>
          <ns3:TrackPointExtension>
            <ns3:hr>103</ns3:hr>
            <ns3:cad>0</ns3:cad>
          </ns3:TrackPointExtension>
        </extensions>
      </trkpt>
      <trkpt lat="35.97152628935873508453369140625" lon="-81.111561991274356842041015625">
        <ele>519</ele>
        <time>2026-03-30T20:26:34.000Z</time>
        <extensions>
          <ns3:TrackPointExtension>
            <ns3:hr>107</ns3:hr>
            <ns3:cad>0</ns3:cad>
          </ns3:TrackPointExtension>
        </extensions>
      </trkpt>
      <trkpt lat="35.97152377478778362274169921875" lon="-81.1115641705691814422607421875">
        <ele>518.79998779296875</ele>
        <time>2026-03-30T20:26:36.000Z</time>
        <extensions>
          <ns3:TrackPointExtension>
            <ns3:hr>107</ns3:hr>
            <ns3:cad>0</ns3:cad>
          </ns3:TrackPointExtension>
        </extensions>
      </trkpt>
      <trkpt lat="35.97151891328394412994384765625" lon="-81.1115688644349575042724609375">
        <ele>518.5999755859375</ele>
        <time>2026-03-30T20:26:39.000Z</time>
        <extensions>
          <ns3:TrackPointExtension>
            <ns3:hr>106</ns3:hr>
            <ns3:cad>0</ns3:cad>
          </ns3:TrackPointExtension>
        </extensions>
      </trkpt>
      <trkpt lat="35.971503071486949920654296875" lon="-81.11157330684363842010498046875">
        <ele>518</ele>
        <time>2026-03-30T20:26:42.000Z</time>
        <extensions>
          <ns3:TrackPointExtension>
            <ns3:hr>106</ns3:hr>
            <ns3:cad>0</ns3:cad>
          </ns3:TrackPointExtension>
        </extensions>
      </trkpt>
      <trkpt lat="35.97149292938411235809326171875" lon="-81.11158269457519054412841796875">
        <ele>517.5999755859375</ele>
        <time>2026-03-30T20:26:46.000Z</time>
        <extensions>
          <ns3:TrackPointExtension>
            <ns3:hr>107</ns3:hr>
            <ns3:cad>0</ns3:cad>
          </ns3:TrackPointExtension>
        </extensions>
      </trkpt>
      <trkpt lat="35.9714754112064838409423828125" lon="-81.1116005480289459228515625">
        <ele>517.20001220703125</ele>
        <time>2026-03-30T20:26:49.000Z</time>
        <extensions>
          <ns3:TrackPointExtension>
            <ns3:hr>106</ns3:hr>
            <ns3:cad>0</ns3:cad>
          </ns3:TrackPointExtension>
        </extensions>
      </trkpt>
      <trkpt lat="35.97145068459212779998779296875" lon="-81.11163181252777576446533203125">
        <ele>516.5999755859375</ele>
        <time>2026-03-30T20:26:55.000Z</time>
        <extensions>
          <ns3:TrackPointExtension>
            <ns3:hr>107</ns3:hr>
            <ns3:cad>0</ns3:cad>
          </ns3:TrackPointExtension>
        </extensions>
      </trkpt>
      <trkpt lat="35.97144909203052520751953125" lon="-81.111659891903400421142578125">
        <ele>516.4000244140625</ele>
        <time>2026-03-30T20:26:58.000Z</time>
        <extensions>
          <ns3:TrackPointExtension>
            <ns3:hr>106</ns3:hr>
            <ns3:cad>0</ns3:cad>
          </ns3:TrackPointExtension>
        </extensions>
      </trkpt>
      <trkpt lat="35.971440710127353668212890625" lon="-81.1116704531013965606689453125">
        <ele>515.79998779296875</ele>
        <time>2026-03-30T20:27:01.000Z</time>
        <extensions>
          <ns3:TrackPointExtension>
            <ns3:hr>108</ns3:hr>
            <ns3:cad>0</ns3:cad>
          </ns3:TrackPointExtension>
        </extensions>
      </trkpt>
      <trkpt lat="35.97144230268895626068115234375" lon="-81.111674644052982330322265625">
        <ele>515.4000244140625</ele>
        <time>2026-03-30T20:27:04.000Z</time>
        <extensions>
          <ns3:TrackPointExtension>
            <ns3:hr>110</ns3:hr>
            <ns3:cad>0</ns3:cad>
          </ns3:TrackPointExtension>
        </extensions>
      </trkpt>
      <trkpt lat="35.971430651843547821044921875" lon="-81.1116890609264373779296875">
        <ele>514.79998779296875</ele>
        <time>2026-03-30T20:27:08.000Z</time>
        <extensions>
          <ns3:TrackPointExtension>
            <ns3:hr>110</ns3:hr>
            <ns3:cad>40</ns3:cad>
          </ns3:TrackPointExtension>
        </extensions>
      </trkpt>
      <trkpt lat="35.97143090330064296722412109375" lon="-81.1116751469671726226806640625">
        <ele>514.4000244140625</ele>
        <time>2026-03-30T20:27:14.000Z</time>
        <extensions>
          <ns3:TrackPointExtension>
            <ns3:hr>109</ns3:hr>
            <ns3:cad>0</ns3:cad>
          </ns3:TrackPointExtension>
        </extensions>
      </trkpt>
      <trkpt lat="35.97143257968127727508544921875" lon="-81.11166316084563732147216796875">
        <ele>514.4000244140625</ele>
        <time>2026-03-30T20:27:15.000Z</time>
        <extensions>
          <ns3:TrackPointExtension>
            <ns3:hr>109</ns3:hr>
            <ns3:cad>0</ns3:cad>
          </ns3:TrackPointExtension>
        </extensions>
      </trkpt>
      <trkpt lat="35.9714345075190067291259765625" lon="-81.111651845276355743408203125">
        <ele>514.5999755859375</ele>
        <time>2026-03-30T20:27:17.000Z</time>
        <extensions>
          <ns3:TrackPointExtension>
            <ns3:hr>106</ns3:hr>
            <ns3:cad>0</ns3:cad>
          </ns3:TrackPointExtension>
        </extensions>
      </trkpt>
      <trkpt lat="35.97142855636775493621826171875" lon="-81.1116421222686767578125">
        <ele>515.4000244140625</ele>
        <time>2026-03-30T20:27:23.000Z</time>
        <extensions>
          <ns3:TrackPointExtension>
            <ns3:hr>106</ns3:hr>
            <ns3:cad>0</ns3:cad>
          </ns3:TrackPointExtension>
        </extensions>
      </trkpt>
      <trkpt lat="35.9714281372725963592529296875" lon="-81.11164002679288387298583984375">
        <ele>515.4000244140625</ele>
        <time>2026-03-30T20:27:24.000Z</time>
        <extensions>
          <ns3:TrackPointExtension>
            <ns3:hr>107</ns3:hr>
            <ns3:cad>0</ns3:cad>
          </ns3:TrackPointExtension>
        </extensions>
      </trkpt>
      <trkpt lat="35.971419252455234527587890625" lon="-81.11164145171642303466796875">
        <ele>515.4000244140625</ele>
        <time>2026-03-30T20:27:29.000Z</time>
        <extensions>
          <ns3:TrackPointExtension>
            <ns3:hr>111</ns3:hr>
            <ns3:cad>0</ns3:cad>
          </ns3:TrackPointExtension>
        </extensions>
      </trkpt>
      <trkpt lat="35.97139167599380016326904296875" lon="-81.11163583584129810333251953125">
        <ele>515.5999755859375</ele>
        <time>2026-03-30T20:27:33.000Z</time>
        <extensions>
          <ns3:TrackPointExtension>
            <ns3:hr>114</ns3:hr>
            <ns3:cad>0</ns3:cad>
          </ns3:TrackPointExtension>
        </extensions>
      </trkpt>
      <trkpt lat="35.97139352001249790191650390625" lon="-81.111635081470012664794921875">
        <ele>515.79998779296875</ele>
        <time>2026-03-30T20:27:36.000Z</time>
        <extensions>
          <ns3:TrackPointExtension>
            <ns3:hr>117</ns3:hr>
            <ns3:cad>0</ns3:cad>
          </ns3:TrackPointExtension>
        </extensions>
      </trkpt>
      <trkpt lat="35.97139033488929271697998046875" lon="-81.111639104783535003662109375">
        <ele>515.79998779296875</ele>
        <time>2026-03-30T20:27:39.000Z</time>
        <extensions>
          <ns3:TrackPointExtension>
            <ns3:hr>117</ns3:hr>
            <ns3:cad>0</ns3:cad>
          </ns3:TrackPointExtension>
        </extensions>
      </trkpt>
      <trkpt lat="35.97135479561984539031982421875" lon="-81.11162208952009677886962890625">
        <ele>516.20001220703125</ele>
        <time>2026-03-30T20:27:46.000Z</time>
        <extensions>
          <ns3:TrackPointExtension>
            <ns3:hr>115</ns3:hr>
            <ns3:cad>0</ns3:cad>
          </ns3:TrackPointExtension>
        </extensions>
      </trkpt>
      <trkpt lat="35.97134859301149845123291015625" lon="-81.11160599626600742340087890625">
        <ele>516.4000244140625</ele>
        <time>2026-03-30T20:27:49.000Z</time>
        <extensions>
          <ns3:TrackPointExtension>
            <ns3:hr>115</ns3:hr>
            <ns3:cad>0</ns3:cad>
          </ns3:TrackPointExtension>
        </extensions>
      </trkpt>
      <trkpt lat="35.97135580144822597503662109375" lon="-81.11160297878086566925048828125">
        <ele>517</ele>
        <time>2026-03-30T20:27:53.000Z</time>
        <extensions>
          <ns3:TrackPointExtension>
            <ns3:hr>116</ns3:hr>
            <ns3:cad>66</ns3:cad>
          </ns3:TrackPointExtension>
        </extensions>
      </trkpt>
      <trkpt lat="35.97137189470231533050537109375" lon="-81.1116003803908824920654296875">
        <ele>517.5999755859375</ele>
        <time>2026-03-30T20:27:57.000Z</time>
        <extensions>
          <ns3:TrackPointExtension>
            <ns3:hr>115</ns3:hr>
            <ns3:cad>57</ns3:cad>
          </ns3:TrackPointExtension>
        </extensions>
      </trkpt>
      <trkpt lat="35.97137927077710628509521484375" lon="-81.11158621497452259063720703125">
        <ele>517.79998779296875</ele>
        <time>2026-03-30T20:28:00.000Z</time>
        <extensions>
          <ns3:TrackPointExtension>
            <ns3:hr>119</ns3:hr>
            <ns3:cad>60</ns3:cad>
          </ns3:TrackPointExtension>
        </extensions>
      </trkpt>
      <trkpt lat="35.97135697491466999053955078125" lon="-81.1115500889718532562255859375">
        <ele>518.20001220703125</ele>
        <time>2026-03-30T20:28:06.000Z</time>
        <extensions>
          <ns3:TrackPointExtension>
            <ns3:hr>120</ns3:hr>
            <ns3:cad>0</ns3:cad>
          </ns3:TrackPointExtension>
        </extensions>
      </trkpt>
      <trkpt lat="35.971328057348728179931640625" lon="-81.111532151699066162109375">
        <ele>518.4000244140625</ele>
        <time>2026-03-30T20:28:14.000Z</time>
        <extensions>
          <ns3:TrackPointExtension>
            <ns3:hr>120</ns3:hr>
            <ns3:cad>0</ns3:cad>
          </ns3:TrackPointExtension>
        </extensions>
      </trkpt>
      <trkpt lat="35.97131632268428802490234375" lon="-81.11152301542460918426513671875">
        <ele>518.5999755859375</ele>
        <time>2026-03-30T20:28:21.000Z</time>
        <extensions>
          <ns3:TrackPointExtension>
            <ns3:hr>119</ns3:hr>
            <ns3:cad>0</ns3:cad>
          </ns3:TrackPointExtension>
        </extensions>
      </trkpt>
      <trkpt lat="35.97131473012268543243408203125" lon="-81.11152234487235546112060546875">
        <ele>518.5999755859375</ele>
        <time>2026-03-30T20:28:23.000Z</time>
        <extensions>
          <ns3:TrackPointExtension>
            <ns3:hr>119</ns3:hr>
            <ns3:cad>0</ns3:cad>
          </ns3:TrackPointExtension>
        </extensions>
      </trkpt>
      <trkpt lat="35.97131690941751003265380859375" lon="-81.111526452004909515380859375">
        <ele>518.20001220703125</ele>
        <time>2026-03-30T20:28:27.000Z</time>
        <extensions>
          <ns3:TrackPointExtension>
            <ns3:hr>122</ns3:hr>
            <ns3:cad>0</ns3:cad>
          </ns3:TrackPointExtension>
        </extensions>
      </trkpt>
      <trkpt lat="35.97132244147360324859619140625" lon="-81.11152402125298976898193359375">
        <ele>518.20001220703125</ele>
        <time>2026-03-30T20:28:36.000Z</time>
        <extensions>
          <ns3:TrackPointExtension>
            <ns3:hr>120</ns3:hr>
            <ns3:cad>0</ns3:cad>
          </ns3:TrackPointExtension>
        </extensions>
      </trkpt>
      <trkpt lat="35.97132168710231781005859375" lon="-81.11152519471943378448486328125">
        <ele>518.20001220703125</ele>
        <time>2026-03-30T20:28:38.000Z</time>
        <extensions>
          <ns3:TrackPointExtension>
            <ns3:hr>117</ns3:hr>
            <ns3:cad>0</ns3:cad>
          </ns3:TrackPointExtension>
        </extensions>
      </trkpt>
      <trkpt lat="35.9713245369493961334228515625" lon="-81.111525781452655792236328125">
        <ele>518.4000244140625</ele>
        <time>2026-03-30T20:28:40.000Z</time>
        <extensions>
          <ns3:TrackPointExtension>
            <ns3:hr>120</ns3:hr>
            <ns3:cad>60</ns3:cad>
          </ns3:TrackPointExtension>
        </extensions>
      </trkpt>
      <trkpt lat="35.97132571041584014892578125" lon="-81.1115232668817043304443359375">
        <ele>518.5999755859375</ele>
        <time>2026-03-30T20:28:41.000Z</time>
        <extensions>
          <ns3:TrackPointExtension>
            <ns3:hr>122</ns3:hr>
            <ns3:cad>0</ns3:cad>
          </ns3:TrackPointExtension>
        </extensions>
      </trkpt>
      <trkpt lat="35.97131825052201747894287109375" lon="-81.11153860576450824737548828125">
        <ele>519</ele>
        <time>2026-03-30T20:28:45.000Z</time>
        <extensions>
          <ns3:TrackPointExtension>
            <ns3:hr>125</ns3:hr>
            <ns3:cad>0</ns3:cad>
          </ns3:TrackPointExtension>
        </extensions>
      </trkpt>
      <trkpt lat="35.9713268838822841644287109375" lon="-81.1115480773150920867919921875">
        <ele>518.79998779296875</ele>
        <time>2026-03-30T20:28:49.000Z</time>
        <extensions>
          <ns3:TrackPointExtension>
            <ns3:hr>124</ns3:hr>
            <ns3:cad>0</ns3:cad>
          </ns3:TrackPointExtension>
        </extensions>
      </trkpt>
      <trkpt lat="35.9713583998382091522216796875" lon="-81.1116013862192630767822265625">
        <ele>518.4000244140625</ele>
        <time>2026-03-30T20:28:56.000Z</time>
        <extensions>
          <ns3:TrackPointExtension>
            <ns3:hr>121</ns3:hr>
            <ns3:cad>0</ns3:cad>
          </ns3:TrackPointExtension>
        </extensions>
      </trkpt>
      <trkpt lat="35.97136233933269977569580078125" lon="-81.11161404289305210113525390625">
        <ele>518.20001220703125</ele>
        <time>2026-03-30T20:28:58.000Z</time>
        <extensions>
          <ns3:TrackPointExtension>
            <ns3:hr>122</ns3:hr>
            <ns3:cad>0</ns3:cad>
          </ns3:TrackPointExtension>
        </extensions>
      </trkpt>
      <trkpt lat="35.971333086490631103515625" lon="-81.11162326298654079437255859375">
        <ele>517.79998779296875</ele>
        <time>2026-03-30T20:29:04.000Z</time>
        <extensions>
          <ns3:TrackPointExtension>
            <ns3:hr>119</ns3:hr>
            <ns3:cad>0</ns3:cad>
          </ns3:TrackPointExtension>
        </extensions>
      </trkpt>
      <trkpt lat="35.97132730297744274139404296875" lon="-81.11162343062460422515869140625">
        <ele>517.79998779296875</ele>
        <time>2026-03-30T20:29:05.000Z</time>
        <extensions>
          <ns3:TrackPointExtension>
            <ns3:hr>120</ns3:hr>
            <ns3:cad>0</ns3:cad>
          </ns3:TrackPointExtension>
        </extensions>
      </trkpt>
      <trkpt lat="35.971317999064922332763671875" lon="-81.11162929795682430267333984375">
        <ele>517.4000244140625</ele>
        <time>2026-03-30T20:29:07.000Z</time>
        <extensions>
          <ns3:TrackPointExtension>
            <ns3:hr>122</ns3:hr>
            <ns3:cad>0</ns3:cad>
          </ns3:TrackPointExtension>
        </extensions>
      </trkpt>
      <trkpt lat="35.971299223601818084716796875" lon="-81.11163617111742496490478515625">
        <ele>517</ele>
        <time>2026-03-30T20:29:12.000Z</time>
        <extensions>
          <ns3:TrackPointExtension>
            <ns3:hr>121</ns3:hr>
            <ns3:cad>0</ns3:cad>
          </ns3:TrackPointExtension>
        </extensions>
      </trkpt>
      <trkpt lat="35.971291847527027130126953125" lon="-81.11165293492376804351806640625">
        <ele>517</ele>
        <time>2026-03-30T20:29:15.000Z</time>
        <extensions>
          <ns3:TrackPointExtension>
            <ns3:hr>116</ns3:hr>
            <ns3:cad>0</ns3:cad>
          </ns3:TrackPointExtension>
        </extensions>
      </trkpt>
      <trkpt lat="35.9712906740605831146240234375" lon="-81.11165754497051239013671875">
        <ele>516.79998779296875</ele>
        <time>2026-03-30T20:29:16.000Z</time>
        <extensions>
          <ns3:TrackPointExtension>
            <ns3:hr>113</ns3:hr>
            <ns3:cad>0</ns3:cad>
          </ns3:TrackPointExtension>
        </extensions>
      </trkpt>
      <trkpt lat="35.97128891386091709136962890625" lon="-81.11165444366633892059326171875">
        <ele>516.5999755859375</ele>
        <time>2026-03-30T20:29:18.000Z</time>
        <extensions>
          <ns3:TrackPointExtension>
            <ns3:hr>109</ns3:hr>
            <ns3:cad>0</ns3:cad>
          </ns3:TrackPointExtension>
        </extensions>
      </trkpt>
      <trkpt lat="35.9712772630155086517333984375" lon="-81.1116541922092437744140625">
        <ele>516.5999755859375</ele>
        <time>2026-03-30T20:29:20.000Z</time>
        <extensions>
          <ns3:TrackPointExtension>
            <ns3:hr>106</ns3:hr>
            <ns3:cad>0</ns3:cad>
          </ns3:TrackPointExtension>
        </extensions>
      </trkpt>
      <trkpt lat="35.97126795910298824310302734375" lon="-81.1116541922092437744140625">
        <ele>516.4000244140625</ele>
        <time>2026-03-30T20:29:23.000Z</time>
        <extensions>
          <ns3:TrackPointExtension>
            <ns3:hr>105</ns3:hr>
            <ns3:cad>0</ns3:cad>
          </ns3:TrackPointExtension>
        </extensions>
      </trkpt>
      <trkpt lat="35.97124968655407428741455078125" lon="-81.11165997572243213653564453125">
        <ele>516.4000244140625</ele>
        <time>2026-03-30T20:29:26.000Z</time>
        <extensions>
          <ns3:TrackPointExtension>
            <ns3:hr>103</ns3:hr>
            <ns3:cad>0</ns3:cad>
          </ns3:TrackPointExtension>
        </extensions>
      </trkpt>
      <trkpt lat="35.971236862242221832275390625" lon="-81.111663244664669036865234375">
        <ele>516.4000244140625</ele>
        <time>2026-03-30T20:29:32.000Z</time>
        <extensions>
          <ns3:TrackPointExtension>
            <ns3:hr>103</ns3:hr>
            <ns3:cad>65</ns3:cad>
          </ns3:TrackPointExtension>
        </extensions>
      </trkpt>
      <trkpt lat="35.971241556107997894287109375" lon="-81.1116647534072399139404296875">
        <ele>516.5999755859375</ele>
        <time>2026-03-30T20:29:35.000Z</time>
        <extensions>
          <ns3:TrackPointExtension>
            <ns3:hr>106</ns3:hr>
            <ns3:cad>0</ns3:cad>
          </ns3:TrackPointExtension>
        </extensions>
      </trkpt>
      <trkpt lat="35.9712618403136730194091796875" lon="-81.1116644181311130523681640625">
        <ele>516.5999755859375</ele>
        <time>2026-03-30T20:29:39.000Z</time>
        <extensions>
          <ns3:TrackPointExtension>
            <ns3:hr>108</ns3:hr>
            <ns3:cad>0</ns3:cad>
          </ns3:TrackPointExtension>
        </extensions>
      </trkpt>
      <trkpt lat="35.9712497703731060028076171875" lon="-81.11164413392543792724609375">
        <ele>517.20001220703125</ele>
        <time>2026-03-30T20:29:46.000Z</time>
        <extensions>
          <ns3:TrackPointExtension>
            <ns3:hr>107</ns3:hr>
            <ns3:cad>0</ns3:cad>
          </ns3:TrackPointExtension>
        </extensions>
      </trkpt>
      <trkpt lat="35.97124390304088592529296875" lon="-81.1116228438913822174072265625">
        <ele>517.5999755859375</ele>
        <time>2026-03-30T20:29:49.000Z</time>
        <extensions>
          <ns3:TrackPointExtension>
            <ns3:hr>109</ns3:hr>
            <ns3:cad>0</ns3:cad>
          </ns3:TrackPointExtension>
        </extensions>
      </trkpt>
      <trkpt lat="35.97124122083187103271484375" lon="-81.11161907203495502471923828125">
        <ele>517.79998779296875</ele>
        <time>2026-03-30T20:29:50.000Z</time>
        <extensions>
          <ns3:TrackPointExtension>
            <ns3:hr>112</ns3:hr>
            <ns3:cad>0</ns3:cad>
          </ns3:TrackPointExtension>
        </extensions>
      </trkpt>
      <trkpt lat="35.97123392857611179351806640625" lon="-81.11161219887435436248779296875">
        <ele>518</ele>
        <time>2026-03-30T20:29:51.000Z</time>
        <extensions>
          <ns3:TrackPointExtension>
            <ns3:hr>115</ns3:hr>
            <ns3:cad>0</ns3:cad>
          </ns3:TrackPointExtension>
        </extensions>
      </trkpt>
      <trkpt lat="35.97121716476976871490478515625" lon="-81.11158755607903003692626953125">
        <ele>518.5999755859375</ele>
        <time>2026-03-30T20:29:54.000Z</time>
        <extensions>
          <ns3:TrackPointExtension>
            <ns3:hr>116</ns3:hr>
            <ns3:cad>70</ns3:cad>
          </ns3:TrackPointExtension>
        </extensions>
      </trkpt>
      <trkpt lat="35.97121347673237323760986328125" lon="-81.1115759052336215972900390625">
        <ele>518.79998779296875</ele>
        <time>2026-03-30T20:29:56.000Z</time>
        <extensions>
          <ns3:TrackPointExtension>
            <ns3:hr>117</ns3:hr>
            <ns3:cad>70</ns3:cad>
          </ns3:TrackPointExtension>
        </extensions>
      </trkpt>
      <trkpt lat="35.97119520418345928192138671875" lon="-81.1115534417331218719482421875">
        <ele>519.4000244140625</ele>
        <time>2026-03-30T20:30:00.000Z</time>
        <extensions>
          <ns3:TrackPointExtension>
            <ns3:hr>118</ns3:hr>
            <ns3:cad>0</ns3:cad>
          </ns3:TrackPointExtension>
        </extensions>
      </trkpt>
      <trkpt lat="35.97119159996509552001953125" lon="-81.11155017279088497161865234375">
        <ele>519.5999755859375</ele>
        <time>2026-03-30T20:30:02.000Z</time>
        <extensions>
          <ns3:TrackPointExtension>
            <ns3:hr>121</ns3:hr>
            <ns3:cad>0</ns3:cad>
          </ns3:TrackPointExtension>
        </extensions>
      </trkpt>
      <trkpt lat="35.9711922705173492431640625" lon="-81.11155721358954906463623046875">
        <ele>520</ele>
        <time>2026-03-30T20:30:05.000Z</time>
        <extensions>
          <ns3:TrackPointExtension>
            <ns3:hr>122</ns3:hr>
            <ns3:cad>0</ns3:cad>
          </ns3:TrackPointExtension>
        </extensions>
      </trkpt>
      <trkpt lat="35.97119302488863468170166015625" lon="-81.1115576326847076416015625">
        <ele>520</ele>
        <time>2026-03-30T20:30:06.000Z</time>
        <extensions>
          <ns3:TrackPointExtension>
            <ns3:hr>122</ns3:hr>
            <ns3:cad>0</ns3:cad>
          </ns3:TrackPointExtension>
        </extensions>
      </trkpt>
      <trkpt lat="35.9712065197527408599853515625" lon="-81.11155704595148563385009765625">
        <ele>520</ele>
        <time>2026-03-30T20:30:14.000Z</time>
        <extensions>
          <ns3:TrackPointExtension>
            <ns3:hr>125</ns3:hr>
            <ns3:cad>0</ns3:cad>
          </ns3:TrackPointExtension>
        </extensions>
      </trkpt>
      <trkpt lat="35.971218757331371307373046875" lon="-81.1115571297705173492431640625">
        <ele>520.20001220703125</ele>
        <time>2026-03-30T20:30:16.000Z</time>
        <extensions>
          <ns3:TrackPointExtension>
            <ns3:hr>125</ns3:hr>
            <ns3:cad>0</ns3:cad>
          </ns3:TrackPointExtension>
        </extensions>
      </trkpt>
      <trkpt lat="35.971242897212505340576171875" lon="-81.11154179088771343231201171875">
        <ele>520.20001220703125</ele>
        <time>2026-03-30T20:30:24.000Z</time>
        <extensions>
          <ns3:TrackPointExtension>
            <ns3:hr>127</ns3:hr>
            <ns3:cad>43</ns3:cad>
          </ns3:TrackPointExtension>
        </extensions>
      </trkpt>
      <trkpt lat="35.97123862244188785552978515625" lon="-81.11152552999556064605712890625">
        <ele>520.20001220703125</ele>
        <time>2026-03-30T20:30:29.000Z</time>
        <extensions>
          <ns3:TrackPointExtension>
            <ns3:hr>127</ns3:hr>
            <ns3:cad>0</ns3:cad>
          </ns3:TrackPointExtension>
        </extensions>
      </trkpt>
      <trkpt lat="35.971222110092639923095703125" lon="-81.111482195556163787841796875">
        <ele>521</ele>
        <time>2026-03-30T20:30:36.000Z</time>
        <extensions>
          <ns3:TrackPointExtension>
            <ns3:hr>130</ns3:hr>
            <ns3:cad>0</ns3:cad>
          </ns3:TrackPointExtension>
        </extensions>
      </trkpt>
      <trkpt lat="35.97120576538145542144775390625" lon="-81.1114726401865482330322265625">
        <ele>521.20001220703125</ele>
        <time>2026-03-30T20:30:38.000Z</time>
        <extensions>
          <ns3:TrackPointExtension>
            <ns3:hr>129</ns3:hr>
            <ns3:cad>0</ns3:cad>
          </ns3:TrackPointExtension>
        </extensions>
      </trkpt>
      <trkpt lat="35.971197970211505889892578125" lon="-81.11147113144397735595703125">
        <ele>521.20001220703125</ele>
        <time>2026-03-30T20:30:39.000Z</time>
        <extensions>
          <ns3:TrackPointExtension>
            <ns3:hr>125</ns3:hr>
            <ns3:cad>0</ns3:cad>
          </ns3:TrackPointExtension>
        </extensions>
      </trkpt>
      <trkpt lat="35.97117978148162364959716796875" lon="-81.1114753223955631256103515625">
        <ele>521.4000244140625</ele>
        <time>2026-03-30T20:30:41.000Z</time>
        <extensions>
          <ns3:TrackPointExtension>
            <ns3:hr>122</ns3:hr>
            <ns3:cad>65</ns3:cad>
          </ns3:TrackPointExtension>
        </extensions>
      </trkpt>
      <trkpt lat="35.9711602516472339630126953125" lon="-81.11148814670741558074951171875">
        <ele>521.4000244140625</ele>
        <time>2026-03-30T20:30:45.000Z</time>
        <extensions>
          <ns3:TrackPointExtension>
            <ns3:hr>123</ns3:hr>
            <ns3:cad>68</ns3:cad>
          </ns3:TrackPointExtension>
        </extensions>
      </trkpt>
      <trkpt lat="35.9711387939751148223876953125" lon="-81.1114826984703540802001953125">
        <ele>521.4000244140625</ele>
        <time>2026-03-30T20:30:52.000Z</time>
        <extensions>
          <ns3:TrackPointExtension>
            <ns3:hr>120</ns3:hr>
            <ns3:cad>0</ns3:cad>
          </ns3:TrackPointExtension>
        </extensions>
      </trkpt>
      <trkpt lat="35.97114223055541515350341796875" lon="-81.1114857159554958343505859375">
        <ele>520.79998779296875</ele>
        <time>2026-03-30T20:30:56.000Z</time>
        <extensions>
          <ns3:TrackPointExtension>
            <ns3:hr>116</ns3:hr>
            <ns3:cad>0</ns3:cad>
          </ns3:TrackPointExtension>
        </extensions>
      </trkpt>
      <trkpt lat="35.97113586030900478363037109375" lon="-81.11148496158421039581298828125">
        <ele>520.5999755859375</ele>
        <time>2026-03-30T20:30:59.000Z</time>
        <extensions>
          <ns3:TrackPointExtension>
            <ns3:hr>114</ns3:hr>
            <ns3:cad>0</ns3:cad>
          </ns3:TrackPointExtension>
        </extensions>
      </trkpt>
      <trkpt lat="35.97110442817211151123046875" lon="-81.11149837262928485870361328125">
        <ele>521.4000244140625</ele>
        <time>2026-03-30T20:31:04.000Z</time>
        <extensions>
          <ns3:TrackPointExtension>
            <ns3:hr>114</ns3:hr>
            <ns3:cad>71</ns3:cad>
          </ns3:TrackPointExtension>
        </extensions>
      </trkpt>
      <trkpt lat="35.97105472348630428314208984375" lon="-81.1115453951060771942138671875">
        <ele>521.5999755859375</ele>
        <time>2026-03-30T20:31:11.000Z</time>
        <extensions>
          <ns3:TrackPointExtension>
            <ns3:hr>116</ns3:hr>
            <ns3:cad>79</ns3:cad>
          </ns3:TrackPointExtension>
        </extensions>
      </trkpt>
      <trkpt lat="35.97105539403855800628662109375" lon="-81.11158135347068309783935546875">
        <ele>521.5999755859375</ele>
        <time>2026-03-30T20:31:14.000Z</time>
        <extensions>
          <ns3:TrackPointExtension>
            <ns3:hr>119</ns3:hr>
            <ns3:cad>0</ns3:cad>
          </ns3:TrackPointExtension>
        </extensions>
      </trkpt>
      <trkpt lat="35.9710563160479068756103515625" lon="-81.11158839426934719085693359375">
        <ele>521.5999755859375</ele>
        <time>2026-03-30T20:31:17.000Z</time>
        <extensions>
          <ns3:TrackPointExtension>
            <ns3:hr>119</ns3:hr>
            <ns3:cad>0</ns3:cad>
          </ns3:TrackPointExtension>
        </extensions>
      </trkpt>
      <trkpt lat="35.97106008790433406829833984375" lon="-81.111564673483371734619140625">
        <ele>521.4000244140625</ele>
        <time>2026-03-30T20:31:27.000Z</time>
        <extensions>
          <ns3:TrackPointExtension>
            <ns3:hr>117</ns3:hr>
            <ns3:cad>0</ns3:cad>
          </ns3:TrackPointExtension>
        </extensions>
      </trkpt>
      <trkpt lat="35.97105472348630428314208984375" lon="-81.11155067570507526397705078125">
        <ele>521.20001220703125</ele>
        <time>2026-03-30T20:31:32.000Z</time>
        <extensions>
          <ns3:TrackPointExtension>
            <ns3:hr>120</ns3:hr>
            <ns3:cad>0</ns3:cad>
          </ns3:TrackPointExtension>
        </extensions>
      </trkpt>
      <trkpt lat="35.97104701213538646697998046875" lon="-81.11153977923095226287841796875">
        <ele>521.4000244140625</ele>
        <time>2026-03-30T20:31:37.000Z</time>
        <extensions>
          <ns3:TrackPointExtension>
            <ns3:hr>117</ns3:hr>
            <ns3:cad>0</ns3:cad>
          </ns3:TrackPointExtension>
        </extensions>
      </trkpt>
      <trkpt lat="35.97104902379214763641357421875" lon="-81.1115225963294506072998046875">
        <ele>521.4000244140625</ele>
        <time>2026-03-30T20:31:45.000Z</time>
        <extensions>
          <ns3:TrackPointExtension>
            <ns3:hr>114</ns3:hr>
            <ns3:cad>0</ns3:cad>
          </ns3:TrackPointExtension>
        </extensions>
      </trkpt>
      <trkpt lat="35.97104902379214763641357421875" lon="-81.1115225963294506072998046875">
        <ele>521.4000244140625</ele>
        <time>2026-03-30T20:31:52.000Z</time>
        <extensions>
          <ns3:TrackPointExtension>
            <ns3:hr>114</ns3:hr>
            <ns3:cad>0</ns3:cad>
          </ns3:TrackPointExtension>
        </extensions>
      </trkpt>
      <trkpt lat="35.97104902379214763641357421875" lon="-81.1115225963294506072998046875">
        <ele>521.5999755859375</ele>
        <time>2026-03-30T20:32:02.000Z</time>
        <extensions>
          <ns3:TrackPointExtension>
            <ns3:hr>110</ns3:hr>
            <ns3:cad>0</ns3:cad>
          </ns3:TrackPointExtension>
        </extensions>
      </trkpt>
      <trkpt lat="35.97104902379214763641357421875" lon="-81.1115225963294506072998046875">
        <ele>521.79998779296875</ele>
        <time>2026-03-30T20:32:04.000Z</time>
        <extensions>
          <ns3:TrackPointExtension>
            <ns3:hr>107</ns3:hr>
            <ns3:cad>0</ns3:cad>
          </ns3:TrackPointExtension>
        </extensions>
      </trkpt>
      <trkpt lat="35.9710603393614292144775390625" lon="-81.11153282225131988525390625">
        <ele>521.5999755859375</ele>
        <time>2026-03-30T20:32:11.000Z</time>
        <extensions>
          <ns3:TrackPointExtension>
            <ns3:hr>106</ns3:hr>
            <ns3:cad>0</ns3:cad>
          </ns3:TrackPointExtension>
        </extensions>
      </trkpt>
      <trkpt lat="35.9710764326155185699462890625" lon="-81.1115504242479801177978515625">
        <ele>521.4000244140625</ele>
        <time>2026-03-30T20:32:15.000Z</time>
        <extensions>
          <ns3:TrackPointExtension>
            <ns3:hr>105</ns3:hr>
            <ns3:cad>0</ns3:cad>
          </ns3:TrackPointExtension>
        </extensions>
      </trkpt>
      <trkpt lat="35.97108690999448299407958984375" lon="-81.111545898020267486572265625">
        <ele>521.5999755859375</ele>
        <time>2026-03-30T20:32:17.000Z</time>
        <extensions>
          <ns3:TrackPointExtension>
            <ns3:hr>106</ns3:hr>
            <ns3:cad>0</ns3:cad>
          </ns3:TrackPointExtension>
        </extensions>
      </trkpt>
      <trkpt lat="35.97111842595040798187255859375" lon="-81.11152804456651210784912109375">
        <ele>521.79998779296875</ele>
        <time>2026-03-30T20:32:23.000Z</time>
        <extensions>
          <ns3:TrackPointExtension>
            <ns3:hr>109</ns3:hr>
            <ns3:cad>41</ns3:cad>
          </ns3:TrackPointExtension>
        </extensions>
      </trkpt>
      <trkpt lat="35.97113468684256076812744140625" lon="-81.1115249432623386383056640625">
        <ele>521.79998779296875</ele>
        <time>2026-03-30T20:32:25.000Z</time>
        <extensions>
          <ns3:TrackPointExtension>
            <ns3:hr>108</ns3:hr>
            <ns3:cad>0</ns3:cad>
          </ns3:TrackPointExtension>
        </extensions>
      </trkpt>
      <trkpt lat="35.971153043210506439208984375" lon="-81.1115232668817043304443359375">
        <ele>521.79998779296875</ele>
        <time>2026-03-30T20:32:28.000Z</time>
        <extensions>
          <ns3:TrackPointExtension>
            <ns3:hr>105</ns3:hr>
            <ns3:cad>73</ns3:cad>
          </ns3:TrackPointExtension>
        </extensions>
      </trkpt>
      <trkpt lat="35.97117173485457897186279296875" lon="-81.111519746482372283935546875">
        <ele>522</ele>
        <time>2026-03-30T20:32:30.000Z</time>
        <extensions>
          <ns3:TrackPointExtension>
            <ns3:hr>101</ns3:hr>
            <ns3:cad>73</ns3:cad>
          </ns3:TrackPointExtension>
        </extensions>
      </trkpt>
      <trkpt lat="35.9711914323270320892333984375" lon="-81.11151295714080333709716796875">
        <ele>522</ele>
        <time>2026-03-30T20:32:33.000Z</time>
        <extensions>
          <ns3:TrackPointExtension>
            <ns3:hr>98</ns3:hr>
            <ns3:cad>77</ns3:cad>
          </ns3:TrackPointExtension>
        </extensions>
      </trkpt>
      <trkpt lat="35.9712377004325389862060546875" lon="-81.111499965190887451171875">
        <ele>522</ele>
        <time>2026-03-30T20:32:38.000Z</time>
        <extensions>
          <ns3:TrackPointExtension>
            <ns3:hr>95</ns3:hr>
            <ns3:cad>73</ns3:cad>
          </ns3:TrackPointExtension>
        </extensions>
      </trkpt>
      <trkpt lat="35.97126008011400699615478515625" lon="-81.11150172539055347442626953125">
        <ele>522</ele>
        <time>2026-03-30T20:32:41.000Z</time>
        <extensions>
          <ns3:TrackPointExtension>
            <ns3:hr>95</ns3:hr>
            <ns3:cad>0</ns3:cad>
          </ns3:TrackPointExtension>
        </extensions>
      </trkpt>
      <trkpt lat="35.9712863154709339141845703125" lon="-81.11150465905666351318359375">
        <ele>522</ele>
        <time>2026-03-30T20:32:45.000Z</time>
        <extensions>
          <ns3:TrackPointExtension>
            <ns3:hr>99</ns3:hr>
            <ns3:cad>0</ns3:cad>
          </ns3:TrackPointExtension>
        </extensions>
      </trkpt>
      <trkpt lat="35.9712915122509002685546875" lon="-81.11150289885699748992919921875">
        <ele>521.79998779296875</ele>
        <time>2026-03-30T20:32:49.000Z</time>
        <extensions>
          <ns3:TrackPointExtension>
            <ns3:hr>101</ns3:hr>
            <ns3:cad>0</ns3:cad>
          </ns3:TrackPointExtension>
        </extensions>
      </trkpt>
      <trkpt lat="35.97130232490599155426025390625" lon="-81.1114904098212718963623046875">
        <ele>522</ele>
        <time>2026-03-30T20:32:53.000Z</time>
        <extensions>
          <ns3:TrackPointExtension>
            <ns3:hr>101</ns3:hr>
            <ns3:cad>0</ns3:cad>
          </ns3:TrackPointExtension>
        </extensions>
      </trkpt>
      <trkpt lat="35.9713210165500640869140625" lon="-81.1114676110446453094482421875">
        <ele>522.20001220703125</ele>
        <time>2026-03-30T20:33:00.000Z</time>
        <extensions>
          <ns3:TrackPointExtension>
            <ns3:hr>101</ns3:hr>
            <ns3:cad>66</ns3:cad>
          </ns3:TrackPointExtension>
        </extensions>
      </trkpt>
      <trkpt lat="35.971342809498310089111328125" lon="-81.1114686168730258941650390625">
        <ele>521.5999755859375</ele>
        <time>2026-03-30T20:33:07.000Z</time>
        <extensions>
          <ns3:TrackPointExtension>
            <ns3:hr>101</ns3:hr>
            <ns3:cad>61</ns3:cad>
          </ns3:TrackPointExtension>
        </extensions>
      </trkpt>
      <trkpt lat="35.97137206234037876129150390625" lon="-81.11146568320691585540771484375">
        <ele>521.79998779296875</ele>
        <time>2026-03-30T20:33:12.000Z</time>
        <extensions>
          <ns3:TrackPointExtension>
            <ns3:hr>98</ns3:hr>
            <ns3:cad>0</ns3:cad>
          </ns3:TrackPointExtension>
        </extensions>
      </trkpt>
      <trkpt lat="35.971385054290294647216796875" lon="-81.1114578880369663238525390625">
        <ele>521.79998779296875</ele>
        <time>2026-03-30T20:33:14.000Z</time>
        <extensions>
          <ns3:TrackPointExtension>
            <ns3:hr>97</ns3:hr>
            <ns3:cad>0</ns3:cad>
          </ns3:TrackPointExtension>
        </extensions>
      </trkpt>
      <trkpt lat="35.971413217484951019287109375" lon="-81.111469455063343048095703125">
        <ele>521.79998779296875</ele>
        <time>2026-03-30T20:33:21.000Z</time>
        <extensions>
          <ns3:TrackPointExtension>
            <ns3:hr>98</ns3:hr>
            <ns3:cad>0</ns3:cad>
          </ns3:TrackPointExtension>
        </extensions>
      </trkpt>
      <trkpt lat="35.97145973704755306243896484375" lon="-81.1114555411040782928466796875">
        <ele>521.79998779296875</ele>
        <time>2026-03-30T20:33:28.000Z</time>
        <extensions>
          <ns3:TrackPointExtension>
            <ns3:hr>96</ns3:hr>
            <ns3:cad>64</ns3:cad>
          </ns3:TrackPointExtension>
        </extensions>
      </trkpt>
      <trkpt lat="35.97147985361516475677490234375" lon="-81.11145235598087310791015625">
        <ele>522</ele>
        <time>2026-03-30T20:33:32.000Z</time>
        <extensions>
          <ns3:TrackPointExtension>
            <ns3:hr>100</ns3:hr>
            <ns3:cad>0</ns3:cad>
          </ns3:TrackPointExtension>
        </extensions>
      </trkpt>
      <trkpt lat="35.9714935161173343658447265625" lon="-81.1114448122680187225341796875">
        <ele>522</ele>
        <time>2026-03-30T20:33:34.000Z</time>
        <extensions>
          <ns3:TrackPointExtension>
            <ns3:hr>101</ns3:hr>
            <ns3:cad>0</ns3:cad>
          </ns3:TrackPointExtension>
        </extensions>
      </trkpt>
      <trkpt lat="35.9715302288532257080078125" lon="-81.11144221387803554534912109375">
        <ele>522</ele>
        <time>2026-03-30T20:33:42.000Z</time>
        <extensions>
          <ns3:TrackPointExtension>
            <ns3:hr>101</ns3:hr>
            <ns3:cad>0</ns3:cad>
          </ns3:TrackPointExtension>
        </extensions>
      </trkpt>
      <trkpt lat="35.97157607786357402801513671875" lon="-81.11142930574715137481689453125">
        <ele>521.79998779296875</ele>
        <time>2026-03-30T20:33:52.000Z</time>
        <extensions>
          <ns3:TrackPointExtension>
            <ns3:hr>103</ns3:hr>
            <ns3:cad>75</ns3:cad>
          </ns3:TrackPointExtension>
        </extensions>
      </trkpt>
      <trkpt lat="35.971615724265575408935546875" lon="-81.11144137568771839141845703125">
        <ele>521</ele>
        <time>2026-03-30T20:33:59.000Z</time>
        <extensions>
          <ns3:TrackPointExtension>
            <ns3:hr>104</ns3:hr>
            <ns3:cad>0</ns3:cad>
          </ns3:TrackPointExtension>
        </extensions>
      </trkpt>
      <trkpt lat="35.9716135449707508087158203125" lon="-81.11146803013980388641357421875">
        <ele>520.20001220703125</ele>
        <time>2026-03-30T20:34:05.000Z</time>
        <extensions>
          <ns3:TrackPointExtension>
            <ns3:hr>104</ns3:hr>
            <ns3:cad>0</ns3:cad>
          </ns3:TrackPointExtension>
        </extensions>
      </trkpt>
      <trkpt lat="35.9716158919036388397216796875" lon="-81.11147104762494564056396484375">
        <ele>520.20001220703125</ele>
        <time>2026-03-30T20:34:06.000Z</time>
        <extensions>
          <ns3:TrackPointExtension>
            <ns3:hr>104</ns3:hr>
            <ns3:cad>0</ns3:cad>
          </ns3:TrackPointExtension>
        </extensions>
      </trkpt>
      <trkpt lat="35.9716241061687469482421875" lon="-81.11146786250174045562744140625">
        <ele>520.20001220703125</ele>
        <time>2026-03-30T20:34:13.000Z</time>
        <extensions>
          <ns3:TrackPointExtension>
            <ns3:hr>102</ns3:hr>
            <ns3:cad>0</ns3:cad>
          </ns3:TrackPointExtension>
        </extensions>
      </trkpt>
      <trkpt lat="35.971627123653888702392578125" lon="-81.11147917807102203369140625">
        <ele>519.79998779296875</ele>
        <time>2026-03-30T20:34:17.000Z</time>
        <extensions>
          <ns3:TrackPointExtension>
            <ns3:hr>102</ns3:hr>
            <ns3:cad>0</ns3:cad>
          </ns3:TrackPointExtension>
        </extensions>
      </trkpt>
      <trkpt lat="35.9716366790235042572021484375" lon="-81.11148982308804988861083984375">
        <ele>519.79998779296875</ele>
        <time>2026-03-30T20:34:19.000Z</time>
        <extensions>
          <ns3:TrackPointExtension>
            <ns3:hr>103</ns3:hr>
            <ns3:cad>0</ns3:cad>
          </ns3:TrackPointExtension>
        </extensions>
      </trkpt>
      <trkpt lat="35.97166459076106548309326171875" lon="-81.11150524578988552093505859375">
        <ele>519</ele>
        <time>2026-03-30T20:34:26.000Z</time>
        <extensions>
          <ns3:TrackPointExtension>
            <ns3:hr>102</ns3:hr>
            <ns3:cad>0</ns3:cad>
          </ns3:TrackPointExtension>
        </extensions>
      </trkpt>
      <trkpt lat="35.9716936759650707244873046875" lon="-81.1115011386573314666748046875">
        <ele>519.20001220703125</ele>
        <time>2026-03-30T20:34:33.000Z</time>
        <extensions>
          <ns3:TrackPointExtension>
            <ns3:hr>102</ns3:hr>
            <ns3:cad>0</ns3:cad>
          </ns3:TrackPointExtension>
        </extensions>
      </trkpt>
      <trkpt lat="35.97173072397708892822265625" lon="-81.1114847101271152496337890625">
        <ele>518.79998779296875</ele>
        <time>2026-03-30T20:34:41.000Z</time>
        <extensions>
          <ns3:TrackPointExtension>
            <ns3:hr>102</ns3:hr>
            <ns3:cad>0</ns3:cad>
          </ns3:TrackPointExtension>
        </extensions>
      </trkpt>
      <trkpt lat="35.97174958325922489166259765625" lon="-81.1114847101271152496337890625">
        <ele>518.5999755859375</ele>
        <time>2026-03-30T20:34:45.000Z</time>
        <extensions>
          <ns3:TrackPointExtension>
            <ns3:hr>105</ns3:hr>
            <ns3:cad>0</ns3:cad>
          </ns3:TrackPointExtension>
        </extensions>
      </trkpt>
      <trkpt lat="35.97177053801715373992919921875" lon="-81.11148655414581298828125">
        <ele>518.4000244140625</ele>
        <time>2026-03-30T20:34:48.000Z</time>
        <extensions>
          <ns3:TrackPointExtension>
            <ns3:hr>105</ns3:hr>
            <ns3:cad>0</ns3:cad>
          </ns3:TrackPointExtension>
        </extensions>
      </trkpt>
      <trkpt lat="35.9717828594148159027099609375" lon="-81.111484877765178680419921875">
        <ele>518.4000244140625</ele>
        <time>2026-03-30T20:34:50.000Z</time>
        <extensions>
          <ns3:TrackPointExtension>
            <ns3:hr>102</ns3:hr>
            <ns3:cad>0</ns3:cad>
          </ns3:TrackPointExtension>
        </extensions>
      </trkpt>
      <trkpt lat="35.97178780473768711090087890625" lon="-81.11148026771843433380126953125">
        <ele>518.4000244140625</ele>
        <time>2026-03-30T20:34:52.000Z</time>
        <extensions>
          <ns3:TrackPointExtension>
            <ns3:hr>99</ns3:hr>
            <ns3:cad>0</ns3:cad>
          </ns3:TrackPointExtension>
        </extensions>
      </trkpt>
      <trkpt lat="35.97178193740546703338623046875" lon="-81.1114927567541599273681640625">
        <ele>518.20001220703125</ele>
        <time>2026-03-30T20:34:56.000Z</time>
        <extensions>
          <ns3:TrackPointExtension>
            <ns3:hr>100</ns3:hr>
            <ns3:cad>0</ns3:cad>
          </ns3:TrackPointExtension>
        </extensions>
      </trkpt>
      <trkpt lat="35.971746481955051422119140625" lon="-81.1114964447915554046630859375">
        <ele>518</ele>
        <time>2026-03-30T20:35:03.000Z</time>
        <extensions>
          <ns3:TrackPointExtension>
            <ns3:hr>101</ns3:hr>
            <ns3:cad>0</ns3:cad>
          </ns3:TrackPointExtension>
        </extensions>
      </trkpt>
      <trkpt lat="35.9717394411563873291015625" lon="-81.11149929463863372802734375">
        <ele>517.79998779296875</ele>
        <time>2026-03-30T20:35:04.000Z</time>
        <extensions>
          <ns3:TrackPointExtension>
            <ns3:hr>100</ns3:hr>
            <ns3:cad>0</ns3:cad>
          </ns3:TrackPointExtension>
        </extensions>
      </trkpt>
      <trkpt lat="35.97172544337809085845947265625" lon="-81.11150390468537807464599609375">
        <ele>517.5999755859375</ele>
        <time>2026-03-30T20:35:06.000Z</time>
        <extensions>
          <ns3:TrackPointExtension>
            <ns3:hr>97</ns3:hr>
            <ns3:cad>0</ns3:cad>
          </ns3:TrackPointExtension>
        </extensions>
      </trkpt>
      <trkpt lat="35.97170650027692317962646484375" lon="-81.1115199141204357147216796875">
        <ele>517.4000244140625</ele>
        <time>2026-03-30T20:35:10.000Z</time>
        <extensions>
          <ns3:TrackPointExtension>
            <ns3:hr>99</ns3:hr>
            <ns3:cad>0</ns3:cad>
          </ns3:TrackPointExtension>
        </extensions>
      </trkpt>
      <trkpt lat="35.97169493325054645538330078125" lon="-81.11154086887836456298828125">
        <ele>516.79998779296875</ele>
        <time>2026-03-30T20:35:16.000Z</time>
        <extensions>
          <ns3:TrackPointExtension>
            <ns3:hr>100</ns3:hr>
            <ns3:cad>0</ns3:cad>
          </ns3:TrackPointExtension>
        </extensions>
      </trkpt>
      <trkpt lat="35.97169325686991214752197265625" lon="-81.11154966987669467926025390625">
        <ele>516.79998779296875</ele>
        <time>2026-03-30T20:35:17.000Z</time>
        <extensions>
          <ns3:TrackPointExtension>
            <ns3:hr>100</ns3:hr>
            <ns3:cad>0</ns3:cad>
          </ns3:TrackPointExtension>
        </extensions>
      </trkpt>
      <trkpt lat="35.97167515195906162261962890625" lon="-81.11158252693712711334228515625">
        <ele>516</ele>
        <time>2026-03-30T20:35:22.000Z</time>
        <extensions>
          <ns3:TrackPointExtension>
            <ns3:hr>100</ns3:hr>
            <ns3:cad>0</ns3:cad>
          </ns3:TrackPointExtension>
        </extensions>
      </trkpt>
      <trkpt lat="35.97166961990296840667724609375" lon="-81.11158822663128376007080078125">
        <ele>515.79998779296875</ele>
        <time>2026-03-30T20:35:23.000Z</time>
        <extensions>
          <ns3:TrackPointExtension>
            <ns3:hr>100</ns3:hr>
            <ns3:cad>0</ns3:cad>
          </ns3:TrackPointExtension>
        </extensions>
      </trkpt>
      <trkpt lat="35.971638523042201995849609375" lon="-81.11160448752343654632568359375">
        <ele>515.20001220703125</ele>
        <time>2026-03-30T20:35:31.000Z</time>
        <extensions>
          <ns3:TrackPointExtension>
            <ns3:hr>98</ns3:hr>
            <ns3:cad>71</ns3:cad>
          </ns3:TrackPointExtension>
        </extensions>
      </trkpt>
      <trkpt lat="35.97163341008126735687255859375" lon="-81.11164622940123081207275390625">
        <ele>515.20001220703125</ele>
        <time>2026-03-30T20:35:37.000Z</time>
        <extensions>
          <ns3:TrackPointExtension>
            <ns3:hr>98</ns3:hr>
            <ns3:cad>0</ns3:cad>
          </ns3:TrackPointExtension>
        </extensions>
      </trkpt>
      <trkpt lat="35.97162653692066669464111328125" lon="-81.11166953109204769134521484375">
        <ele>514.5999755859375</ele>
        <time>2026-03-30T20:35:40.000Z</time>
        <extensions>
          <ns3:TrackPointExtension>
            <ns3:hr>98</ns3:hr>
            <ns3:cad>0</ns3:cad>
          </ns3:TrackPointExtension>
        </extensions>
      </trkpt>
      <trkpt lat="35.9716249443590641021728515625" lon="-81.1116848699748516082763671875">
        <ele>514.4000244140625</ele>
        <time>2026-03-30T20:35:44.000Z</time>
        <extensions>
          <ns3:TrackPointExtension>
            <ns3:hr>100</ns3:hr>
            <ns3:cad>52</ns3:cad>
          </ns3:TrackPointExtension>
        </extensions>
      </trkpt>
      <trkpt lat="35.97162217833101749420166015625" lon="-81.1117023043334484100341796875">
        <ele>513.4000244140625</ele>
        <time>2026-03-30T20:35:49.000Z</time>
        <extensions>
          <ns3:TrackPointExtension>
            <ns3:hr>101</ns3:hr>
            <ns3:cad>45</ns3:cad>
          </ns3:TrackPointExtension>
        </extensions>
      </trkpt>
      <trkpt lat="35.97162083722651004791259765625" lon="-81.11170708201825618743896484375">
        <ele>513.4000244140625</ele>
        <time>2026-03-30T20:35:50.000Z</time>
        <extensions>
          <ns3:TrackPointExtension>
            <ns3:hr>101</ns3:hr>
            <ns3:cad>45</ns3:cad>
          </ns3:TrackPointExtension>
        </extensions>
      </trkpt>
      <trkpt lat="35.97160734236240386962890625" lon="-81.111729629337787628173828125">
        <ele>513</ele>
        <time>2026-03-30T20:35:56.000Z</time>
        <extensions>
          <ns3:TrackPointExtension>
            <ns3:hr>104</ns3:hr>
            <ns3:cad>0</ns3:cad>
          </ns3:TrackPointExtension>
        </extensions>
      </trkpt>
      <trkpt lat="35.97158496268093585968017578125" lon="-81.111722923815250396728515625">
        <ele>512.4000244140625</ele>
        <time>2026-03-30T20:36:04.000Z</time>
        <extensions>
          <ns3:TrackPointExtension>
            <ns3:hr>101</ns3:hr>
            <ns3:cad>0</ns3:cad>
          </ns3:TrackPointExtension>
        </extensions>
      </trkpt>
      <trkpt lat="35.9715769998729228973388671875" lon="-81.1117217503488063812255859375">
        <ele>512.4000244140625</ele>
        <time>2026-03-30T20:36:11.000Z</time>
        <extensions>
          <ns3:TrackPointExtension>
            <ns3:hr>98</ns3:hr>
            <ns3:cad>0</ns3:cad>
          </ns3:TrackPointExtension>
        </extensions>
      </trkpt>
      <trkpt lat="35.97157440148293972015380859375" lon="-81.11172250472009181976318359375">
        <ele>512.4000244140625</ele>
        <time>2026-03-30T20:36:13.000Z</time>
        <extensions>
          <ns3:TrackPointExtension>
            <ns3:hr>98</ns3:hr>
            <ns3:cad>0</ns3:cad>
          </ns3:TrackPointExtension>
        </extensions>
      </trkpt>
      <trkpt lat="35.97155579365789890289306640625" lon="-81.1117277853190898895263671875">
        <ele>513</ele>
        <time>2026-03-30T20:36:21.000Z</time>
        <extensions>
          <ns3:TrackPointExtension>
            <ns3:hr>102</ns3:hr>
            <ns3:cad>0</ns3:cad>
          </ns3:TrackPointExtension>
        </extensions>
      </trkpt>
      <trkpt lat="35.9715525247156620025634765625" lon="-81.11173591576516628265380859375">
        <ele>512.79998779296875</ele>
        <time>2026-03-30T20:36:24.000Z</time>
        <extensions>
          <ns3:TrackPointExtension>
            <ns3:hr>105</ns3:hr>
            <ns3:cad>0</ns3:cad>
          </ns3:TrackPointExtension>
        </extensions>
      </trkpt>
      <trkpt lat="35.97154699265956878662109375" lon="-81.1117534339427947998046875">
        <ele>512.79998779296875</ele>
        <time>2026-03-30T20:36:28.000Z</time>
        <extensions>
          <ns3:TrackPointExtension>
            <ns3:hr>106</ns3:hr>
            <ns3:cad>0</ns3:cad>
          </ns3:TrackPointExtension>
        </extensions>
      </trkpt>
      <trkpt lat="35.97153450362384319305419921875" lon="-81.11178184859454631805419921875">
        <ele>512.20001220703125</ele>
        <time>2026-03-30T20:36:35.000Z</time>
        <extensions>
          <ns3:TrackPointExtension>
            <ns3:hr>106</ns3:hr>
            <ns3:cad>0</ns3:cad>
          </ns3:TrackPointExtension>
        </extensions>
      </trkpt>
      <trkpt lat="35.97150449641048908233642578125" lon="-81.1117936670780181884765625">
        <ele>511.600006103515625</ele>
        <time>2026-03-30T20:36:43.000Z</time>
        <extensions>
          <ns3:TrackPointExtension>
            <ns3:hr>105</ns3:hr>
            <ns3:cad>0</ns3:cad>
          </ns3:TrackPointExtension>
        </extensions>
      </trkpt>
      <trkpt lat="35.97149929963052272796630859375" lon="-81.11180548556149005889892578125">
        <ele>511.399993896484375</ele>
        <time>2026-03-30T20:36:48.000Z</time>
        <extensions>
          <ns3:TrackPointExtension>
            <ns3:hr>106</ns3:hr>
            <ns3:cad>49</ns3:cad>
          </ns3:TrackPointExtension>
        </extensions>
      </trkpt>
      <trkpt lat="35.9715099446475505828857421875" lon="-81.11180984415113925933837890625">
        <ele>511</ele>
        <time>2026-03-30T20:36:50.000Z</time>
        <extensions>
          <ns3:TrackPointExtension>
            <ns3:hr>107</ns3:hr>
            <ns3:cad>0</ns3:cad>
          </ns3:TrackPointExtension>
        </extensions>
      </trkpt>
      <trkpt lat="35.97149041481316089630126953125" lon="-81.1118276976048946380615234375">
        <ele>510.399993896484375</ele>
        <time>2026-03-30T20:36:55.000Z</time>
        <extensions>
          <ns3:TrackPointExtension>
            <ns3:hr>106</ns3:hr>
            <ns3:cad>0</ns3:cad>
          </ns3:TrackPointExtension>
        </extensions>
      </trkpt>
      <trkpt lat="35.971486307680606842041015625" lon="-81.11183046363294124603271484375">
        <ele>510.399993896484375</ele>
        <time>2026-03-30T20:36:56.000Z</time>
        <extensions>
          <ns3:TrackPointExtension>
            <ns3:hr>106</ns3:hr>
            <ns3:cad>0</ns3:cad>
          </ns3:TrackPointExtension>
        </extensions>
      </trkpt>
      <trkpt lat="35.97148639149963855743408203125" lon="-81.1118682660162448883056640625">
        <ele>510.399993896484375</ele>
        <time>2026-03-30T20:36:59.000Z</time>
        <extensions>
          <ns3:TrackPointExtension>
            <ns3:hr>102</ns3:hr>
            <ns3:cad>0</ns3:cad>
          </ns3:TrackPointExtension>
        </extensions>
      </trkpt>
      <trkpt lat="35.9714921750128269195556640625" lon="-81.1118937470018863677978515625">
        <ele>510</ele>
        <time>2026-03-30T20:37:02.000Z</time>
        <extensions>
          <ns3:TrackPointExtension>
            <ns3:hr>100</ns3:hr>
            <ns3:cad>0</ns3:cad>
          </ns3:TrackPointExtension>
        </extensions>
      </trkpt>
      <trkpt lat="35.9715220145881175994873046875" lon="-81.11191998235881328582763671875">
        <ele>509.79998779296875</ele>
        <time>2026-03-30T20:37:09.000Z</time>
        <extensions>
          <ns3:TrackPointExtension>
            <ns3:hr>98</ns3:hr>
            <ns3:cad>0</ns3:cad>
          </ns3:TrackPointExtension>
        </extensions>
      </trkpt>
      <trkpt lat="35.97153131850063800811767578125" lon="-81.111934147775173187255859375">
        <ele>509.399993896484375</ele>
        <time>2026-03-30T20:37:14.000Z</time>
        <extensions>
          <ns3:TrackPointExtension>
            <ns3:hr>101</ns3:hr>
            <ns3:cad>0</ns3:cad>
          </ns3:TrackPointExtension>
        </extensions>
      </trkpt>
      <trkpt lat="35.9715283848345279693603515625" lon="-81.11193674616515636444091796875">
        <ele>509.20001220703125</ele>
        <time>2026-03-30T20:37:15.000Z</time>
        <extensions>
          <ns3:TrackPointExtension>
            <ns3:hr>104</ns3:hr>
            <ns3:cad>0</ns3:cad>
          </ns3:TrackPointExtension>
        </extensions>
      </trkpt>
      <trkpt lat="35.97152695991098880767822265625" lon="-81.11193741671741008758544921875">
        <ele>509.20001220703125</ele>
        <time>2026-03-30T20:37:16.000Z</time>
        <extensions>
          <ns3:TrackPointExtension>
            <ns3:hr>104</ns3:hr>
            <ns3:cad>0</ns3:cad>
          </ns3:TrackPointExtension>
        </extensions>
      </trkpt>
      <trkpt lat="35.97152628935873508453369140625" lon="-81.1119460500776767730712890625">
        <ele>508.600006103515625</ele>
        <time>2026-03-30T20:37:23.000Z</time>
        <extensions>
          <ns3:TrackPointExtension>
            <ns3:hr>105</ns3:hr>
            <ns3:cad>0</ns3:cad>
          </ns3:TrackPointExtension>
        </extensions>
      </trkpt>
      <trkpt lat="35.9715243615210056304931640625" lon="-81.11194445751607418060302734375">
        <ele>508.399993896484375</ele>
        <time>2026-03-30T20:37:24.000Z</time>
        <extensions>
          <ns3:TrackPointExtension>
            <ns3:hr>106</ns3:hr>
            <ns3:cad>0</ns3:cad>
          </ns3:TrackPointExtension>
        </extensions>
      </trkpt>
      <trkpt lat="35.97150499932467937469482421875" lon="-81.1119557730853557586669921875">
        <ele>507.79998779296875</ele>
        <time>2026-03-30T20:37:29.000Z</time>
        <extensions>
          <ns3:TrackPointExtension>
            <ns3:hr>105</ns3:hr>
            <ns3:cad>68</ns3:cad>
          </ns3:TrackPointExtension>
        </extensions>
      </trkpt>
      <trkpt lat="35.971503742039203643798828125" lon="-81.1119577847421169281005859375">
        <ele>507.600006103515625</ele>
        <time>2026-03-30T20:37:30.000Z</time>
        <extensions>
          <ns3:TrackPointExtension>
            <ns3:hr>105</ns3:hr>
            <ns3:cad>68</ns3:cad>
          </ns3:TrackPointExtension>
        </extensions>
      </trkpt>
      <trkpt lat="35.9715253673493862152099609375" lon="-81.1119889654219150543212890625">
        <ele>507.600006103515625</ele>
        <time>2026-03-30T20:37:38.000Z</time>
        <extensions>
          <ns3:TrackPointExtension>
            <ns3:hr>103</ns3:hr>
            <ns3:cad>0</ns3:cad>
          </ns3:TrackPointExtension>
        </extensions>
      </trkpt>
      <trkpt lat="35.97153232432901859283447265625" lon="-81.111993826925754547119140625">
        <ele>507.79998779296875</ele>
        <time>2026-03-30T20:37:42.000Z</time>
        <extensions>
          <ns3:TrackPointExtension>
            <ns3:hr>100</ns3:hr>
            <ns3:cad>0</ns3:cad>
          </ns3:TrackPointExtension>
        </extensions>
      </trkpt>
      <trkpt lat="35.9715431369841098785400390625" lon="-81.112005896866321563720703125">
        <ele>507.600006103515625</ele>
        <time>2026-03-30T20:37:45.000Z</time>
        <extensions>
          <ns3:TrackPointExtension>
            <ns3:hr>103</ns3:hr>
            <ns3:cad>0</ns3:cad>
          </ns3:TrackPointExtension>
        </extensions>
      </trkpt>
      <trkpt lat="35.971547998487949371337890625" lon="-81.11201017163693904876708984375">
        <ele>507.600006103515625</ele>
        <time>2026-03-30T20:37:46.000Z</time>
        <extensions>
          <ns3:TrackPointExtension>
            <ns3:hr>103</ns3:hr>
            <ns3:cad>0</ns3:cad>
          </ns3:TrackPointExtension>
        </extensions>
      </trkpt>
      <trkpt lat="35.97156333737075328826904296875" lon="-81.1120275221765041351318359375">
        <ele>507.20001220703125</ele>
        <time>2026-03-30T20:37:49.000Z</time>
        <extensions>
          <ns3:TrackPointExtension>
            <ns3:hr>101</ns3:hr>
            <ns3:cad>0</ns3:cad>
          </ns3:TrackPointExtension>
        </extensions>
      </trkpt>
      <trkpt lat="35.97156937234103679656982421875" lon="-81.1120258457958698272705078125">
        <ele>506.600006103515625</ele>
        <time>2026-03-30T20:37:52.000Z</time>
        <extensions>
          <ns3:TrackPointExtension>
            <ns3:hr>101</ns3:hr>
            <ns3:cad>45</ns3:cad>
          </ns3:TrackPointExtension>
        </extensions>
      </trkpt>
      <trkpt lat="35.971572138369083404541015625" lon="-81.1120335571467876434326171875">
        <ele>506.20001220703125</ele>
        <time>2026-03-30T20:37:55.000Z</time>
        <extensions>
          <ns3:TrackPointExtension>
            <ns3:hr>102</ns3:hr>
            <ns3:cad>0</ns3:cad>
          </ns3:TrackPointExtension>
        </extensions>
      </trkpt>
      <trkpt lat="35.971569120883941650390625" lon="-81.11203372478485107421875">
        <ele>505.79998779296875</ele>
        <time>2026-03-30T20:38:00.000Z</time>
        <extensions>
          <ns3:TrackPointExtension>
            <ns3:hr>101</ns3:hr>
            <ns3:cad>0</ns3:cad>
          </ns3:TrackPointExtension>
        </extensions>
      </trkpt>
      <trkpt lat="35.971586219966411590576171875" lon="-81.11201561987400054931640625">
        <ele>505.79998779296875</ele>
        <time>2026-03-30T20:38:08.000Z</time>
        <extensions>
          <ns3:TrackPointExtension>
            <ns3:hr>98</ns3:hr>
            <ns3:cad>0</ns3:cad>
          </ns3:TrackPointExtension>
        </extensions>
      </trkpt>
      <trkpt lat="35.97161262296140193939208984375" lon="-81.1119879595935344696044921875">
        <ele>505.79998779296875</ele>
        <time>2026-03-30T20:38:18.000Z</time>
        <extensions>
          <ns3:TrackPointExtension>
            <ns3:hr>97</ns3:hr>
            <ns3:cad>0</ns3:cad>
          </ns3:TrackPointExtension>
        </extensions>
      </trkpt>
      <trkpt lat="35.97162477672100067138671875" lon="-81.11195149831473827362060546875">
        <ele>506.79998779296875</ele>
        <time>2026-03-30T20:38:24.000Z</time>
        <extensions>
          <ns3:TrackPointExtension>
            <ns3:hr>97</ns3:hr>
            <ns3:cad>0</ns3:cad>
          </ns3:TrackPointExtension>
        </extensions>
      </trkpt>
      <trkpt lat="35.97165117971599102020263671875" lon="-81.11192149110138416290283203125">
        <ele>507.399993896484375</ele>
        <time>2026-03-30T20:38:31.000Z</time>
        <extensions>
          <ns3:TrackPointExtension>
            <ns3:hr>98</ns3:hr>
            <ns3:cad>67</ns3:cad>
          </ns3:TrackPointExtension>
        </extensions>
      </trkpt>
      <trkpt lat="35.971657969057559967041015625" lon="-81.11191595904529094696044921875">
        <ele>507.399993896484375</ele>
        <time>2026-03-30T20:38:32.000Z</time>
        <extensions>
          <ns3:TrackPointExtension>
            <ns3:hr>98</ns3:hr>
            <ns3:cad>67</ns3:cad>
          </ns3:TrackPointExtension>
        </extensions>
      </trkpt>
      <trkpt lat="35.97167297266423702239990234375" lon="-81.11188796348869800567626953125">
        <ele>507.79998779296875</ele>
        <time>2026-03-30T20:38:37.000Z</time>
        <extensions>
          <ns3:TrackPointExtension>
            <ns3:hr>101</ns3:hr>
            <ns3:cad>69</ns3:cad>
          </ns3:TrackPointExtension>
        </extensions>
      </trkpt>
      <trkpt lat="35.97168202511966228485107421875" lon="-81.1118800006806850433349609375">
        <ele>507.79998779296875</ele>
        <time>2026-03-30T20:38:39.000Z</time>
        <extensions>
          <ns3:TrackPointExtension>
            <ns3:hr>110</ns3:hr>
            <ns3:cad>0</ns3:cad>
          </ns3:TrackPointExtension>
        </extensions>
      </trkpt>
      <trkpt lat="35.97168604843318462371826171875" lon="-81.11187857575714588165283203125">
        <ele>508</ele>
        <time>2026-03-30T20:38:40.000Z</time>
        <extensions>
          <ns3:TrackPointExtension>
            <ns3:hr>116</ns3:hr>
            <ns3:cad>63</ns3:cad>
          </ns3:TrackPointExtension>
        </extensions>
      </trkpt>
      <trkpt lat="35.97169308923184871673583984375" lon="-81.111873798072338104248046875">
        <ele>508</ele>
        <time>2026-03-30T20:38:41.000Z</time>
        <extensions>
          <ns3:TrackPointExtension>
            <ns3:hr>120</ns3:hr>
            <ns3:cad>63</ns3:cad>
          </ns3:TrackPointExtension>
        </extensions>
      </trkpt>
      <trkpt lat="35.9717218391597270965576171875" lon="-81.11185510642826557159423828125">
        <ele>508.20001220703125</ele>
        <time>2026-03-30T20:38:48.000Z</time>
        <extensions>
          <ns3:TrackPointExtension>
            <ns3:hr>120</ns3:hr>
            <ns3:cad>63</ns3:cad>
          </ns3:TrackPointExtension>
        </extensions>
      </trkpt>
      <trkpt lat="35.97173365764319896697998046875" lon="-81.1118447966873645782470703125">
        <ele>508.20001220703125</ele>
        <time>2026-03-30T20:38:56.000Z</time>
        <extensions>
          <ns3:TrackPointExtension>
            <ns3:hr>122</ns3:hr>
            <ns3:cad>0</ns3:cad>
          </ns3:TrackPointExtension>
        </extensions>
      </trkpt>
      <trkpt lat="35.9717600606381893157958984375" lon="-81.11182476393878459930419921875">
        <ele>508</ele>
        <time>2026-03-30T20:39:04.000Z</time>
        <extensions>
          <ns3:TrackPointExtension>
            <ns3:hr>120</ns3:hr>
            <ns3:cad>0</ns3:cad>
          </ns3:TrackPointExtension>
        </extensions>
      </trkpt>
      <trkpt lat="35.9717778302729129791259765625" lon="-81.1118317209184169769287109375">
        <ele>508</ele>
        <time>2026-03-30T20:39:10.000Z</time>
        <extensions>
          <ns3:TrackPointExtension>
            <ns3:hr>119</ns3:hr>
            <ns3:cad>0</ns3:cad>
          </ns3:TrackPointExtension>
        </extensions>
      </trkpt>
      <trkpt lat="35.971810519695281982421875" lon="-81.1118518374860286712646484375">
        <ele>507.399993896484375</ele>
        <time>2026-03-30T20:39:18.000Z</time>
        <extensions>
          <ns3:TrackPointExtension>
            <ns3:hr>117</ns3:hr>
            <ns3:cad>0</ns3:cad>
          </ns3:TrackPointExtension>
        </extensions>
      </trkpt>
      <trkpt lat="35.97184203565120697021484375" lon="-81.111871115863323211669921875">
        <ele>507</ele>
        <time>2026-03-30T20:39:24.000Z</time>
        <extensions>
          <ns3:TrackPointExtension>
            <ns3:hr>117</ns3:hr>
            <ns3:cad>57</ns3:cad>
          </ns3:TrackPointExtension>
        </extensions>
      </trkpt>
      <trkpt lat="35.97188117913901805877685546875" lon="-81.11186868511140346527099609375">
        <ele>506.399993896484375</ele>
        <time>2026-03-30T20:39:31.000Z</time>
        <extensions>
          <ns3:TrackPointExtension>
            <ns3:hr>115</ns3:hr>
            <ns3:cad>0</ns3:cad>
          </ns3:TrackPointExtension>
        </extensions>
      </trkpt>
      <trkpt lat="35.97188302315771579742431640625" lon="-81.1118649132549762725830078125">
        <ele>506.20001220703125</ele>
        <time>2026-03-30T20:39:32.000Z</time>
        <extensions>
          <ns3:TrackPointExtension>
            <ns3:hr>115</ns3:hr>
            <ns3:cad>0</ns3:cad>
          </ns3:TrackPointExtension>
        </extensions>
      </trkpt>
      <trkpt lat="35.97186760045588016510009765625" lon="-81.1118300445377826690673828125">
        <ele>506.600006103515625</ele>
        <time>2026-03-30T20:39:38.000Z</time>
        <extensions>
          <ns3:TrackPointExtension>
            <ns3:hr>115</ns3:hr>
            <ns3:cad>0</ns3:cad>
          </ns3:TrackPointExtension>
        </extensions>
      </trkpt>
      <trkpt lat="35.97186290659010410308837890625" lon="-81.11181554384529590606689453125">
        <ele>507</ele>
        <time>2026-03-30T20:39:43.000Z</time>
        <extensions>
          <ns3:TrackPointExtension>
            <ns3:hr>114</ns3:hr>
            <ns3:cad>0</ns3:cad>
          </ns3:TrackPointExtension>
        </extensions>
      </trkpt>
      <trkpt lat="35.9718628227710723876953125" lon="-81.11180506646633148193359375">
        <ele>507.399993896484375</ele>
        <time>2026-03-30T20:39:45.000Z</time>
        <extensions>
          <ns3:TrackPointExtension>
            <ns3:hr>115</ns3:hr>
            <ns3:cad>0</ns3:cad>
          </ns3:TrackPointExtension>
        </extensions>
      </trkpt>
      <trkpt lat="35.97188386134803295135498046875" lon="-81.11177782528102397918701171875">
        <ele>508.20001220703125</ele>
        <time>2026-03-30T20:39:52.000Z</time>
        <extensions>
          <ns3:TrackPointExtension>
            <ns3:hr>113</ns3:hr>
            <ns3:cad>0</ns3:cad>
          </ns3:TrackPointExtension>
        </extensions>
      </trkpt>
      <trkpt lat="35.97188034094870090484619140625" lon="-81.11175888217985630035400390625">
        <ele>508.20001220703125</ele>
        <time>2026-03-30T20:39:59.000Z</time>
        <extensions>
          <ns3:TrackPointExtension>
            <ns3:hr>112</ns3:hr>
            <ns3:cad>0</ns3:cad>
          </ns3:TrackPointExtension>
        </extensions>
      </trkpt>
      <trkpt lat="35.9718990325927734375" lon="-81.11176257021725177764892578125">
        <ele>508.399993896484375</ele>
        <time>2026-03-30T20:40:03.000Z</time>
        <extensions>
          <ns3:TrackPointExtension>
            <ns3:hr>116</ns3:hr>
            <ns3:cad>0</ns3:cad>
          </ns3:TrackPointExtension>
        </extensions>
      </trkpt>
      <trkpt lat="35.97191185690462589263916015625" lon="-81.1117569543421268463134765625">
        <ele>508.399993896484375</ele>
        <time>2026-03-30T20:40:05.000Z</time>
        <extensions>
          <ns3:TrackPointExtension>
            <ns3:hr>118</ns3:hr>
            <ns3:cad>0</ns3:cad>
          </ns3:TrackPointExtension>
        </extensions>
      </trkpt>
      <trkpt lat="35.971910767257213592529296875" lon="-81.1117603071033954620361328125">
        <ele>508.399993896484375</ele>
        <time>2026-03-30T20:40:06.000Z</time>
        <extensions>
          <ns3:TrackPointExtension>
            <ns3:hr>117</ns3:hr>
            <ns3:cad>0</ns3:cad>
          </ns3:TrackPointExtension>
        </extensions>
      </trkpt>
      <trkpt lat="35.97191185690462589263916015625" lon="-81.11176072619855403900146484375">
        <ele>508.399993896484375</ele>
        <time>2026-03-30T20:40:14.000Z</time>
        <extensions>
          <ns3:TrackPointExtension>
            <ns3:hr>118</ns3:hr>
            <ns3:cad>0</ns3:cad>
          </ns3:TrackPointExtension>
        </extensions>
      </trkpt>
      <trkpt lat="35.97193800844252109527587890625" lon="-81.111735999584197998046875">
        <ele>508.600006103515625</ele>
        <time>2026-03-30T20:40:21.000Z</time>
        <extensions>
          <ns3:TrackPointExtension>
            <ns3:hr>118</ns3:hr>
            <ns3:cad>0</ns3:cad>
          </ns3:TrackPointExtension>
        </extensions>
      </trkpt>
      <trkpt lat="35.97194454632699489593505859375" lon="-81.11168973147869110107421875">
        <ele>508.79998779296875</ele>
        <time>2026-03-30T20:40:27.000Z</time>
        <extensions>
          <ns3:TrackPointExtension>
            <ns3:hr>119</ns3:hr>
            <ns3:cad>0</ns3:cad>
          </ns3:TrackPointExtension>
        </extensions>
      </trkpt>
      <trkpt lat="35.971947647631168365478515625" lon="-81.11169652082026004791259765625">
        <ele>509.399993896484375</ele>
        <time>2026-03-30T20:40:31.000Z</time>
        <extensions>
          <ns3:TrackPointExtension>
            <ns3:hr>118</ns3:hr>
            <ns3:cad>68</ns3:cad>
          </ns3:TrackPointExtension>
        </extensions>
      </trkpt>
      <trkpt lat="35.9719504974782466888427734375" lon="-81.111698113381862640380859375">
        <ele>508.79998779296875</ele>
        <time>2026-03-30T20:40:35.000Z</time>
        <extensions>
          <ns3:TrackPointExtension>
            <ns3:hr>115</ns3:hr>
            <ns3:cad>0</ns3:cad>
          </ns3:TrackPointExtension>
        </extensions>
      </trkpt>
      <trkpt lat="35.971990562975406646728515625" lon="-81.11168495379388332366943359375">
        <ele>508.79998779296875</ele>
        <time>2026-03-30T20:40:41.000Z</time>
        <extensions>
          <ns3:TrackPointExtension>
            <ns3:hr>115</ns3:hr>
            <ns3:cad>0</ns3:cad>
          </ns3:TrackPointExtension>
        </extensions>
      </trkpt>
      <trkpt lat="35.97201445139944553375244140625" lon="-81.11167967319488525390625">
        <ele>508.600006103515625</ele>
        <time>2026-03-30T20:40:48.000Z</time>
        <extensions>
          <ns3:TrackPointExtension>
            <ns3:hr>117</ns3:hr>
            <ns3:cad>0</ns3:cad>
          </ns3:TrackPointExtension>
        </extensions>
      </trkpt>
      <trkpt lat="35.9720202349126338958740234375" lon="-81.11168143339455127716064453125">
        <ele>508.399993896484375</ele>
        <time>2026-03-30T20:40:49.000Z</time>
        <extensions>
          <ns3:TrackPointExtension>
            <ns3:hr>117</ns3:hr>
            <ns3:cad>0</ns3:cad>
          </ns3:TrackPointExtension>
        </extensions>
      </trkpt>
      <trkpt lat="35.97201478667557239532470703125" lon="-81.1116892285645008087158203125">
        <ele>507.600006103515625</ele>
        <time>2026-03-30T20:40:54.000Z</time>
        <extensions>
          <ns3:TrackPointExtension>
            <ns3:hr>116</ns3:hr>
            <ns3:cad>0</ns3:cad>
          </ns3:TrackPointExtension>
        </extensions>
      </trkpt>
      <trkpt lat="35.9720038063824176788330078125" lon="-81.11168746836483478546142578125">
        <ele>507.20001220703125</ele>
        <time>2026-03-30T20:40:57.000Z</time>
        <extensions>
          <ns3:TrackPointExtension>
            <ns3:hr>115</ns3:hr>
            <ns3:cad>0</ns3:cad>
          </ns3:TrackPointExtension>
        </extensions>
      </trkpt>
      <trkpt lat="35.971995927393436431884765625" lon="-81.11170716583728790283203125">
        <ele>506.79998779296875</ele>
        <time>2026-03-30T20:41:00.000Z</time>
        <extensions>
          <ns3:TrackPointExtension>
            <ns3:hr>115</ns3:hr>
            <ns3:cad>0</ns3:cad>
          </ns3:TrackPointExtension>
        </extensions>
      </trkpt>
      <trkpt lat="35.97197287715971469879150390625" lon="-81.11175117082893848419189453125">
        <ele>506.399993896484375</ele>
        <time>2026-03-30T20:41:08.000Z</time>
        <extensions>
          <ns3:TrackPointExtension>
            <ns3:hr>116</ns3:hr>
            <ns3:cad>0</ns3:cad>
          </ns3:TrackPointExtension>
        </extensions>
      </trkpt>
      <trkpt lat="35.97197555936872959136962890625" lon="-81.1117599718272686004638671875">
        <ele>506.20001220703125</ele>
        <time>2026-03-30T20:41:09.000Z</time>
        <extensions>
          <ns3:TrackPointExtension>
            <ns3:hr>116</ns3:hr>
            <ns3:cad>0</ns3:cad>
          </ns3:TrackPointExtension>
        </extensions>
      </trkpt>
      <trkpt lat="35.9719991125166416168212890625" lon="-81.111789643764495849609375">
        <ele>505.600006103515625</ele>
        <time>2026-03-30T20:41:13.000Z</time>
        <extensions>
          <ns3:TrackPointExtension>
            <ns3:hr>112</ns3:hr>
            <ns3:cad>0</ns3:cad>
          </ns3:TrackPointExtension>
        </extensions>
      </trkpt>
      <trkpt lat="35.97200405783951282501220703125" lon="-81.11178972758352756500244140625">
        <ele>505.399993896484375</ele>
        <time>2026-03-30T20:41:15.000Z</time>
        <extensions>
          <ns3:TrackPointExtension>
            <ns3:hr>110</ns3:hr>
            <ns3:cad>0</ns3:cad>
          </ns3:TrackPointExtension>
        </extensions>
      </trkpt>
      <trkpt lat="35.97202551551163196563720703125" lon="-81.11178369261324405670166015625">
        <ele>505.20001220703125</ele>
        <time>2026-03-30T20:41:21.000Z</time>
        <extensions>
          <ns3:TrackPointExtension>
            <ns3:hr>110</ns3:hr>
            <ns3:cad>0</ns3:cad>
          </ns3:TrackPointExtension>
        </extensions>
      </trkpt>
      <trkpt lat="35.97203037701547145843505859375" lon="-81.11177849583327770233154296875">
        <ele>505</ele>
        <time>2026-03-30T20:41:23.000Z</time>
        <extensions>
          <ns3:TrackPointExtension>
            <ns3:hr>109</ns3:hr>
            <ns3:cad>0</ns3:cad>
          </ns3:TrackPointExtension>
        </extensions>
      </trkpt>
      <trkpt lat="35.9720648266375064849853515625" lon="-81.1117854528129100799560546875">
        <ele>504.20001220703125</ele>
        <time>2026-03-30T20:41:31.000Z</time>
        <extensions>
          <ns3:TrackPointExtension>
            <ns3:hr>109</ns3:hr>
            <ns3:cad>0</ns3:cad>
          </ns3:TrackPointExtension>
        </extensions>
      </trkpt>
      <trkpt lat="35.97207731567323207855224609375" lon="-81.111789308488368988037109375">
        <ele>503.79998779296875</ele>
        <time>2026-03-30T20:41:38.000Z</time>
        <extensions>
          <ns3:TrackPointExtension>
            <ns3:hr>107</ns3:hr>
            <ns3:cad>0</ns3:cad>
          </ns3:TrackPointExtension>
        </extensions>
      </trkpt>
      <trkpt lat="35.97207312472164630889892578125" lon="-81.1117760650813579559326171875">
        <ele>504</ele>
        <time>2026-03-30T20:41:45.000Z</time>
        <extensions>
          <ns3:TrackPointExtension>
            <ns3:hr>109</ns3:hr>
            <ns3:cad>59</ns3:cad>
          </ns3:TrackPointExtension>
        </extensions>
      </trkpt>
      <trkpt lat="35.9720591269433498382568359375" lon="-81.11176525242626667022705078125">
        <ele>503.79998779296875</ele>
        <time>2026-03-30T20:41:53.000Z</time>
        <extensions>
          <ns3:TrackPointExtension>
            <ns3:hr>112</ns3:hr>
            <ns3:cad>0</ns3:cad>
          </ns3:TrackPointExtension>
        </extensions>
      </trkpt>
      <trkpt lat="35.97205870784819126129150390625" lon="-81.11176759935915470123291015625">
        <ele>503.79998779296875</ele>
        <time>2026-03-30T20:41:54.000Z</time>
        <extensions>
          <ns3:TrackPointExtension>
            <ns3:hr>115</ns3:hr>
            <ns3:cad>0</ns3:cad>
          </ns3:TrackPointExtension>
        </extensions>
      </trkpt>
      <trkpt lat="35.97205049358308315277099609375" lon="-81.11179157160222530364990234375">
        <ele>504</ele>
        <time>2026-03-30T20:42:04.000Z</time>
        <extensions>
          <ns3:TrackPointExtension>
            <ns3:hr>116</ns3:hr>
            <ns3:cad>0</ns3:cad>
          </ns3:TrackPointExtension>
        </extensions>
      </trkpt>
      <trkpt lat="35.97205049358308315277099609375" lon="-81.11179157160222530364990234375">
        <ele>504</ele>
        <time>2026-03-30T20:42:13.000Z</time>
        <extensions>
          <ns3:TrackPointExtension>
            <ns3:hr>114</ns3:hr>
            <ns3:cad>0</ns3:cad>
          </ns3:TrackPointExtension>
        </extensions>
      </trkpt>
      <trkpt lat="35.97205049358308315277099609375" lon="-81.11179157160222530364990234375">
        <ele>504</ele>
        <time>2026-03-30T20:42:25.000Z</time>
        <extensions>
          <ns3:TrackPointExtension>
            <ns3:hr>111</ns3:hr>
            <ns3:cad>0</ns3:cad>
          </ns3:TrackPointExtension>
        </extensions>
      </trkpt>
      <trkpt lat="35.97205049358308315277099609375" lon="-81.11179157160222530364990234375">
        <ele>504</ele>
        <time>2026-03-30T20:42:26.000Z</time>
        <extensions>
          <ns3:TrackPointExtension>
            <ns3:hr>108</ns3:hr>
            <ns3:cad>0</ns3:cad>
          </ns3:TrackPointExtension>
        </extensions>
      </trkpt>
      <trkpt lat="35.97205049358308315277099609375" lon="-81.11179157160222530364990234375">
        <ele>504.20001220703125</ele>
        <time>2026-03-30T20:42:34.000Z</time>
        <extensions>
          <ns3:TrackPointExtension>
            <ns3:hr>105</ns3:hr>
            <ns3:cad>0</ns3:cad>
          </ns3:TrackPointExtension>
        </extensions>
      </trkpt>
      <trkpt lat="35.97205049358308315277099609375" lon="-81.11179157160222530364990234375">
        <ele>504</ele>
        <time>2026-03-30T20:42:41.000Z</time>
        <extensions>
          <ns3:TrackPointExtension>
            <ns3:hr>101</ns3:hr>
            <ns3:cad>0</ns3:cad>
          </ns3:TrackPointExtension>
        </extensions>
      </trkpt>
      <trkpt lat="35.97205049358308315277099609375" lon="-81.11179157160222530364990234375">
        <ele>504</ele>
        <time>2026-03-30T20:42:43.000Z</time>
        <extensions>
          <ns3:TrackPointExtension>
            <ns3:hr>97</ns3:hr>
            <ns3:cad>0</ns3:cad>
          </ns3:TrackPointExtension>
        </extensions>
      </trkpt>
      <trkpt lat="35.97205049358308315277099609375" lon="-81.11179157160222530364990234375">
        <ele>504.20001220703125</ele>
        <time>2026-03-30T20:42:52.000Z</time>
        <extensions>
          <ns3:TrackPointExtension>
            <ns3:hr>94</ns3:hr>
            <ns3:cad>0</ns3:cad>
          </ns3:TrackPointExtension>
        </extensions>
      </trkpt>
      <trkpt lat="35.97205049358308315277099609375" lon="-81.11179157160222530364990234375">
        <ele>504.20001220703125</ele>
        <time>2026-03-30T20:42:53.000Z</time>
        <extensions>
          <ns3:TrackPointExtension>
            <ns3:hr>93</ns3:hr>
            <ns3:cad>0</ns3:cad>
          </ns3:TrackPointExtension>
        </extensions>
      </trkpt>
      <trkpt lat="35.97205049358308315277099609375" lon="-81.11179157160222530364990234375">
        <ele>504.399993896484375</ele>
        <time>2026-03-30T20:43:17.000Z</time>
        <extensions>
          <ns3:TrackPointExtension>
            <ns3:hr>91</ns3:hr>
            <ns3:cad>0</ns3:cad>
          </ns3:TrackPointExtension>
        </extensions>
      </trkpt>
      <trkpt lat="35.97205049358308315277099609375" lon="-81.11179157160222530364990234375">
        <ele>504.20001220703125</ele>
        <time>2026-03-30T20:43:47.000Z</time>
        <extensions>
          <ns3:TrackPointExtension>
            <ns3:hr>90</ns3:hr>
            <ns3:cad>0</ns3:cad>
          </ns3:TrackPointExtension>
        </extensions>
      </trkpt>
      <trkpt lat="35.97205049358308315277099609375" lon="-81.11179157160222530364990234375">
        <ele>504.399993896484375</ele>
        <time>2026-03-30T20:44:12.000Z</time>
        <extensions>
          <ns3:TrackPointExtension>
            <ns3:hr>89</ns3:hr>
            <ns3:cad>0</ns3:cad>
          </ns3:TrackPointExtension>
        </extensions>
      </trkpt>
      <trkpt lat="35.97205049358308315277099609375" lon="-81.11179157160222530364990234375">
        <ele>504.600006103515625</ele>
        <time>2026-03-30T20:44:30.000Z</time>
        <extensions>
          <ns3:TrackPointExtension>
            <ns3:hr>91</ns3:hr>
            <ns3:cad>0</ns3:cad>
          </ns3:TrackPointExtension>
        </extensions>
      </trkpt>
      <trkpt lat="35.97205049358308315277099609375" lon="-81.11179157160222530364990234375">
        <ele>504.399993896484375</ele>
        <time>2026-03-30T20:44:34.000Z</time>
        <extensions>
          <ns3:TrackPointExtension>
            <ns3:hr>94</ns3:hr>
            <ns3:cad>0</ns3:cad>
          </ns3:TrackPointExtension>
        </extensions>
      </trkpt>
      <trkpt lat="35.97205049358308315277099609375" lon="-81.11179157160222530364990234375">
        <ele>504.20001220703125</ele>
        <time>2026-03-30T20:44:49.000Z</time>
        <extensions>
          <ns3:TrackPointExtension>
            <ns3:hr>91</ns3:hr>
            <ns3:cad>0</ns3:cad>
          </ns3:TrackPointExtension>
        </extensions>
      </trkpt>
      <trkpt lat="35.97205049358308315277099609375" lon="-81.11179157160222530364990234375">
        <ele>504</ele>
        <time>2026-03-30T20:44:51.000Z</time>
        <extensions>
          <ns3:TrackPointExtension>
            <ns3:hr>92</ns3:hr>
            <ns3:cad>0</ns3:cad>
          </ns3:TrackPointExtension>
        </extensions>
      </trkpt>
      <trkpt lat="35.97205049358308315277099609375" lon="-81.11179157160222530364990234375">
        <ele>504.399993896484375</ele>
        <time>2026-03-30T20:45:15.000Z</time>
        <extensions>
          <ns3:TrackPointExtension>
            <ns3:hr>92</ns3:hr>
            <ns3:cad>0</ns3:cad>
          </ns3:TrackPointExtension>
        </extensions>
      </trkpt>
      <trkpt lat="35.97205049358308315277099609375" lon="-81.11179157160222530364990234375">
        <ele>504.20001220703125</ele>
        <time>2026-03-30T20:45:27.000Z</time>
        <extensions>
          <ns3:TrackPointExtension>
            <ns3:hr>93</ns3:hr>
            <ns3:cad>0</ns3:cad>
          </ns3:TrackPointExtension>
        </extensions>
      </trkpt>
      <trkpt lat="35.97204186022281646728515625" lon="-81.11181822605431079864501953125">
        <ele>504.20001220703125</ele>
        <time>2026-03-30T20:45:39.000Z</time>
        <extensions>
          <ns3:TrackPointExtension>
            <ns3:hr>95</ns3:hr>
            <ns3:cad>0</ns3:cad>
          </ns3:TrackPointExtension>
        </extensions>
      </trkpt>
      <trkpt lat="35.97204186022281646728515625" lon="-81.11181822605431079864501953125">
        <ele>504.20001220703125</ele>
        <time>2026-03-30T20:45:42.000Z</time>
        <extensions>
          <ns3:TrackPointExtension>
            <ns3:hr>92</ns3:hr>
            <ns3:cad>0</ns3:cad>
          </ns3:TrackPointExtension>
        </extensions>
      </trkpt>
      <trkpt lat="35.97204186022281646728515625" lon="-81.11181822605431079864501953125">
        <ele>504.600006103515625</ele>
        <time>2026-03-30T20:45:50.000Z</time>
        <extensions>
          <ns3:TrackPointExtension>
            <ns3:hr>89</ns3:hr>
            <ns3:cad>0</ns3:cad>
          </ns3:TrackPointExtension>
        </extensions>
      </trkpt>
      <trkpt lat="35.97204186022281646728515625" lon="-81.11181822605431079864501953125">
        <ele>504.399993896484375</ele>
        <time>2026-03-30T20:46:06.000Z</time>
        <extensions>
          <ns3:TrackPointExtension>
            <ns3:hr>89</ns3:hr>
            <ns3:cad>0</ns3:cad>
          </ns3:TrackPointExtension>
        </extensions>
      </trkpt>
      <trkpt lat="35.97205116413533687591552734375" lon="-81.11181713640689849853515625">
        <ele>504.600006103515625</ele>
        <time>2026-03-30T20:46:15.000Z</time>
        <extensions>
          <ns3:TrackPointExtension>
            <ns3:hr>86</ns3:hr>
            <ns3:cad>0</ns3:cad>
          </ns3:TrackPointExtension>
        </extensions>
      </trkpt>
      <trkpt lat="35.97204831428825855255126953125" lon="-81.11181722022593021392822265625">
        <ele>504.600006103515625</ele>
        <time>2026-03-30T20:46:17.000Z</time>
        <extensions>
          <ns3:TrackPointExtension>
            <ns3:hr>83</ns3:hr>
            <ns3:cad>41</ns3:cad>
          </ns3:TrackPointExtension>
        </extensions>
      </trkpt>
      <trkpt lat="35.97204596735537052154541015625" lon="-81.11181504093110561370849609375">
        <ele>504.399993896484375</ele>
        <time>2026-03-30T20:46:19.000Z</time>
        <extensions>
          <ns3:TrackPointExtension>
            <ns3:hr>81</ns3:hr>
            <ns3:cad>0</ns3:cad>
          </ns3:TrackPointExtension>
        </extensions>
      </trkpt>
      <trkpt lat="35.97203381359577178955078125" lon="-81.11177749000489711761474609375">
        <ele>504.399993896484375</ele>
        <time>2026-03-30T20:46:30.000Z</time>
        <extensions>
          <ns3:TrackPointExtension>
            <ns3:hr>84</ns3:hr>
            <ns3:cad>0</ns3:cad>
          </ns3:TrackPointExtension>
        </extensions>
      </trkpt>
      <trkpt lat="35.9720343165099620819091796875" lon="-81.11178168095648288726806640625">
        <ele>504.399993896484375</ele>
        <time>2026-03-30T20:46:31.000Z</time>
        <extensions>
          <ns3:TrackPointExtension>
            <ns3:hr>90</ns3:hr>
            <ns3:cad>0</ns3:cad>
          </ns3:TrackPointExtension>
        </extensions>
      </trkpt>
      <trkpt lat="35.97203540615737438201904296875" lon="-81.1117867939174175262451171875">
        <ele>504.399993896484375</ele>
        <time>2026-03-30T20:46:32.000Z</time>
        <extensions>
          <ns3:TrackPointExtension>
            <ns3:hr>98</ns3:hr>
            <ns3:cad>0</ns3:cad>
          </ns3:TrackPointExtension>
        </extensions>
      </trkpt>
      <trkpt lat="35.97202551551163196563720703125" lon="-81.11177497543394565582275390625">
        <ele>504.600006103515625</ele>
        <time>2026-03-30T20:46:40.000Z</time>
        <extensions>
          <ns3:TrackPointExtension>
            <ns3:hr>98</ns3:hr>
            <ns3:cad>0</ns3:cad>
          </ns3:TrackPointExtension>
        </extensions>
      </trkpt>
      <trkpt lat="35.97206197679042816162109375" lon="-81.11180330626666545867919921875">
        <ele>504.600006103515625</ele>
        <time>2026-03-30T20:46:49.000Z</time>
        <extensions>
          <ns3:TrackPointExtension>
            <ns3:hr>100</ns3:hr>
            <ns3:cad>0</ns3:cad>
          </ns3:TrackPointExtension>
        </extensions>
      </trkpt>
      <trkpt lat="35.97209843806922435760498046875" lon="-81.11178067512810230255126953125">
        <ele>504.600006103515625</ele>
        <time>2026-03-30T20:46:54.000Z</time>
        <extensions>
          <ns3:TrackPointExtension>
            <ns3:hr>103</ns3:hr>
            <ns3:cad>0</ns3:cad>
          </ns3:TrackPointExtension>
        </extensions>
      </trkpt>
      <trkpt lat="35.97210623323917388916015625" lon="-81.1117787472903728485107421875">
        <ele>504.399993896484375</ele>
        <time>2026-03-30T20:46:56.000Z</time>
        <extensions>
          <ns3:TrackPointExtension>
            <ns3:hr>104</ns3:hr>
            <ns3:cad>0</ns3:cad>
          </ns3:TrackPointExtension>
        </extensions>
      </trkpt>
      <trkpt lat="35.9721127711236476898193359375" lon="-81.11174765042960643768310546875">
        <ele>505.20001220703125</ele>
        <time>2026-03-30T20:47:02.000Z</time>
        <extensions>
          <ns3:TrackPointExtension>
            <ns3:hr>103</ns3:hr>
            <ns3:cad>0</ns3:cad>
          </ns3:TrackPointExtension>
        </extensions>
      </trkpt>
      <trkpt lat="35.9721164591610431671142578125" lon="-81.11173926852643489837646484375">
        <ele>505.399993896484375</ele>
        <time>2026-03-30T20:47:03.000Z</time>
        <extensions>
          <ns3:TrackPointExtension>
            <ns3:hr>103</ns3:hr>
            <ns3:cad>0</ns3:cad>
          </ns3:TrackPointExtension>
        </extensions>
      </trkpt>
      <trkpt lat="35.97211402840912342071533203125" lon="-81.11172568984329700469970703125">
        <ele>505.600006103515625</ele>
        <time>2026-03-30T20:47:06.000Z</time>
        <extensions>
          <ns3:TrackPointExtension>
            <ns3:hr>108</ns3:hr>
            <ns3:cad>0</ns3:cad>
          </ns3:TrackPointExtension>
        </extensions>
      </trkpt>
      <trkpt lat="35.9721137769520282745361328125" lon="-81.11172325909137725830078125">
        <ele>505.79998779296875</ele>
        <time>2026-03-30T20:47:08.000Z</time>
        <extensions>
          <ns3:TrackPointExtension>
            <ns3:hr>111</ns3:hr>
            <ns3:cad>0</ns3:cad>
          </ns3:TrackPointExtension>
        </extensions>
      </trkpt>
      <trkpt lat="35.972113274037837982177734375" lon="-81.11172451637685298919677734375">
        <ele>505.79998779296875</ele>
        <time>2026-03-30T20:47:10.000Z</time>
        <extensions>
          <ns3:TrackPointExtension>
            <ns3:hr>114</ns3:hr>
            <ns3:cad>0</ns3:cad>
          </ns3:TrackPointExtension>
        </extensions>
      </trkpt>
      <trkpt lat="35.9721171297132968902587890625" lon="-81.11172351054847240447998046875">
        <ele>506.20001220703125</ele>
        <time>2026-03-30T20:47:13.000Z</time>
        <extensions>
          <ns3:TrackPointExtension>
            <ns3:hr>117</ns3:hr>
            <ns3:cad>0</ns3:cad>
          </ns3:TrackPointExtension>
        </extensions>
      </trkpt>
      <trkpt lat="35.97211235202848911285400390625" lon="-81.11172753386199474334716796875">
        <ele>506.20001220703125</ele>
        <time>2026-03-30T20:47:14.000Z</time>
        <extensions>
          <ns3:TrackPointExtension>
            <ns3:hr>117</ns3:hr>
            <ns3:cad>0</ns3:cad>
          </ns3:TrackPointExtension>
        </extensions>
      </trkpt>
      <trkpt lat="35.97210849635303020477294921875" lon="-81.11173474229872226715087890625">
        <ele>506.399993896484375</ele>
        <time>2026-03-30T20:47:17.000Z</time>
        <extensions>
          <ns3:TrackPointExtension>
            <ns3:hr>118</ns3:hr>
            <ns3:cad>0</ns3:cad>
          </ns3:TrackPointExtension>
        </extensions>
      </trkpt>
      <trkpt lat="35.9721023775637149810791015625" lon="-81.11174781806766986846923828125">
        <ele>506.79998779296875</ele>
        <time>2026-03-30T20:47:23.000Z</time>
        <extensions>
          <ns3:TrackPointExtension>
            <ns3:hr>118</ns3:hr>
            <ns3:cad>0</ns3:cad>
          </ns3:TrackPointExtension>
        </extensions>
      </trkpt>
      <trkpt lat="35.97209324128925800323486328125" lon="-81.11174128018319606781005859375">
        <ele>507.399993896484375</ele>
        <time>2026-03-30T20:47:33.000Z</time>
        <extensions>
          <ns3:TrackPointExtension>
            <ns3:hr>116</ns3:hr>
            <ns3:cad>0</ns3:cad>
          </ns3:TrackPointExtension>
        </extensions>
      </trkpt>
      <trkpt lat="35.97208234481513500213623046875" lon="-81.11170138232409954071044921875">
        <ele>507.79998779296875</ele>
        <time>2026-03-30T20:47:37.000Z</time>
        <extensions>
          <ns3:TrackPointExtension>
            <ns3:hr>115</ns3:hr>
            <ns3:cad>0</ns3:cad>
          </ns3:TrackPointExtension>
        </extensions>
      </trkpt>
      <trkpt lat="35.97208955325186252593994140625" lon="-81.1116828583180904388427734375">
        <ele>508</ele>
        <time>2026-03-30T20:47:41.000Z</time>
        <extensions>
          <ns3:TrackPointExtension>
            <ns3:hr>118</ns3:hr>
            <ns3:cad>0</ns3:cad>
          </ns3:TrackPointExtension>
        </extensions>
      </trkpt>
      <trkpt lat="35.9720909781754016876220703125" lon="-81.11167439259588718414306640625">
        <ele>508</ele>
        <time>2026-03-30T20:47:43.000Z</time>
        <extensions>
          <ns3:TrackPointExtension>
            <ns3:hr>122</ns3:hr>
            <ns3:cad>0</ns3:cad>
          </ns3:TrackPointExtension>
        </extensions>
      </trkpt>
      <trkpt lat="35.972085110843181610107421875" lon="-81.11166433431208133697509765625">
        <ele>508.20001220703125</ele>
        <time>2026-03-30T20:47:45.000Z</time>
        <extensions>
          <ns3:TrackPointExtension>
            <ns3:hr>124</ns3:hr>
            <ns3:cad>0</ns3:cad>
          </ns3:TrackPointExtension>
        </extensions>
      </trkpt>
      <trkpt lat="35.972081758081912994384765625" lon="-81.11166349612176418304443359375">
        <ele>508.399993896484375</ele>
        <time>2026-03-30T20:47:46.000Z</time>
        <extensions>
          <ns3:TrackPointExtension>
            <ns3:hr>124</ns3:hr>
            <ns3:cad>0</ns3:cad>
          </ns3:TrackPointExtension>
        </extensions>
      </trkpt>
      <trkpt lat="35.9720765613019466400146484375" lon="-81.1116436310112476348876953125">
        <ele>509</ele>
        <time>2026-03-30T20:47:50.000Z</time>
        <extensions>
          <ns3:TrackPointExtension>
            <ns3:hr>127</ns3:hr>
            <ns3:cad>0</ns3:cad>
          </ns3:TrackPointExtension>
        </extensions>
      </trkpt>
      <trkpt lat="35.97207128070294857025146484375" lon="-81.111635752022266387939453125">
        <ele>509.399993896484375</ele>
        <time>2026-03-30T20:47:52.000Z</time>
        <extensions>
          <ns3:TrackPointExtension>
            <ns3:hr>127</ns3:hr>
            <ns3:cad>0</ns3:cad>
          </ns3:TrackPointExtension>
        </extensions>
      </trkpt>
      <trkpt lat="35.97206893377006053924560546875" lon="-81.1116332374513149261474609375">
        <ele>509.600006103515625</ele>
        <time>2026-03-30T20:47:53.000Z</time>
        <extensions>
          <ns3:TrackPointExtension>
            <ns3:hr>127</ns3:hr>
            <ns3:cad>0</ns3:cad>
          </ns3:TrackPointExtension>
        </extensions>
      </trkpt>
      <trkpt lat="35.97208485938608646392822265625" lon="-81.11162879504263401031494140625">
        <ele>510.399993896484375</ele>
        <time>2026-03-30T20:47:59.000Z</time>
        <extensions>
          <ns3:TrackPointExtension>
            <ns3:hr>127</ns3:hr>
            <ns3:cad>0</ns3:cad>
          </ns3:TrackPointExtension>
        </extensions>
      </trkpt>
      <trkpt lat="35.97209190018475055694580078125" lon="-81.11160230822861194610595703125">
        <ele>511.20001220703125</ele>
        <time>2026-03-30T20:48:07.000Z</time>
        <extensions>
          <ns3:TrackPointExtension>
            <ns3:hr>127</ns3:hr>
            <ns3:cad>0</ns3:cad>
          </ns3:TrackPointExtension>
        </extensions>
      </trkpt>
      <trkpt lat="35.9721057303249835968017578125" lon="-81.111584790050983428955078125">
        <ele>511.399993896484375</ele>
        <time>2026-03-30T20:48:09.000Z</time>
        <extensions>
          <ns3:TrackPointExtension>
            <ns3:hr>126</ns3:hr>
            <ns3:cad>0</ns3:cad>
          </ns3:TrackPointExtension>
        </extensions>
      </trkpt>
      <trkpt lat="35.9721178002655506134033203125" lon="-81.1115705408155918121337890625">
        <ele>512</ele>
        <time>2026-03-30T20:48:12.000Z</time>
        <extensions>
          <ns3:TrackPointExtension>
            <ns3:hr>128</ns3:hr>
            <ns3:cad>0</ns3:cad>
          </ns3:TrackPointExtension>
        </extensions>
      </trkpt>
      <trkpt lat="35.97212056629359722137451171875" lon="-81.111569367349147796630859375">
        <ele>512.20001220703125</ele>
        <time>2026-03-30T20:48:13.000Z</time>
        <extensions>
          <ns3:TrackPointExtension>
            <ns3:hr>128</ns3:hr>
            <ns3:cad>0</ns3:cad>
          </ns3:TrackPointExtension>
        </extensions>
      </trkpt>
      <trkpt lat="35.9721241705119609832763671875" lon="-81.11156232655048370361328125">
        <ele>512.4000244140625</ele>
        <time>2026-03-30T20:48:14.000Z</time>
        <extensions>
          <ns3:TrackPointExtension>
            <ns3:hr>127</ns3:hr>
            <ns3:cad>60</ns3:cad>
          </ns3:TrackPointExtension>
        </extensions>
      </trkpt>
      <trkpt lat="35.97213615663349628448486328125" lon="-81.11154279671609401702880859375">
        <ele>512.4000244140625</ele>
        <time>2026-03-30T20:48:17.000Z</time>
        <extensions>
          <ns3:TrackPointExtension>
            <ns3:hr>127</ns3:hr>
            <ns3:cad>60</ns3:cad>
          </ns3:TrackPointExtension>
        </extensions>
      </trkpt>
      <trkpt lat="35.97213515080511569976806640625" lon="-81.11157012172043323516845703125">
        <ele>512.5999755859375</ele>
        <time>2026-03-30T20:48:22.000Z</time>
        <extensions>
          <ns3:TrackPointExtension>
            <ns3:hr>131</ns3:hr>
            <ns3:cad>0</ns3:cad>
          </ns3:TrackPointExtension>
        </extensions>
      </trkpt>
      <trkpt lat="35.97214034758508205413818359375" lon="-81.111575067043304443359375">
        <ele>512.5999755859375</ele>
        <time>2026-03-30T20:48:24.000Z</time>
        <extensions>
          <ns3:TrackPointExtension>
            <ns3:hr>134</ns3:hr>
            <ns3:cad>0</ns3:cad>
          </ns3:TrackPointExtension>
        </extensions>
      </trkpt>
      <trkpt lat="35.97214302979409694671630859375" lon="-81.11156727187335491180419921875">
        <ele>512.4000244140625</ele>
        <time>2026-03-30T20:48:30.000Z</time>
        <extensions>
          <ns3:TrackPointExtension>
            <ns3:hr>133</ns3:hr>
            <ns3:cad>0</ns3:cad>
          </ns3:TrackPointExtension>
        </extensions>
      </trkpt>
      <trkpt lat="35.9721573628485202789306640625" lon="-81.11152083612978458404541015625">
        <ele>512.79998779296875</ele>
        <time>2026-03-30T20:48:37.000Z</time>
        <extensions>
          <ns3:TrackPointExtension>
            <ns3:hr>131</ns3:hr>
            <ns3:cad>48</ns3:cad>
          </ns3:TrackPointExtension>
        </extensions>
      </trkpt>
      <trkpt lat="35.9721771441400051116943359375" lon="-81.1114769987761974334716796875">
        <ele>513.5999755859375</ele>
        <time>2026-03-30T20:48:43.000Z</time>
        <extensions>
          <ns3:TrackPointExtension>
            <ns3:hr>131</ns3:hr>
            <ns3:cad>64</ns3:cad>
          </ns3:TrackPointExtension>
        </extensions>
      </trkpt>
      <trkpt lat="35.9722089953720569610595703125" lon="-81.1114384420216083526611328125">
        <ele>514.4000244140625</ele>
        <time>2026-03-30T20:48:51.000Z</time>
        <extensions>
          <ns3:TrackPointExtension>
            <ns3:hr>129</ns3:hr>
            <ns3:cad>64</ns3:cad>
          </ns3:TrackPointExtension>
        </extensions>
      </trkpt>
      <trkpt lat="35.97221226431429386138916015625" lon="-81.1114288866519927978515625">
        <ele>514.4000244140625</ele>
        <time>2026-03-30T20:48:53.000Z</time>
        <extensions>
          <ns3:TrackPointExtension>
            <ns3:hr>126</ns3:hr>
            <ns3:cad>0</ns3:cad>
          </ns3:TrackPointExtension>
        </extensions>
      </trkpt>
      <trkpt lat="35.97223103977739810943603515625" lon="-81.11141472123563289642333984375">
        <ele>514.20001220703125</ele>
        <time>2026-03-30T20:48:57.000Z</time>
        <extensions>
          <ns3:TrackPointExtension>
            <ns3:hr>125</ns3:hr>
            <ns3:cad>0</ns3:cad>
          </ns3:TrackPointExtension>
        </extensions>
      </trkpt>
      <trkpt lat="35.9722435288131237030029296875" lon="-81.1114005558192729949951171875">
        <ele>514.20001220703125</ele>
        <time>2026-03-30T20:48:59.000Z</time>
        <extensions>
          <ns3:TrackPointExtension>
            <ns3:hr>128</ns3:hr>
            <ns3:cad>0</ns3:cad>
          </ns3:TrackPointExtension>
        </extensions>
      </trkpt>
      <trkpt lat="35.97226188518106937408447265625" lon="-81.1113898269832134246826171875">
        <ele>514.5999755859375</ele>
        <time>2026-03-30T20:49:01.000Z</time>
        <extensions>
          <ns3:TrackPointExtension>
            <ns3:hr>128</ns3:hr>
            <ns3:cad>0</ns3:cad>
          </ns3:TrackPointExtension>
        </extensions>
      </trkpt>
      <trkpt lat="35.972266495227813720703125" lon="-81.11139493994414806365966796875">
        <ele>514.5999755859375</ele>
        <time>2026-03-30T20:49:02.000Z</time>
        <extensions>
          <ns3:TrackPointExtension>
            <ns3:hr>128</ns3:hr>
            <ns3:cad>48</ns3:cad>
          </ns3:TrackPointExtension>
        </extensions>
      </trkpt>
      <trkpt lat="35.97227387130260467529296875" lon="-81.111400388181209564208984375">
        <ele>514.79998779296875</ele>
        <time>2026-03-30T20:49:05.000Z</time>
        <extensions>
          <ns3:TrackPointExtension>
            <ns3:hr>125</ns3:hr>
            <ns3:cad>0</ns3:cad>
          </ns3:TrackPointExtension>
        </extensions>
      </trkpt>
      <trkpt lat="35.97227789461612701416015625" lon="-81.11138890497386455535888671875">
        <ele>515</ele>
        <time>2026-03-30T20:49:07.000Z</time>
        <extensions>
          <ns3:TrackPointExtension>
            <ns3:hr>122</ns3:hr>
            <ns3:cad>0</ns3:cad>
          </ns3:TrackPointExtension>
        </extensions>
      </trkpt>
      <trkpt lat="35.97227521240711212158203125" lon="-81.111370883882045745849609375">
        <ele>515.20001220703125</ele>
        <time>2026-03-30T20:49:09.000Z</time>
        <extensions>
          <ns3:TrackPointExtension>
            <ns3:hr>120</ns3:hr>
            <ns3:cad>0</ns3:cad>
          </ns3:TrackPointExtension>
        </extensions>
      </trkpt>
      <trkpt lat="35.972264148294925689697265625" lon="-81.1113492585718631744384765625">
        <ele>515.5999755859375</ele>
        <time>2026-03-30T20:49:13.000Z</time>
        <extensions>
          <ns3:TrackPointExtension>
            <ns3:hr>121</ns3:hr>
            <ns3:cad>0</ns3:cad>
          </ns3:TrackPointExtension>
        </extensions>
      </trkpt>
      <trkpt lat="35.972258113324642181396484375" lon="-81.1113417148590087890625">
        <ele>515.79998779296875</ele>
        <time>2026-03-30T20:49:15.000Z</time>
        <extensions>
          <ns3:TrackPointExtension>
            <ns3:hr>125</ns3:hr>
            <ns3:cad>0</ns3:cad>
          </ns3:TrackPointExtension>
        </extensions>
      </trkpt>
      <trkpt lat="35.97225434146821498870849609375" lon="-81.11133727245032787322998046875">
        <ele>516</ele>
        <time>2026-03-30T20:49:16.000Z</time>
        <extensions>
          <ns3:TrackPointExtension>
            <ns3:hr>125</ns3:hr>
            <ns3:cad>0</ns3:cad>
          </ns3:TrackPointExtension>
        </extensions>
      </trkpt>
      <trkpt lat="35.9722555987536907196044921875" lon="-81.11133878119289875030517578125">
        <ele>516.4000244140625</ele>
        <time>2026-03-30T20:49:21.000Z</time>
        <extensions>
          <ns3:TrackPointExtension>
            <ns3:hr>122</ns3:hr>
            <ns3:cad>0</ns3:cad>
          </ns3:TrackPointExtension>
        </extensions>
      </trkpt>
      <trkpt lat="35.9722555987536907196044921875" lon="-81.11133878119289875030517578125">
        <ele>516.20001220703125</ele>
        <time>2026-03-30T20:49:28.000Z</time>
        <extensions>
          <ns3:TrackPointExtension>
            <ns3:hr>121</ns3:hr>
            <ns3:cad>0</ns3:cad>
          </ns3:TrackPointExtension>
        </extensions>
      </trkpt>
      <trkpt lat="35.9722555987536907196044921875" lon="-81.11133878119289875030517578125">
        <ele>515.79998779296875</ele>
        <time>2026-03-30T20:49:42.000Z</time>
        <extensions>
          <ns3:TrackPointExtension>
            <ns3:hr>122</ns3:hr>
            <ns3:cad>0</ns3:cad>
          </ns3:TrackPointExtension>
        </extensions>
      </trkpt>
      <trkpt lat="35.9722555987536907196044921875" lon="-81.11133878119289875030517578125">
        <ele>515.5999755859375</ele>
        <time>2026-03-30T20:49:54.000Z</time>
        <extensions>
          <ns3:TrackPointExtension>
            <ns3:hr>119</ns3:hr>
            <ns3:cad>0</ns3:cad>
          </ns3:TrackPointExtension>
        </extensions>
      </trkpt>
      <trkpt lat="35.9722555987536907196044921875" lon="-81.11133878119289875030517578125">
        <ele>515.5999755859375</ele>
        <time>2026-03-30T20:49:58.000Z</time>
        <extensions>
          <ns3:TrackPointExtension>
            <ns3:hr>116</ns3:hr>
            <ns3:cad>0</ns3:cad>
          </ns3:TrackPointExtension>
        </extensions>
      </trkpt>
      <trkpt lat="35.9722555987536907196044921875" lon="-81.11133878119289875030517578125">
        <ele>515.4000244140625</ele>
        <time>2026-03-30T20:50:01.000Z</time>
        <extensions>
          <ns3:TrackPointExtension>
            <ns3:hr>114</ns3:hr>
            <ns3:cad>0</ns3:cad>
          </ns3:TrackPointExtension>
        </extensions>
      </trkpt>
      <trkpt lat="35.9722555987536907196044921875" lon="-81.11133878119289875030517578125">
        <ele>515.20001220703125</ele>
        <time>2026-03-30T20:50:09.000Z</time>
        <extensions>
          <ns3:TrackPointExtension>
            <ns3:hr>111</ns3:hr>
            <ns3:cad>0</ns3:cad>
          </ns3:TrackPointExtension>
        </extensions>
      </trkpt>
      <trkpt lat="35.9722555987536907196044921875" lon="-81.11133878119289875030517578125">
        <ele>514.79998779296875</ele>
        <time>2026-03-30T20:50:21.000Z</time>
        <extensions>
          <ns3:TrackPointExtension>
            <ns3:hr>112</ns3:hr>
            <ns3:cad>0</ns3:cad>
          </ns3:TrackPointExtension>
        </extensions>
      </trkpt>
      <trkpt lat="35.9722555987536907196044921875" lon="-81.11133878119289875030517578125">
        <ele>514.79998779296875</ele>
        <time>2026-03-30T20:50:26.000Z</time>
        <extensions>
          <ns3:TrackPointExtension>
            <ns3:hr>106</ns3:hr>
            <ns3:cad>0</ns3:cad>
          </ns3:TrackPointExtension>
        </extensions>
      </trkpt>
      <trkpt lat="35.9722555987536907196044921875" lon="-81.11133878119289875030517578125">
        <ele>515</ele>
        <time>2026-03-30T20:50:33.000Z</time>
        <extensions>
          <ns3:TrackPointExtension>
            <ns3:hr>102</ns3:hr>
            <ns3:cad>0</ns3:cad>
          </ns3:TrackPointExtension>
        </extensions>
      </trkpt>
      <trkpt lat="35.9722555987536907196044921875" lon="-81.11133878119289875030517578125">
        <ele>515</ele>
        <time>2026-03-30T20:50:34.000Z</time>
        <extensions>
          <ns3:TrackPointExtension>
            <ns3:hr>98</ns3:hr>
            <ns3:cad>0</ns3:cad>
          </ns3:TrackPointExtension>
        </extensions>
      </trkpt>
      <trkpt lat="35.9722555987536907196044921875" lon="-81.11133878119289875030517578125">
        <ele>515</ele>
        <time>2026-03-30T20:50:36.000Z</time>
        <extensions>
          <ns3:TrackPointExtension>
            <ns3:hr>95</ns3:hr>
            <ns3:cad>0</ns3:cad>
          </ns3:TrackPointExtension>
        </extensions>
      </trkpt>
      <trkpt lat="35.9722555987536907196044921875" lon="-81.11133878119289875030517578125">
        <ele>515</ele>
        <time>2026-03-30T20:50:38.000Z</time>
        <extensions>
          <ns3:TrackPointExtension>
            <ns3:hr>99</ns3:hr>
            <ns3:cad>0</ns3:cad>
          </ns3:TrackPointExtension>
        </extensions>
      </trkpt>
      <trkpt lat="35.9722482226788997650146484375" lon="-81.1113180778920650482177734375">
        <ele>515.20001220703125</ele>
        <time>2026-03-30T20:50:41.000Z</time>
        <extensions>
          <ns3:TrackPointExtension>
            <ns3:hr>101</ns3:hr>
            <ns3:cad>0</ns3:cad>
          </ns3:TrackPointExtension>
        </extensions>
      </trkpt>
      <trkpt lat="35.9722495637834072113037109375" lon="-81.1113133840262889862060546875">
        <ele>514.79998779296875</ele>
        <time>2026-03-30T20:50:54.000Z</time>
        <extensions>
          <ns3:TrackPointExtension>
            <ns3:hr>99</ns3:hr>
            <ns3:cad>0</ns3:cad>
          </ns3:TrackPointExtension>
        </extensions>
      </trkpt>
      <trkpt lat="35.9722495637834072113037109375" lon="-81.1113133840262889862060546875">
        <ele>514.79998779296875</ele>
        <time>2026-03-30T20:51:02.000Z</time>
        <extensions>
          <ns3:TrackPointExtension>
            <ns3:hr>96</ns3:hr>
            <ns3:cad>0</ns3:cad>
          </ns3:TrackPointExtension>
        </extensions>
      </trkpt>
      <trkpt lat="35.9722495637834072113037109375" lon="-81.1113133840262889862060546875">
        <ele>514.79998779296875</ele>
        <time>2026-03-30T20:51:09.000Z</time>
        <extensions>
          <ns3:TrackPointExtension>
            <ns3:hr>99</ns3:hr>
            <ns3:cad>0</ns3:cad>
          </ns3:TrackPointExtension>
        </extensions>
      </trkpt>
      <trkpt lat="35.9722495637834072113037109375" lon="-81.1113133840262889862060546875">
        <ele>514.5999755859375</ele>
        <time>2026-03-30T20:51:11.000Z</time>
        <extensions>
          <ns3:TrackPointExtension>
            <ns3:hr>100</ns3:hr>
            <ns3:cad>0</ns3:cad>
          </ns3:TrackPointExtension>
        </extensions>
      </trkpt>
      <trkpt lat="35.9722495637834072113037109375" lon="-81.1113133840262889862060546875">
        <ele>514.5999755859375</ele>
        <time>2026-03-30T20:51:23.000Z</time>
        <extensions>
          <ns3:TrackPointExtension>
            <ns3:hr>103</ns3:hr>
            <ns3:cad>0</ns3:cad>
          </ns3:TrackPointExtension>
        </extensions>
      </trkpt>
      <trkpt lat="35.9722495637834072113037109375" lon="-81.1113133840262889862060546875">
        <ele>514.5999755859375</ele>
        <time>2026-03-30T20:51:25.000Z</time>
        <extensions>
          <ns3:TrackPointExtension>
            <ns3:hr>103</ns3:hr>
            <ns3:cad>0</ns3:cad>
          </ns3:TrackPointExtension>
        </extensions>
      </trkpt>
      <trkpt lat="35.9722559340298175811767578125" lon="-81.11132763326168060302734375">
        <ele>515</ele>
        <time>2026-03-30T20:51:31.000Z</time>
        <extensions>
          <ns3:TrackPointExtension>
            <ns3:hr>101</ns3:hr>
            <ns3:cad>0</ns3:cad>
          </ns3:TrackPointExtension>
        </extensions>
      </trkpt>
      <trkpt lat="35.97226540558040142059326171875" lon="-81.11132034100592136383056640625">
        <ele>515.20001220703125</ele>
        <time>2026-03-30T20:51:36.000Z</time>
        <extensions>
          <ns3:TrackPointExtension>
            <ns3:hr>104</ns3:hr>
            <ns3:cad>0</ns3:cad>
          </ns3:TrackPointExtension>
        </extensions>
      </trkpt>
      <trkpt lat="35.97226314246654510498046875" lon="-81.11130592413246631622314453125">
        <ele>515.5999755859375</ele>
        <time>2026-03-30T20:51:38.000Z</time>
        <extensions>
          <ns3:TrackPointExtension>
            <ns3:hr>105</ns3:hr>
            <ns3:cad>0</ns3:cad>
          </ns3:TrackPointExtension>
        </extensions>
      </trkpt>
      <trkpt lat="35.97225886769592761993408203125" lon="-81.11129620112478733062744140625">
        <ele>515.79998779296875</ele>
        <time>2026-03-30T20:51:39.000Z</time>
        <extensions>
          <ns3:TrackPointExtension>
            <ns3:hr>104</ns3:hr>
            <ns3:cad>0</ns3:cad>
          </ns3:TrackPointExtension>
        </extensions>
      </trkpt>
      <trkpt lat="35.97225333563983440399169921875" lon="-81.1113127134740352630615234375">
        <ele>516.79998779296875</ele>
        <time>2026-03-30T20:51:45.000Z</time>
        <extensions>
          <ns3:TrackPointExtension>
            <ns3:hr>104</ns3:hr>
            <ns3:cad>0</ns3:cad>
          </ns3:TrackPointExtension>
        </extensions>
      </trkpt>
      <trkpt lat="35.97226037643849849700927734375" lon="-81.1113103665411472320556640625">
        <ele>517</ele>
        <time>2026-03-30T20:51:48.000Z</time>
        <extensions>
          <ns3:TrackPointExtension>
            <ns3:hr>105</ns3:hr>
            <ns3:cad>55</ns3:cad>
          </ns3:TrackPointExtension>
        </extensions>
      </trkpt>
      <trkpt lat="35.9722904674708843231201171875" lon="-81.1112919263541698455810546875">
        <ele>517.20001220703125</ele>
        <time>2026-03-30T20:51:52.000Z</time>
        <extensions>
          <ns3:TrackPointExtension>
            <ns3:hr>106</ns3:hr>
            <ns3:cad>0</ns3:cad>
          </ns3:TrackPointExtension>
        </extensions>
      </trkpt>
      <trkpt lat="35.97229675389826297760009765625" lon="-81.1112798564136028289794921875">
        <ele>518</ele>
        <time>2026-03-30T20:51:57.000Z</time>
        <extensions>
          <ns3:TrackPointExtension>
            <ns3:hr>106</ns3:hr>
            <ns3:cad>0</ns3:cad>
          </ns3:TrackPointExtension>
        </extensions>
      </trkpt>
      <trkpt lat="35.97229893319308757781982421875" lon="-81.1112738214433193206787109375">
        <ele>518.20001220703125</ele>
        <time>2026-03-30T20:51:58.000Z</time>
        <extensions>
          <ns3:TrackPointExtension>
            <ns3:hr>106</ns3:hr>
            <ns3:cad>0</ns3:cad>
          </ns3:TrackPointExtension>
        </extensions>
      </trkpt>
      <trkpt lat="35.97231301479041576385498046875" lon="-81.1112560518085956573486328125">
        <ele>518.5999755859375</ele>
        <time>2026-03-30T20:52:02.000Z</time>
        <extensions>
          <ns3:TrackPointExtension>
            <ns3:hr>109</ns3:hr>
            <ns3:cad>45</ns3:cad>
          </ns3:TrackPointExtension>
        </extensions>
      </trkpt>
      <trkpt lat="35.9723241627216339111328125" lon="-81.11123853363096714019775390625">
        <ele>518.79998779296875</ele>
        <time>2026-03-30T20:52:04.000Z</time>
        <extensions>
          <ns3:TrackPointExtension>
            <ns3:hr>115</ns3:hr>
            <ns3:cad>0</ns3:cad>
          </ns3:TrackPointExtension>
        </extensions>
      </trkpt>
      <trkpt lat="35.97233162261545658111572265625" lon="-81.111223362386226654052734375">
        <ele>518.79998779296875</ele>
        <time>2026-03-30T20:52:06.000Z</time>
        <extensions>
          <ns3:TrackPointExtension>
            <ns3:hr>116</ns3:hr>
            <ns3:cad>0</ns3:cad>
          </ns3:TrackPointExtension>
        </extensions>
      </trkpt>
      <trkpt lat="35.97235123626887798309326171875" lon="-81.11120299436151981353759765625">
        <ele>518.79998779296875</ele>
        <time>2026-03-30T20:52:14.000Z</time>
        <extensions>
          <ns3:TrackPointExtension>
            <ns3:hr>119</ns3:hr>
            <ns3:cad>0</ns3:cad>
          </ns3:TrackPointExtension>
        </extensions>
      </trkpt>
      <trkpt lat="35.97235291264951229095458984375" lon="-81.111205257475376129150390625">
        <ele>518.79998779296875</ele>
        <time>2026-03-30T20:52:15.000Z</time>
        <extensions>
          <ns3:TrackPointExtension>
            <ns3:hr>119</ns3:hr>
            <ns3:cad>0</ns3:cad>
          </ns3:TrackPointExtension>
        </extensions>
      </trkpt>
      <trkpt lat="35.97239297814667224884033203125" lon="-81.11120265908539295196533203125">
        <ele>518.79998779296875</ele>
        <time>2026-03-30T20:52:21.000Z</time>
        <extensions>
          <ns3:TrackPointExtension>
            <ns3:hr>118</ns3:hr>
            <ns3:cad>0</ns3:cad>
          </ns3:TrackPointExtension>
        </extensions>
      </trkpt>
      <trkpt lat="35.9723997674882411956787109375" lon="-81.11118572764098644256591796875">
        <ele>519</ele>
        <time>2026-03-30T20:52:27.000Z</time>
        <extensions>
          <ns3:TrackPointExtension>
            <ns3:hr>121</ns3:hr>
            <ns3:cad>0</ns3:cad>
          </ns3:TrackPointExtension>
        </extensions>
      </trkpt>
      <trkpt lat="35.972393564879894256591796875" lon="-81.111183129251003265380859375">
        <ele>519.20001220703125</ele>
        <time>2026-03-30T20:52:28.000Z</time>
        <extensions>
          <ns3:TrackPointExtension>
            <ns3:hr>122</ns3:hr>
            <ns3:cad>0</ns3:cad>
          </ns3:TrackPointExtension>
        </extensions>
      </trkpt>
      <trkpt lat="35.97239046357572078704833984375" lon="-81.1111598275601863861083984375">
        <ele>520.20001220703125</ele>
        <time>2026-03-30T20:52:33.000Z</time>
        <extensions>
          <ns3:TrackPointExtension>
            <ns3:hr>124</ns3:hr>
            <ns3:cad>0</ns3:cad>
          </ns3:TrackPointExtension>
        </extensions>
      </trkpt>
      <trkpt lat="35.97238719463348388671875" lon="-81.11112638376653194427490234375">
        <ele>520.79998779296875</ele>
        <time>2026-03-30T20:52:37.000Z</time>
        <extensions>
          <ns3:TrackPointExtension>
            <ns3:hr>123</ns3:hr>
            <ns3:cad>0</ns3:cad>
          </ns3:TrackPointExtension>
        </extensions>
      </trkpt>
      <trkpt lat="35.9723903797566890716552734375" lon="-81.11110366880893707275390625">
        <ele>521.20001220703125</ele>
        <time>2026-03-30T20:52:39.000Z</time>
        <extensions>
          <ns3:TrackPointExtension>
            <ns3:hr>123</ns3:hr>
            <ns3:cad>0</ns3:cad>
          </ns3:TrackPointExtension>
        </extensions>
      </trkpt>
      <trkpt lat="35.97239993512630462646484375" lon="-81.11110257916152477264404296875">
        <ele>521.5999755859375</ele>
        <time>2026-03-30T20:52:41.000Z</time>
        <extensions>
          <ns3:TrackPointExtension>
            <ns3:hr>123</ns3:hr>
            <ns3:cad>75</ns3:cad>
          </ns3:TrackPointExtension>
        </extensions>
      </trkpt>
      <trkpt lat="35.9724044613540172576904296875" lon="-81.1110694706439971923828125">
        <ele>522.4000244140625</ele>
        <time>2026-03-30T20:52:45.000Z</time>
        <extensions>
          <ns3:TrackPointExtension>
            <ns3:hr>126</ns3:hr>
            <ns3:cad>74</ns3:cad>
          </ns3:TrackPointExtension>
        </extensions>
      </trkpt>
      <trkpt lat="35.97240420989692211151123046875" lon="-81.1110592447221279144287109375">
        <ele>522.4000244140625</ele>
        <time>2026-03-30T20:52:46.000Z</time>
        <extensions>
          <ns3:TrackPointExtension>
            <ns3:hr>128</ns3:hr>
            <ns3:cad>74</ns3:cad>
          </ns3:TrackPointExtension>
        </extensions>
      </trkpt>
      <trkpt lat="35.9723980911076068878173828125" lon="-81.11100702546536922454833984375">
        <ele>523</ele>
        <time>2026-03-30T20:52:50.000Z</time>
        <extensions>
          <ns3:TrackPointExtension>
            <ns3:hr>131</ns3:hr>
            <ns3:cad>44</ns3:cad>
          </ns3:TrackPointExtension>
        </extensions>
      </trkpt>
      <trkpt lat="35.97239331342279911041259765625" lon="-81.1109890043735504150390625">
        <ele>523.4000244140625</ele>
        <time>2026-03-30T20:52:52.000Z</time>
        <extensions>
          <ns3:TrackPointExtension>
            <ns3:hr>132</ns3:hr>
            <ns3:cad>43</ns3:cad>
          </ns3:TrackPointExtension>
        </extensions>
      </trkpt>
      <trkpt lat="35.97238518297672271728515625" lon="-81.11098204739391803741455078125">
        <ele>523.4000244140625</ele>
        <time>2026-03-30T20:52:53.000Z</time>
        <extensions>
          <ns3:TrackPointExtension>
            <ns3:hr>132</ns3:hr>
            <ns3:cad>43</ns3:cad>
          </ns3:TrackPointExtension>
        </extensions>
      </trkpt>
      <trkpt lat="35.97237923182547092437744140625" lon="-81.11098020337522029876708984375">
        <ele>523.5999755859375</ele>
        <time>2026-03-30T20:52:54.000Z</time>
        <extensions>
          <ns3:TrackPointExtension>
            <ns3:hr>133</ns3:hr>
            <ns3:cad>79</ns3:cad>
          </ns3:TrackPointExtension>
        </extensions>
      </trkpt>
      <trkpt lat="35.97236129455268383026123046875" lon="-81.1109844781458377838134765625">
        <ele>524</ele>
        <time>2026-03-30T20:52:56.000Z</time>
        <extensions>
          <ns3:TrackPointExtension>
            <ns3:hr>133</ns3:hr>
            <ns3:cad>79</ns3:cad>
          </ns3:TrackPointExtension>
        </extensions>
      </trkpt>
      <trkpt lat="35.97231485880911350250244140625" lon="-81.11100467853248119354248046875">
        <ele>524.4000244140625</ele>
        <time>2026-03-30T20:53:00.000Z</time>
        <extensions>
          <ns3:TrackPointExtension>
            <ns3:hr>134</ns3:hr>
            <ns3:cad>0</ns3:cad>
          </ns3:TrackPointExtension>
        </extensions>
      </trkpt>
      <trkpt lat="35.97228619270026683807373046875" lon="-81.11101758666336536407470703125">
        <ele>525</ele>
        <time>2026-03-30T20:53:07.000Z</time>
        <extensions>
          <ns3:TrackPointExtension>
            <ns3:hr>133</ns3:hr>
            <ns3:cad>0</ns3:cad>
          </ns3:TrackPointExtension>
        </extensions>
      </trkpt>
      <trkpt lat="35.97227529622614383697509765625" lon="-81.11102110706269741058349609375">
        <ele>525.4000244140625</ele>
        <time>2026-03-30T20:53:09.000Z</time>
        <extensions>
          <ns3:TrackPointExtension>
            <ns3:hr>132</ns3:hr>
            <ns3:cad>0</ns3:cad>
          </ns3:TrackPointExtension>
        </extensions>
      </trkpt>
      <trkpt lat="35.97228669561445713043212890625" lon="-81.11100333742797374725341796875">
        <ele>526.5999755859375</ele>
        <time>2026-03-30T20:53:15.000Z</time>
        <extensions>
          <ns3:TrackPointExtension>
            <ns3:hr>130</ns3:hr>
            <ns3:cad>0</ns3:cad>
          </ns3:TrackPointExtension>
        </extensions>
      </trkpt>
      <trkpt lat="35.97229457460343837738037109375" lon="-81.11099562607705593109130859375">
        <ele>526.5999755859375</ele>
        <time>2026-03-30T20:53:16.000Z</time>
        <extensions>
          <ns3:TrackPointExtension>
            <ns3:hr>130</ns3:hr>
            <ns3:cad>79</ns3:cad>
          </ns3:TrackPointExtension>
        </extensions>
      </trkpt>
      <trkpt lat="35.97232961095869541168212890625" lon="-81.1109321750700473785400390625">
        <ele>527.4000244140625</ele>
        <time>2026-03-30T20:53:23.000Z</time>
        <extensions>
          <ns3:TrackPointExtension>
            <ns3:hr>131</ns3:hr>
            <ns3:cad>40</ns3:cad>
          </ns3:TrackPointExtension>
        </extensions>
      </trkpt>
      <trkpt lat="35.9723323769867420196533203125" lon="-81.11091281287372112274169921875">
        <ele>527.5999755859375</ele>
        <time>2026-03-30T20:53:28.000Z</time>
        <extensions>
          <ns3:TrackPointExtension>
            <ns3:hr>132</ns3:hr>
            <ns3:cad>0</ns3:cad>
          </ns3:TrackPointExtension>
        </extensions>
      </trkpt>
      <trkpt lat="35.97233145497739315032958984375" lon="-81.1109211109578609466552734375">
        <ele>527.5999755859375</ele>
        <time>2026-03-30T20:53:31.000Z</time>
        <extensions>
          <ns3:TrackPointExtension>
            <ns3:hr>131</ns3:hr>
            <ns3:cad>0</ns3:cad>
          </ns3:TrackPointExtension>
        </extensions>
      </trkpt>
      <trkpt lat="35.97234872169792652130126953125" lon="-81.1108708195388317108154296875">
        <ele>527.79998779296875</ele>
        <time>2026-03-30T20:53:38.000Z</time>
        <extensions>
          <ns3:TrackPointExtension>
            <ns3:hr>129</ns3:hr>
            <ns3:cad>0</ns3:cad>
          </ns3:TrackPointExtension>
        </extensions>
      </trkpt>
      <trkpt lat="35.972349308431148529052734375" lon="-81.11083636991679668426513671875">
        <ele>528</ele>
        <time>2026-03-30T20:53:45.000Z</time>
        <extensions>
          <ns3:TrackPointExtension>
            <ns3:hr>127</ns3:hr>
            <ns3:cad>69</ns3:cad>
          </ns3:TrackPointExtension>
        </extensions>
      </trkpt>
      <trkpt lat="35.97232080996036529541015625" lon="-81.11080787144601345062255859375">
        <ele>528.5999755859375</ele>
        <time>2026-03-30T20:53:48.000Z</time>
        <extensions>
          <ns3:TrackPointExtension>
            <ns3:hr>125</ns3:hr>
            <ns3:cad>69</ns3:cad>
          </ns3:TrackPointExtension>
        </extensions>
      </trkpt>
      <trkpt lat="35.97232257016003131866455078125" lon="-81.11077920533716678619384765625">
        <ele>529.20001220703125</ele>
        <time>2026-03-30T20:53:52.000Z</time>
        <extensions>
          <ns3:TrackPointExtension>
            <ns3:hr>123</ns3:hr>
            <ns3:cad>42</ns3:cad>
          </ns3:TrackPointExtension>
        </extensions>
      </trkpt>
      <trkpt lat="35.97233078442513942718505859375" lon="-81.11077417619526386260986328125">
        <ele>529.4000244140625</ele>
        <time>2026-03-30T20:53:53.000Z</time>
        <extensions>
          <ns3:TrackPointExtension>
            <ns3:hr>122</ns3:hr>
            <ns3:cad>42</ns3:cad>
          </ns3:TrackPointExtension>
        </extensions>
      </trkpt>
      <trkpt lat="35.97235542722046375274658203125" lon="-81.11071734689176082611083984375">
        <ele>529.5999755859375</ele>
        <time>2026-03-30T20:54:00.000Z</time>
        <extensions>
          <ns3:TrackPointExtension>
            <ns3:hr>122</ns3:hr>
            <ns3:cad>42</ns3:cad>
          </ns3:TrackPointExtension>
        </extensions>
      </trkpt>
      <trkpt lat="35.9723575226962566375732421875" lon="-81.1107075400650501251220703125">
        <ele>529.79998779296875</ele>
        <time>2026-03-30T20:54:01.000Z</time>
        <extensions>
          <ns3:TrackPointExtension>
            <ns3:hr>122</ns3:hr>
            <ns3:cad>0</ns3:cad>
          </ns3:TrackPointExtension>
        </extensions>
      </trkpt>
      <trkpt lat="35.97237185575067996978759765625" lon="-81.1106609366834163665771484375">
        <ele>530.5999755859375</ele>
        <time>2026-03-30T20:54:07.000Z</time>
        <extensions>
          <ns3:TrackPointExtension>
            <ns3:hr>121</ns3:hr>
            <ns3:cad>68</ns3:cad>
          </ns3:TrackPointExtension>
        </extensions>
      </trkpt>
      <trkpt lat="35.97240420989692211151123046875" lon="-81.11062095500528812408447265625">
        <ele>530.79998779296875</ele>
        <time>2026-03-30T20:54:13.000Z</time>
        <extensions>
          <ns3:TrackPointExtension>
            <ns3:hr>120</ns3:hr>
            <ns3:cad>0</ns3:cad>
          </ns3:TrackPointExtension>
        </extensions>
      </trkpt>
      <trkpt lat="35.97241762094199657440185546875" lon="-81.110565550625324249267578125">
        <ele>531.20001220703125</ele>
        <time>2026-03-30T20:54:18.000Z</time>
        <extensions>
          <ns3:TrackPointExtension>
            <ns3:hr>124</ns3:hr>
            <ns3:cad>44</ns3:cad>
          </ns3:TrackPointExtension>
        </extensions>
      </trkpt>
      <trkpt lat="35.972416363656520843505859375" lon="-81.1105516366660594940185546875">
        <ele>531.5999755859375</ele>
        <time>2026-03-30T20:54:20.000Z</time>
        <extensions>
          <ns3:TrackPointExtension>
            <ns3:hr>127</ns3:hr>
            <ns3:cad>45</ns3:cad>
          </ns3:TrackPointExtension>
        </extensions>
      </trkpt>
      <trkpt lat="35.97241158597171306610107421875" lon="-81.110522635281085968017578125">
        <ele>531.79998779296875</ele>
        <time>2026-03-30T20:54:23.000Z</time>
        <extensions>
          <ns3:TrackPointExtension>
            <ns3:hr>127</ns3:hr>
            <ns3:cad>44</ns3:cad>
          </ns3:TrackPointExtension>
        </extensions>
      </trkpt>
      <trkpt lat="35.97240521572530269622802734375" lon="-81.110507212579250335693359375">
        <ele>532</ele>
        <time>2026-03-30T20:54:24.000Z</time>
        <extensions>
          <ns3:TrackPointExtension>
            <ns3:hr>123</ns3:hr>
            <ns3:cad>41</ns3:cad>
          </ns3:TrackPointExtension>
        </extensions>
      </trkpt>
      <trkpt lat="35.9723957441747188568115234375" lon="-81.11048583872616291046142578125">
        <ele>532.4000244140625</ele>
        <time>2026-03-30T20:54:26.000Z</time>
        <extensions>
          <ns3:TrackPointExtension>
            <ns3:hr>122</ns3:hr>
            <ns3:cad>41</ns3:cad>
          </ns3:TrackPointExtension>
        </extensions>
      </trkpt>
      <trkpt lat="35.97239146940410137176513671875" lon="-81.11046790145337581634521484375">
        <ele>532.79998779296875</ele>
        <time>2026-03-30T20:54:29.000Z</time>
        <extensions>
          <ns3:TrackPointExtension>
            <ns3:hr>122</ns3:hr>
            <ns3:cad>41</ns3:cad>
          </ns3:TrackPointExtension>
        </extensions>
      </trkpt>
      <trkpt lat="35.97239448688924312591552734375" lon="-81.1104547418653964996337890625">
        <ele>533.20001220703125</ele>
        <time>2026-03-30T20:54:31.000Z</time>
        <extensions>
          <ns3:TrackPointExtension>
            <ns3:hr>122</ns3:hr>
            <ns3:cad>41</ns3:cad>
          </ns3:TrackPointExtension>
        </extensions>
      </trkpt>
      <trkpt lat="35.97240337170660495758056640625" lon="-81.11045884899795055389404296875">
        <ele>533.4000244140625</ele>
        <time>2026-03-30T20:54:33.000Z</time>
        <extensions>
          <ns3:TrackPointExtension>
            <ns3:hr>120</ns3:hr>
            <ns3:cad>41</ns3:cad>
          </ns3:TrackPointExtension>
        </extensions>
      </trkpt>
      <trkpt lat="35.9724326245486736297607421875" lon="-81.11042649485170841217041015625">
        <ele>533.4000244140625</ele>
        <time>2026-03-30T20:54:37.000Z</time>
        <extensions>
          <ns3:TrackPointExtension>
            <ns3:hr>119</ns3:hr>
            <ns3:cad>80</ns3:cad>
          </ns3:TrackPointExtension>
        </extensions>
      </trkpt>
      <trkpt lat="35.97243824042379856109619140625" lon="-81.110418699681758880615234375">
        <ele>533.5999755859375</ele>
        <time>2026-03-30T20:54:39.000Z</time>
        <extensions>
          <ns3:TrackPointExtension>
            <ns3:hr>116</ns3:hr>
            <ns3:cad>79</ns3:cad>
          </ns3:TrackPointExtension>
        </extensions>
      </trkpt>
      <trkpt lat="35.972448550164699554443359375" lon="-81.110385842621326446533203125">
        <ele>534</ele>
        <time>2026-03-30T20:54:44.000Z</time>
        <extensions>
          <ns3:TrackPointExtension>
            <ns3:hr>117</ns3:hr>
            <ns3:cad>74</ns3:cad>
          </ns3:TrackPointExtension>
        </extensions>
      </trkpt>
      <trkpt lat="35.9724336303770542144775390625" lon="-81.1103732697665691375732421875">
        <ele>534</ele>
        <time>2026-03-30T20:54:51.000Z</time>
        <extensions>
          <ns3:TrackPointExtension>
            <ns3:hr>118</ns3:hr>
            <ns3:cad>0</ns3:cad>
          </ns3:TrackPointExtension>
        </extensions>
      </trkpt>
      <trkpt lat="35.97242617048323154449462890625" lon="-81.11036606132984161376953125">
        <ele>534</ele>
        <time>2026-03-30T20:54:53.000Z</time>
        <extensions>
          <ns3:TrackPointExtension>
            <ns3:hr>121</ns3:hr>
            <ns3:cad>0</ns3:cad>
          </ns3:TrackPointExtension>
        </extensions>
      </trkpt>
      <trkpt lat="35.972401611506938934326171875" lon="-81.11037410795688629150390625">
        <ele>534</ele>
        <time>2026-03-30T20:54:57.000Z</time>
        <extensions>
          <ns3:TrackPointExtension>
            <ns3:hr>120</ns3:hr>
            <ns3:cad>40</ns3:cad>
          </ns3:TrackPointExtension>
        </extensions>
      </trkpt>
      <trkpt lat="35.9724014438688755035400390625" lon="-81.11034183762967586517333984375">
        <ele>534.5999755859375</ele>
        <time>2026-03-30T20:55:03.000Z</time>
        <extensions>
          <ns3:TrackPointExtension>
            <ns3:hr>120</ns3:hr>
            <ns3:cad>0</ns3:cad>
          </ns3:TrackPointExtension>
        </extensions>
      </trkpt>
      <trkpt lat="35.97240395843982696533203125" lon="-81.11034183762967586517333984375">
        <ele>534.79998779296875</ele>
        <time>2026-03-30T20:55:13.000Z</time>
        <extensions>
          <ns3:TrackPointExtension>
            <ns3:hr>119</ns3:hr>
            <ns3:cad>0</ns3:cad>
          </ns3:TrackPointExtension>
        </extensions>
      </trkpt>
      <trkpt lat="35.97238912247121334075927734375" lon="-81.110329516232013702392578125">
        <ele>534.79998779296875</ele>
        <time>2026-03-30T20:55:22.000Z</time>
        <extensions>
          <ns3:TrackPointExtension>
            <ns3:hr>119</ns3:hr>
            <ns3:cad>0</ns3:cad>
          </ns3:TrackPointExtension>
        </extensions>
      </trkpt>
      <trkpt lat="35.9723739512264728546142578125" lon="-81.11032054759562015533447265625">
        <ele>535.20001220703125</ele>
        <time>2026-03-30T20:55:24.000Z</time>
        <extensions>
          <ns3:TrackPointExtension>
            <ns3:hr>118</ns3:hr>
            <ns3:cad>0</ns3:cad>
          </ns3:TrackPointExtension>
        </extensions>
      </trkpt>
      <trkpt lat="35.9723739512264728546142578125" lon="-81.11029875464737415313720703125">
        <ele>535.5999755859375</ele>
        <time>2026-03-30T20:55:27.000Z</time>
        <extensions>
          <ns3:TrackPointExtension>
            <ns3:hr>114</ns3:hr>
            <ns3:cad>79</ns3:cad>
          </ns3:TrackPointExtension>
        </extensions>
      </trkpt>
      <trkpt lat="35.97236263565719127655029296875" lon="-81.11028349958360195159912109375">
        <ele>535.79998779296875</ele>
        <time>2026-03-30T20:55:29.000Z</time>
        <extensions>
          <ns3:TrackPointExtension>
            <ns3:hr>113</ns3:hr>
            <ns3:cad>79</ns3:cad>
          </ns3:TrackPointExtension>
        </extensions>
      </trkpt>
      <trkpt lat="35.9723494760692119598388671875" lon="-81.11028215847909450531005859375">
        <ele>536.20001220703125</ele>
        <time>2026-03-30T20:55:31.000Z</time>
        <extensions>
          <ns3:TrackPointExtension>
            <ns3:hr>112</ns3:hr>
            <ns3:cad>73</ns3:cad>
          </ns3:TrackPointExtension>
        </extensions>
      </trkpt>
      <trkpt lat="35.972292982041835784912109375" lon="-81.110266149044036865234375">
        <ele>536.5999755859375</ele>
        <time>2026-03-30T20:55:37.000Z</time>
        <extensions>
          <ns3:TrackPointExtension>
            <ns3:hr>116</ns3:hr>
            <ns3:cad>0</ns3:cad>
          </ns3:TrackPointExtension>
        </extensions>
      </trkpt>
      <trkpt lat="35.97224327735602855682373046875" lon="-81.1102943122386932373046875">
        <ele>536.79998779296875</ele>
        <time>2026-03-30T20:55:43.000Z</time>
        <extensions>
          <ns3:TrackPointExtension>
            <ns3:hr>114</ns3:hr>
            <ns3:cad>0</ns3:cad>
          </ns3:TrackPointExtension>
        </extensions>
      </trkpt>
      <trkpt lat="35.97219784744083881378173828125" lon="-81.11028559505939483642578125">
        <ele>537.20001220703125</ele>
        <time>2026-03-30T20:55:49.000Z</time>
        <extensions>
          <ns3:TrackPointExtension>
            <ns3:hr>115</ns3:hr>
            <ns3:cad>0</ns3:cad>
          </ns3:TrackPointExtension>
        </extensions>
      </trkpt>
      <trkpt lat="35.97212911583483219146728515625" lon="-81.11029070802032947540283203125">
        <ele>538</ele>
        <time>2026-03-30T20:55:56.000Z</time>
        <extensions>
          <ns3:TrackPointExtension>
            <ns3:hr>115</ns3:hr>
            <ns3:cad>74</ns3:cad>
          </ns3:TrackPointExtension>
        </extensions>
      </trkpt>
      <trkpt lat="35.9721157886087894439697265625" lon="-81.11029288731515407562255859375">
        <ele>538.20001220703125</ele>
        <time>2026-03-30T20:55:58.000Z</time>
        <extensions>
          <ns3:TrackPointExtension>
            <ns3:hr>115</ns3:hr>
            <ns3:cad>75</ns3:cad>
          </ns3:TrackPointExtension>
        </extensions>
      </trkpt>
      <trkpt lat="35.972104556858539581298828125" lon="-81.11028492450714111328125">
        <ele>538.4000244140625</ele>
        <time>2026-03-30T20:56:01.000Z</time>
        <extensions>
          <ns3:TrackPointExtension>
            <ns3:hr>118</ns3:hr>
            <ns3:cad>79</ns3:cad>
          </ns3:TrackPointExtension>
        </extensions>
      </trkpt>
      <trkpt lat="35.97209441475570201873779296875" lon="-81.1102777160704135894775390625">
        <ele>538.5999755859375</ele>
        <time>2026-03-30T20:56:03.000Z</time>
        <extensions>
          <ns3:TrackPointExtension>
            <ns3:hr>118</ns3:hr>
            <ns3:cad>79</ns3:cad>
          </ns3:TrackPointExtension>
        </extensions>
      </trkpt>
      <trkpt lat="35.972050242125988006591796875" lon="-81.1102941446006298065185546875">
        <ele>539</ele>
        <time>2026-03-30T20:56:09.000Z</time>
        <extensions>
          <ns3:TrackPointExtension>
            <ns3:hr>120</ns3:hr>
            <ns3:cad>78</ns3:cad>
          </ns3:TrackPointExtension>
        </extensions>
      </trkpt>
      <trkpt lat="35.97203775309026241302490234375" lon="-81.11029305495321750640869140625">
        <ele>539.20001220703125</ele>
        <time>2026-03-30T20:56:11.000Z</time>
        <extensions>
          <ns3:TrackPointExtension>
            <ns3:hr>121</ns3:hr>
            <ns3:cad>78</ns3:cad>
          </ns3:TrackPointExtension>
        </extensions>
      </trkpt>
      <trkpt lat="35.97203557379543781280517578125" lon="-81.1102790571749210357666015625">
        <ele>539.4000244140625</ele>
        <time>2026-03-30T20:56:13.000Z</time>
        <extensions>
          <ns3:TrackPointExtension>
            <ns3:hr>121</ns3:hr>
            <ns3:cad>78</ns3:cad>
          </ns3:TrackPointExtension>
        </extensions>
      </trkpt>
      <trkpt lat="35.97203792072832584381103515625" lon="-81.11026547849178314208984375">
        <ele>539.5999755859375</ele>
        <time>2026-03-30T20:56:15.000Z</time>
        <extensions>
          <ns3:TrackPointExtension>
            <ns3:hr>118</ns3:hr>
            <ns3:cad>77</ns3:cad>
          </ns3:TrackPointExtension>
        </extensions>
      </trkpt>
      <trkpt lat="35.972037501633167266845703125" lon="-81.1102532409131526947021484375">
        <ele>539.79998779296875</ele>
        <time>2026-03-30T20:56:16.000Z</time>
        <extensions>
          <ns3:TrackPointExtension>
            <ns3:hr>116</ns3:hr>
            <ns3:cad>77</ns3:cad>
          </ns3:TrackPointExtension>
        </extensions>
      </trkpt>
      <trkpt lat="35.9720195643603801727294921875" lon="-81.1102307774126529693603515625">
        <ele>540.20001220703125</ele>
        <time>2026-03-30T20:56:19.000Z</time>
        <extensions>
          <ns3:TrackPointExtension>
            <ns3:hr>114</ns3:hr>
            <ns3:cad>74</ns3:cad>
          </ns3:TrackPointExtension>
        </extensions>
      </trkpt>
      <trkpt lat="35.97198779694736003875732421875" lon="-81.11022382043302059173583984375">
        <ele>540.5999755859375</ele>
        <time>2026-03-30T20:56:22.000Z</time>
        <extensions>
          <ns3:TrackPointExtension>
            <ns3:hr>114</ns3:hr>
            <ns3:cad>76</ns3:cad>
          </ns3:TrackPointExtension>
        </extensions>
      </trkpt>
      <trkpt lat="35.971950329840183258056640625" lon="-81.11026338301599025726318359375">
        <ele>541.20001220703125</ele>
        <time>2026-03-30T20:56:28.000Z</time>
        <extensions>
          <ns3:TrackPointExtension>
            <ns3:hr>117</ns3:hr>
            <ns3:cad>0</ns3:cad>
          </ns3:TrackPointExtension>
        </extensions>
      </trkpt>
      <trkpt lat="35.97194219939410686492919921875" lon="-81.11027754843235015869140625">
        <ele>541.20001220703125</ele>
        <time>2026-03-30T20:56:29.000Z</time>
        <extensions>
          <ns3:TrackPointExtension>
            <ns3:hr>118</ns3:hr>
            <ns3:cad>0</ns3:cad>
          </ns3:TrackPointExtension>
        </extensions>
      </trkpt>
      <trkpt lat="35.9719333983957767486572265625" lon="-81.1102887801826000213623046875">
        <ele>541.20001220703125</ele>
        <time>2026-03-30T20:56:30.000Z</time>
        <extensions>
          <ns3:TrackPointExtension>
            <ns3:hr>119</ns3:hr>
            <ns3:cad>0</ns3:cad>
          </ns3:TrackPointExtension>
        </extensions>
      </trkpt>
      <trkpt lat="35.9718891419470310211181640625" lon="-81.11034569330513477325439453125">
        <ele>541.20001220703125</ele>
        <time>2026-03-30T20:56:39.000Z</time>
        <extensions>
          <ns3:TrackPointExtension>
            <ns3:hr>119</ns3:hr>
            <ns3:cad>69</ns3:cad>
          </ns3:TrackPointExtension>
        </extensions>
      </trkpt>
      <trkpt lat="35.971870534121990203857421875" lon="-81.110359691083431243896484375">
        <ele>541</ele>
        <time>2026-03-30T20:56:45.000Z</time>
        <extensions>
          <ns3:TrackPointExtension>
            <ns3:hr>118</ns3:hr>
            <ns3:cad>0</ns3:cad>
          </ns3:TrackPointExtension>
        </extensions>
      </trkpt>
      <trkpt lat="35.9718670137226581573486328125" lon="-81.1103575117886066436767578125">
        <ele>541</ele>
        <time>2026-03-30T20:56:49.000Z</time>
        <extensions>
          <ns3:TrackPointExtension>
            <ns3:hr>115</ns3:hr>
            <ns3:cad>0</ns3:cad>
          </ns3:TrackPointExtension>
        </extensions>
      </trkpt>
      <trkpt lat="35.9718613140285015106201171875" lon="-81.11036497168242931365966796875">
        <ele>541</ele>
        <time>2026-03-30T20:56:51.000Z</time>
        <extensions>
          <ns3:TrackPointExtension>
            <ns3:hr>112</ns3:hr>
            <ns3:cad>0</ns3:cad>
          </ns3:TrackPointExtension>
        </extensions>
      </trkpt>
      <trkpt lat="35.97185368649661540985107421875" lon="-81.1103715933859348297119140625">
        <ele>541.20001220703125</ele>
        <time>2026-03-30T20:56:53.000Z</time>
        <extensions>
          <ns3:TrackPointExtension>
            <ns3:hr>109</ns3:hr>
            <ns3:cad>0</ns3:cad>
          </ns3:TrackPointExtension>
        </extensions>
      </trkpt>
      <trkpt lat="35.97184882499277591705322265625" lon="-81.110378801822662353515625">
        <ele>541.20001220703125</ele>
        <time>2026-03-30T20:56:56.000Z</time>
        <extensions>
          <ns3:TrackPointExtension>
            <ns3:hr>107</ns3:hr>
            <ns3:cad>0</ns3:cad>
          </ns3:TrackPointExtension>
        </extensions>
      </trkpt>
      <trkpt lat="35.971843041479587554931640625" lon="-81.110367067158222198486328125">
        <ele>541.20001220703125</ele>
        <time>2026-03-30T20:57:06.000Z</time>
        <extensions>
          <ns3:TrackPointExtension>
            <ns3:hr>109</ns3:hr>
            <ns3:cad>0</ns3:cad>
          </ns3:TrackPointExtension>
        </extensions>
      </trkpt>
      <trkpt lat="35.97183759324252605438232421875" lon="-81.1103682406246662139892578125">
        <ele>541.4000244140625</ele>
        <time>2026-03-30T20:57:07.000Z</time>
        <extensions>
          <ns3:TrackPointExtension>
            <ns3:hr>109</ns3:hr>
            <ns3:cad>0</ns3:cad>
          </ns3:TrackPointExtension>
        </extensions>
      </trkpt>
      <trkpt lat="35.9718308039009571075439453125" lon="-81.110391207039356231689453125">
        <ele>541.5999755859375</ele>
        <time>2026-03-30T20:57:10.000Z</time>
        <extensions>
          <ns3:TrackPointExtension>
            <ns3:hr>112</ns3:hr>
            <ns3:cad>0</ns3:cad>
          </ns3:TrackPointExtension>
        </extensions>
      </trkpt>
      <trkpt lat="35.9718386828899383544921875" lon="-81.11041358672082424163818359375">
        <ele>541.5999755859375</ele>
        <time>2026-03-30T20:57:13.000Z</time>
        <extensions>
          <ns3:TrackPointExtension>
            <ns3:hr>111</ns3:hr>
            <ns3:cad>0</ns3:cad>
          </ns3:TrackPointExtension>
        </extensions>
      </trkpt>
      <trkpt lat="35.971858799457550048828125" lon="-81.110446192324161529541015625">
        <ele>541</ele>
        <time>2026-03-30T20:57:19.000Z</time>
        <extensions>
          <ns3:TrackPointExtension>
            <ns3:hr>109</ns3:hr>
            <ns3:cad>0</ns3:cad>
          </ns3:TrackPointExtension>
        </extensions>
      </trkpt>
      <trkpt lat="35.9718582965433597564697265625" lon="-81.11045583151280879974365234375">
        <ele>540.79998779296875</ele>
        <time>2026-03-30T20:57:21.000Z</time>
        <extensions>
          <ns3:TrackPointExtension>
            <ns3:hr>104</ns3:hr>
            <ns3:cad>0</ns3:cad>
          </ns3:TrackPointExtension>
        </extensions>
      </trkpt>
      <trkpt lat="35.971863828599452972412109375" lon="-81.110476367175579071044921875">
        <ele>540.4000244140625</ele>
        <time>2026-03-30T20:57:29.000Z</time>
        <extensions>
          <ns3:TrackPointExtension>
            <ns3:hr>104</ns3:hr>
            <ns3:cad>0</ns3:cad>
          </ns3:TrackPointExtension>
        </extensions>
      </trkpt>
      <trkpt lat="35.97186391241848468780517578125" lon="-81.11047628335654735565185546875">
        <ele>540.20001220703125</ele>
        <time>2026-03-30T20:57:34.000Z</time>
        <extensions>
          <ns3:TrackPointExtension>
            <ns3:hr>104</ns3:hr>
            <ns3:cad>0</ns3:cad>
          </ns3:TrackPointExtension>
        </extensions>
      </trkpt>
      <trkpt lat="35.97186391241848468780517578125" lon="-81.11047628335654735565185546875">
        <ele>539.4000244140625</ele>
        <time>2026-03-30T20:57:44.000Z</time>
        <extensions>
          <ns3:TrackPointExtension>
            <ns3:hr>105</ns3:hr>
            <ns3:cad>0</ns3:cad>
          </ns3:TrackPointExtension>
        </extensions>
      </trkpt>
      <trkpt lat="35.97182803787291049957275390625" lon="-81.1104668118059635162353515625">
        <ele>539.20001220703125</ele>
        <time>2026-03-30T20:57:56.000Z</time>
        <extensions>
          <ns3:TrackPointExtension>
            <ns3:hr>103</ns3:hr>
            <ns3:cad>0</ns3:cad>
          </ns3:TrackPointExtension>
        </extensions>
      </trkpt>
      <trkpt lat="35.97181119024753570556640625" lon="-81.11045532859861850738525390625">
        <ele>539.20001220703125</ele>
        <time>2026-03-30T20:57:58.000Z</time>
        <extensions>
          <ns3:TrackPointExtension>
            <ns3:hr>103</ns3:hr>
            <ns3:cad>0</ns3:cad>
          </ns3:TrackPointExtension>
        </extensions>
      </trkpt>
      <trkpt lat="35.97176022827625274658203125" lon="-81.11044652760028839111328125">
        <ele>540.20001220703125</ele>
        <time>2026-03-30T20:58:06.000Z</time>
        <extensions>
          <ns3:TrackPointExtension>
            <ns3:hr>105</ns3:hr>
            <ns3:cad>0</ns3:cad>
          </ns3:TrackPointExtension>
        </extensions>
      </trkpt>
      <trkpt lat="35.97175260074436664581298828125" lon="-81.11045658588409423828125">
        <ele>540.20001220703125</ele>
        <time>2026-03-30T20:58:07.000Z</time>
        <extensions>
          <ns3:TrackPointExtension>
            <ns3:hr>106</ns3:hr>
            <ns3:cad>0</ns3:cad>
          </ns3:TrackPointExtension>
        </extensions>
      </trkpt>
      <trkpt lat="35.97174346446990966796875" lon="-81.1104550771415233612060546875">
        <ele>541</ele>
        <time>2026-03-30T20:58:15.000Z</time>
        <extensions>
          <ns3:TrackPointExtension>
            <ns3:hr>107</ns3:hr>
            <ns3:cad>0</ns3:cad>
          </ns3:TrackPointExtension>
        </extensions>
      </trkpt>
      <trkpt lat="35.971723683178424835205078125" lon="-81.11043035052716732025146484375">
        <ele>541.20001220703125</ele>
        <time>2026-03-30T20:58:19.000Z</time>
        <extensions>
          <ns3:TrackPointExtension>
            <ns3:hr>107</ns3:hr>
            <ns3:cad>0</ns3:cad>
          </ns3:TrackPointExtension>
        </extensions>
      </trkpt>
      <trkpt lat="35.97170063294470310211181640625" lon="-81.11039916984736919403076171875">
        <ele>541.5999755859375</ele>
        <time>2026-03-30T20:58:22.000Z</time>
        <extensions>
          <ns3:TrackPointExtension>
            <ns3:hr>104</ns3:hr>
            <ns3:cad>0</ns3:cad>
          </ns3:TrackPointExtension>
        </extensions>
      </trkpt>
      <trkpt lat="35.97167716361582279205322265625" lon="-81.11034619621932506561279296875">
        <ele>542.20001220703125</ele>
        <time>2026-03-30T20:58:29.000Z</time>
        <extensions>
          <ns3:TrackPointExtension>
            <ns3:hr>103</ns3:hr>
            <ns3:cad>77</ns3:cad>
          </ns3:TrackPointExtension>
        </extensions>
      </trkpt>
      <trkpt lat="35.9716541133821010589599609375" lon="-81.11032289452850818634033203125">
        <ele>542.20001220703125</ele>
        <time>2026-03-30T20:58:32.000Z</time>
        <extensions>
          <ns3:TrackPointExtension>
            <ns3:hr>103</ns3:hr>
            <ns3:cad>74</ns3:cad>
          </ns3:TrackPointExtension>
        </extensions>
      </trkpt>
      <trkpt lat="35.971638523042201995849609375" lon="-81.110312081873416900634765625">
        <ele>542.4000244140625</ele>
        <time>2026-03-30T20:58:34.000Z</time>
        <extensions>
          <ns3:TrackPointExtension>
            <ns3:hr>103</ns3:hr>
            <ns3:cad>73</ns3:cad>
          </ns3:TrackPointExtension>
        </extensions>
      </trkpt>
      <trkpt lat="35.9716152213513851165771484375" lon="-81.11028634943068027496337890625">
        <ele>543.20001220703125</ele>
        <time>2026-03-30T20:58:39.000Z</time>
        <extensions>
          <ns3:TrackPointExtension>
            <ns3:hr>106</ns3:hr>
            <ns3:cad>59</ns3:cad>
          </ns3:TrackPointExtension>
        </extensions>
      </trkpt>
      <trkpt lat="35.9716038219630718231201171875" lon="-81.110280565917491912841796875">
        <ele>543.20001220703125</ele>
        <time>2026-03-30T20:58:41.000Z</time>
        <extensions>
          <ns3:TrackPointExtension>
            <ns3:hr>109</ns3:hr>
            <ns3:cad>57</ns3:cad>
          </ns3:TrackPointExtension>
        </extensions>
      </trkpt>
      <trkpt lat="35.97159787081182003021240234375" lon="-81.11028115265071392059326171875">
        <ele>543.20001220703125</ele>
        <time>2026-03-30T20:58:42.000Z</time>
        <extensions>
          <ns3:TrackPointExtension>
            <ns3:hr>110</ns3:hr>
            <ns3:cad>57</ns3:cad>
          </ns3:TrackPointExtension>
        </extensions>
      </trkpt>
      <trkpt lat="35.97156551666557788848876953125" lon="-81.110275872051715850830078125">
        <ele>543.4000244140625</ele>
        <time>2026-03-30T20:58:45.000Z</time>
        <extensions>
          <ns3:TrackPointExtension>
            <ns3:hr>111</ns3:hr>
            <ns3:cad>60</ns3:cad>
          </ns3:TrackPointExtension>
        </extensions>
      </trkpt>
      <trkpt lat="35.97155193798243999481201171875" lon="-81.11023773439228534698486328125">
        <ele>544.4000244140625</ele>
        <time>2026-03-30T20:58:52.000Z</time>
        <extensions>
          <ns3:TrackPointExtension>
            <ns3:hr>113</ns3:hr>
            <ns3:cad>0</ns3:cad>
          </ns3:TrackPointExtension>
        </extensions>
      </trkpt>
      <trkpt lat="35.97155344672501087188720703125" lon="-81.11023060977458953857421875">
        <ele>544.4000244140625</ele>
        <time>2026-03-30T20:58:53.000Z</time>
        <extensions>
          <ns3:TrackPointExtension>
            <ns3:hr>114</ns3:hr>
            <ns3:cad>0</ns3:cad>
          </ns3:TrackPointExtension>
        </extensions>
      </trkpt>
      <trkpt lat="35.9715136326849460601806640625" lon="-81.11019297502934932708740234375">
        <ele>544.5999755859375</ele>
        <time>2026-03-30T20:58:59.000Z</time>
        <extensions>
          <ns3:TrackPointExtension>
            <ns3:hr>113</ns3:hr>
            <ns3:cad>57</ns3:cad>
          </ns3:TrackPointExtension>
        </extensions>
      </trkpt>
      <trkpt lat="35.97152997739613056182861328125" lon="-81.110177971422672271728515625">
        <ele>545.20001220703125</ele>
        <time>2026-03-30T20:59:06.000Z</time>
        <extensions>
          <ns3:TrackPointExtension>
            <ns3:hr>114</ns3:hr>
            <ns3:cad>0</ns3:cad>
          </ns3:TrackPointExtension>
        </extensions>
      </trkpt>
      <trkpt lat="35.97151354886591434478759765625" lon="-81.110149137675762176513671875">
        <ele>545.20001220703125</ele>
        <time>2026-03-30T20:59:14.000Z</time>
        <extensions>
          <ns3:TrackPointExtension>
            <ns3:hr>116</ns3:hr>
            <ns3:cad>57</ns3:cad>
          </ns3:TrackPointExtension>
        </extensions>
      </trkpt>
      <trkpt lat="35.971456132829189300537109375" lon="-81.11012734472751617431640625">
        <ele>545.20001220703125</ele>
        <time>2026-03-30T20:59:19.000Z</time>
        <extensions>
          <ns3:TrackPointExtension>
            <ns3:hr>118</ns3:hr>
            <ns3:cad>0</ns3:cad>
          </ns3:TrackPointExtension>
        </extensions>
      </trkpt>
      <trkpt lat="35.97143777646124362945556640625" lon="-81.110107898712158203125">
        <ele>545.5999755859375</ele>
        <time>2026-03-30T20:59:23.000Z</time>
        <extensions>
          <ns3:TrackPointExtension>
            <ns3:hr>118</ns3:hr>
            <ns3:cad>70</ns3:cad>
          </ns3:TrackPointExtension>
        </extensions>
      </trkpt>
      <trkpt lat="35.9714120440185070037841796875" lon="-81.11008451320230960845947265625">
        <ele>545.79998779296875</ele>
        <time>2026-03-30T20:59:27.000Z</time>
        <extensions>
          <ns3:TrackPointExtension>
            <ns3:hr>118</ns3:hr>
            <ns3:cad>73</ns3:cad>
          </ns3:TrackPointExtension>
        </extensions>
      </trkpt>
      <trkpt lat="35.971381366252899169921875" lon="-81.11005651764571666717529296875">
        <ele>546.20001220703125</ele>
        <time>2026-03-30T20:59:34.000Z</time>
        <extensions>
          <ns3:TrackPointExtension>
            <ns3:hr>115</ns3:hr>
            <ns3:cad>0</ns3:cad>
          </ns3:TrackPointExtension>
        </extensions>
      </trkpt>
      <trkpt lat="35.9713805280625820159912109375" lon="-81.11005618236958980560302734375">
        <ele>546.20001220703125</ele>
        <time>2026-03-30T20:59:35.000Z</time>
        <extensions>
          <ns3:TrackPointExtension>
            <ns3:hr>115</ns3:hr>
            <ns3:cad>0</ns3:cad>
          </ns3:TrackPointExtension>
        </extensions>
      </trkpt>
      <trkpt lat="35.9713372774422168731689453125" lon="-81.110047884285449981689453125">
        <ele>546.20001220703125</ele>
        <time>2026-03-30T20:59:42.000Z</time>
        <extensions>
          <ns3:TrackPointExtension>
            <ns3:hr>115</ns3:hr>
            <ns3:cad>0</ns3:cad>
          </ns3:TrackPointExtension>
        </extensions>
      </trkpt>
      <trkpt lat="35.971334762871265411376953125" lon="-81.1100373230874538421630859375">
        <ele>546</ele>
        <time>2026-03-30T20:59:46.000Z</time>
        <extensions>
          <ns3:TrackPointExtension>
            <ns3:hr>111</ns3:hr>
            <ns3:cad>0</ns3:cad>
          </ns3:TrackPointExtension>
        </extensions>
      </trkpt>
      <trkpt lat="35.9713252075016498565673828125" lon="-81.11003086902201175689697265625">
        <ele>546.20001220703125</ele>
        <time>2026-03-30T20:59:50.000Z</time>
        <extensions>
          <ns3:TrackPointExtension>
            <ns3:hr>109</ns3:hr>
            <ns3:cad>0</ns3:cad>
          </ns3:TrackPointExtension>
        </extensions>
      </trkpt>
      <trkpt lat="35.97129997797310352325439453125" lon="-81.1100282706320285797119140625">
        <ele>546</ele>
        <time>2026-03-30T20:59:55.000Z</time>
        <extensions>
          <ns3:TrackPointExtension>
            <ns3:hr>110</ns3:hr>
            <ns3:cad>0</ns3:cad>
          </ns3:TrackPointExtension>
        </extensions>
      </trkpt>
      <trkpt lat="35.97133115865290164947509765625" lon="-81.11002768389880657196044921875">
        <ele>545.79998779296875</ele>
        <time>2026-03-30T21:00:02.000Z</time>
        <extensions>
          <ns3:TrackPointExtension>
            <ns3:hr>108</ns3:hr>
            <ns3:cad>61</ns3:cad>
          </ns3:TrackPointExtension>
        </extensions>
      </trkpt>
      <trkpt lat="35.9713392890989780426025390625" lon="-81.11005551181733608245849609375">
        <ele>545.79998779296875</ele>
        <time>2026-03-30T21:00:09.000Z</time>
        <extensions>
          <ns3:TrackPointExtension>
            <ns3:hr>107</ns3:hr>
            <ns3:cad>0</ns3:cad>
          </ns3:TrackPointExtension>
        </extensions>
      </trkpt>
      <trkpt lat="35.9714056737720966339111328125" lon="-81.11002583988010883331298828125">
        <ele>546</ele>
        <time>2026-03-30T21:00:17.000Z</time>
        <extensions>
          <ns3:TrackPointExtension>
            <ns3:hr>105</ns3:hr>
            <ns3:cad>0</ns3:cad>
          </ns3:TrackPointExtension>
        </extensions>
      </trkpt>
      <trkpt lat="35.9714006446301937103271484375" lon="-81.10997856594622135162353515625">
        <ele>546.5999755859375</ele>
        <time>2026-03-30T21:00:22.000Z</time>
        <extensions>
          <ns3:TrackPointExtension>
            <ns3:hr>107</ns3:hr>
            <ns3:cad>0</ns3:cad>
          </ns3:TrackPointExtension>
        </extensions>
      </trkpt>
      <trkpt lat="35.97139687277376651763916015625" lon="-81.1099729500710964202880859375">
        <ele>546.5999755859375</ele>
        <time>2026-03-30T21:00:23.000Z</time>
        <extensions>
          <ns3:TrackPointExtension>
            <ns3:hr>108</ns3:hr>
            <ns3:cad>0</ns3:cad>
          </ns3:TrackPointExtension>
        </extensions>
      </trkpt>
      <trkpt lat="35.97136585973203182220458984375" lon="-81.10993145965039730072021484375">
        <ele>546.4000244140625</ele>
        <time>2026-03-30T21:00:28.000Z</time>
        <extensions>
          <ns3:TrackPointExtension>
            <ns3:hr>111</ns3:hr>
            <ns3:cad>0</ns3:cad>
          </ns3:TrackPointExtension>
        </extensions>
      </trkpt>
      <trkpt lat="35.97134876064956188201904296875" lon="-81.10990916378796100616455078125">
        <ele>546.4000244140625</ele>
        <time>2026-03-30T21:00:30.000Z</time>
        <extensions>
          <ns3:TrackPointExtension>
            <ns3:hr>110</ns3:hr>
            <ns3:cad>0</ns3:cad>
          </ns3:TrackPointExtension>
        </extensions>
      </trkpt>
      <trkpt lat="35.97131070680916309356689453125" lon="-81.10989843495190143585205078125">
        <ele>546.20001220703125</ele>
        <time>2026-03-30T21:00:37.000Z</time>
        <extensions>
          <ns3:TrackPointExtension>
            <ns3:hr>109</ns3:hr>
            <ns3:cad>0</ns3:cad>
          </ns3:TrackPointExtension>
        </extensions>
      </trkpt>
      <trkpt lat="35.97130534239113330841064453125" lon="-81.109897680580615997314453125">
        <ele>546</ele>
        <time>2026-03-30T21:00:39.000Z</time>
        <extensions>
          <ns3:TrackPointExtension>
            <ns3:hr>108</ns3:hr>
            <ns3:cad>55</ns3:cad>
          </ns3:TrackPointExtension>
        </extensions>
      </trkpt>
    </trkseg>
  </trk>
</gpx>
