<?xml version="1.0" encoding="UTF-8"?>
<gpx creator="Garmin Connect" version="1.1"
  xsi:schemaLocation="http://www.topografix.com/GPX/1/1 http://www.topografix.com/GPX/11.xsd"
  xmlns:ns3="http://www.garmin.com/xmlschemas/TrackPointExtension/v1"
  xmlns="http://www.topografix.com/GPX/1/1"
  xmlns:xsi="http://www.w3.org/2001/XMLSchema-instance" xmlns:ns2="http://www.garmin.com/xmlschemas/GpxExtensions/v3">
  <metadata>
    <link href="connect.garmin.com">
      <text>Garmin Connect</text>
    </link>
    <time>2026-03-30T22:05:23.000Z</time>
  </metadata>
  <trk>
    <name>Alexander County Hiking</name>
    <type>hiking</type>
    <trkseg>
      <trkpt lat="35.9712004847824573516845703125" lon="-81.11043177545070648193359375">
        <ele>537.5999755859375</ele>
        <time>2026-03-30T22:05:23.000Z</time>
        <extensions>
          <ns3:TrackPointExtension>
            <ns3:hr>92</ns3:hr>
            <ns3:cad>0</ns3:cad>
          </ns3:TrackPointExtension>
        </extensions>
      </trkpt>
      <trkpt lat="35.97120341844856739044189453125" lon="-81.11043579876422882080078125">
        <ele>537.5999755859375</ele>
        <time>2026-03-30T22:05:24.000Z</time>
        <extensions>
          <ns3:TrackPointExtension>
            <ns3:hr>92</ns3:hr>
            <ns3:cad>0</ns3:cad>
          </ns3:TrackPointExtension>
        </extensions>
      </trkpt>
      <trkpt lat="35.9712217748165130615234375" lon="-81.110444180667400360107421875">
        <ele>537.5999755859375</ele>
        <time>2026-03-30T22:05:28.000Z</time>
        <extensions>
          <ns3:TrackPointExtension>
            <ns3:hr>89</ns3:hr>
            <ns3:cad>0</ns3:cad>
          </ns3:TrackPointExtension>
        </extensions>
      </trkpt>
      <trkpt lat="35.97123342566192150115966796875" lon="-81.11045650206506252288818359375">
        <ele>537.5999755859375</ele>
        <time>2026-03-30T22:05:31.000Z</time>
        <extensions>
          <ns3:TrackPointExtension>
            <ns3:hr>88</ns3:hr>
            <ns3:cad>0</ns3:cad>
          </ns3:TrackPointExtension>
        </extensions>
      </trkpt>
      <trkpt lat="35.97125287167727947235107421875" lon="-81.110465638339519500732421875">
        <ele>537.5999755859375</ele>
        <time>2026-03-30T22:05:34.000Z</time>
        <extensions>
          <ns3:TrackPointExtension>
            <ns3:hr>91</ns3:hr>
            <ns3:cad>0</ns3:cad>
          </ns3:TrackPointExtension>
        </extensions>
      </trkpt>
      <trkpt lat="35.97128271125257015228271484375" lon="-81.11049078404903411865234375">
        <ele>537.4000244140625</ele>
        <time>2026-03-30T22:05:39.000Z</time>
        <extensions>
          <ns3:TrackPointExtension>
            <ns3:hr>93</ns3:hr>
            <ns3:cad>0</ns3:cad>
          </ns3:TrackPointExtension>
        </extensions>
      </trkpt>
      <trkpt lat="35.97130400128662586212158203125" lon="-81.11053395085036754608154296875">
        <ele>537.20001220703125</ele>
        <time>2026-03-30T22:05:46.000Z</time>
        <extensions>
          <ns3:TrackPointExtension>
            <ns3:hr>95</ns3:hr>
            <ns3:cad>0</ns3:cad>
          </ns3:TrackPointExtension>
        </extensions>
      </trkpt>
      <trkpt lat="35.9713071025907993316650390625" lon="-81.11054174602031707763671875">
        <ele>537.20001220703125</ele>
        <time>2026-03-30T22:05:47.000Z</time>
        <extensions>
          <ns3:TrackPointExtension>
            <ns3:hr>98</ns3:hr>
            <ns3:cad>0</ns3:cad>
          </ns3:TrackPointExtension>
        </extensions>
      </trkpt>
      <trkpt lat="35.97130835987627506256103515625" lon="-81.1105492897331714630126953125">
        <ele>537.20001220703125</ele>
        <time>2026-03-30T22:05:48.000Z</time>
        <extensions>
          <ns3:TrackPointExtension>
            <ns3:hr>98</ns3:hr>
            <ns3:cad>0</ns3:cad>
          </ns3:TrackPointExtension>
        </extensions>
      </trkpt>
      <trkpt lat="35.97131431102752685546875" lon="-81.11057535745203495025634765625">
        <ele>536.79998779296875</ele>
        <time>2026-03-30T22:05:51.000Z</time>
        <extensions>
          <ns3:TrackPointExtension>
            <ns3:hr>98</ns3:hr>
            <ns3:cad>0</ns3:cad>
          </ns3:TrackPointExtension>
        </extensions>
      </trkpt>
      <trkpt lat="35.97131338901817798614501953125" lon="-81.11061793752014636993408203125">
        <ele>536.5999755859375</ele>
        <time>2026-03-30T22:05:57.000Z</time>
        <extensions>
          <ns3:TrackPointExtension>
            <ns3:hr>97</ns3:hr>
            <ns3:cad>0</ns3:cad>
          </ns3:TrackPointExtension>
        </extensions>
      </trkpt>
      <trkpt lat="35.971307270228862762451171875" lon="-81.11064434051513671875">
        <ele>536.20001220703125</ele>
        <time>2026-03-30T22:06:00.000Z</time>
        <extensions>
          <ns3:TrackPointExtension>
            <ns3:hr>94</ns3:hr>
            <ns3:cad>0</ns3:cad>
          </ns3:TrackPointExtension>
        </extensions>
      </trkpt>
      <trkpt lat="35.9713094495236873626708984375" lon="-81.1106515489518642425537109375">
        <ele>536</ele>
        <time>2026-03-30T22:06:01.000Z</time>
        <extensions>
          <ns3:TrackPointExtension>
            <ns3:hr>94</ns3:hr>
            <ns3:cad>65</ns3:cad>
          </ns3:TrackPointExtension>
        </extensions>
      </trkpt>
      <trkpt lat="35.9713252075016498565673828125" lon="-81.11067987978458404541015625">
        <ele>535.4000244140625</ele>
        <time>2026-03-30T22:06:05.000Z</time>
        <extensions>
          <ns3:TrackPointExtension>
            <ns3:hr>94</ns3:hr>
            <ns3:cad>0</ns3:cad>
          </ns3:TrackPointExtension>
        </extensions>
      </trkpt>
      <trkpt lat="35.97132411785423755645751953125" lon="-81.1106807179749011993408203125">
        <ele>535.20001220703125</ele>
        <time>2026-03-30T22:06:08.000Z</time>
        <extensions>
          <ns3:TrackPointExtension>
            <ns3:hr>94</ns3:hr>
            <ns3:cad>0</ns3:cad>
          </ns3:TrackPointExtension>
        </extensions>
      </trkpt>
      <trkpt lat="35.97132277674973011016845703125" lon="-81.11068918369710445404052734375">
        <ele>535.4000244140625</ele>
        <time>2026-03-30T22:06:12.000Z</time>
        <extensions>
          <ns3:TrackPointExtension>
            <ns3:hr>97</ns3:hr>
            <ns3:cad>0</ns3:cad>
          </ns3:TrackPointExtension>
        </extensions>
      </trkpt>
      <trkpt lat="35.9713231958448886871337890625" lon="-81.11070460639894008636474609375">
        <ele>535.5999755859375</ele>
        <time>2026-03-30T22:06:15.000Z</time>
        <extensions>
          <ns3:TrackPointExtension>
            <ns3:hr>98</ns3:hr>
            <ns3:cad>0</ns3:cad>
          </ns3:TrackPointExtension>
        </extensions>
      </trkpt>
      <trkpt lat="35.9713473357260227203369140625" lon="-81.1107610166072845458984375">
        <ele>535.20001220703125</ele>
        <time>2026-03-30T22:06:23.000Z</time>
        <extensions>
          <ns3:TrackPointExtension>
            <ns3:hr>96</ns3:hr>
            <ns3:cad>0</ns3:cad>
          </ns3:TrackPointExtension>
        </extensions>
      </trkpt>
      <trkpt lat="35.9713523648679256439208984375" lon="-81.110788173973560333251953125">
        <ele>534.79998779296875</ele>
        <time>2026-03-30T22:06:28.000Z</time>
        <extensions>
          <ns3:TrackPointExtension>
            <ns3:hr>95</ns3:hr>
            <ns3:cad>0</ns3:cad>
          </ns3:TrackPointExtension>
        </extensions>
      </trkpt>
      <trkpt lat="35.97134943120181560516357421875" lon="-81.1107870005071163177490234375">
        <ele>534.79998779296875</ele>
        <time>2026-03-30T22:06:29.000Z</time>
        <extensions>
          <ns3:TrackPointExtension>
            <ns3:hr>95</ns3:hr>
            <ns3:cad>0</ns3:cad>
          </ns3:TrackPointExtension>
        </extensions>
      </trkpt>
      <trkpt lat="35.9713252075016498565673828125" lon="-81.110781133174896240234375">
        <ele>534.4000244140625</ele>
        <time>2026-03-30T22:06:32.000Z</time>
        <extensions>
          <ns3:TrackPointExtension>
            <ns3:hr>95</ns3:hr>
            <ns3:cad>0</ns3:cad>
          </ns3:TrackPointExtension>
        </extensions>
      </trkpt>
      <trkpt lat="35.97131355665624141693115234375" lon="-81.11078691668808460235595703125">
        <ele>534.20001220703125</ele>
        <time>2026-03-30T22:06:36.000Z</time>
        <extensions>
          <ns3:TrackPointExtension>
            <ns3:hr>96</ns3:hr>
            <ns3:cad>70</ns3:cad>
          </ns3:TrackPointExtension>
        </extensions>
      </trkpt>
      <trkpt lat="35.97131204791367053985595703125" lon="-81.1108054406940937042236328125">
        <ele>534</ele>
        <time>2026-03-30T22:06:42.000Z</time>
        <extensions>
          <ns3:TrackPointExtension>
            <ns3:hr>94</ns3:hr>
            <ns3:cad>0</ns3:cad>
          </ns3:TrackPointExtension>
        </extensions>
      </trkpt>
      <trkpt lat="35.97130291163921356201171875" lon="-81.11081667244434356689453125">
        <ele>533.79998779296875</ele>
        <time>2026-03-30T22:06:46.000Z</time>
        <extensions>
          <ns3:TrackPointExtension>
            <ns3:hr>91</ns3:hr>
            <ns3:cad>0</ns3:cad>
          </ns3:TrackPointExtension>
        </extensions>
      </trkpt>
      <trkpt lat="35.97128438763320446014404296875" lon="-81.11082740128040313720703125">
        <ele>533.79998779296875</ele>
        <time>2026-03-30T22:06:49.000Z</time>
        <extensions>
          <ns3:TrackPointExtension>
            <ns3:hr>90</ns3:hr>
            <ns3:cad>0</ns3:cad>
          </ns3:TrackPointExtension>
        </extensions>
      </trkpt>
      <trkpt lat="35.97123292274773120880126953125" lon="-81.11086620949208736419677734375">
        <ele>533.5999755859375</ele>
        <time>2026-03-30T22:06:58.000Z</time>
        <extensions>
          <ns3:TrackPointExtension>
            <ns3:hr>91</ns3:hr>
            <ns3:cad>70</ns3:cad>
          </ns3:TrackPointExtension>
        </extensions>
      </trkpt>
      <trkpt lat="35.97122336737811565399169921875" lon="-81.1108790338039398193359375">
        <ele>533.20001220703125</ele>
        <time>2026-03-30T22:07:00.000Z</time>
        <extensions>
          <ns3:TrackPointExtension>
            <ns3:hr>91</ns3:hr>
            <ns3:cad>70</ns3:cad>
          </ns3:TrackPointExtension>
        </extensions>
      </trkpt>
      <trkpt lat="35.97121180035173892974853515625" lon="-81.11092303879559040069580078125">
        <ele>532.5999755859375</ele>
        <time>2026-03-30T22:07:06.000Z</time>
        <extensions>
          <ns3:TrackPointExtension>
            <ns3:hr>91</ns3:hr>
            <ns3:cad>0</ns3:cad>
          </ns3:TrackPointExtension>
        </extensions>
      </trkpt>
      <trkpt lat="35.97118715755641460418701171875" lon="-81.1109556443989276885986328125">
        <ele>533</ele>
        <time>2026-03-30T22:07:15.000Z</time>
        <extensions>
          <ns3:TrackPointExtension>
            <ns3:hr>92</ns3:hr>
            <ns3:cad>0</ns3:cad>
          </ns3:TrackPointExtension>
        </extensions>
      </trkpt>
      <trkpt lat="35.97117810510098934173583984375" lon="-81.11098037101328372955322265625">
        <ele>532.5999755859375</ele>
        <time>2026-03-30T22:07:21.000Z</time>
        <extensions>
          <ns3:TrackPointExtension>
            <ns3:hr>89</ns3:hr>
            <ns3:cad>0</ns3:cad>
          </ns3:TrackPointExtension>
        </extensions>
      </trkpt>
      <trkpt lat="35.97118129022419452667236328125" lon="-81.11098020337522029876708984375">
        <ele>532.5999755859375</ele>
        <time>2026-03-30T22:07:22.000Z</time>
        <extensions>
          <ns3:TrackPointExtension>
            <ns3:hr>89</ns3:hr>
            <ns3:cad>0</ns3:cad>
          </ns3:TrackPointExtension>
        </extensions>
      </trkpt>
      <trkpt lat="35.9711904264986515045166015625" lon="-81.11096846871078014373779296875">
        <ele>532.20001220703125</ele>
        <time>2026-03-30T22:07:27.000Z</time>
        <extensions>
          <ns3:TrackPointExtension>
            <ns3:hr>88</ns3:hr>
            <ns3:cad>0</ns3:cad>
          </ns3:TrackPointExtension>
        </extensions>
      </trkpt>
      <trkpt lat="35.97118749283254146575927734375" lon="-81.11098322086036205291748046875">
        <ele>532</ele>
        <time>2026-03-30T22:07:31.000Z</time>
        <extensions>
          <ns3:TrackPointExtension>
            <ns3:hr>88</ns3:hr>
            <ns3:cad>0</ns3:cad>
          </ns3:TrackPointExtension>
        </extensions>
      </trkpt>
      <trkpt lat="35.97120375372469425201416015625" lon="-81.11098892055451869964599609375">
        <ele>531.79998779296875</ele>
        <time>2026-03-30T22:07:34.000Z</time>
        <extensions>
          <ns3:TrackPointExtension>
            <ns3:hr>92</ns3:hr>
            <ns3:cad>0</ns3:cad>
          </ns3:TrackPointExtension>
        </extensions>
      </trkpt>
      <trkpt lat="35.97122487612068653106689453125" lon="-81.11099394969642162322998046875">
        <ele>531.5999755859375</ele>
        <time>2026-03-30T22:07:38.000Z</time>
        <extensions>
          <ns3:TrackPointExtension>
            <ns3:hr>94</ns3:hr>
            <ns3:cad>0</ns3:cad>
          </ns3:TrackPointExtension>
        </extensions>
      </trkpt>
      <trkpt lat="35.9712608344852924346923828125" lon="-81.111002080142498016357421875">
        <ele>531.4000244140625</ele>
        <time>2026-03-30T22:07:43.000Z</time>
        <extensions>
          <ns3:TrackPointExtension>
            <ns3:hr>93</ns3:hr>
            <ns3:cad>0</ns3:cad>
          </ns3:TrackPointExtension>
        </extensions>
      </trkpt>
      <trkpt lat="35.971268378198146820068359375" lon="-81.111008785665035247802734375">
        <ele>531.20001220703125</ele>
        <time>2026-03-30T22:07:46.000Z</time>
        <extensions>
          <ns3:TrackPointExtension>
            <ns3:hr>94</ns3:hr>
            <ns3:cad>0</ns3:cad>
          </ns3:TrackPointExtension>
        </extensions>
      </trkpt>
      <trkpt lat="35.97127474844455718994140625" lon="-81.11101515591144561767578125">
        <ele>531</ele>
        <time>2026-03-30T22:07:49.000Z</time>
        <extensions>
          <ns3:TrackPointExtension>
            <ns3:hr>95</ns3:hr>
            <ns3:cad>0</ns3:cad>
          </ns3:TrackPointExtension>
        </extensions>
      </trkpt>
      <trkpt lat="35.97132244147360324859619140625" lon="-81.11101658083498477935791015625">
        <ele>530.5999755859375</ele>
        <time>2026-03-30T22:07:56.000Z</time>
        <extensions>
          <ns3:TrackPointExtension>
            <ns3:hr>94</ns3:hr>
            <ns3:cad>0</ns3:cad>
          </ns3:TrackPointExtension>
        </extensions>
      </trkpt>
      <trkpt lat="35.97132881172001361846923828125" lon="-81.11100719310343265533447265625">
        <ele>530.5999755859375</ele>
        <time>2026-03-30T22:08:02.000Z</time>
        <extensions>
          <ns3:TrackPointExtension>
            <ns3:hr>91</ns3:hr>
            <ns3:cad>0</ns3:cad>
          </ns3:TrackPointExtension>
        </extensions>
      </trkpt>
      <trkpt lat="35.97132881172001361846923828125" lon="-81.11100719310343265533447265625">
        <ele>530.5999755859375</ele>
        <time>2026-03-30T22:08:03.000Z</time>
        <extensions>
          <ns3:TrackPointExtension>
            <ns3:hr>88</ns3:hr>
            <ns3:cad>0</ns3:cad>
          </ns3:TrackPointExtension>
        </extensions>
      </trkpt>
      <trkpt lat="35.97132881172001361846923828125" lon="-81.11100719310343265533447265625">
        <ele>530.5999755859375</ele>
        <time>2026-03-30T22:08:09.000Z</time>
        <extensions>
          <ns3:TrackPointExtension>
            <ns3:hr>85</ns3:hr>
            <ns3:cad>0</ns3:cad>
          </ns3:TrackPointExtension>
        </extensions>
      </trkpt>
      <trkpt lat="35.97132881172001361846923828125" lon="-81.11100719310343265533447265625">
        <ele>530.4000244140625</ele>
        <time>2026-03-30T22:08:11.000Z</time>
        <extensions>
          <ns3:TrackPointExtension>
            <ns3:hr>85</ns3:hr>
            <ns3:cad>0</ns3:cad>
          </ns3:TrackPointExtension>
        </extensions>
      </trkpt>
      <trkpt lat="35.97132881172001361846923828125" lon="-81.11100719310343265533447265625">
        <ele>530.20001220703125</ele>
        <time>2026-03-30T22:08:14.000Z</time>
        <extensions>
          <ns3:TrackPointExtension>
            <ns3:hr>83</ns3:hr>
            <ns3:cad>0</ns3:cad>
          </ns3:TrackPointExtension>
        </extensions>
      </trkpt>
      <trkpt lat="35.97132881172001361846923828125" lon="-81.11100719310343265533447265625">
        <ele>530.79998779296875</ele>
        <time>2026-03-30T22:08:23.000Z</time>
        <extensions>
          <ns3:TrackPointExtension>
            <ns3:hr>83</ns3:hr>
            <ns3:cad>0</ns3:cad>
          </ns3:TrackPointExtension>
        </extensions>
      </trkpt>
      <trkpt lat="35.97132881172001361846923828125" lon="-81.11100719310343265533447265625">
        <ele>530.79998779296875</ele>
        <time>2026-03-30T22:08:27.000Z</time>
        <extensions>
          <ns3:TrackPointExtension>
            <ns3:hr>86</ns3:hr>
            <ns3:cad>0</ns3:cad>
          </ns3:TrackPointExtension>
        </extensions>
      </trkpt>
      <trkpt lat="35.97132881172001361846923828125" lon="-81.11100719310343265533447265625">
        <ele>530.5999755859375</ele>
        <time>2026-03-30T22:08:30.000Z</time>
        <extensions>
          <ns3:TrackPointExtension>
            <ns3:hr>89</ns3:hr>
            <ns3:cad>0</ns3:cad>
          </ns3:TrackPointExtension>
        </extensions>
      </trkpt>
      <trkpt lat="35.97132881172001361846923828125" lon="-81.11100719310343265533447265625">
        <ele>530.4000244140625</ele>
        <time>2026-03-30T22:08:40.000Z</time>
        <extensions>
          <ns3:TrackPointExtension>
            <ns3:hr>89</ns3:hr>
            <ns3:cad>0</ns3:cad>
          </ns3:TrackPointExtension>
        </extensions>
      </trkpt>
      <trkpt lat="35.97134926356375217437744140625" lon="-81.1110330931842327117919921875">
        <ele>530.4000244140625</ele>
        <time>2026-03-30T22:08:48.000Z</time>
        <extensions>
          <ns3:TrackPointExtension>
            <ns3:hr>89</ns3:hr>
            <ns3:cad>0</ns3:cad>
          </ns3:TrackPointExtension>
        </extensions>
      </trkpt>
      <trkpt lat="35.97137139178812503814697265625" lon="-81.1110481806099414825439453125">
        <ele>530.4000244140625</ele>
        <time>2026-03-30T22:08:51.000Z</time>
        <extensions>
          <ns3:TrackPointExtension>
            <ns3:hr>92</ns3:hr>
            <ns3:cad>0</ns3:cad>
          </ns3:TrackPointExtension>
        </extensions>
      </trkpt>
      <trkpt lat="35.97137725912034511566162109375" lon="-81.111079864203929901123046875">
        <ele>529.79998779296875</ele>
        <time>2026-03-30T22:08:58.000Z</time>
        <extensions>
          <ns3:TrackPointExtension>
            <ns3:hr>92</ns3:hr>
            <ns3:cad>0</ns3:cad>
          </ns3:TrackPointExtension>
        </extensions>
      </trkpt>
      <trkpt lat="35.97137692384421825408935546875" lon="-81.111089922487735748291015625">
        <ele>529.5999755859375</ele>
        <time>2026-03-30T22:08:59.000Z</time>
        <extensions>
          <ns3:TrackPointExtension>
            <ns3:hr>89</ns3:hr>
            <ns3:cad>0</ns3:cad>
          </ns3:TrackPointExtension>
        </extensions>
      </trkpt>
      <trkpt lat="35.97137541510164737701416015625" lon="-81.11110341735184192657470703125">
        <ele>529.4000244140625</ele>
        <time>2026-03-30T22:09:01.000Z</time>
        <extensions>
          <ns3:TrackPointExtension>
            <ns3:hr>86</ns3:hr>
            <ns3:cad>0</ns3:cad>
          </ns3:TrackPointExtension>
        </extensions>
      </trkpt>
      <trkpt lat="35.97137792967259883880615234375" lon="-81.111124791204929351806640625">
        <ele>529</ele>
        <time>2026-03-30T22:09:04.000Z</time>
        <extensions>
          <ns3:TrackPointExtension>
            <ns3:hr>84</ns3:hr>
            <ns3:cad>0</ns3:cad>
          </ns3:TrackPointExtension>
        </extensions>
      </trkpt>
      <trkpt lat="35.97139251418411731719970703125" lon="-81.111151278018951416015625">
        <ele>528.5999755859375</ele>
        <time>2026-03-30T22:09:07.000Z</time>
        <extensions>
          <ns3:TrackPointExtension>
            <ns3:hr>85</ns3:hr>
            <ns3:cad>0</ns3:cad>
          </ns3:TrackPointExtension>
        </extensions>
      </trkpt>
      <trkpt lat="35.9714422188699245452880859375" lon="-81.11118639819324016571044921875">
        <ele>528</ele>
        <time>2026-03-30T22:09:15.000Z</time>
        <extensions>
          <ns3:TrackPointExtension>
            <ns3:hr>85</ns3:hr>
            <ns3:cad>61</ns3:cad>
          </ns3:TrackPointExtension>
        </extensions>
      </trkpt>
      <trkpt lat="35.97145873121917247772216796875" lon="-81.11117650754749774932861328125">
        <ele>528</ele>
        <time>2026-03-30T22:09:17.000Z</time>
        <extensions>
          <ns3:TrackPointExtension>
            <ns3:hr>89</ns3:hr>
            <ns3:cad>61</ns3:cad>
          </ns3:TrackPointExtension>
        </extensions>
      </trkpt>
      <trkpt lat="35.97146426327526569366455078125" lon="-81.1111715622246265411376953125">
        <ele>528</ele>
        <time>2026-03-30T22:09:18.000Z</time>
        <extensions>
          <ns3:TrackPointExtension>
            <ns3:hr>93</ns3:hr>
            <ns3:cad>61</ns3:cad>
          </ns3:TrackPointExtension>
        </extensions>
      </trkpt>
      <trkpt lat="35.971468202769756317138671875" lon="-81.11116963438689708709716796875">
        <ele>528</ele>
        <time>2026-03-30T22:09:19.000Z</time>
        <extensions>
          <ns3:TrackPointExtension>
            <ns3:hr>93</ns3:hr>
            <ns3:cad>0</ns3:cad>
          </ns3:TrackPointExtension>
        </extensions>
      </trkpt>
      <trkpt lat="35.9714739024639129638671875" lon="-81.11117768101394176483154296875">
        <ele>528.20001220703125</ele>
        <time>2026-03-30T22:09:22.000Z</time>
        <extensions>
          <ns3:TrackPointExtension>
            <ns3:hr>94</ns3:hr>
            <ns3:cad>0</ns3:cad>
          </ns3:TrackPointExtension>
        </extensions>
      </trkpt>
      <trkpt lat="35.971505753695964813232421875" lon="-81.1111977137625217437744140625">
        <ele>528</ele>
        <time>2026-03-30T22:09:27.000Z</time>
        <extensions>
          <ns3:TrackPointExtension>
            <ns3:hr>92</ns3:hr>
            <ns3:cad>0</ns3:cad>
          </ns3:TrackPointExtension>
        </extensions>
      </trkpt>
      <trkpt lat="35.97152092494070529937744140625" lon="-81.111203916370868682861328125">
        <ele>527.5999755859375</ele>
        <time>2026-03-30T22:09:29.000Z</time>
        <extensions>
          <ns3:TrackPointExtension>
            <ns3:hr>91</ns3:hr>
            <ns3:cad>0</ns3:cad>
          </ns3:TrackPointExtension>
        </extensions>
      </trkpt>
      <trkpt lat="35.971536599099636077880859375" lon="-81.11119293607771396636962890625">
        <ele>527.20001220703125</ele>
        <time>2026-03-30T22:09:33.000Z</time>
        <extensions>
          <ns3:TrackPointExtension>
            <ns3:hr>92</ns3:hr>
            <ns3:cad>0</ns3:cad>
          </ns3:TrackPointExtension>
        </extensions>
      </trkpt>
      <trkpt lat="35.9715317375957965850830078125" lon="-81.11116996966302394866943359375">
        <ele>527.20001220703125</ele>
        <time>2026-03-30T22:09:35.000Z</time>
        <extensions>
          <ns3:TrackPointExtension>
            <ns3:hr>92</ns3:hr>
            <ns3:cad>0</ns3:cad>
          </ns3:TrackPointExtension>
        </extensions>
      </trkpt>
      <trkpt lat="35.971503742039203643798828125" lon="-81.11114214174449443817138671875">
        <ele>527.4000244140625</ele>
        <time>2026-03-30T22:09:38.000Z</time>
        <extensions>
          <ns3:TrackPointExtension>
            <ns3:hr>93</ns3:hr>
            <ns3:cad>0</ns3:cad>
          </ns3:TrackPointExtension>
        </extensions>
      </trkpt>
      <trkpt lat="35.97149091772735118865966796875" lon="-81.1111360229551792144775390625">
        <ele>527.5999755859375</ele>
        <time>2026-03-30T22:09:40.000Z</time>
        <extensions>
          <ns3:TrackPointExtension>
            <ns3:hr>96</ns3:hr>
            <ns3:cad>0</ns3:cad>
          </ns3:TrackPointExtension>
        </extensions>
      </trkpt>
      <trkpt lat="35.97148471511900424957275390625" lon="-81.11113241873681545257568359375">
        <ele>527.5999755859375</ele>
        <time>2026-03-30T22:09:41.000Z</time>
        <extensions>
          <ns3:TrackPointExtension>
            <ns3:hr>96</ns3:hr>
            <ns3:cad>0</ns3:cad>
          </ns3:TrackPointExtension>
        </extensions>
      </trkpt>
      <trkpt lat="35.9714470803737640380859375" lon="-81.11112303100526332855224609375">
        <ele>528</ele>
        <time>2026-03-30T22:09:47.000Z</time>
        <extensions>
          <ns3:TrackPointExtension>
            <ns3:hr>96</ns3:hr>
            <ns3:cad>0</ns3:cad>
          </ns3:TrackPointExtension>
        </extensions>
      </trkpt>
      <trkpt lat="35.97143844701349735260009765625" lon="-81.111126132309436798095703125">
        <ele>528.20001220703125</ele>
        <time>2026-03-30T22:09:48.000Z</time>
        <extensions>
          <ns3:TrackPointExtension>
            <ns3:hr>97</ns3:hr>
            <ns3:cad>0</ns3:cad>
          </ns3:TrackPointExtension>
        </extensions>
      </trkpt>
      <trkpt lat="35.97142034210264682769775390625" lon="-81.11112152226269245147705078125">
        <ele>528.20001220703125</ele>
        <time>2026-03-30T22:09:53.000Z</time>
        <extensions>
          <ns3:TrackPointExtension>
            <ns3:hr>99</ns3:hr>
            <ns3:cad>61</ns3:cad>
          </ns3:TrackPointExtension>
        </extensions>
      </trkpt>
      <trkpt lat="35.97141950391232967376708984375" lon="-81.111116744577884674072265625">
        <ele>528.20001220703125</ele>
        <time>2026-03-30T22:09:54.000Z</time>
        <extensions>
          <ns3:TrackPointExtension>
            <ns3:hr>100</ns3:hr>
            <ns3:cad>61</ns3:cad>
          </ns3:TrackPointExtension>
        </extensions>
      </trkpt>
      <trkpt lat="35.9713840484619140625" lon="-81.11110174097120761871337890625">
        <ele>528.4000244140625</ele>
        <time>2026-03-30T22:10:01.000Z</time>
        <extensions>
          <ns3:TrackPointExtension>
            <ns3:hr>101</ns3:hr>
            <ns3:cad>0</ns3:cad>
          </ns3:TrackPointExtension>
        </extensions>
      </trkpt>
      <trkpt lat="35.97136267460882663726806640625" lon="-81.11110073514282703399658203125">
        <ele>528.4000244140625</ele>
        <time>2026-03-30T22:10:06.000Z</time>
        <extensions>
          <ns3:TrackPointExtension>
            <ns3:hr>104</ns3:hr>
            <ns3:cad>0</ns3:cad>
          </ns3:TrackPointExtension>
        </extensions>
      </trkpt>
      <trkpt lat="35.97134716808795928955078125" lon="-81.1111112125217914581298828125">
        <ele>528.4000244140625</ele>
        <time>2026-03-30T22:10:08.000Z</time>
        <extensions>
          <ns3:TrackPointExtension>
            <ns3:hr>106</ns3:hr>
            <ns3:cad>0</ns3:cad>
          </ns3:TrackPointExtension>
        </extensions>
      </trkpt>
      <trkpt lat="35.9713409654796123504638671875" lon="-81.1111169122159481048583984375">
        <ele>528.20001220703125</ele>
        <time>2026-03-30T22:10:10.000Z</time>
        <extensions>
          <ns3:TrackPointExtension>
            <ns3:hr>107</ns3:hr>
            <ns3:cad>0</ns3:cad>
          </ns3:TrackPointExtension>
        </extensions>
      </trkpt>
      <trkpt lat="35.97133417613804340362548828125" lon="-81.111138202250003814697265625">
        <ele>528.20001220703125</ele>
        <time>2026-03-30T22:10:15.000Z</time>
        <extensions>
          <ns3:TrackPointExtension>
            <ns3:hr>107</ns3:hr>
            <ns3:cad>0</ns3:cad>
          </ns3:TrackPointExtension>
        </extensions>
      </trkpt>
      <trkpt lat="35.97130701877176761627197265625" lon="-81.1111507751047611236572265625">
        <ele>528.20001220703125</ele>
        <time>2026-03-30T22:10:21.000Z</time>
        <extensions>
          <ns3:TrackPointExtension>
            <ns3:hr>106</ns3:hr>
            <ns3:cad>77</ns3:cad>
          </ns3:TrackPointExtension>
        </extensions>
      </trkpt>
      <trkpt lat="35.97124993801116943359375" lon="-81.11115756444633007049560546875">
        <ele>528.20001220703125</ele>
        <time>2026-03-30T22:10:28.000Z</time>
        <extensions>
          <ns3:TrackPointExtension>
            <ns3:hr>106</ns3:hr>
            <ns3:cad>77</ns3:cad>
          </ns3:TrackPointExtension>
        </extensions>
      </trkpt>
      <trkpt lat="35.971232168376445770263671875" lon="-81.1111665330827236175537109375">
        <ele>528.5999755859375</ele>
        <time>2026-03-30T22:10:34.000Z</time>
        <extensions>
          <ns3:TrackPointExtension>
            <ns3:hr>103</ns3:hr>
            <ns3:cad>0</ns3:cad>
          </ns3:TrackPointExtension>
        </extensions>
      </trkpt>
      <trkpt lat="35.97120626829564571380615234375" lon="-81.1112014017999172210693359375">
        <ele>528.4000244140625</ele>
        <time>2026-03-30T22:10:40.000Z</time>
        <extensions>
          <ns3:TrackPointExtension>
            <ns3:hr>101</ns3:hr>
            <ns3:cad>0</ns3:cad>
          </ns3:TrackPointExtension>
        </extensions>
      </trkpt>
      <trkpt lat="35.9712377004325389862060546875" lon="-81.111211962997913360595703125">
        <ele>528</ele>
        <time>2026-03-30T22:10:47.000Z</time>
        <extensions>
          <ns3:TrackPointExtension>
            <ns3:hr>101</ns3:hr>
            <ns3:cad>0</ns3:cad>
          </ns3:TrackPointExtension>
        </extensions>
      </trkpt>
      <trkpt lat="35.9712377004325389862060546875" lon="-81.111211962997913360595703125">
        <ele>528</ele>
        <time>2026-03-30T22:10:49.000Z</time>
        <extensions>
          <ns3:TrackPointExtension>
            <ns3:hr>97</ns3:hr>
            <ns3:cad>0</ns3:cad>
          </ns3:TrackPointExtension>
        </extensions>
      </trkpt>
      <trkpt lat="35.9712377004325389862060546875" lon="-81.111211962997913360595703125">
        <ele>528</ele>
        <time>2026-03-30T22:10:52.000Z</time>
        <extensions>
          <ns3:TrackPointExtension>
            <ns3:hr>94</ns3:hr>
            <ns3:cad>0</ns3:cad>
          </ns3:TrackPointExtension>
        </extensions>
      </trkpt>
      <trkpt lat="35.97128036431968212127685546875" lon="-81.1111604981124401092529296875">
        <ele>528.20001220703125</ele>
        <time>2026-03-30T22:10:57.000Z</time>
        <extensions>
          <ns3:TrackPointExtension>
            <ns3:hr>92</ns3:hr>
            <ns3:cad>0</ns3:cad>
          </ns3:TrackPointExtension>
        </extensions>
      </trkpt>
      <trkpt lat="35.97127315588295459747314453125" lon="-81.11114599741995334625244140625">
        <ele>528.4000244140625</ele>
        <time>2026-03-30T22:10:58.000Z</time>
        <extensions>
          <ns3:TrackPointExtension>
            <ns3:hr>93</ns3:hr>
            <ns3:cad>0</ns3:cad>
          </ns3:TrackPointExtension>
        </extensions>
      </trkpt>
      <trkpt lat="35.97123694606125354766845703125" lon="-81.11113292165100574493408203125">
        <ele>528.5999755859375</ele>
        <time>2026-03-30T22:11:01.000Z</time>
        <extensions>
          <ns3:TrackPointExtension>
            <ns3:hr>94</ns3:hr>
            <ns3:cad>0</ns3:cad>
          </ns3:TrackPointExtension>
        </extensions>
      </trkpt>
      <trkpt lat="35.9712256304919719696044921875" lon="-81.11112906597554683685302734375">
        <ele>528.79998779296875</ele>
        <time>2026-03-30T22:11:02.000Z</time>
        <extensions>
          <ns3:TrackPointExtension>
            <ns3:hr>95</ns3:hr>
            <ns3:cad>0</ns3:cad>
          </ns3:TrackPointExtension>
        </extensions>
      </trkpt>
      <trkpt lat="35.971198640763759613037109375" lon="-81.111122108995914459228515625">
        <ele>529</ele>
        <time>2026-03-30T22:11:09.000Z</time>
        <extensions>
          <ns3:TrackPointExtension>
            <ns3:hr>96</ns3:hr>
            <ns3:cad>0</ns3:cad>
          </ns3:TrackPointExtension>
        </extensions>
      </trkpt>
      <trkpt lat="35.97121305763721466064453125" lon="-81.11110207624733448028564453125">
        <ele>529.4000244140625</ele>
        <time>2026-03-30T22:11:12.000Z</time>
        <extensions>
          <ns3:TrackPointExtension>
            <ns3:hr>95</ns3:hr>
            <ns3:cad>0</ns3:cad>
          </ns3:TrackPointExtension>
        </extensions>
      </trkpt>
      <trkpt lat="35.97122001461684703826904296875" lon="-81.11108497716486454010009765625">
        <ele>529.4000244140625</ele>
        <time>2026-03-30T22:11:14.000Z</time>
        <extensions>
          <ns3:TrackPointExtension>
            <ns3:hr>99</ns3:hr>
            <ns3:cad>69</ns3:cad>
          </ns3:TrackPointExtension>
        </extensions>
      </trkpt>
      <trkpt lat="35.97123124636709690093994140625" lon="-81.1110636033117771148681640625">
        <ele>529.5999755859375</ele>
        <time>2026-03-30T22:11:17.000Z</time>
        <extensions>
          <ns3:TrackPointExtension>
            <ns3:hr>99</ns3:hr>
            <ns3:cad>67</ns3:cad>
          </ns3:TrackPointExtension>
        </extensions>
      </trkpt>
      <trkpt lat="35.97122848033905029296875" lon="-81.11102144233882427215576171875">
        <ele>529.79998779296875</ele>
        <time>2026-03-30T22:11:25.000Z</time>
        <extensions>
          <ns3:TrackPointExtension>
            <ns3:hr>98</ns3:hr>
            <ns3:cad>60</ns3:cad>
          </ns3:TrackPointExtension>
        </extensions>
      </trkpt>
      <trkpt lat="35.97119696438312530517578125" lon="-81.11098187975585460662841796875">
        <ele>530.4000244140625</ele>
        <time>2026-03-30T22:11:32.000Z</time>
        <extensions>
          <ns3:TrackPointExtension>
            <ns3:hr>98</ns3:hr>
            <ns3:cad>74</ns3:cad>
          </ns3:TrackPointExtension>
        </extensions>
      </trkpt>
      <trkpt lat="35.97118464298546314239501953125" lon="-81.11098037101328372955322265625">
        <ele>530.5999755859375</ele>
        <time>2026-03-30T22:11:34.000Z</time>
        <extensions>
          <ns3:TrackPointExtension>
            <ns3:hr>98</ns3:hr>
            <ns3:cad>0</ns3:cad>
          </ns3:TrackPointExtension>
        </extensions>
      </trkpt>
      <trkpt lat="35.971181876957416534423828125" lon="-81.11097785644233226776123046875">
        <ele>530.5999755859375</ele>
        <time>2026-03-30T22:11:37.000Z</time>
        <extensions>
          <ns3:TrackPointExtension>
            <ns3:hr>101</ns3:hr>
            <ns3:cad>0</ns3:cad>
          </ns3:TrackPointExtension>
        </extensions>
      </trkpt>
      <trkpt lat="35.971181876957416534423828125" lon="-81.11097785644233226776123046875">
        <ele>530.5999755859375</ele>
        <time>2026-03-30T22:11:39.000Z</time>
        <extensions>
          <ns3:TrackPointExtension>
            <ns3:hr>104</ns3:hr>
            <ns3:cad>0</ns3:cad>
          </ns3:TrackPointExtension>
        </extensions>
      </trkpt>
      <trkpt lat="35.9711991436779499053955078125" lon="-81.1109482683241367340087890625">
        <ele>530.79998779296875</ele>
        <time>2026-03-30T22:11:46.000Z</time>
        <extensions>
          <ns3:TrackPointExtension>
            <ns3:hr>105</ns3:hr>
            <ns3:cad>0</ns3:cad>
          </ns3:TrackPointExtension>
        </extensions>
      </trkpt>
      <trkpt lat="35.97121263854205608367919921875" lon="-81.1109192669391632080078125">
        <ele>531.4000244140625</ele>
        <time>2026-03-30T22:11:52.000Z</time>
        <extensions>
          <ns3:TrackPointExtension>
            <ns3:hr>108</ns3:hr>
            <ns3:cad>0</ns3:cad>
          </ns3:TrackPointExtension>
        </extensions>
      </trkpt>
      <trkpt lat="35.97120308317244052886962890625" lon="-81.11090962775051593780517578125">
        <ele>531.4000244140625</ele>
        <time>2026-03-30T22:11:54.000Z</time>
        <extensions>
          <ns3:TrackPointExtension>
            <ns3:hr>108</ns3:hr>
            <ns3:cad>0</ns3:cad>
          </ns3:TrackPointExtension>
        </extensions>
      </trkpt>
      <trkpt lat="35.97118950448930263519287109375" lon="-81.11090677790343761444091796875">
        <ele>531.4000244140625</ele>
        <time>2026-03-30T22:12:02.000Z</time>
        <extensions>
          <ns3:TrackPointExtension>
            <ns3:hr>111</ns3:hr>
            <ns3:cad>0</ns3:cad>
          </ns3:TrackPointExtension>
        </extensions>
      </trkpt>
      <trkpt lat="35.97118950448930263519287109375" lon="-81.11090677790343761444091796875">
        <ele>531.4000244140625</ele>
        <time>2026-03-30T22:12:06.000Z</time>
        <extensions>
          <ns3:TrackPointExtension>
            <ns3:hr>107</ns3:hr>
            <ns3:cad>0</ns3:cad>
          </ns3:TrackPointExtension>
        </extensions>
      </trkpt>
      <trkpt lat="35.97118497826159000396728515625" lon="-81.110916249454021453857421875">
        <ele>531.4000244140625</ele>
        <time>2026-03-30T22:12:08.000Z</time>
        <extensions>
          <ns3:TrackPointExtension>
            <ns3:hr>106</ns3:hr>
            <ns3:cad>0</ns3:cad>
          </ns3:TrackPointExtension>
        </extensions>
      </trkpt>
      <trkpt lat="35.97116787917912006378173828125" lon="-81.110925972461700439453125">
        <ele>531.20001220703125</ele>
        <time>2026-03-30T22:12:16.000Z</time>
        <extensions>
          <ns3:TrackPointExtension>
            <ns3:hr>109</ns3:hr>
            <ns3:cad>0</ns3:cad>
          </ns3:TrackPointExtension>
        </extensions>
      </trkpt>
      <trkpt lat="35.97114088945090770721435546875" lon="-81.11092639155685901641845703125">
        <ele>530.5999755859375</ele>
        <time>2026-03-30T22:12:23.000Z</time>
        <extensions>
          <ns3:TrackPointExtension>
            <ns3:hr>110</ns3:hr>
            <ns3:cad>0</ns3:cad>
          </ns3:TrackPointExtension>
        </extensions>
      </trkpt>
      <trkpt lat="35.97114692442119121551513671875" lon="-81.11096913926303386688232421875">
        <ele>530.5999755859375</ele>
        <time>2026-03-30T22:12:30.000Z</time>
        <extensions>
          <ns3:TrackPointExtension>
            <ns3:hr>110</ns3:hr>
            <ns3:cad>0</ns3:cad>
          </ns3:TrackPointExtension>
        </extensions>
      </trkpt>
      <trkpt lat="35.97115010954439640045166015625" lon="-81.11096687614917755126953125">
        <ele>530.5999755859375</ele>
        <time>2026-03-30T22:12:34.000Z</time>
        <extensions>
          <ns3:TrackPointExtension>
            <ns3:hr>107</ns3:hr>
            <ns3:cad>0</ns3:cad>
          </ns3:TrackPointExtension>
        </extensions>
      </trkpt>
      <trkpt lat="35.97114826552569866180419921875" lon="-81.110967881977558135986328125">
        <ele>530.5999755859375</ele>
        <time>2026-03-30T22:12:36.000Z</time>
        <extensions>
          <ns3:TrackPointExtension>
            <ns3:hr>103</ns3:hr>
            <ns3:cad>0</ns3:cad>
          </ns3:TrackPointExtension>
        </extensions>
      </trkpt>
      <trkpt lat="35.97114466130733489990234375" lon="-81.1109794490039348602294921875">
        <ele>530.4000244140625</ele>
        <time>2026-03-30T22:12:39.000Z</time>
        <extensions>
          <ns3:TrackPointExtension>
            <ns3:hr>101</ns3:hr>
            <ns3:cad>0</ns3:cad>
          </ns3:TrackPointExtension>
        </extensions>
      </trkpt>
      <trkpt lat="35.9711277298629283905029296875" lon="-81.11101389862596988677978515625">
        <ele>529.5999755859375</ele>
        <time>2026-03-30T22:12:45.000Z</time>
        <extensions>
          <ns3:TrackPointExtension>
            <ns3:hr>101</ns3:hr>
            <ns3:cad>0</ns3:cad>
          </ns3:TrackPointExtension>
        </extensions>
      </trkpt>
      <trkpt lat="35.97110602073371410369873046875" lon="-81.11102378927171230316162109375">
        <ele>529.4000244140625</ele>
        <time>2026-03-30T22:12:51.000Z</time>
        <extensions>
          <ns3:TrackPointExtension>
            <ns3:hr>101</ns3:hr>
            <ns3:cad>0</ns3:cad>
          </ns3:TrackPointExtension>
        </extensions>
      </trkpt>
      <trkpt lat="35.97110937349498271942138671875" lon="-81.11103569157421588897705078125">
        <ele>529.4000244140625</ele>
        <time>2026-03-30T22:12:52.000Z</time>
        <extensions>
          <ns3:TrackPointExtension>
            <ns3:hr>98</ns3:hr>
            <ns3:cad>0</ns3:cad>
          </ns3:TrackPointExtension>
        </extensions>
      </trkpt>
      <trkpt lat="35.97111222334206104278564453125" lon="-81.1110495217144489288330078125">
        <ele>529.4000244140625</ele>
        <time>2026-03-30T22:12:53.000Z</time>
        <extensions>
          <ns3:TrackPointExtension>
            <ns3:hr>96</ns3:hr>
            <ns3:cad>0</ns3:cad>
          </ns3:TrackPointExtension>
        </extensions>
      </trkpt>
      <trkpt lat="35.97110618837177753448486328125" lon="-81.11110366880893707275390625">
        <ele>529</ele>
        <time>2026-03-30T22:12:58.000Z</time>
        <extensions>
          <ns3:TrackPointExtension>
            <ns3:hr>94</ns3:hr>
            <ns3:cad>42</ns3:cad>
          </ns3:TrackPointExtension>
        </extensions>
      </trkpt>
      <trkpt lat="35.9710975550115108489990234375" lon="-81.111116744577884674072265625">
        <ele>528.79998779296875</ele>
        <time>2026-03-30T22:13:00.000Z</time>
        <extensions>
          <ns3:TrackPointExtension>
            <ns3:hr>94</ns3:hr>
            <ns3:cad>43</ns3:cad>
          </ns3:TrackPointExtension>
        </extensions>
      </trkpt>
      <trkpt lat="35.97107618115842342376708984375" lon="-81.11114683561027050018310546875">
        <ele>528.5999755859375</ele>
        <time>2026-03-30T22:13:06.000Z</time>
        <extensions>
          <ns3:TrackPointExtension>
            <ns3:hr>95</ns3:hr>
            <ns3:cad>43</ns3:cad>
          </ns3:TrackPointExtension>
        </extensions>
      </trkpt>
      <trkpt lat="35.97106813453137874603271484375" lon="-81.111183464527130126953125">
        <ele>528.4000244140625</ele>
        <time>2026-03-30T22:13:11.000Z</time>
        <extensions>
          <ns3:TrackPointExtension>
            <ns3:hr>91</ns3:hr>
            <ns3:cad>0</ns3:cad>
          </ns3:TrackPointExtension>
        </extensions>
      </trkpt>
      <trkpt lat="35.97106578759849071502685546875" lon="-81.1111900024116039276123046875">
        <ele>528.4000244140625</ele>
        <time>2026-03-30T22:13:12.000Z</time>
        <extensions>
          <ns3:TrackPointExtension>
            <ns3:hr>90</ns3:hr>
            <ns3:cad>0</ns3:cad>
          </ns3:TrackPointExtension>
        </extensions>
      </trkpt>
      <trkpt lat="35.9710596688091754913330078125" lon="-81.11121003516018390655517578125">
        <ele>528</ele>
        <time>2026-03-30T22:13:15.000Z</time>
        <extensions>
          <ns3:TrackPointExtension>
            <ns3:hr>89</ns3:hr>
            <ns3:cad>0</ns3:cad>
          </ns3:TrackPointExtension>
        </extensions>
      </trkpt>
      <trkpt lat="35.9710526280105113983154296875" lon="-81.11124850809574127197265625">
        <ele>527.4000244140625</ele>
        <time>2026-03-30T22:13:20.000Z</time>
        <extensions>
          <ns3:TrackPointExtension>
            <ns3:hr>89</ns3:hr>
            <ns3:cad>75</ns3:cad>
          </ns3:TrackPointExtension>
        </extensions>
      </trkpt>
      <trkpt lat="35.9710492752492427825927734375" lon="-81.11126326024532318115234375">
        <ele>527.4000244140625</ele>
        <time>2026-03-30T22:13:25.000Z</time>
        <extensions>
          <ns3:TrackPointExtension>
            <ns3:hr>89</ns3:hr>
            <ns3:cad>0</ns3:cad>
          </ns3:TrackPointExtension>
        </extensions>
      </trkpt>
      <trkpt lat="35.97103737294673919677734375" lon="-81.11129142343997955322265625">
        <ele>527.5999755859375</ele>
        <time>2026-03-30T22:13:37.000Z</time>
        <extensions>
          <ns3:TrackPointExtension>
            <ns3:hr>88</ns3:hr>
            <ns3:cad>47</ns3:cad>
          </ns3:TrackPointExtension>
        </extensions>
      </trkpt>
      <trkpt lat="35.97099420614540576934814453125" lon="-81.11130106262862682342529296875">
        <ele>527.4000244140625</ele>
        <time>2026-03-30T22:13:45.000Z</time>
        <extensions>
          <ns3:TrackPointExtension>
            <ns3:hr>91</ns3:hr>
            <ns3:cad>47</ns3:cad>
          </ns3:TrackPointExtension>
        </extensions>
      </trkpt>
      <trkpt lat="35.9709803760051727294921875" lon="-81.11131682060658931732177734375">
        <ele>527.20001220703125</ele>
        <time>2026-03-30T22:13:47.000Z</time>
        <extensions>
          <ns3:TrackPointExtension>
            <ns3:hr>95</ns3:hr>
            <ns3:cad>0</ns3:cad>
          </ns3:TrackPointExtension>
        </extensions>
      </trkpt>
      <trkpt lat="35.9709664620459079742431640625" lon="-81.1113398708403110504150390625">
        <ele>526.79998779296875</ele>
        <time>2026-03-30T22:13:50.000Z</time>
        <extensions>
          <ns3:TrackPointExtension>
            <ns3:hr>97</ns3:hr>
            <ns3:cad>0</ns3:cad>
          </ns3:TrackPointExtension>
        </extensions>
      </trkpt>
      <trkpt lat="35.97096495330333709716796875" lon="-81.11138932406902313232421875">
        <ele>526.5999755859375</ele>
        <time>2026-03-30T22:13:54.000Z</time>
        <extensions>
          <ns3:TrackPointExtension>
            <ns3:hr>95</ns3:hr>
            <ns3:cad>0</ns3:cad>
          </ns3:TrackPointExtension>
        </extensions>
      </trkpt>
      <trkpt lat="35.97096771933138370513916015625" lon="-81.11139644868671894073486328125">
        <ele>526.4000244140625</ele>
        <time>2026-03-30T22:13:58.000Z</time>
        <extensions>
          <ns3:TrackPointExtension>
            <ns3:hr>92</ns3:hr>
            <ns3:cad>0</ns3:cad>
          </ns3:TrackPointExtension>
        </extensions>
      </trkpt>
      <trkpt lat="35.97096486948430538177490234375" lon="-81.1113915033638477325439453125">
        <ele>526.4000244140625</ele>
        <time>2026-03-30T22:13:59.000Z</time>
        <extensions>
          <ns3:TrackPointExtension>
            <ns3:hr>91</ns3:hr>
            <ns3:cad>0</ns3:cad>
          </ns3:TrackPointExtension>
        </extensions>
      </trkpt>
      <trkpt lat="35.97094483673572540283203125" lon="-81.111399717628955841064453125">
        <ele>526.20001220703125</ele>
        <time>2026-03-30T22:14:05.000Z</time>
        <extensions>
          <ns3:TrackPointExtension>
            <ns3:hr>90</ns3:hr>
            <ns3:cad>0</ns3:cad>
          </ns3:TrackPointExtension>
        </extensions>
      </trkpt>
      <trkpt lat="35.9709205292165279388427734375" lon="-81.111447326838970184326171875">
        <ele>525.5999755859375</ele>
        <time>2026-03-30T22:14:13.000Z</time>
        <extensions>
          <ns3:TrackPointExtension>
            <ns3:hr>92</ns3:hr>
            <ns3:cad>0</ns3:cad>
          </ns3:TrackPointExtension>
        </extensions>
      </trkpt>
      <trkpt lat="35.970898233354091644287109375" lon="-81.11144020222127437591552734375">
        <ele>525.20001220703125</ele>
        <time>2026-03-30T22:14:19.000Z</time>
        <extensions>
          <ns3:TrackPointExtension>
            <ns3:hr>92</ns3:hr>
            <ns3:cad>0</ns3:cad>
          </ns3:TrackPointExtension>
        </extensions>
      </trkpt>
      <trkpt lat="35.97087937407195568084716796875" lon="-81.11144036985933780670166015625">
        <ele>524.5999755859375</ele>
        <time>2026-03-30T22:14:26.000Z</time>
        <extensions>
          <ns3:TrackPointExtension>
            <ns3:hr>93</ns3:hr>
            <ns3:cad>0</ns3:cad>
          </ns3:TrackPointExtension>
        </extensions>
      </trkpt>
      <trkpt lat="35.970927737653255462646484375" lon="-81.1114637553691864013671875">
        <ele>525</ele>
        <time>2026-03-30T22:14:33.000Z</time>
        <extensions>
          <ns3:TrackPointExtension>
            <ns3:hr>94</ns3:hr>
            <ns3:cad>0</ns3:cad>
          </ns3:TrackPointExtension>
        </extensions>
      </trkpt>
      <trkpt lat="35.97093100659549236297607421875" lon="-81.11150859855115413665771484375">
        <ele>524.20001220703125</ele>
        <time>2026-03-30T22:14:41.000Z</time>
        <extensions>
          <ns3:TrackPointExtension>
            <ns3:hr>95</ns3:hr>
            <ns3:cad>0</ns3:cad>
          </ns3:TrackPointExtension>
        </extensions>
      </trkpt>
      <trkpt lat="35.9709339402616024017333984375" lon="-81.1115185730159282684326171875">
        <ele>524</ele>
        <time>2026-03-30T22:14:42.000Z</time>
        <extensions>
          <ns3:TrackPointExtension>
            <ns3:hr>96</ns3:hr>
            <ns3:cad>0</ns3:cad>
          </ns3:TrackPointExtension>
        </extensions>
      </trkpt>
      <trkpt lat="35.97097459249198436737060546875" lon="-81.11155067570507526397705078125">
        <ele>523</ele>
        <time>2026-03-30T22:14:48.000Z</time>
        <extensions>
          <ns3:TrackPointExtension>
            <ns3:hr>96</ns3:hr>
            <ns3:cad>45</ns3:cad>
          </ns3:TrackPointExtension>
        </extensions>
      </trkpt>
      <trkpt lat="35.97098347730934619903564453125" lon="-81.1115551181137561798095703125">
        <ele>523</ele>
        <time>2026-03-30T22:14:49.000Z</time>
        <extensions>
          <ns3:TrackPointExtension>
            <ns3:hr>96</ns3:hr>
            <ns3:cad>45</ns3:cad>
          </ns3:TrackPointExtension>
        </extensions>
      </trkpt>
      <trkpt lat="35.97102354280650615692138671875" lon="-81.11157565377652645111083984375">
        <ele>522.20001220703125</ele>
        <time>2026-03-30T22:14:57.000Z</time>
        <extensions>
          <ns3:TrackPointExtension>
            <ns3:hr>95</ns3:hr>
            <ns3:cad>0</ns3:cad>
          </ns3:TrackPointExtension>
        </extensions>
      </trkpt>
      <trkpt lat="35.971021614968776702880859375" lon="-81.11158353276550769805908203125">
        <ele>522</ele>
        <time>2026-03-30T22:14:58.000Z</time>
        <extensions>
          <ns3:TrackPointExtension>
            <ns3:hr>95</ns3:hr>
            <ns3:cad>0</ns3:cad>
          </ns3:TrackPointExtension>
        </extensions>
      </trkpt>
      <trkpt lat="35.97105422057211399078369140625" lon="-81.1115980334579944610595703125">
        <ele>521.5999755859375</ele>
        <time>2026-03-30T22:15:04.000Z</time>
        <extensions>
          <ns3:TrackPointExtension>
            <ns3:hr>95</ns3:hr>
            <ns3:cad>71</ns3:cad>
          </ns3:TrackPointExtension>
        </extensions>
      </trkpt>
      <trkpt lat="35.97109160386025905609130859375" lon="-81.11157766543328762054443359375">
        <ele>521.4000244140625</ele>
        <time>2026-03-30T22:15:10.000Z</time>
        <extensions>
          <ns3:TrackPointExtension>
            <ns3:hr>98</ns3:hr>
            <ns3:cad>67</ns3:cad>
          </ns3:TrackPointExtension>
        </extensions>
      </trkpt>
      <trkpt lat="35.9711359441280364990234375" lon="-81.11155402846634387969970703125">
        <ele>521.20001220703125</ele>
        <time>2026-03-30T22:15:17.000Z</time>
        <extensions>
          <ns3:TrackPointExtension>
            <ns3:hr>97</ns3:hr>
            <ns3:cad>0</ns3:cad>
          </ns3:TrackPointExtension>
        </extensions>
      </trkpt>
      <trkpt lat="35.9711381234228610992431640625" lon="-81.11155034042894840240478515625">
        <ele>521</ele>
        <time>2026-03-30T22:15:18.000Z</time>
        <extensions>
          <ns3:TrackPointExtension>
            <ns3:hr>97</ns3:hr>
            <ns3:cad>0</ns3:cad>
          </ns3:TrackPointExtension>
        </extensions>
      </trkpt>
      <trkpt lat="35.97115337848663330078125" lon="-81.1115346662700176239013671875">
        <ele>520</ele>
        <time>2026-03-30T22:15:24.000Z</time>
        <extensions>
          <ns3:TrackPointExtension>
            <ns3:hr>96</ns3:hr>
            <ns3:cad>0</ns3:cad>
          </ns3:TrackPointExtension>
        </extensions>
      </trkpt>
      <trkpt lat="35.97115337848663330078125" lon="-81.1115346662700176239013671875">
        <ele>520</ele>
        <time>2026-03-30T22:15:29.000Z</time>
        <extensions>
          <ns3:TrackPointExtension>
            <ns3:hr>95</ns3:hr>
            <ns3:cad>0</ns3:cad>
          </ns3:TrackPointExtension>
        </extensions>
      </trkpt>
      <trkpt lat="35.97115337848663330078125" lon="-81.1115346662700176239013671875">
        <ele>519.79998779296875</ele>
        <time>2026-03-30T22:15:33.000Z</time>
        <extensions>
          <ns3:TrackPointExtension>
            <ns3:hr>92</ns3:hr>
            <ns3:cad>0</ns3:cad>
          </ns3:TrackPointExtension>
        </extensions>
      </trkpt>
      <trkpt lat="35.97115337848663330078125" lon="-81.1115346662700176239013671875">
        <ele>519.79998779296875</ele>
        <time>2026-03-30T22:15:34.000Z</time>
        <extensions>
          <ns3:TrackPointExtension>
            <ns3:hr>88</ns3:hr>
            <ns3:cad>0</ns3:cad>
          </ns3:TrackPointExtension>
        </extensions>
      </trkpt>
      <trkpt lat="35.97115337848663330078125" lon="-81.1115346662700176239013671875">
        <ele>519.5999755859375</ele>
        <time>2026-03-30T22:15:37.000Z</time>
        <extensions>
          <ns3:TrackPointExtension>
            <ns3:hr>85</ns3:hr>
            <ns3:cad>0</ns3:cad>
          </ns3:TrackPointExtension>
        </extensions>
      </trkpt>
      <trkpt lat="35.97115337848663330078125" lon="-81.1115346662700176239013671875">
        <ele>519.20001220703125</ele>
        <time>2026-03-30T22:15:48.000Z</time>
        <extensions>
          <ns3:TrackPointExtension>
            <ns3:hr>87</ns3:hr>
            <ns3:cad>0</ns3:cad>
          </ns3:TrackPointExtension>
        </extensions>
      </trkpt>
      <trkpt lat="35.9711317531764507293701171875" lon="-81.11153659410774707794189453125">
        <ele>519.20001220703125</ele>
        <time>2026-03-30T22:16:01.000Z</time>
        <extensions>
          <ns3:TrackPointExtension>
            <ns3:hr>89</ns3:hr>
            <ns3:cad>0</ns3:cad>
          </ns3:TrackPointExtension>
        </extensions>
      </trkpt>
      <trkpt lat="35.97112026996910572052001953125" lon="-81.11151815392076969146728515625">
        <ele>519.20001220703125</ele>
        <time>2026-03-30T22:16:10.000Z</time>
        <extensions>
          <ns3:TrackPointExtension>
            <ns3:hr>92</ns3:hr>
            <ns3:cad>0</ns3:cad>
          </ns3:TrackPointExtension>
        </extensions>
      </trkpt>
      <trkpt lat="35.97112026996910572052001953125" lon="-81.11151815392076969146728515625">
        <ele>519</ele>
        <time>2026-03-30T22:16:18.000Z</time>
        <extensions>
          <ns3:TrackPointExtension>
            <ns3:hr>106</ns3:hr>
            <ns3:cad>0</ns3:cad>
          </ns3:TrackPointExtension>
        </extensions>
      </trkpt>
      <trkpt lat="35.97112026996910572052001953125" lon="-81.11151815392076969146728515625">
        <ele>519</ele>
        <time>2026-03-30T22:16:19.000Z</time>
        <extensions>
          <ns3:TrackPointExtension>
            <ns3:hr>111</ns3:hr>
            <ns3:cad>0</ns3:cad>
          </ns3:TrackPointExtension>
        </extensions>
      </trkpt>
      <trkpt lat="35.97112026996910572052001953125" lon="-81.11151815392076969146728515625">
        <ele>519</ele>
        <time>2026-03-30T22:16:20.000Z</time>
        <extensions>
          <ns3:TrackPointExtension>
            <ns3:hr>111</ns3:hr>
            <ns3:cad>0</ns3:cad>
          </ns3:TrackPointExtension>
        </extensions>
      </trkpt>
      <trkpt lat="35.97112026996910572052001953125" lon="-81.11151815392076969146728515625">
        <ele>519</ele>
        <time>2026-03-30T22:16:23.000Z</time>
        <extensions>
          <ns3:TrackPointExtension>
            <ns3:hr>108</ns3:hr>
            <ns3:cad>0</ns3:cad>
          </ns3:TrackPointExtension>
        </extensions>
      </trkpt>
      <trkpt lat="35.97112026996910572052001953125" lon="-81.11151815392076969146728515625">
        <ele>518.79998779296875</ele>
        <time>2026-03-30T22:16:24.000Z</time>
        <extensions>
          <ns3:TrackPointExtension>
            <ns3:hr>105</ns3:hr>
            <ns3:cad>0</ns3:cad>
          </ns3:TrackPointExtension>
        </extensions>
      </trkpt>
      <trkpt lat="35.97112026996910572052001953125" lon="-81.11151815392076969146728515625">
        <ele>518.79998779296875</ele>
        <time>2026-03-30T22:16:25.000Z</time>
        <extensions>
          <ns3:TrackPointExtension>
            <ns3:hr>102</ns3:hr>
            <ns3:cad>0</ns3:cad>
          </ns3:TrackPointExtension>
        </extensions>
      </trkpt>
      <trkpt lat="35.97112026996910572052001953125" lon="-81.11151815392076969146728515625">
        <ele>518.79998779296875</ele>
        <time>2026-03-30T22:16:32.000Z</time>
        <extensions>
          <ns3:TrackPointExtension>
            <ns3:hr>103</ns3:hr>
            <ns3:cad>0</ns3:cad>
          </ns3:TrackPointExtension>
        </extensions>
      </trkpt>
      <trkpt lat="35.97112026996910572052001953125" lon="-81.11151815392076969146728515625">
        <ele>518.5999755859375</ele>
        <time>2026-03-30T22:16:58.000Z</time>
        <extensions>
          <ns3:TrackPointExtension>
            <ns3:hr>102</ns3:hr>
            <ns3:cad>0</ns3:cad>
          </ns3:TrackPointExtension>
        </extensions>
      </trkpt>
      <trkpt lat="35.97111188806593418121337890625" lon="-81.11151295714080333709716796875">
        <ele>519.20001220703125</ele>
        <time>2026-03-30T22:17:09.000Z</time>
        <extensions>
          <ns3:TrackPointExtension>
            <ns3:hr>103</ns3:hr>
            <ns3:cad>54</ns3:cad>
          </ns3:TrackPointExtension>
        </extensions>
      </trkpt>
      <trkpt lat="35.97108489833772182464599609375" lon="-81.11152368597686290740966796875">
        <ele>519.5999755859375</ele>
        <time>2026-03-30T22:17:13.000Z</time>
        <extensions>
          <ns3:TrackPointExtension>
            <ns3:hr>106</ns3:hr>
            <ns3:cad>0</ns3:cad>
          </ns3:TrackPointExtension>
        </extensions>
      </trkpt>
      <trkpt lat="35.9710774384438991546630859375" lon="-81.11152955330908298492431640625">
        <ele>519.79998779296875</ele>
        <time>2026-03-30T22:17:15.000Z</time>
        <extensions>
          <ns3:TrackPointExtension>
            <ns3:hr>111</ns3:hr>
            <ns3:cad>0</ns3:cad>
          </ns3:TrackPointExtension>
        </extensions>
      </trkpt>
      <trkpt lat="35.97105212509632110595703125" lon="-81.1115521006286144256591796875">
        <ele>519.5999755859375</ele>
        <time>2026-03-30T22:17:20.000Z</time>
        <extensions>
          <ns3:TrackPointExtension>
            <ns3:hr>114</ns3:hr>
            <ns3:cad>0</ns3:cad>
          </ns3:TrackPointExtension>
        </extensions>
      </trkpt>
      <trkpt lat="35.9710472635924816131591796875" lon="-81.11156593076884746551513671875">
        <ele>519.5999755859375</ele>
        <time>2026-03-30T22:17:22.000Z</time>
        <extensions>
          <ns3:TrackPointExtension>
            <ns3:hr>114</ns3:hr>
            <ns3:cad>0</ns3:cad>
          </ns3:TrackPointExtension>
        </extensions>
      </trkpt>
      <trkpt lat="35.971057154238224029541015625" lon="-81.1115534417331218719482421875">
        <ele>519.5999755859375</ele>
        <time>2026-03-30T22:17:30.000Z</time>
        <extensions>
          <ns3:TrackPointExtension>
            <ns3:hr>113</ns3:hr>
            <ns3:cad>0</ns3:cad>
          </ns3:TrackPointExtension>
        </extensions>
      </trkpt>
      <trkpt lat="35.971057154238224029541015625" lon="-81.1115534417331218719482421875">
        <ele>519.5999755859375</ele>
        <time>2026-03-30T22:17:33.000Z</time>
        <extensions>
          <ns3:TrackPointExtension>
            <ns3:hr>109</ns3:hr>
            <ns3:cad>0</ns3:cad>
          </ns3:TrackPointExtension>
        </extensions>
      </trkpt>
      <trkpt lat="35.971057154238224029541015625" lon="-81.1115534417331218719482421875">
        <ele>519.5999755859375</ele>
        <time>2026-03-30T22:17:34.000Z</time>
        <extensions>
          <ns3:TrackPointExtension>
            <ns3:hr>94</ns3:hr>
            <ns3:cad>0</ns3:cad>
          </ns3:TrackPointExtension>
        </extensions>
      </trkpt>
      <trkpt lat="35.971057154238224029541015625" lon="-81.1115534417331218719482421875">
        <ele>519.5999755859375</ele>
        <time>2026-03-30T22:17:35.000Z</time>
        <extensions>
          <ns3:TrackPointExtension>
            <ns3:hr>90</ns3:hr>
            <ns3:cad>0</ns3:cad>
          </ns3:TrackPointExtension>
        </extensions>
      </trkpt>
      <trkpt lat="35.971057154238224029541015625" lon="-81.1115534417331218719482421875">
        <ele>519.5999755859375</ele>
        <time>2026-03-30T22:17:36.000Z</time>
        <extensions>
          <ns3:TrackPointExtension>
            <ns3:hr>90</ns3:hr>
            <ns3:cad>0</ns3:cad>
          </ns3:TrackPointExtension>
        </extensions>
      </trkpt>
      <trkpt lat="35.971059165894985198974609375" lon="-81.11155101098120212554931640625">
        <ele>519.5999755859375</ele>
        <time>2026-03-30T22:17:37.000Z</time>
        <extensions>
          <ns3:TrackPointExtension>
            <ns3:hr>89</ns3:hr>
            <ns3:cad>0</ns3:cad>
          </ns3:TrackPointExtension>
        </extensions>
      </trkpt>
      <trkpt lat="35.971057154238224029541015625" lon="-81.1115534417331218719482421875">
        <ele>519.5999755859375</ele>
        <time>2026-03-30T22:17:45.000Z</time>
        <extensions>
          <ns3:TrackPointExtension>
            <ns3:hr>92</ns3:hr>
            <ns3:cad>0</ns3:cad>
          </ns3:TrackPointExtension>
        </extensions>
      </trkpt>
      <trkpt lat="35.971057154238224029541015625" lon="-81.1115534417331218719482421875">
        <ele>519.4000244140625</ele>
        <time>2026-03-30T22:17:49.000Z</time>
        <extensions>
          <ns3:TrackPointExtension>
            <ns3:hr>93</ns3:hr>
            <ns3:cad>0</ns3:cad>
          </ns3:TrackPointExtension>
        </extensions>
      </trkpt>
      <trkpt lat="35.971057154238224029541015625" lon="-81.1115534417331218719482421875">
        <ele>519.4000244140625</ele>
        <time>2026-03-30T22:18:00.000Z</time>
        <extensions>
          <ns3:TrackPointExtension>
            <ns3:hr>96</ns3:hr>
            <ns3:cad>0</ns3:cad>
          </ns3:TrackPointExtension>
        </extensions>
      </trkpt>
      <trkpt lat="35.971057154238224029541015625" lon="-81.1115534417331218719482421875">
        <ele>519.4000244140625</ele>
        <time>2026-03-30T22:18:01.000Z</time>
        <extensions>
          <ns3:TrackPointExtension>
            <ns3:hr>96</ns3:hr>
            <ns3:cad>0</ns3:cad>
          </ns3:TrackPointExtension>
        </extensions>
      </trkpt>
      <trkpt lat="35.971057154238224029541015625" lon="-81.1115534417331218719482421875">
        <ele>519</ele>
        <time>2026-03-30T22:18:23.000Z</time>
        <extensions>
          <ns3:TrackPointExtension>
            <ns3:hr>97</ns3:hr>
            <ns3:cad>0</ns3:cad>
          </ns3:TrackPointExtension>
        </extensions>
      </trkpt>
      <trkpt lat="35.971057154238224029541015625" lon="-81.1115534417331218719482421875">
        <ele>519</ele>
        <time>2026-03-30T22:18:24.000Z</time>
        <extensions>
          <ns3:TrackPointExtension>
            <ns3:hr>100</ns3:hr>
            <ns3:cad>0</ns3:cad>
          </ns3:TrackPointExtension>
        </extensions>
      </trkpt>
      <trkpt lat="35.97107349894940853118896484375" lon="-81.11157179810106754302978515625">
        <ele>519</ele>
        <time>2026-03-30T22:18:34.000Z</time>
        <extensions>
          <ns3:TrackPointExtension>
            <ns3:hr>101</ns3:hr>
            <ns3:cad>0</ns3:cad>
          </ns3:TrackPointExtension>
        </extensions>
      </trkpt>
      <trkpt lat="35.97107349894940853118896484375" lon="-81.11157179810106754302978515625">
        <ele>519.20001220703125</ele>
        <time>2026-03-30T22:18:45.000Z</time>
        <extensions>
          <ns3:TrackPointExtension>
            <ns3:hr>98</ns3:hr>
            <ns3:cad>0</ns3:cad>
          </ns3:TrackPointExtension>
        </extensions>
      </trkpt>
      <trkpt lat="35.97107349894940853118896484375" lon="-81.11157179810106754302978515625">
        <ele>519.4000244140625</ele>
        <time>2026-03-30T22:18:49.000Z</time>
        <extensions>
          <ns3:TrackPointExtension>
            <ns3:hr>94</ns3:hr>
            <ns3:cad>0</ns3:cad>
          </ns3:TrackPointExtension>
        </extensions>
      </trkpt>
      <trkpt lat="35.97107349894940853118896484375" lon="-81.11157179810106754302978515625">
        <ele>519.4000244140625</ele>
        <time>2026-03-30T22:18:51.000Z</time>
        <extensions>
          <ns3:TrackPointExtension>
            <ns3:hr>91</ns3:hr>
            <ns3:cad>0</ns3:cad>
          </ns3:TrackPointExtension>
        </extensions>
      </trkpt>
      <trkpt lat="35.97107349894940853118896484375" lon="-81.11157179810106754302978515625">
        <ele>519</ele>
        <time>2026-03-30T22:18:55.000Z</time>
        <extensions>
          <ns3:TrackPointExtension>
            <ns3:hr>90</ns3:hr>
            <ns3:cad>0</ns3:cad>
          </ns3:TrackPointExtension>
        </extensions>
      </trkpt>
      <trkpt lat="35.97107349894940853118896484375" lon="-81.11157179810106754302978515625">
        <ele>518.79998779296875</ele>
        <time>2026-03-30T22:19:11.000Z</time>
        <extensions>
          <ns3:TrackPointExtension>
            <ns3:hr>93</ns3:hr>
            <ns3:cad>0</ns3:cad>
          </ns3:TrackPointExtension>
        </extensions>
      </trkpt>
      <trkpt lat="35.97106779925525188446044921875" lon="-81.11156442202627658843994140625">
        <ele>519</ele>
        <time>2026-03-30T22:19:15.000Z</time>
        <extensions>
          <ns3:TrackPointExtension>
            <ns3:hr>94</ns3:hr>
            <ns3:cad>0</ns3:cad>
          </ns3:TrackPointExtension>
        </extensions>
      </trkpt>
      <trkpt lat="35.97106327302753925323486328125" lon="-81.11155419610440731048583984375">
        <ele>519.20001220703125</ele>
        <time>2026-03-30T22:19:25.000Z</time>
        <extensions>
          <ns3:TrackPointExtension>
            <ns3:hr>94</ns3:hr>
            <ns3:cad>0</ns3:cad>
          </ns3:TrackPointExtension>
        </extensions>
      </trkpt>
      <trkpt lat="35.97105606459081172943115234375" lon="-81.111553274095058441162109375">
        <ele>519</ele>
        <time>2026-03-30T22:19:31.000Z</time>
        <extensions>
          <ns3:TrackPointExtension>
            <ns3:hr>95</ns3:hr>
            <ns3:cad>0</ns3:cad>
          </ns3:TrackPointExtension>
        </extensions>
      </trkpt>
      <trkpt lat="35.97105078399181365966796875" lon="-81.1115494184195995330810546875">
        <ele>519.4000244140625</ele>
        <time>2026-03-30T22:19:38.000Z</time>
        <extensions>
          <ns3:TrackPointExtension>
            <ns3:hr>97</ns3:hr>
            <ns3:cad>0</ns3:cad>
          </ns3:TrackPointExtension>
        </extensions>
      </trkpt>
      <trkpt lat="35.97103745676577091217041015625" lon="-81.111536510288715362548828125">
        <ele>518.79998779296875</ele>
        <time>2026-03-30T22:19:49.000Z</time>
        <extensions>
          <ns3:TrackPointExtension>
            <ns3:hr>99</ns3:hr>
            <ns3:cad>0</ns3:cad>
          </ns3:TrackPointExtension>
        </extensions>
      </trkpt>
      <trkpt lat="35.971023626625537872314453125" lon="-81.11153961159288883209228515625">
        <ele>519.20001220703125</ele>
        <time>2026-03-30T22:19:56.000Z</time>
        <extensions>
          <ns3:TrackPointExtension>
            <ns3:hr>99</ns3:hr>
            <ns3:cad>0</ns3:cad>
          </ns3:TrackPointExtension>
        </extensions>
      </trkpt>
      <trkpt lat="35.9710125625133514404296875" lon="-81.1115886457264423370361328125">
        <ele>519</ele>
        <time>2026-03-30T22:20:03.000Z</time>
        <extensions>
          <ns3:TrackPointExtension>
            <ns3:hr>97</ns3:hr>
            <ns3:cad>53</ns3:cad>
          </ns3:TrackPointExtension>
        </extensions>
      </trkpt>
      <trkpt lat="35.9709936194121837615966796875" lon="-81.1116097681224346160888671875">
        <ele>519</ele>
        <time>2026-03-30T22:20:10.000Z</time>
        <extensions>
          <ns3:TrackPointExtension>
            <ns3:hr>97</ns3:hr>
            <ns3:cad>0</ns3:cad>
          </ns3:TrackPointExtension>
        </extensions>
      </trkpt>
      <trkpt lat="35.9709678031504154205322265625" lon="-81.11159275285899639129638671875">
        <ele>519</ele>
        <time>2026-03-30T22:20:14.000Z</time>
        <extensions>
          <ns3:TrackPointExtension>
            <ns3:hr>100</ns3:hr>
            <ns3:cad>0</ns3:cad>
          </ns3:TrackPointExtension>
        </extensions>
      </trkpt>
      <trkpt lat="35.9709661267697811126708984375" lon="-81.11159610562026500701904296875">
        <ele>519.20001220703125</ele>
        <time>2026-03-30T22:20:15.000Z</time>
        <extensions>
          <ns3:TrackPointExtension>
            <ns3:hr>101</ns3:hr>
            <ns3:cad>0</ns3:cad>
          </ns3:TrackPointExtension>
        </extensions>
      </trkpt>
      <trkpt lat="35.97096587531268596649169921875" lon="-81.11159610562026500701904296875">
        <ele>519.4000244140625</ele>
        <time>2026-03-30T22:20:17.000Z</time>
        <extensions>
          <ns3:TrackPointExtension>
            <ns3:hr>98</ns3:hr>
            <ns3:cad>0</ns3:cad>
          </ns3:TrackPointExtension>
        </extensions>
      </trkpt>
      <trkpt lat="35.97096453420817852020263671875" lon="-81.1115722171962261199951171875">
        <ele>519.79998779296875</ele>
        <time>2026-03-30T22:20:22.000Z</time>
        <extensions>
          <ns3:TrackPointExtension>
            <ns3:hr>98</ns3:hr>
            <ns3:cad>0</ns3:cad>
          </ns3:TrackPointExtension>
        </extensions>
      </trkpt>
      <trkpt lat="35.9709688089787960052490234375" lon="-81.11157498322427272796630859375">
        <ele>520</ele>
        <time>2026-03-30T22:20:23.000Z</time>
        <extensions>
          <ns3:TrackPointExtension>
            <ns3:hr>99</ns3:hr>
            <ns3:cad>0</ns3:cad>
          </ns3:TrackPointExtension>
        </extensions>
      </trkpt>
      <trkpt lat="35.97096486948430538177490234375" lon="-81.1115309782326221466064453125">
        <ele>520.20001220703125</ele>
        <time>2026-03-30T22:20:28.000Z</time>
        <extensions>
          <ns3:TrackPointExtension>
            <ns3:hr>100</ns3:hr>
            <ns3:cad>52</ns3:cad>
          </ns3:TrackPointExtension>
        </extensions>
      </trkpt>
      <trkpt lat="35.9709718264639377593994140625" lon="-81.11150323413312435150146484375">
        <ele>521</ele>
        <time>2026-03-30T22:20:34.000Z</time>
        <extensions>
          <ns3:TrackPointExtension>
            <ns3:hr>102</ns3:hr>
            <ns3:cad>62</ns3:cad>
          </ns3:TrackPointExtension>
        </extensions>
      </trkpt>
      <trkpt lat="35.9709656238555908203125" lon="-81.11148462630808353424072265625">
        <ele>521.20001220703125</ele>
        <time>2026-03-30T22:20:36.000Z</time>
        <extensions>
          <ns3:TrackPointExtension>
            <ns3:hr>105</ns3:hr>
            <ns3:cad>66</ns3:cad>
          </ns3:TrackPointExtension>
        </extensions>
      </trkpt>
      <trkpt lat="35.97094425000250339508056640625" lon="-81.1114709638059139251708984375">
        <ele>521.79998779296875</ele>
        <time>2026-03-30T22:20:39.000Z</time>
        <extensions>
          <ns3:TrackPointExtension>
            <ns3:hr>107</ns3:hr>
            <ns3:cad>0</ns3:cad>
          </ns3:TrackPointExtension>
        </extensions>
      </trkpt>
      <trkpt lat="35.970927737653255462646484375" lon="-81.111460737884044647216796875">
        <ele>522</ele>
        <time>2026-03-30T22:20:41.000Z</time>
        <extensions>
          <ns3:TrackPointExtension>
            <ns3:hr>108</ns3:hr>
            <ns3:cad>0</ns3:cad>
          </ns3:TrackPointExtension>
        </extensions>
      </trkpt>
      <trkpt lat="35.97092715092003345489501953125" lon="-81.1114548705518245697021484375">
        <ele>522.20001220703125</ele>
        <time>2026-03-30T22:20:42.000Z</time>
        <extensions>
          <ns3:TrackPointExtension>
            <ns3:hr>108</ns3:hr>
            <ns3:cad>0</ns3:cad>
          </ns3:TrackPointExtension>
        </extensions>
      </trkpt>
      <trkpt lat="35.97093033604323863983154296875" lon="-81.11142687499523162841796875">
        <ele>522.5999755859375</ele>
        <time>2026-03-30T22:20:46.000Z</time>
        <extensions>
          <ns3:TrackPointExtension>
            <ns3:hr>111</ns3:hr>
            <ns3:cad>0</ns3:cad>
          </ns3:TrackPointExtension>
        </extensions>
      </trkpt>
      <trkpt lat="35.97092044539749622344970703125" lon="-81.11141120083630084991455078125">
        <ele>522.79998779296875</ele>
        <time>2026-03-30T22:20:48.000Z</time>
        <extensions>
          <ns3:TrackPointExtension>
            <ns3:hr>114</ns3:hr>
            <ns3:cad>0</ns3:cad>
          </ns3:TrackPointExtension>
        </extensions>
      </trkpt>
      <trkpt lat="35.97091591916978359222412109375" lon="-81.11140835098922252655029296875">
        <ele>523</ele>
        <time>2026-03-30T22:20:49.000Z</time>
        <extensions>
          <ns3:TrackPointExtension>
            <ns3:hr>116</ns3:hr>
            <ns3:cad>0</ns3:cad>
          </ns3:TrackPointExtension>
        </extensions>
      </trkpt>
      <trkpt lat="35.97091742791235446929931640625" lon="-81.11141622997820377349853515625">
        <ele>523</ele>
        <time>2026-03-30T22:20:50.000Z</time>
        <extensions>
          <ns3:TrackPointExtension>
            <ns3:hr>115</ns3:hr>
            <ns3:cad>0</ns3:cad>
          </ns3:TrackPointExtension>
        </extensions>
      </trkpt>
      <trkpt lat="35.970918349921703338623046875" lon="-81.11144456081092357635498046875">
        <ele>522.79998779296875</ele>
        <time>2026-03-30T22:20:55.000Z</time>
        <extensions>
          <ns3:TrackPointExtension>
            <ns3:hr>114</ns3:hr>
            <ns3:cad>0</ns3:cad>
          </ns3:TrackPointExtension>
        </extensions>
      </trkpt>
      <trkpt lat="35.9709379635751247406005859375" lon="-81.111455373466014862060546875">
        <ele>522.20001220703125</ele>
        <time>2026-03-30T22:20:59.000Z</time>
        <extensions>
          <ns3:TrackPointExtension>
            <ns3:hr>117</ns3:hr>
            <ns3:cad>0</ns3:cad>
          </ns3:TrackPointExtension>
        </extensions>
      </trkpt>
      <trkpt lat="35.97094274125993251800537109375" lon="-81.1114637553691864013671875">
        <ele>522.4000244140625</ele>
        <time>2026-03-30T22:21:02.000Z</time>
        <extensions>
          <ns3:TrackPointExtension>
            <ns3:hr>117</ns3:hr>
            <ns3:cad>0</ns3:cad>
          </ns3:TrackPointExtension>
        </extensions>
      </trkpt>
      <trkpt lat="35.97094307653605937957763671875" lon="-81.11150021664798259735107421875">
        <ele>522</ele>
        <time>2026-03-30T22:21:06.000Z</time>
        <extensions>
          <ns3:TrackPointExtension>
            <ns3:hr>114</ns3:hr>
            <ns3:cad>0</ns3:cad>
          </ns3:TrackPointExtension>
        </extensions>
      </trkpt>
      <trkpt lat="35.97095196135342121124267578125" lon="-81.1115299724042415618896484375">
        <ele>521.20001220703125</ele>
        <time>2026-03-30T22:21:10.000Z</time>
        <extensions>
          <ns3:TrackPointExtension>
            <ns3:hr>113</ns3:hr>
            <ns3:cad>0</ns3:cad>
          </ns3:TrackPointExtension>
        </extensions>
      </trkpt>
      <trkpt lat="35.97094860859215259552001953125" lon="-81.1115350015461444854736328125">
        <ele>521</ele>
        <time>2026-03-30T22:21:11.000Z</time>
        <extensions>
          <ns3:TrackPointExtension>
            <ns3:hr>114</ns3:hr>
            <ns3:cad>0</ns3:cad>
          </ns3:TrackPointExtension>
        </extensions>
      </trkpt>
      <trkpt lat="35.970935784280300140380859375" lon="-81.1115541122853755950927734375">
        <ele>520.5999755859375</ele>
        <time>2026-03-30T22:21:15.000Z</time>
        <extensions>
          <ns3:TrackPointExtension>
            <ns3:hr>118</ns3:hr>
            <ns3:cad>0</ns3:cad>
          </ns3:TrackPointExtension>
        </extensions>
      </trkpt>
      <trkpt lat="35.9709329344332218170166015625" lon="-81.1115581355988979339599609375">
        <ele>520.5999755859375</ele>
        <time>2026-03-30T22:21:16.000Z</time>
        <extensions>
          <ns3:TrackPointExtension>
            <ns3:hr>118</ns3:hr>
            <ns3:cad>0</ns3:cad>
          </ns3:TrackPointExtension>
        </extensions>
      </trkpt>
      <trkpt lat="35.97092128358781337738037109375" lon="-81.11159191466867923736572265625">
        <ele>520.20001220703125</ele>
        <time>2026-03-30T22:21:21.000Z</time>
        <extensions>
          <ns3:TrackPointExtension>
            <ns3:hr>115</ns3:hr>
            <ns3:cad>0</ns3:cad>
          </ns3:TrackPointExtension>
        </extensions>
      </trkpt>
      <trkpt lat="35.97093000076711177825927734375" lon="-81.11162108369171619415283203125">
        <ele>519.79998779296875</ele>
        <time>2026-03-30T22:21:23.000Z</time>
        <extensions>
          <ns3:TrackPointExtension>
            <ns3:hr>111</ns3:hr>
            <ns3:cad>0</ns3:cad>
          </ns3:TrackPointExtension>
        </extensions>
      </trkpt>
      <trkpt lat="35.9709346108138561248779296875" lon="-81.1116335727274417877197265625">
        <ele>519.79998779296875</ele>
        <time>2026-03-30T22:21:24.000Z</time>
        <extensions>
          <ns3:TrackPointExtension>
            <ns3:hr>108</ns3:hr>
            <ns3:cad>0</ns3:cad>
          </ns3:TrackPointExtension>
        </extensions>
      </trkpt>
      <trkpt lat="35.97093905322253704071044921875" lon="-81.1116500012576580047607421875">
        <ele>519.4000244140625</ele>
        <time>2026-03-30T22:21:27.000Z</time>
        <extensions>
          <ns3:TrackPointExtension>
            <ns3:hr>105</ns3:hr>
            <ns3:cad>0</ns3:cad>
          </ns3:TrackPointExtension>
        </extensions>
      </trkpt>
      <trkpt lat="35.9709228761494159698486328125" lon="-81.11167422495782375335693359375">
        <ele>518.79998779296875</ele>
        <time>2026-03-30T22:21:32.000Z</time>
        <extensions>
          <ns3:TrackPointExtension>
            <ns3:hr>102</ns3:hr>
            <ns3:cad>0</ns3:cad>
          </ns3:TrackPointExtension>
        </extensions>
      </trkpt>
      <trkpt lat="35.9709245525300502777099609375" lon="-81.11168495379388332366943359375">
        <ele>518.79998779296875</ele>
        <time>2026-03-30T22:21:33.000Z</time>
        <extensions>
          <ns3:TrackPointExtension>
            <ns3:hr>102</ns3:hr>
            <ns3:cad>0</ns3:cad>
          </ns3:TrackPointExtension>
        </extensions>
      </trkpt>
      <trkpt lat="35.9709061123430728912353515625" lon="-81.11171915195882320404052734375">
        <ele>518.20001220703125</ele>
        <time>2026-03-30T22:21:39.000Z</time>
        <extensions>
          <ns3:TrackPointExtension>
            <ns3:hr>99</ns3:hr>
            <ns3:cad>0</ns3:cad>
          </ns3:TrackPointExtension>
        </extensions>
      </trkpt>
      <trkpt lat="35.97088574431836605072021484375" lon="-81.111750416457653045654296875">
        <ele>518.4000244140625</ele>
        <time>2026-03-30T22:21:46.000Z</time>
        <extensions>
          <ns3:TrackPointExtension>
            <ns3:hr>97</ns3:hr>
            <ns3:cad>0</ns3:cad>
          </ns3:TrackPointExtension>
        </extensions>
      </trkpt>
      <trkpt lat="35.97086696885526180267333984375" lon="-81.11178620718419551849365234375">
        <ele>517.5999755859375</ele>
        <time>2026-03-30T22:21:52.000Z</time>
        <extensions>
          <ns3:TrackPointExtension>
            <ns3:hr>96</ns3:hr>
            <ns3:cad>79</ns3:cad>
          </ns3:TrackPointExtension>
        </extensions>
      </trkpt>
      <trkpt lat="35.97085188142955303192138671875" lon="-81.11182476393878459930419921875">
        <ele>516.79998779296875</ele>
        <time>2026-03-30T22:21:58.000Z</time>
        <extensions>
          <ns3:TrackPointExtension>
            <ns3:hr>95</ns3:hr>
            <ns3:cad>79</ns3:cad>
          </ns3:TrackPointExtension>
        </extensions>
      </trkpt>
      <trkpt lat="35.97083059139549732208251953125" lon="-81.111854016780853271484375">
        <ele>516.5999755859375</ele>
        <time>2026-03-30T22:22:03.000Z</time>
        <extensions>
          <ns3:TrackPointExtension>
            <ns3:hr>94</ns3:hr>
            <ns3:cad>0</ns3:cad>
          </ns3:TrackPointExtension>
        </extensions>
      </trkpt>
      <trkpt lat="35.970823131501674652099609375" lon="-81.1118781566619873046875">
        <ele>516.4000244140625</ele>
        <time>2026-03-30T22:22:06.000Z</time>
        <extensions>
          <ns3:TrackPointExtension>
            <ns3:hr>94</ns3:hr>
            <ns3:cad>0</ns3:cad>
          </ns3:TrackPointExtension>
        </extensions>
      </trkpt>
      <trkpt lat="35.9708045236766338348388671875" lon="-81.1119229160249233245849609375">
        <ele>516</ele>
        <time>2026-03-30T22:22:14.000Z</time>
        <extensions>
          <ns3:TrackPointExtension>
            <ns3:hr>94</ns3:hr>
            <ns3:cad>0</ns3:cad>
          </ns3:TrackPointExtension>
        </extensions>
      </trkpt>
      <trkpt lat="35.970790944993495941162109375" lon="-81.111953258514404296875">
        <ele>515.5999755859375</ele>
        <time>2026-03-30T22:22:18.000Z</time>
        <extensions>
          <ns3:TrackPointExtension>
            <ns3:hr>94</ns3:hr>
            <ns3:cad>64</ns3:cad>
          </ns3:TrackPointExtension>
        </extensions>
      </trkpt>
      <trkpt lat="35.970787592232227325439453125" lon="-81.1119661666452884674072265625">
        <ele>515.20001220703125</ele>
        <time>2026-03-30T22:22:21.000Z</time>
        <extensions>
          <ns3:TrackPointExtension>
            <ns3:hr>93</ns3:hr>
            <ns3:cad>59</ns3:cad>
          </ns3:TrackPointExtension>
        </extensions>
      </trkpt>
      <trkpt lat="35.97078616730868816375732421875" lon="-81.1119782365858554840087890625">
        <ele>514.79998779296875</ele>
        <time>2026-03-30T22:22:24.000Z</time>
        <extensions>
          <ns3:TrackPointExtension>
            <ns3:hr>98</ns3:hr>
            <ns3:cad>64</ns3:cad>
          </ns3:TrackPointExtension>
        </extensions>
      </trkpt>
      <trkpt lat="35.97078348509967327117919921875" lon="-81.1119946651160717010498046875">
        <ele>514.5999755859375</ele>
        <time>2026-03-30T22:22:27.000Z</time>
        <extensions>
          <ns3:TrackPointExtension>
            <ns3:hr>99</ns3:hr>
            <ns3:cad>0</ns3:cad>
          </ns3:TrackPointExtension>
        </extensions>
      </trkpt>
      <trkpt lat="35.9707827307283878326416015625" lon="-81.11200162209570407867431640625">
        <ele>514.4000244140625</ele>
        <time>2026-03-30T22:22:28.000Z</time>
        <extensions>
          <ns3:TrackPointExtension>
            <ns3:hr>98</ns3:hr>
            <ns3:cad>0</ns3:cad>
          </ns3:TrackPointExtension>
        </extensions>
      </trkpt>
      <trkpt lat="35.97074911929666996002197265625" lon="-81.11207303591072559356689453125">
        <ele>513.79998779296875</ele>
        <time>2026-03-30T22:22:36.000Z</time>
        <extensions>
          <ns3:TrackPointExtension>
            <ns3:hr>98</ns3:hr>
            <ns3:cad>0</ns3:cad>
          </ns3:TrackPointExtension>
        </extensions>
      </trkpt>
      <trkpt lat="35.97075884230434894561767578125" lon="-81.112108491361141204833984375">
        <ele>513.4000244140625</ele>
        <time>2026-03-30T22:22:40.000Z</time>
        <extensions>
          <ns3:TrackPointExtension>
            <ns3:hr>97</ns3:hr>
            <ns3:cad>53</ns3:cad>
          </ns3:TrackPointExtension>
        </extensions>
      </trkpt>
      <trkpt lat="35.97076420672237873077392578125" lon="-81.11211276613175868988037109375">
        <ele>513.4000244140625</ele>
        <time>2026-03-30T22:22:42.000Z</time>
        <extensions>
          <ns3:TrackPointExtension>
            <ns3:hr>95</ns3:hr>
            <ns3:cad>53</ns3:cad>
          </ns3:TrackPointExtension>
        </extensions>
      </trkpt>
      <trkpt lat="35.9707657992839813232421875" lon="-81.11215107142925262451171875">
        <ele>512.5999755859375</ele>
        <time>2026-03-30T22:22:49.000Z</time>
        <extensions>
          <ns3:TrackPointExtension>
            <ns3:hr>97</ns3:hr>
            <ns3:cad>53</ns3:cad>
          </ns3:TrackPointExtension>
        </extensions>
      </trkpt>
      <trkpt lat="35.9707626141607761383056640625" lon="-81.11216045916080474853515625">
        <ele>512.4000244140625</ele>
        <time>2026-03-30T22:22:52.000Z</time>
        <extensions>
          <ns3:TrackPointExtension>
            <ns3:hr>98</ns3:hr>
            <ns3:cad>53</ns3:cad>
          </ns3:TrackPointExtension>
        </extensions>
      </trkpt>
      <trkpt lat="35.9707725048065185546875" lon="-81.112182922661304473876953125">
        <ele>511.79998779296875</ele>
        <time>2026-03-30T22:22:57.000Z</time>
        <extensions>
          <ns3:TrackPointExtension>
            <ns3:hr>97</ns3:hr>
            <ns3:cad>0</ns3:cad>
          </ns3:TrackPointExtension>
        </extensions>
      </trkpt>
      <trkpt lat="35.9707813896238803863525390625" lon="-81.1121901310980319976806640625">
        <ele>511.600006103515625</ele>
        <time>2026-03-30T22:23:04.000Z</time>
        <extensions>
          <ns3:TrackPointExtension>
            <ns3:hr>98</ns3:hr>
            <ns3:cad>0</ns3:cad>
          </ns3:TrackPointExtension>
        </extensions>
      </trkpt>
      <trkpt lat="35.97078130580484867095947265625" lon="-81.112190969288349151611328125">
        <ele>511.399993896484375</ele>
        <time>2026-03-30T22:23:06.000Z</time>
        <extensions>
          <ns3:TrackPointExtension>
            <ns3:hr>97</ns3:hr>
            <ns3:cad>0</ns3:cad>
          </ns3:TrackPointExtension>
        </extensions>
      </trkpt>
      <trkpt lat="35.97078256309032440185546875" lon="-81.1122214794158935546875">
        <ele>510.79998779296875</ele>
        <time>2026-03-30T22:23:10.000Z</time>
        <extensions>
          <ns3:TrackPointExtension>
            <ns3:hr>96</ns3:hr>
            <ns3:cad>0</ns3:cad>
          </ns3:TrackPointExtension>
        </extensions>
      </trkpt>
      <trkpt lat="35.9707894362509250640869140625" lon="-81.112240590155124664306640625">
        <ele>510.20001220703125</ele>
        <time>2026-03-30T22:23:15.000Z</time>
        <extensions>
          <ns3:TrackPointExtension>
            <ns3:hr>94</ns3:hr>
            <ns3:cad>0</ns3:cad>
          </ns3:TrackPointExtension>
        </extensions>
      </trkpt>
      <trkpt lat="35.97078935243189334869384765625" lon="-81.11224721185863018035888671875">
        <ele>510</ele>
        <time>2026-03-30T22:23:17.000Z</time>
        <extensions>
          <ns3:TrackPointExtension>
            <ns3:hr>93</ns3:hr>
            <ns3:cad>0</ns3:cad>
          </ns3:TrackPointExtension>
        </extensions>
      </trkpt>
      <trkpt lat="35.97079622559249401092529296875" lon="-81.11231326125562191009521484375">
        <ele>509.20001220703125</ele>
        <time>2026-03-30T22:23:24.000Z</time>
        <extensions>
          <ns3:TrackPointExtension>
            <ns3:hr>94</ns3:hr>
            <ns3:cad>0</ns3:cad>
          </ns3:TrackPointExtension>
        </extensions>
      </trkpt>
      <trkpt lat="35.97079756669700145721435546875" lon="-81.1123108305037021636962890625">
        <ele>509.20001220703125</ele>
        <time>2026-03-30T22:23:25.000Z</time>
        <extensions>
          <ns3:TrackPointExtension>
            <ns3:hr>96</ns3:hr>
            <ns3:cad>0</ns3:cad>
          </ns3:TrackPointExtension>
        </extensions>
      </trkpt>
      <trkpt lat="35.970803014934062957763671875" lon="-81.11231560818850994110107421875">
        <ele>508.79998779296875</ele>
        <time>2026-03-30T22:23:30.000Z</time>
        <extensions>
          <ns3:TrackPointExtension>
            <ns3:hr>97</ns3:hr>
            <ns3:cad>0</ns3:cad>
          </ns3:TrackPointExtension>
        </extensions>
      </trkpt>
      <trkpt lat="35.97080175764858722686767578125" lon="-81.11232030205428600311279296875">
        <ele>508.20001220703125</ele>
        <time>2026-03-30T22:23:34.000Z</time>
        <extensions>
          <ns3:TrackPointExtension>
            <ns3:hr>99</ns3:hr>
            <ns3:cad>0</ns3:cad>
          </ns3:TrackPointExtension>
        </extensions>
      </trkpt>
      <trkpt lat="35.9707840718328952789306640625" lon="-81.1123336292803287506103515625">
        <ele>508</ele>
        <time>2026-03-30T22:23:36.000Z</time>
        <extensions>
          <ns3:TrackPointExtension>
            <ns3:hr>99</ns3:hr>
            <ns3:cad>0</ns3:cad>
          </ns3:TrackPointExtension>
        </extensions>
      </trkpt>
      <trkpt lat="35.970765464007854461669921875" lon="-81.11234662123024463653564453125">
        <ele>507.600006103515625</ele>
        <time>2026-03-30T22:23:42.000Z</time>
        <extensions>
          <ns3:TrackPointExtension>
            <ns3:hr>99</ns3:hr>
            <ns3:cad>0</ns3:cad>
          </ns3:TrackPointExtension>
        </extensions>
      </trkpt>
      <trkpt lat="35.97075616009533405303955078125" lon="-81.1123852618038654327392578125">
        <ele>507.20001220703125</ele>
        <time>2026-03-30T22:23:46.000Z</time>
        <extensions>
          <ns3:TrackPointExtension>
            <ns3:hr>100</ns3:hr>
            <ns3:cad>0</ns3:cad>
          </ns3:TrackPointExtension>
        </extensions>
      </trkpt>
      <trkpt lat="35.970748700201511383056640625" lon="-81.1123891174793243408203125">
        <ele>506.79998779296875</ele>
        <time>2026-03-30T22:23:49.000Z</time>
        <extensions>
          <ns3:TrackPointExtension>
            <ns3:hr>101</ns3:hr>
            <ns3:cad>64</ns3:cad>
          </ns3:TrackPointExtension>
        </extensions>
      </trkpt>
      <trkpt lat="35.97071190364658832550048828125" lon="-81.112378053367137908935546875">
        <ele>507.20001220703125</ele>
        <time>2026-03-30T22:23:55.000Z</time>
        <extensions>
          <ns3:TrackPointExtension>
            <ns3:hr>101</ns3:hr>
            <ns3:cad>0</ns3:cad>
          </ns3:TrackPointExtension>
        </extensions>
      </trkpt>
      <trkpt lat="35.97070343792438507080078125" lon="-81.1123815737664699554443359375">
        <ele>507.399993896484375</ele>
        <time>2026-03-30T22:23:56.000Z</time>
        <extensions>
          <ns3:TrackPointExtension>
            <ns3:hr>101</ns3:hr>
            <ns3:cad>0</ns3:cad>
          </ns3:TrackPointExtension>
        </extensions>
      </trkpt>
      <trkpt lat="35.9706821478903293609619140625" lon="-81.11245214939117431640625">
        <ele>506.600006103515625</ele>
        <time>2026-03-30T22:24:03.000Z</time>
        <extensions>
          <ns3:TrackPointExtension>
            <ns3:hr>102</ns3:hr>
            <ns3:cad>72</ns3:cad>
          </ns3:TrackPointExtension>
        </extensions>
      </trkpt>
      <trkpt lat="35.9706801362335681915283203125" lon="-81.11248366534709930419921875">
        <ele>506.20001220703125</ele>
        <time>2026-03-30T22:24:06.000Z</time>
        <extensions>
          <ns3:TrackPointExtension>
            <ns3:hr>102</ns3:hr>
            <ns3:cad>0</ns3:cad>
          </ns3:TrackPointExtension>
        </extensions>
      </trkpt>
      <trkpt lat="35.9706915356218814849853515625" lon="-81.1125193722546100616455078125">
        <ele>505.79998779296875</ele>
        <time>2026-03-30T22:24:11.000Z</time>
        <extensions>
          <ns3:TrackPointExtension>
            <ns3:hr>101</ns3:hr>
            <ns3:cad>0</ns3:cad>
          </ns3:TrackPointExtension>
        </extensions>
      </trkpt>
      <trkpt lat="35.9707324393093585968017578125" lon="-81.1125446856021881103515625">
        <ele>505</ele>
        <time>2026-03-30T22:24:18.000Z</time>
        <extensions>
          <ns3:TrackPointExtension>
            <ns3:hr>99</ns3:hr>
            <ns3:cad>0</ns3:cad>
          </ns3:TrackPointExtension>
        </extensions>
      </trkpt>
      <trkpt lat="35.9707351215183734893798828125" lon="-81.1125488765537738800048828125">
        <ele>505</ele>
        <time>2026-03-30T22:24:19.000Z</time>
        <extensions>
          <ns3:TrackPointExtension>
            <ns3:hr>99</ns3:hr>
            <ns3:cad>0</ns3:cad>
          </ns3:TrackPointExtension>
        </extensions>
      </trkpt>
      <trkpt lat="35.9707336127758026123046875" lon="-81.1125515587627887725830078125">
        <ele>504.399993896484375</ele>
        <time>2026-03-30T22:24:26.000Z</time>
        <extensions>
          <ns3:TrackPointExtension>
            <ns3:hr>99</ns3:hr>
            <ns3:cad>0</ns3:cad>
          </ns3:TrackPointExtension>
        </extensions>
      </trkpt>
      <trkpt lat="35.97070586867630481719970703125" lon="-81.1125267483294010162353515625">
        <ele>504.600006103515625</ele>
        <time>2026-03-30T22:24:31.000Z</time>
        <extensions>
          <ns3:TrackPointExtension>
            <ns3:hr>96</ns3:hr>
            <ns3:cad>0</ns3:cad>
          </ns3:TrackPointExtension>
        </extensions>
      </trkpt>
      <trkpt lat="35.9706975705921649932861328125" lon="-81.11252448521554470062255859375">
        <ele>504.600006103515625</ele>
        <time>2026-03-30T22:24:32.000Z</time>
        <extensions>
          <ns3:TrackPointExtension>
            <ns3:hr>96</ns3:hr>
            <ns3:cad>0</ns3:cad>
          </ns3:TrackPointExtension>
        </extensions>
      </trkpt>
      <trkpt lat="35.970682315528392791748046875" lon="-81.11255147494375705718994140625">
        <ele>504.399993896484375</ele>
        <time>2026-03-30T22:24:38.000Z</time>
        <extensions>
          <ns3:TrackPointExtension>
            <ns3:hr>100</ns3:hr>
            <ns3:cad>59</ns3:cad>
          </ns3:TrackPointExtension>
        </extensions>
      </trkpt>
      <trkpt lat="35.9706767834722995758056640625" lon="-81.11257712356746196746826171875">
        <ele>504</ele>
        <time>2026-03-30T22:24:41.000Z</time>
        <extensions>
          <ns3:TrackPointExtension>
            <ns3:hr>104</ns3:hr>
            <ns3:cad>62</ns3:cad>
          </ns3:TrackPointExtension>
        </extensions>
      </trkpt>
      <trkpt lat="35.9706677310168743133544921875" lon="-81.11260713078081607818603515625">
        <ele>503</ele>
        <time>2026-03-30T22:24:47.000Z</time>
        <extensions>
          <ns3:TrackPointExtension>
            <ns3:hr>104</ns3:hr>
            <ns3:cad>47</ns3:cad>
          </ns3:TrackPointExtension>
        </extensions>
      </trkpt>
      <trkpt lat="35.97066530026495456695556640625" lon="-81.11260998062789440155029296875">
        <ele>502.79998779296875</ele>
        <time>2026-03-30T22:24:48.000Z</time>
        <extensions>
          <ns3:TrackPointExtension>
            <ns3:hr>104</ns3:hr>
            <ns3:cad>47</ns3:cad>
          </ns3:TrackPointExtension>
        </extensions>
      </trkpt>
      <trkpt lat="35.9706650488078594207763671875" lon="-81.11261970363557338714599609375">
        <ele>502</ele>
        <time>2026-03-30T22:24:55.000Z</time>
        <extensions>
          <ns3:TrackPointExtension>
            <ns3:hr>102</ns3:hr>
            <ns3:cad>0</ns3:cad>
          </ns3:TrackPointExtension>
        </extensions>
      </trkpt>
      <trkpt lat="35.9706620313227176666259765625" lon="-81.1126766167581081390380859375">
        <ele>502.600006103515625</ele>
        <time>2026-03-30T22:25:01.000Z</time>
        <extensions>
          <ns3:TrackPointExtension>
            <ns3:hr>101</ns3:hr>
            <ns3:cad>0</ns3:cad>
          </ns3:TrackPointExtension>
        </extensions>
      </trkpt>
      <trkpt lat="35.9706492908298969268798828125" lon="-81.1127101443707942962646484375">
        <ele>501.600006103515625</ele>
        <time>2026-03-30T22:25:06.000Z</time>
        <extensions>
          <ns3:TrackPointExtension>
            <ns3:hr>102</ns3:hr>
            <ns3:cad>41</ns3:cad>
          </ns3:TrackPointExtension>
        </extensions>
      </trkpt>
      <trkpt lat="35.97064585424959659576416015625" lon="-81.112710647284984588623046875">
        <ele>501.20001220703125</ele>
        <time>2026-03-30T22:25:09.000Z</time>
        <extensions>
          <ns3:TrackPointExtension>
            <ns3:hr>104</ns3:hr>
            <ns3:cad>42</ns3:cad>
          </ns3:TrackPointExtension>
        </extensions>
      </trkpt>
      <trkpt lat="35.9706559963524341583251953125" lon="-81.1126975715160369873046875">
        <ele>500.79998779296875</ele>
        <time>2026-03-30T22:25:12.000Z</time>
        <extensions>
          <ns3:TrackPointExtension>
            <ns3:hr>107</ns3:hr>
            <ns3:cad>0</ns3:cad>
          </ns3:TrackPointExtension>
        </extensions>
      </trkpt>
      <trkpt lat="35.97065247595310211181640625" lon="-81.11271391622722148895263671875">
        <ele>500.79998779296875</ele>
        <time>2026-03-30T22:25:17.000Z</time>
        <extensions>
          <ns3:TrackPointExtension>
            <ns3:hr>107</ns3:hr>
            <ns3:cad>0</ns3:cad>
          </ns3:TrackPointExtension>
        </extensions>
      </trkpt>
      <trkpt lat="35.9706496261060237884521484375" lon="-81.11271844245493412017822265625">
        <ele>500.79998779296875</ele>
        <time>2026-03-30T22:25:18.000Z</time>
        <extensions>
          <ns3:TrackPointExtension>
            <ns3:hr>104</ns3:hr>
            <ns3:cad>0</ns3:cad>
          </ns3:TrackPointExtension>
        </extensions>
      </trkpt>
      <trkpt lat="35.97064803354442119598388671875" lon="-81.11272648908197879791259765625">
        <ele>500.79998779296875</ele>
        <time>2026-03-30T22:25:20.000Z</time>
        <extensions>
          <ns3:TrackPointExtension>
            <ns3:hr>100</ns3:hr>
            <ns3:cad>0</ns3:cad>
          </ns3:TrackPointExtension>
        </extensions>
      </trkpt>
      <trkpt lat="35.9706533141434192657470703125" lon="-81.11276068724691867828369140625">
        <ele>500.79998779296875</ele>
        <time>2026-03-30T22:25:26.000Z</time>
        <extensions>
          <ns3:TrackPointExtension>
            <ns3:hr>103</ns3:hr>
            <ns3:cad>0</ns3:cad>
          </ns3:TrackPointExtension>
        </extensions>
      </trkpt>
      <trkpt lat="35.97065105102956295013427734375" lon="-81.112756244838237762451171875">
        <ele>500.600006103515625</ele>
        <time>2026-03-30T22:25:27.000Z</time>
        <extensions>
          <ns3:TrackPointExtension>
            <ns3:hr>104</ns3:hr>
            <ns3:cad>0</ns3:cad>
          </ns3:TrackPointExtension>
        </extensions>
      </trkpt>
      <trkpt lat="35.970634706318378448486328125" lon="-81.11279555596411228179931640625">
        <ele>499.600006103515625</ele>
        <time>2026-03-30T22:25:33.000Z</time>
        <extensions>
          <ns3:TrackPointExtension>
            <ns3:hr>102</ns3:hr>
            <ns3:cad>0</ns3:cad>
          </ns3:TrackPointExtension>
        </extensions>
      </trkpt>
      <trkpt lat="35.97063328139483928680419921875" lon="-81.11280192621052265167236328125">
        <ele>499.600006103515625</ele>
        <time>2026-03-30T22:25:34.000Z</time>
        <extensions>
          <ns3:TrackPointExtension>
            <ns3:hr>103</ns3:hr>
            <ns3:cad>0</ns3:cad>
          </ns3:TrackPointExtension>
        </extensions>
      </trkpt>
      <trkpt lat="35.97063814289867877960205078125" lon="-81.11283595673739910125732421875">
        <ele>498.600006103515625</ele>
        <time>2026-03-30T22:25:40.000Z</time>
        <extensions>
          <ns3:TrackPointExtension>
            <ns3:hr>104</ns3:hr>
            <ns3:cad>0</ns3:cad>
          </ns3:TrackPointExtension>
        </extensions>
      </trkpt>
      <trkpt lat="35.970637388527393341064453125" lon="-81.1128397285938262939453125">
        <ele>498.600006103515625</ele>
        <time>2026-03-30T22:25:41.000Z</time>
        <extensions>
          <ns3:TrackPointExtension>
            <ns3:hr>103</ns3:hr>
            <ns3:cad>0</ns3:cad>
          </ns3:TrackPointExtension>
        </extensions>
      </trkpt>
      <trkpt lat="35.97062305547297000885009765625" lon="-81.1128533072769641876220703125">
        <ele>497.79998779296875</ele>
        <time>2026-03-30T22:25:47.000Z</time>
        <extensions>
          <ns3:TrackPointExtension>
            <ns3:hr>104</ns3:hr>
            <ns3:cad>77</ns3:cad>
          </ns3:TrackPointExtension>
        </extensions>
      </trkpt>
      <trkpt lat="35.9705986641347408294677734375" lon="-81.11285523511469364166259765625">
        <ele>497.399993896484375</ele>
        <time>2026-03-30T22:25:52.000Z</time>
        <extensions>
          <ns3:TrackPointExtension>
            <ns3:hr>102</ns3:hr>
            <ns3:cad>0</ns3:cad>
          </ns3:TrackPointExtension>
        </extensions>
      </trkpt>
      <trkpt lat="35.9705936349928379058837890625" lon="-81.11286261118948459625244140625">
        <ele>497.399993896484375</ele>
        <time>2026-03-30T22:25:53.000Z</time>
        <extensions>
          <ns3:TrackPointExtension>
            <ns3:hr>102</ns3:hr>
            <ns3:cad>0</ns3:cad>
          </ns3:TrackPointExtension>
        </extensions>
      </trkpt>
      <trkpt lat="35.970579050481319427490234375" lon="-81.1128740943968296051025390625">
        <ele>497.399993896484375</ele>
        <time>2026-03-30T22:25:56.000Z</time>
        <extensions>
          <ns3:TrackPointExtension>
            <ns3:hr>99</ns3:hr>
            <ns3:cad>0</ns3:cad>
          </ns3:TrackPointExtension>
        </extensions>
      </trkpt>
      <trkpt lat="35.9705715067684650421142578125" lon="-81.11287635751068592071533203125">
        <ele>497.20001220703125</ele>
        <time>2026-03-30T22:25:58.000Z</time>
        <extensions>
          <ns3:TrackPointExtension>
            <ns3:hr>96</ns3:hr>
            <ns3:cad>60</ns3:cad>
          </ns3:TrackPointExtension>
        </extensions>
      </trkpt>
      <trkpt lat="35.97056689672172069549560546875" lon="-81.11288088373839855194091796875">
        <ele>497.20001220703125</ele>
        <time>2026-03-30T22:26:00.000Z</time>
        <extensions>
          <ns3:TrackPointExtension>
            <ns3:hr>95</ns3:hr>
            <ns3:cad>0</ns3:cad>
          </ns3:TrackPointExtension>
        </extensions>
      </trkpt>
      <trkpt lat="35.9705668129026889801025390625" lon="-81.11288465559482574462890625">
        <ele>497.20001220703125</ele>
        <time>2026-03-30T22:26:02.000Z</time>
        <extensions>
          <ns3:TrackPointExtension>
            <ns3:hr>99</ns3:hr>
            <ns3:cad>0</ns3:cad>
          </ns3:TrackPointExtension>
        </extensions>
      </trkpt>
      <trkpt lat="35.970562957227230072021484375" lon="-81.11288733780384063720703125">
        <ele>497</ele>
        <time>2026-03-30T22:26:03.000Z</time>
        <extensions>
          <ns3:TrackPointExtension>
            <ns3:hr>102</ns3:hr>
            <ns3:cad>0</ns3:cad>
          </ns3:TrackPointExtension>
        </extensions>
      </trkpt>
      <trkpt lat="35.970555581152439117431640625" lon="-81.1128868348896503448486328125">
        <ele>496.79998779296875</ele>
        <time>2026-03-30T22:26:05.000Z</time>
        <extensions>
          <ns3:TrackPointExtension>
            <ns3:hr>106</ns3:hr>
            <ns3:cad>0</ns3:cad>
          </ns3:TrackPointExtension>
        </extensions>
      </trkpt>
      <trkpt lat="35.970539487898349761962890625" lon="-81.112905442714691162109375">
        <ele>496.79998779296875</ele>
        <time>2026-03-30T22:26:08.000Z</time>
        <extensions>
          <ns3:TrackPointExtension>
            <ns3:hr>106</ns3:hr>
            <ns3:cad>0</ns3:cad>
          </ns3:TrackPointExtension>
        </extensions>
      </trkpt>
      <trkpt lat="35.97052347846329212188720703125" lon="-81.11291625536978244781494140625">
        <ele>496.600006103515625</ele>
        <time>2026-03-30T22:26:12.000Z</time>
        <extensions>
          <ns3:TrackPointExtension>
            <ns3:hr>103</ns3:hr>
            <ns3:cad>0</ns3:cad>
          </ns3:TrackPointExtension>
        </extensions>
      </trkpt>
      <trkpt lat="35.970514677464962005615234375" lon="-81.11291809938848018646240234375">
        <ele>496.399993896484375</ele>
        <time>2026-03-30T22:26:13.000Z</time>
        <extensions>
          <ns3:TrackPointExtension>
            <ns3:hr>102</ns3:hr>
            <ns3:cad>41</ns3:cad>
          </ns3:TrackPointExtension>
        </extensions>
      </trkpt>
      <trkpt lat="35.97050855867564678192138671875" lon="-81.112920530140399932861328125">
        <ele>496.399993896484375</ele>
        <time>2026-03-30T22:26:14.000Z</time>
        <extensions>
          <ns3:TrackPointExtension>
            <ns3:hr>100</ns3:hr>
            <ns3:cad>73</ns3:cad>
          </ns3:TrackPointExtension>
        </extensions>
      </trkpt>
      <trkpt lat="35.9704588539898395538330078125" lon="-81.1129344440996646881103515625">
        <ele>495.79998779296875</ele>
        <time>2026-03-30T22:26:21.000Z</time>
        <extensions>
          <ns3:TrackPointExtension>
            <ns3:hr>102</ns3:hr>
            <ns3:cad>0</ns3:cad>
          </ns3:TrackPointExtension>
        </extensions>
      </trkpt>
      <trkpt lat="35.9704122506082057952880859375" lon="-81.11294827423989772796630859375">
        <ele>495.79998779296875</ele>
        <time>2026-03-30T22:26:27.000Z</time>
        <extensions>
          <ns3:TrackPointExtension>
            <ns3:hr>102</ns3:hr>
            <ns3:cad>0</ns3:cad>
          </ns3:TrackPointExtension>
        </extensions>
      </trkpt>
      <trkpt lat="35.97038366831839084625244140625" lon="-81.11299906857311725616455078125">
        <ele>495.399993896484375</ele>
        <time>2026-03-30T22:26:33.000Z</time>
        <extensions>
          <ns3:TrackPointExtension>
            <ns3:hr>103</ns3:hr>
            <ns3:cad>0</ns3:cad>
          </ns3:TrackPointExtension>
        </extensions>
      </trkpt>
      <trkpt lat="35.97036422230303287506103515625" lon="-81.1130075342953205108642578125">
        <ele>495.399993896484375</ele>
        <time>2026-03-30T22:26:39.000Z</time>
        <extensions>
          <ns3:TrackPointExtension>
            <ns3:hr>103</ns3:hr>
            <ns3:cad>0</ns3:cad>
          </ns3:TrackPointExtension>
        </extensions>
      </trkpt>
      <trkpt lat="35.970362462103366851806640625" lon="-81.11300912685692310333251953125">
        <ele>495.20001220703125</ele>
        <time>2026-03-30T22:26:43.000Z</time>
        <extensions>
          <ns3:TrackPointExtension>
            <ns3:hr>100</ns3:hr>
            <ns3:cad>0</ns3:cad>
          </ns3:TrackPointExtension>
        </extensions>
      </trkpt>
      <trkpt lat="35.97035265527665615081787109375" lon="-81.1129944585263729095458984375">
        <ele>495.399993896484375</ele>
        <time>2026-03-30T22:26:45.000Z</time>
        <extensions>
          <ns3:TrackPointExtension>
            <ns3:hr>101</ns3:hr>
            <ns3:cad>0</ns3:cad>
          </ns3:TrackPointExtension>
        </extensions>
      </trkpt>
      <trkpt lat="35.97035114653408527374267578125" lon="-81.11299705691635608673095703125">
        <ele>495.399993896484375</ele>
        <time>2026-03-30T22:26:47.000Z</time>
        <extensions>
          <ns3:TrackPointExtension>
            <ns3:hr>104</ns3:hr>
            <ns3:cad>0</ns3:cad>
          </ns3:TrackPointExtension>
        </extensions>
      </trkpt>
      <trkpt lat="35.97034670412540435791015625" lon="-81.11300124786794185638427734375">
        <ele>495.600006103515625</ele>
        <time>2026-03-30T22:26:50.000Z</time>
        <extensions>
          <ns3:TrackPointExtension>
            <ns3:hr>103</ns3:hr>
            <ns3:cad>0</ns3:cad>
          </ns3:TrackPointExtension>
        </extensions>
      </trkpt>
      <trkpt lat="35.9703351370990276336669921875" lon="-81.11299035139381885528564453125">
        <ele>495.79998779296875</ele>
        <time>2026-03-30T22:26:58.000Z</time>
        <extensions>
          <ns3:TrackPointExtension>
            <ns3:hr>101</ns3:hr>
            <ns3:cad>0</ns3:cad>
          </ns3:TrackPointExtension>
        </extensions>
      </trkpt>
      <trkpt lat="35.970309488475322723388671875" lon="-81.11297786235809326171875">
        <ele>496.399993896484375</ele>
        <time>2026-03-30T22:27:03.000Z</time>
        <extensions>
          <ns3:TrackPointExtension>
            <ns3:hr>103</ns3:hr>
            <ns3:cad>0</ns3:cad>
          </ns3:TrackPointExtension>
        </extensions>
      </trkpt>
      <trkpt lat="35.97030404023826122283935546875" lon="-81.1129770241677761077880859375">
        <ele>496.399993896484375</ele>
        <time>2026-03-30T22:27:05.000Z</time>
        <extensions>
          <ns3:TrackPointExtension>
            <ns3:hr>105</ns3:hr>
            <ns3:cad>0</ns3:cad>
          </ns3:TrackPointExtension>
        </extensions>
      </trkpt>
      <trkpt lat="35.97029666416347026824951171875" lon="-81.11297425813972949981689453125">
        <ele>496.600006103515625</ele>
        <time>2026-03-30T22:27:07.000Z</time>
        <extensions>
          <ns3:TrackPointExtension>
            <ns3:hr>108</ns3:hr>
            <ns3:cad>0</ns3:cad>
          </ns3:TrackPointExtension>
        </extensions>
      </trkpt>
      <trkpt lat="35.9702871926128864288330078125" lon="-81.1129693128168582916259765625">
        <ele>496.600006103515625</ele>
        <time>2026-03-30T22:27:09.000Z</time>
        <extensions>
          <ns3:TrackPointExtension>
            <ns3:hr>111</ns3:hr>
            <ns3:cad>0</ns3:cad>
          </ns3:TrackPointExtension>
        </extensions>
      </trkpt>
      <trkpt lat="35.97024570219218730926513671875" lon="-81.1129716597497463226318359375">
        <ele>497</ele>
        <time>2026-03-30T22:27:17.000Z</time>
        <extensions>
          <ns3:TrackPointExtension>
            <ns3:hr>108</ns3:hr>
            <ns3:cad>0</ns3:cad>
          </ns3:TrackPointExtension>
        </extensions>
      </trkpt>
      <trkpt lat="35.97024746239185333251953125" lon="-81.11296889372169971466064453125">
        <ele>497</ele>
        <time>2026-03-30T22:27:19.000Z</time>
        <extensions>
          <ns3:TrackPointExtension>
            <ns3:hr>105</ns3:hr>
            <ns3:cad>0</ns3:cad>
          </ns3:TrackPointExtension>
        </extensions>
      </trkpt>
      <trkpt lat="35.970267243683338165283203125" lon="-81.11296067945659160614013671875">
        <ele>496.79998779296875</ele>
        <time>2026-03-30T22:27:25.000Z</time>
        <extensions>
          <ns3:TrackPointExtension>
            <ns3:hr>105</ns3:hr>
            <ns3:cad>0</ns3:cad>
          </ns3:TrackPointExtension>
        </extensions>
      </trkpt>
      <trkpt lat="35.97022742964327335357666015625" lon="-81.11295212991535663604736328125">
        <ele>497.600006103515625</ele>
        <time>2026-03-30T22:27:31.000Z</time>
        <extensions>
          <ns3:TrackPointExtension>
            <ns3:hr>107</ns3:hr>
            <ns3:cad>0</ns3:cad>
          </ns3:TrackPointExtension>
        </extensions>
      </trkpt>
      <trkpt lat="35.97022407688200473785400390625" lon="-81.112945340573787689208984375">
        <ele>497.79998779296875</ele>
        <time>2026-03-30T22:27:32.000Z</time>
        <extensions>
          <ns3:TrackPointExtension>
            <ns3:hr>108</ns3:hr>
            <ns3:cad>0</ns3:cad>
          </ns3:TrackPointExtension>
        </extensions>
      </trkpt>
      <trkpt lat="35.970190800726413726806640625" lon="-81.11290284432470798492431640625">
        <ele>498.600006103515625</ele>
        <time>2026-03-30T22:27:39.000Z</time>
        <extensions>
          <ns3:TrackPointExtension>
            <ns3:hr>108</ns3:hr>
            <ns3:cad>75</ns3:cad>
          </ns3:TrackPointExtension>
        </extensions>
      </trkpt>
      <trkpt lat="35.9701943211257457733154296875" lon="-81.11289831809699535369873046875">
        <ele>498.600006103515625</ele>
        <time>2026-03-30T22:27:40.000Z</time>
        <extensions>
          <ns3:TrackPointExtension>
            <ns3:hr>109</ns3:hr>
            <ns3:cad>41</ns3:cad>
          </ns3:TrackPointExtension>
        </extensions>
      </trkpt>
      <trkpt lat="35.97019306384027004241943359375" lon="-81.1128875054419040679931640625">
        <ele>498.79998779296875</ele>
        <time>2026-03-30T22:27:41.000Z</time>
        <extensions>
          <ns3:TrackPointExtension>
            <ns3:hr>109</ns3:hr>
            <ns3:cad>41</ns3:cad>
          </ns3:TrackPointExtension>
        </extensions>
      </trkpt>
      <trkpt lat="35.9701939858496189117431640625" lon="-81.1128665506839752197265625">
        <ele>499.20001220703125</ele>
        <time>2026-03-30T22:27:44.000Z</time>
        <extensions>
          <ns3:TrackPointExtension>
            <ns3:hr>115</ns3:hr>
            <ns3:cad>76</ns3:cad>
          </ns3:TrackPointExtension>
        </extensions>
      </trkpt>
      <trkpt lat="35.97019247710704803466796875" lon="-81.11285112798213958740234375">
        <ele>499.600006103515625</ele>
        <time>2026-03-30T22:27:46.000Z</time>
        <extensions>
          <ns3:TrackPointExtension>
            <ns3:hr>118</ns3:hr>
            <ns3:cad>0</ns3:cad>
          </ns3:TrackPointExtension>
        </extensions>
      </trkpt>
      <trkpt lat="35.9701393358409404754638671875" lon="-81.11286831088364124298095703125">
        <ele>500.20001220703125</ele>
        <time>2026-03-30T22:27:52.000Z</time>
        <extensions>
          <ns3:TrackPointExtension>
            <ns3:hr>120</ns3:hr>
            <ns3:cad>0</ns3:cad>
          </ns3:TrackPointExtension>
        </extensions>
      </trkpt>
      <trkpt lat="35.97007554955780506134033203125" lon="-81.11284484155476093292236328125">
        <ele>499.79998779296875</ele>
        <time>2026-03-30T22:27:59.000Z</time>
        <extensions>
          <ns3:TrackPointExtension>
            <ns3:hr>123</ns3:hr>
            <ns3:cad>79</ns3:cad>
          </ns3:TrackPointExtension>
        </extensions>
      </trkpt>
      <trkpt lat="35.97006415016949176788330078125" lon="-81.11283847130835056304931640625">
        <ele>499.79998779296875</ele>
        <time>2026-03-30T22:28:00.000Z</time>
        <extensions>
          <ns3:TrackPointExtension>
            <ns3:hr>123</ns3:hr>
            <ns3:cad>79</ns3:cad>
          </ns3:TrackPointExtension>
        </extensions>
      </trkpt>
      <trkpt lat="35.97004570998251438140869140625" lon="-81.11281852237880229949951171875">
        <ele>500.20001220703125</ele>
        <time>2026-03-30T22:28:06.000Z</time>
        <extensions>
          <ns3:TrackPointExtension>
            <ns3:hr>120</ns3:hr>
            <ns3:cad>0</ns3:cad>
          </ns3:TrackPointExtension>
        </extensions>
      </trkpt>
      <trkpt lat="35.970038585364818572998046875" lon="-81.1128113977611064910888671875">
        <ele>500.399993896484375</ele>
        <time>2026-03-30T22:28:07.000Z</time>
        <extensions>
          <ns3:TrackPointExtension>
            <ns3:hr>120</ns3:hr>
            <ns3:cad>0</ns3:cad>
          </ns3:TrackPointExtension>
        </extensions>
      </trkpt>
      <trkpt lat="35.97002676688134670257568359375" lon="-81.1128006689250469207763671875">
        <ele>500.79998779296875</ele>
        <time>2026-03-30T22:28:09.000Z</time>
        <extensions>
          <ns3:TrackPointExtension>
            <ns3:hr>121</ns3:hr>
            <ns3:cad>0</ns3:cad>
          </ns3:TrackPointExtension>
        </extensions>
      </trkpt>
      <trkpt lat="35.970021821558475494384765625" lon="-81.11275197006762027740478515625">
        <ele>501.600006103515625</ele>
        <time>2026-03-30T22:28:15.000Z</time>
        <extensions>
          <ns3:TrackPointExtension>
            <ns3:hr>122</ns3:hr>
            <ns3:cad>40</ns3:cad>
          </ns3:TrackPointExtension>
        </extensions>
      </trkpt>
      <trkpt lat="35.9700246714055538177490234375" lon="-81.11274383962154388427734375">
        <ele>501.79998779296875</ele>
        <time>2026-03-30T22:28:16.000Z</time>
        <extensions>
          <ns3:TrackPointExtension>
            <ns3:hr>122</ns3:hr>
            <ns3:cad>40</ns3:cad>
          </ns3:TrackPointExtension>
        </extensions>
      </trkpt>
      <trkpt lat="35.97003498114645481109619140625" lon="-81.11271701753139495849609375">
        <ele>502.79998779296875</ele>
        <time>2026-03-30T22:28:20.000Z</time>
        <extensions>
          <ns3:TrackPointExtension>
            <ns3:hr>125</ns3:hr>
            <ns3:cad>74</ns3:cad>
          </ns3:TrackPointExtension>
        </extensions>
      </trkpt>
      <trkpt lat="35.97003330476582050323486328125" lon="-81.11270964145660400390625">
        <ele>503</ele>
        <time>2026-03-30T22:28:21.000Z</time>
        <extensions>
          <ns3:TrackPointExtension>
            <ns3:hr>125</ns3:hr>
            <ns3:cad>74</ns3:cad>
          </ns3:TrackPointExtension>
        </extensions>
      </trkpt>
      <trkpt lat="35.97002408467233180999755859375" lon="-81.11269799061119556427001953125">
        <ele>503.399993896484375</ele>
        <time>2026-03-30T22:28:23.000Z</time>
        <extensions>
          <ns3:TrackPointExtension>
            <ns3:hr>125</ns3:hr>
            <ns3:cad>74</ns3:cad>
          </ns3:TrackPointExtension>
        </extensions>
      </trkpt>
      <trkpt lat="35.97000882960855960845947265625" lon="-81.11266697756946086883544921875">
        <ele>504</ele>
        <time>2026-03-30T22:28:26.000Z</time>
        <extensions>
          <ns3:TrackPointExtension>
            <ns3:hr>127</ns3:hr>
            <ns3:cad>68</ns3:cad>
          </ns3:TrackPointExtension>
        </extensions>
      </trkpt>
      <trkpt lat="35.9700082428753376007080078125" lon="-81.11265943385660648345947265625">
        <ele>504.20001220703125</ele>
        <time>2026-03-30T22:28:28.000Z</time>
        <extensions>
          <ns3:TrackPointExtension>
            <ns3:hr>129</ns3:hr>
            <ns3:cad>70</ns3:cad>
          </ns3:TrackPointExtension>
        </extensions>
      </trkpt>
      <trkpt lat="35.970003046095371246337890625" lon="-81.11263546161353588104248046875">
        <ele>504.600006103515625</ele>
        <time>2026-03-30T22:28:31.000Z</time>
        <extensions>
          <ns3:TrackPointExtension>
            <ns3:hr>132</ns3:hr>
            <ns3:cad>71</ns3:cad>
          </ns3:TrackPointExtension>
        </extensions>
      </trkpt>
      <trkpt lat="35.96999826841056346893310546875" lon="-81.11262540332973003387451171875">
        <ele>505</ele>
        <time>2026-03-30T22:28:33.000Z</time>
        <extensions>
          <ns3:TrackPointExtension>
            <ns3:hr>133</ns3:hr>
            <ns3:cad>69</ns3:cad>
          </ns3:TrackPointExtension>
        </extensions>
      </trkpt>
      <trkpt lat="35.9699904732406139373779296875" lon="-81.11261584796011447906494140625">
        <ele>505.20001220703125</ele>
        <time>2026-03-30T22:28:35.000Z</time>
        <extensions>
          <ns3:TrackPointExtension>
            <ns3:hr>133</ns3:hr>
            <ns3:cad>68</ns3:cad>
          </ns3:TrackPointExtension>
        </extensions>
      </trkpt>
      <trkpt lat="35.96998267807066440582275390625" lon="-81.112579889595508575439453125">
        <ele>506.20001220703125</ele>
        <time>2026-03-30T22:28:41.000Z</time>
        <extensions>
          <ns3:TrackPointExtension>
            <ns3:hr>133</ns3:hr>
            <ns3:cad>70</ns3:cad>
          </ns3:TrackPointExtension>
        </extensions>
      </trkpt>
      <trkpt lat="35.969980917870998382568359375" lon="-81.11254401504993438720703125">
        <ele>506.79998779296875</ele>
        <time>2026-03-30T22:28:45.000Z</time>
        <extensions>
          <ns3:TrackPointExtension>
            <ns3:hr>133</ns3:hr>
            <ns3:cad>73</ns3:cad>
          </ns3:TrackPointExtension>
        </extensions>
      </trkpt>
      <trkpt lat="35.9699643217027187347412109375" lon="-81.1125203780829906463623046875">
        <ele>507.20001220703125</ele>
        <time>2026-03-30T22:28:48.000Z</time>
        <extensions>
          <ns3:TrackPointExtension>
            <ns3:hr>134</ns3:hr>
            <ns3:cad>71</ns3:cad>
          </ns3:TrackPointExtension>
        </extensions>
      </trkpt>
      <trkpt lat="35.96991495229303836822509765625" lon="-81.11247830092906951904296875">
        <ele>507.79998779296875</ele>
        <time>2026-03-30T22:28:56.000Z</time>
        <extensions>
          <ns3:TrackPointExtension>
            <ns3:hr>135</ns3:hr>
            <ns3:cad>64</ns3:cad>
          </ns3:TrackPointExtension>
        </extensions>
      </trkpt>
      <trkpt lat="35.9698645770549774169921875" lon="-81.11245541833341121673583984375">
        <ele>508.20001220703125</ele>
        <time>2026-03-30T22:29:02.000Z</time>
        <extensions>
          <ns3:TrackPointExtension>
            <ns3:hr>135</ns3:hr>
            <ns3:cad>64</ns3:cad>
          </ns3:TrackPointExtension>
        </extensions>
      </trkpt>
      <trkpt lat="35.96985393203794956207275390625" lon="-81.1124526523053646087646484375">
        <ele>508.20001220703125</ele>
        <time>2026-03-30T22:29:03.000Z</time>
        <extensions>
          <ns3:TrackPointExtension>
            <ns3:hr>135</ns3:hr>
            <ns3:cad>64</ns3:cad>
          </ns3:TrackPointExtension>
        </extensions>
      </trkpt>
      <trkpt lat="35.96982610411942005157470703125" lon="-81.11244502477347850799560546875">
        <ele>508</ele>
        <time>2026-03-30T22:29:11.000Z</time>
        <extensions>
          <ns3:TrackPointExtension>
            <ns3:hr>136</ns3:hr>
            <ns3:cad>47</ns3:cad>
          </ns3:TrackPointExtension>
        </extensions>
      </trkpt>
      <trkpt lat="35.96982442773878574371337890625" lon="-81.11245977692306041717529296875">
        <ele>508.20001220703125</ele>
        <time>2026-03-30T22:29:17.000Z</time>
        <extensions>
          <ns3:TrackPointExtension>
            <ns3:hr>135</ns3:hr>
            <ns3:cad>0</ns3:cad>
          </ns3:TrackPointExtension>
        </extensions>
      </trkpt>
      <trkpt lat="35.96981160342693328857421875" lon="-81.1124630458652973175048828125">
        <ele>508.20001220703125</ele>
        <time>2026-03-30T22:29:20.000Z</time>
        <extensions>
          <ns3:TrackPointExtension>
            <ns3:hr>131</ns3:hr>
            <ns3:cad>0</ns3:cad>
          </ns3:TrackPointExtension>
        </extensions>
      </trkpt>
      <trkpt lat="35.9698030538856983184814453125" lon="-81.1124171130359172821044921875">
        <ele>508.20001220703125</ele>
        <time>2026-03-30T22:29:26.000Z</time>
        <extensions>
          <ns3:TrackPointExtension>
            <ns3:hr>130</ns3:hr>
            <ns3:cad>0</ns3:cad>
          </ns3:TrackPointExtension>
        </extensions>
      </trkpt>
      <trkpt lat="35.96978612244129180908203125" lon="-81.1123866029083728790283203125">
        <ele>509.20001220703125</ele>
        <time>2026-03-30T22:29:33.000Z</time>
        <extensions>
          <ns3:TrackPointExtension>
            <ns3:hr>130</ns3:hr>
            <ns3:cad>0</ns3:cad>
          </ns3:TrackPointExtension>
        </extensions>
      </trkpt>
      <trkpt lat="35.96977950073778629302978515625" lon="-81.11236237920820713043212890625">
        <ele>509.600006103515625</ele>
        <time>2026-03-30T22:29:35.000Z</time>
        <extensions>
          <ns3:TrackPointExtension>
            <ns3:hr>130</ns3:hr>
            <ns3:cad>40</ns3:cad>
          </ns3:TrackPointExtension>
        </extensions>
      </trkpt>
      <trkpt lat="35.9697678498923778533935546875" lon="-81.1123289354145526885986328125">
        <ele>510.399993896484375</ele>
        <time>2026-03-30T22:29:38.000Z</time>
        <extensions>
          <ns3:TrackPointExtension>
            <ns3:hr>127</ns3:hr>
            <ns3:cad>69</ns3:cad>
          </ns3:TrackPointExtension>
        </extensions>
      </trkpt>
      <trkpt lat="35.969765000045299530029296875" lon="-81.1123071424663066864013671875">
        <ele>510.600006103515625</ele>
        <time>2026-03-30T22:29:40.000Z</time>
        <extensions>
          <ns3:TrackPointExtension>
            <ns3:hr>125</ns3:hr>
            <ns3:cad>69</ns3:cad>
          </ns3:TrackPointExtension>
        </extensions>
      </trkpt>
      <trkpt lat="35.96974723041057586669921875" lon="-81.1122498102486133575439453125">
        <ele>511.20001220703125</ele>
        <time>2026-03-30T22:29:46.000Z</time>
        <extensions>
          <ns3:TrackPointExtension>
            <ns3:hr>131</ns3:hr>
            <ns3:cad>71</ns3:cad>
          </ns3:TrackPointExtension>
        </extensions>
      </trkpt>
      <trkpt lat="35.96971646882593631744384765625" lon="-81.11222793348133563995361328125">
        <ele>511.399993896484375</ele>
        <time>2026-03-30T22:29:49.000Z</time>
        <extensions>
          <ns3:TrackPointExtension>
            <ns3:hr>133</ns3:hr>
            <ns3:cad>68</ns3:cad>
          </ns3:TrackPointExtension>
        </extensions>
      </trkpt>
      <trkpt lat="35.96968143247067928314208984375" lon="-81.11220647580921649932861328125">
        <ele>511.600006103515625</ele>
        <time>2026-03-30T22:29:53.000Z</time>
        <extensions>
          <ns3:TrackPointExtension>
            <ns3:hr>130</ns3:hr>
            <ns3:cad>76</ns3:cad>
          </ns3:TrackPointExtension>
        </extensions>
      </trkpt>
      <trkpt lat="35.9696645848453044891357421875" lon="-81.11217328347265720367431640625">
        <ele>512</ele>
        <time>2026-03-30T22:29:59.000Z</time>
        <extensions>
          <ns3:TrackPointExtension>
            <ns3:hr>130</ns3:hr>
            <ns3:cad>44</ns3:cad>
          </ns3:TrackPointExtension>
        </extensions>
      </trkpt>
      <trkpt lat="35.96966701559722423553466796875" lon="-81.11215014941990375518798828125">
        <ele>512.20001220703125</ele>
        <time>2026-03-30T22:30:01.000Z</time>
        <extensions>
          <ns3:TrackPointExtension>
            <ns3:hr>129</ns3:hr>
            <ns3:cad>44</ns3:cad>
          </ns3:TrackPointExtension>
        </extensions>
      </trkpt>
      <trkpt lat="35.9696645848453044891357421875" lon="-81.11212718300521373748779296875">
        <ele>512.4000244140625</ele>
        <time>2026-03-30T22:30:04.000Z</time>
        <extensions>
          <ns3:TrackPointExtension>
            <ns3:hr>129</ns3:hr>
            <ns3:cad>73</ns3:cad>
          </ns3:TrackPointExtension>
        </extensions>
      </trkpt>
      <trkpt lat="35.9696622379124164581298828125" lon="-81.1121167056262493133544921875">
        <ele>512.5999755859375</ele>
        <time>2026-03-30T22:30:05.000Z</time>
        <extensions>
          <ns3:TrackPointExtension>
            <ns3:hr>129</ns3:hr>
            <ns3:cad>74</ns3:cad>
          </ns3:TrackPointExtension>
        </extensions>
      </trkpt>
      <trkpt lat="35.96964019350707530975341796875" lon="-81.112074293196201324462890625">
        <ele>513.5999755859375</ele>
        <time>2026-03-30T22:30:11.000Z</time>
        <extensions>
          <ns3:TrackPointExtension>
            <ns3:hr>128</ns3:hr>
            <ns3:cad>72</ns3:cad>
          </ns3:TrackPointExtension>
        </extensions>
      </trkpt>
      <trkpt lat="35.96963851712644100189208984375" lon="-81.11207236535847187042236328125">
        <ele>513.5999755859375</ele>
        <time>2026-03-30T22:30:12.000Z</time>
        <extensions>
          <ns3:TrackPointExtension>
            <ns3:hr>127</ns3:hr>
            <ns3:cad>72</ns3:cad>
          </ns3:TrackPointExtension>
        </extensions>
      </trkpt>
      <trkpt lat="35.96960775554180145263671875" lon="-81.11203171312808990478515625">
        <ele>514.20001220703125</ele>
        <time>2026-03-30T22:30:18.000Z</time>
        <extensions>
          <ns3:TrackPointExtension>
            <ns3:hr>127</ns3:hr>
            <ns3:cad>60</ns3:cad>
          </ns3:TrackPointExtension>
        </extensions>
      </trkpt>
      <trkpt lat="35.969579257071018218994140625" lon="-81.11200430430471897125244140625">
        <ele>514.5999755859375</ele>
        <time>2026-03-30T22:30:22.000Z</time>
        <extensions>
          <ns3:TrackPointExtension>
            <ns3:hr>128</ns3:hr>
            <ns3:cad>0</ns3:cad>
          </ns3:TrackPointExtension>
        </extensions>
      </trkpt>
      <trkpt lat="35.96956945024430751800537109375" lon="-81.1119963414967060089111328125">
        <ele>514.5999755859375</ele>
        <time>2026-03-30T22:30:23.000Z</time>
        <extensions>
          <ns3:TrackPointExtension>
            <ns3:hr>127</ns3:hr>
            <ns3:cad>0</ns3:cad>
          </ns3:TrackPointExtension>
        </extensions>
      </trkpt>
      <trkpt lat="35.96954095177352428436279296875" lon="-81.11195518635213375091552734375">
        <ele>514.79998779296875</ele>
        <time>2026-03-30T22:30:29.000Z</time>
        <extensions>
          <ns3:TrackPointExtension>
            <ns3:hr>124</ns3:hr>
            <ns3:cad>0</ns3:cad>
          </ns3:TrackPointExtension>
        </extensions>
      </trkpt>
      <trkpt lat="35.9695080108940601348876953125" lon="-81.111914701759815216064453125">
        <ele>515</ele>
        <time>2026-03-30T22:30:37.000Z</time>
        <extensions>
          <ns3:TrackPointExtension>
            <ns3:hr>124</ns3:hr>
            <ns3:cad>75</ns3:cad>
          </ns3:TrackPointExtension>
        </extensions>
      </trkpt>
      <trkpt lat="35.9694496728479862213134765625" lon="-81.11189031042158603668212890625">
        <ele>514.5999755859375</ele>
        <time>2026-03-30T22:30:45.000Z</time>
        <extensions>
          <ns3:TrackPointExtension>
            <ns3:hr>122</ns3:hr>
            <ns3:cad>0</ns3:cad>
          </ns3:TrackPointExtension>
        </extensions>
      </trkpt>
      <trkpt lat="35.96941002644598484039306640625" lon="-81.11184789799153804779052734375">
        <ele>514.20001220703125</ele>
        <time>2026-03-30T22:30:51.000Z</time>
        <extensions>
          <ns3:TrackPointExtension>
            <ns3:hr>122</ns3:hr>
            <ns3:cad>0</ns3:cad>
          </ns3:TrackPointExtension>
        </extensions>
      </trkpt>
      <trkpt lat="35.96939451992511749267578125" lon="-81.11179023049771785736083984375">
        <ele>514.4000244140625</ele>
        <time>2026-03-30T22:30:55.000Z</time>
        <extensions>
          <ns3:TrackPointExtension>
            <ns3:hr>118</ns3:hr>
            <ns3:cad>46</ns3:cad>
          </ns3:TrackPointExtension>
        </extensions>
      </trkpt>
      <trkpt lat="35.96939175389707088470458984375" lon="-81.11178000457584857940673828125">
        <ele>514.4000244140625</ele>
        <time>2026-03-30T22:30:57.000Z</time>
        <extensions>
          <ns3:TrackPointExtension>
            <ns3:hr>116</ns3:hr>
            <ns3:cad>45</ns3:cad>
          </ns3:TrackPointExtension>
        </extensions>
      </trkpt>
      <trkpt lat="35.969386808574199676513671875" lon="-81.11177061684429645538330078125">
        <ele>514.4000244140625</ele>
        <time>2026-03-30T22:30:58.000Z</time>
        <extensions>
          <ns3:TrackPointExtension>
            <ns3:hr>117</ns3:hr>
            <ns3:cad>44</ns3:cad>
          </ns3:TrackPointExtension>
        </extensions>
      </trkpt>
    </trkseg>
  </trk>
</gpx>
