<?xml version="1.0" encoding="UTF-8"?>
<gpx creator="Garmin Connect" version="1.1"
  xsi:schemaLocation="http://www.topografix.com/GPX/1/1 http://www.topografix.com/GPX/11.xsd"
  xmlns:ns3="http://www.garmin.com/xmlschemas/TrackPointExtension/v1"
  xmlns="http://www.topografix.com/GPX/1/1"
  xmlns:xsi="http://www.w3.org/2001/XMLSchema-instance" xmlns:ns2="http://www.garmin.com/xmlschemas/GpxExtensions/v3">
  <metadata>
    <link href="connect.garmin.com">
      <text>Garmin Connect</text>
    </link>
    <time>2026-03-30T00:21:57.000Z</time>
  </metadata>
  <trk>
    <name>Alexander County Hiking</name>
    <type>hiking</type>
    <trkseg>
      <trkpt lat="35.97083075903356075286865234375" lon="-81.1103256605565547943115234375">
        <ele>536.20001220703125</ele>
        <time>2026-03-30T00:21:57.000Z</time>
        <extensions>
          <ns3:TrackPointExtension>
            <ns3:hr>120</ns3:hr>
            <ns3:cad>46</ns3:cad>
          </ns3:TrackPointExtension>
        </extensions>
      </trkpt>
      <trkpt lat="35.970837213099002838134765625" lon="-81.1103236488997936248779296875">
        <ele>536.4000244140625</ele>
        <time>2026-03-30T00:21:58.000Z</time>
        <extensions>
          <ns3:TrackPointExtension>
            <ns3:hr>120</ns3:hr>
            <ns3:cad>46</ns3:cad>
          </ns3:TrackPointExtension>
        </extensions>
      </trkpt>
      <trkpt lat="35.97078792750835418701171875" lon="-81.11029657535254955291748046875">
        <ele>536.79998779296875</ele>
        <time>2026-03-30T00:22:04.000Z</time>
        <extensions>
          <ns3:TrackPointExtension>
            <ns3:hr>119</ns3:hr>
            <ns3:cad>0</ns3:cad>
          </ns3:TrackPointExtension>
        </extensions>
      </trkpt>
      <trkpt lat="35.97077359445393085479736328125" lon="-81.11022180877625942230224609375">
        <ele>536.5999755859375</ele>
        <time>2026-03-30T00:22:12.000Z</time>
        <extensions>
          <ns3:TrackPointExtension>
            <ns3:hr>116</ns3:hr>
            <ns3:cad>0</ns3:cad>
          </ns3:TrackPointExtension>
        </extensions>
      </trkpt>
      <trkpt lat="35.9707813896238803863525390625" lon="-81.11020739190280437469482421875">
        <ele>536.5999755859375</ele>
        <time>2026-03-30T00:22:13.000Z</time>
        <extensions>
          <ns3:TrackPointExtension>
            <ns3:hr>116</ns3:hr>
            <ns3:cad>0</ns3:cad>
          </ns3:TrackPointExtension>
        </extensions>
      </trkpt>
      <trkpt lat="35.970826484262943267822265625" lon="-81.11010722815990447998046875">
        <ele>536.79998779296875</ele>
        <time>2026-03-30T00:22:20.000Z</time>
        <extensions>
          <ns3:TrackPointExtension>
            <ns3:hr>115</ns3:hr>
            <ns3:cad>44</ns3:cad>
          </ns3:TrackPointExtension>
        </extensions>
      </trkpt>
      <trkpt lat="35.97084182314574718475341796875" lon="-81.110051907598972320556640625">
        <ele>537</ele>
        <time>2026-03-30T00:22:26.000Z</time>
        <extensions>
          <ns3:TrackPointExtension>
            <ns3:hr>114</ns3:hr>
            <ns3:cad>44</ns3:cad>
          </ns3:TrackPointExtension>
        </extensions>
      </trkpt>
      <trkpt lat="35.97085406072437763214111328125" lon="-81.11000974662601947784423828125">
        <ele>537.20001220703125</ele>
        <time>2026-03-30T00:22:31.000Z</time>
        <extensions>
          <ns3:TrackPointExtension>
            <ns3:hr>114</ns3:hr>
            <ns3:cad>44</ns3:cad>
          </ns3:TrackPointExtension>
        </extensions>
      </trkpt>
      <trkpt lat="35.9708621911704540252685546875" lon="-81.10999750904738903045654296875">
        <ele>537.20001220703125</ele>
        <time>2026-03-30T00:22:33.000Z</time>
        <extensions>
          <ns3:TrackPointExtension>
            <ns3:hr>114</ns3:hr>
            <ns3:cad>45</ns3:cad>
          </ns3:TrackPointExtension>
        </extensions>
      </trkpt>
      <trkpt lat="35.97090720199048519134521484375" lon="-81.1099561862647533416748046875">
        <ele>537.79998779296875</ele>
        <time>2026-03-30T00:22:40.000Z</time>
        <extensions>
          <ns3:TrackPointExtension>
            <ns3:hr>115</ns3:hr>
            <ns3:cad>46</ns3:cad>
          </ns3:TrackPointExtension>
        </extensions>
      </trkpt>
      <trkpt lat="35.97091156058013439178466796875" lon="-81.109951324760913848876953125">
        <ele>537.79998779296875</ele>
        <time>2026-03-30T00:22:41.000Z</time>
        <extensions>
          <ns3:TrackPointExtension>
            <ns3:hr>118</ns3:hr>
            <ns3:cad>46</ns3:cad>
          </ns3:TrackPointExtension>
        </extensions>
      </trkpt>
      <trkpt lat="35.970930755138397216796875" lon="-81.10993967391550540924072265625">
        <ele>537.79998779296875</ele>
        <time>2026-03-30T00:22:44.000Z</time>
        <extensions>
          <ns3:TrackPointExtension>
            <ns3:hr>121</ns3:hr>
            <ns3:cad>45</ns3:cad>
          </ns3:TrackPointExtension>
        </extensions>
      </trkpt>
      <trkpt lat="35.97097643651068210601806640625" lon="-81.10992391593754291534423828125">
        <ele>538</ele>
        <time>2026-03-30T00:22:49.000Z</time>
        <extensions>
          <ns3:TrackPointExtension>
            <ns3:hr>120</ns3:hr>
            <ns3:cad>46</ns3:cad>
          </ns3:TrackPointExtension>
        </extensions>
      </trkpt>
      <trkpt lat="35.97105480730533599853515625" lon="-81.109898351132869720458984375">
        <ele>538.20001220703125</ele>
        <time>2026-03-30T00:22:55.000Z</time>
        <extensions>
          <ns3:TrackPointExtension>
            <ns3:hr>117</ns3:hr>
            <ns3:cad>46</ns3:cad>
          </ns3:TrackPointExtension>
        </extensions>
      </trkpt>
      <trkpt lat="35.97106578759849071502685546875" lon="-81.109894327819347381591796875">
        <ele>538.20001220703125</ele>
        <time>2026-03-30T00:22:56.000Z</time>
        <extensions>
          <ns3:TrackPointExtension>
            <ns3:hr>117</ns3:hr>
            <ns3:cad>45</ns3:cad>
          </ns3:TrackPointExtension>
        </extensions>
      </trkpt>
      <trkpt lat="35.97112630493938922882080078125" lon="-81.10985987819731235504150390625">
        <ele>538.5999755859375</ele>
        <time>2026-03-30T00:23:04.000Z</time>
        <extensions>
          <ns3:TrackPointExtension>
            <ns3:hr>117</ns3:hr>
            <ns3:cad>46</ns3:cad>
          </ns3:TrackPointExtension>
        </extensions>
      </trkpt>
      <trkpt lat="35.97119369544088840484619140625" lon="-81.10978863202035427093505859375">
        <ele>539</ele>
        <time>2026-03-30T00:23:11.000Z</time>
        <extensions>
          <ns3:TrackPointExtension>
            <ns3:hr>119</ns3:hr>
            <ns3:cad>46</ns3:cad>
          </ns3:TrackPointExtension>
        </extensions>
      </trkpt>
      <trkpt lat="35.97124381922185420989990234375" lon="-81.10975317656993865966796875">
        <ele>539.4000244140625</ele>
        <time>2026-03-30T00:23:17.000Z</time>
        <extensions>
          <ns3:TrackPointExtension>
            <ns3:hr>120</ns3:hr>
            <ns3:cad>46</ns3:cad>
          </ns3:TrackPointExtension>
        </extensions>
      </trkpt>
      <trkpt lat="35.97128212451934814453125" lon="-81.10971562564373016357421875">
        <ele>540</ele>
        <time>2026-03-30T00:23:22.000Z</time>
        <extensions>
          <ns3:TrackPointExtension>
            <ns3:hr>118</ns3:hr>
            <ns3:cad>45</ns3:cad>
          </ns3:TrackPointExtension>
        </extensions>
      </trkpt>
      <trkpt lat="35.97130668349564075469970703125" lon="-81.10968385823071002960205078125">
        <ele>540.20001220703125</ele>
        <time>2026-03-30T00:23:26.000Z</time>
        <extensions>
          <ns3:TrackPointExtension>
            <ns3:hr>123</ns3:hr>
            <ns3:cad>45</ns3:cad>
          </ns3:TrackPointExtension>
        </extensions>
      </trkpt>
      <trkpt lat="35.97132663242518901824951171875" lon="-81.10966793261468410491943359375">
        <ele>540.4000244140625</ele>
        <time>2026-03-30T00:23:28.000Z</time>
        <extensions>
          <ns3:TrackPointExtension>
            <ns3:hr>124</ns3:hr>
            <ns3:cad>45</ns3:cad>
          </ns3:TrackPointExtension>
        </extensions>
      </trkpt>
      <trkpt lat="35.97134054638445377349853515625" lon="-81.10965988598763942718505859375">
        <ele>540.4000244140625</ele>
        <time>2026-03-30T00:23:30.000Z</time>
        <extensions>
          <ns3:TrackPointExtension>
            <ns3:hr>123</ns3:hr>
            <ns3:cad>45</ns3:cad>
          </ns3:TrackPointExtension>
        </extensions>
      </trkpt>
      <trkpt lat="35.97137524746358394622802734375" lon="-81.10965485684573650360107421875">
        <ele>540.79998779296875</ele>
        <time>2026-03-30T00:23:34.000Z</time>
        <extensions>
          <ns3:TrackPointExtension>
            <ns3:hr>123</ns3:hr>
            <ns3:cad>46</ns3:cad>
          </ns3:TrackPointExtension>
        </extensions>
      </trkpt>
      <trkpt lat="35.97144238650798797607421875" lon="-81.10966223292052745819091796875">
        <ele>541.20001220703125</ele>
        <time>2026-03-30T00:23:41.000Z</time>
        <extensions>
          <ns3:TrackPointExtension>
            <ns3:hr>124</ns3:hr>
            <ns3:cad>45</ns3:cad>
          </ns3:TrackPointExtension>
        </extensions>
      </trkpt>
      <trkpt lat="35.97150407731533050537109375" lon="-81.10968989320099353790283203125">
        <ele>541</ele>
        <time>2026-03-30T00:23:47.000Z</time>
        <extensions>
          <ns3:TrackPointExtension>
            <ns3:hr>125</ns3:hr>
            <ns3:cad>47</ns3:cad>
          </ns3:TrackPointExtension>
        </extensions>
      </trkpt>
      <trkpt lat="35.97157306037843227386474609375" lon="-81.10972207970917224884033203125">
        <ele>540.4000244140625</ele>
        <time>2026-03-30T00:23:54.000Z</time>
        <extensions>
          <ns3:TrackPointExtension>
            <ns3:hr>122</ns3:hr>
            <ns3:cad>50</ns3:cad>
          </ns3:TrackPointExtension>
        </extensions>
      </trkpt>
      <trkpt lat="35.9716688655316829681396484375" lon="-81.1096883006393909454345703125">
        <ele>540.4000244140625</ele>
        <time>2026-03-30T00:24:02.000Z</time>
        <extensions>
          <ns3:TrackPointExtension>
            <ns3:hr>119</ns3:hr>
            <ns3:cad>50</ns3:cad>
          </ns3:TrackPointExtension>
        </extensions>
      </trkpt>
      <trkpt lat="35.97176115028560161590576171875" lon="-81.1096547730267047882080078125">
        <ele>540.4000244140625</ele>
        <time>2026-03-30T00:24:09.000Z</time>
        <extensions>
          <ns3:TrackPointExtension>
            <ns3:hr>119</ns3:hr>
            <ns3:cad>47</ns3:cad>
          </ns3:TrackPointExtension>
        </extensions>
      </trkpt>
      <trkpt lat="35.9718331508338451385498046875" lon="-81.10960523597896099090576171875">
        <ele>541</ele>
        <time>2026-03-30T00:24:17.000Z</time>
        <extensions>
          <ns3:TrackPointExtension>
            <ns3:hr>119</ns3:hr>
            <ns3:cad>46</ns3:cad>
          </ns3:TrackPointExtension>
        </extensions>
      </trkpt>
      <trkpt lat="35.9718968532979488372802734375" lon="-81.10954572446644306182861328125">
        <ele>541.4000244140625</ele>
        <time>2026-03-30T00:24:25.000Z</time>
        <extensions>
          <ns3:TrackPointExtension>
            <ns3:hr>120</ns3:hr>
            <ns3:cad>46</ns3:cad>
          </ns3:TrackPointExtension>
        </extensions>
      </trkpt>
      <trkpt lat="35.97191168926656246185302734375" lon="-81.1095266975462436676025390625">
        <ele>541.79998779296875</ele>
        <time>2026-03-30T00:24:27.000Z</time>
        <extensions>
          <ns3:TrackPointExtension>
            <ns3:hr>119</ns3:hr>
            <ns3:cad>46</ns3:cad>
          </ns3:TrackPointExtension>
        </extensions>
      </trkpt>
      <trkpt lat="35.97195376642048358917236328125" lon="-81.1094599775969982147216796875">
        <ele>542.5999755859375</ele>
        <time>2026-03-30T00:24:34.000Z</time>
        <extensions>
          <ns3:TrackPointExtension>
            <ns3:hr>119</ns3:hr>
            <ns3:cad>45</ns3:cad>
          </ns3:TrackPointExtension>
        </extensions>
      </trkpt>
      <trkpt lat="35.97196734510362148284912109375" lon="-81.10943533480167388916015625">
        <ele>543</ele>
        <time>2026-03-30T00:24:37.000Z</time>
        <extensions>
          <ns3:TrackPointExtension>
            <ns3:hr>120</ns3:hr>
            <ns3:cad>43</ns3:cad>
          </ns3:TrackPointExtension>
        </extensions>
      </trkpt>
      <trkpt lat="35.97198880277574062347412109375" lon="-81.1093459837138652801513671875">
        <ele>543.5999755859375</ele>
        <time>2026-03-30T00:24:44.000Z</time>
        <extensions>
          <ns3:TrackPointExtension>
            <ns3:hr>120</ns3:hr>
            <ns3:cad>48</ns3:cad>
          </ns3:TrackPointExtension>
        </extensions>
      </trkpt>
      <trkpt lat="35.97199223935604095458984375" lon="-81.109313629567623138427734375">
        <ele>543.5999755859375</ele>
        <time>2026-03-30T00:24:47.000Z</time>
        <extensions>
          <ns3:TrackPointExtension>
            <ns3:hr>121</ns3:hr>
            <ns3:cad>46</ns3:cad>
          </ns3:TrackPointExtension>
        </extensions>
      </trkpt>
      <trkpt lat="35.97200095653533935546875" lon="-81.10927163623273372650146484375">
        <ele>544</ele>
        <time>2026-03-30T00:24:51.000Z</time>
        <extensions>
          <ns3:TrackPointExtension>
            <ns3:hr>122</ns3:hr>
            <ns3:cad>47</ns3:cad>
          </ns3:TrackPointExtension>
        </extensions>
      </trkpt>
      <trkpt lat="35.972034148871898651123046875" lon="-81.10923123545944690704345703125">
        <ele>544.20001220703125</ele>
        <time>2026-03-30T00:24:57.000Z</time>
        <extensions>
          <ns3:TrackPointExtension>
            <ns3:hr>123</ns3:hr>
            <ns3:cad>44</ns3:cad>
          </ns3:TrackPointExtension>
        </extensions>
      </trkpt>
      <trkpt lat="35.9720849432051181793212890625" lon="-81.10918429680168628692626953125">
        <ele>544.20001220703125</ele>
        <time>2026-03-30T00:25:04.000Z</time>
        <extensions>
          <ns3:TrackPointExtension>
            <ns3:hr>122</ns3:hr>
            <ns3:cad>47</ns3:cad>
          </ns3:TrackPointExtension>
        </extensions>
      </trkpt>
      <trkpt lat="35.97213414497673511505126953125" lon="-81.109128557145595550537109375">
        <ele>544.20001220703125</ele>
        <time>2026-03-30T00:25:11.000Z</time>
        <extensions>
          <ns3:TrackPointExtension>
            <ns3:hr>122</ns3:hr>
            <ns3:cad>46</ns3:cad>
          </ns3:TrackPointExtension>
        </extensions>
      </trkpt>
      <trkpt lat="35.97221595235168933868408203125" lon="-81.10907994210720062255859375">
        <ele>544.4000244140625</ele>
        <time>2026-03-30T00:25:22.000Z</time>
        <extensions>
          <ns3:TrackPointExtension>
            <ns3:hr>120</ns3:hr>
            <ns3:cad>49</ns3:cad>
          </ns3:TrackPointExtension>
        </extensions>
      </trkpt>
      <trkpt lat="35.972316451370716094970703125" lon="-81.1090298183262348175048828125">
        <ele>544.4000244140625</ele>
        <time>2026-03-30T00:25:31.000Z</time>
        <extensions>
          <ns3:TrackPointExtension>
            <ns3:hr>120</ns3:hr>
            <ns3:cad>46</ns3:cad>
          </ns3:TrackPointExtension>
        </extensions>
      </trkpt>
      <trkpt lat="35.972376801073551177978515625" lon="-81.108981706202030181884765625">
        <ele>544.5999755859375</ele>
        <time>2026-03-30T00:25:38.000Z</time>
        <extensions>
          <ns3:TrackPointExtension>
            <ns3:hr>119</ns3:hr>
            <ns3:cad>47</ns3:cad>
          </ns3:TrackPointExtension>
        </extensions>
      </trkpt>
      <trkpt lat="35.97238493151962757110595703125" lon="-81.10896402038633823394775390625">
        <ele>544.79998779296875</ele>
        <time>2026-03-30T00:25:41.000Z</time>
        <extensions>
          <ns3:TrackPointExtension>
            <ns3:hr>120</ns3:hr>
            <ns3:cad>47</ns3:cad>
          </ns3:TrackPointExtension>
        </extensions>
      </trkpt>
      <trkpt lat="35.97241963259875774383544921875" lon="-81.10892747528851032257080078125">
        <ele>544.79998779296875</ele>
        <time>2026-03-30T00:25:48.000Z</time>
        <extensions>
          <ns3:TrackPointExtension>
            <ns3:hr>121</ns3:hr>
            <ns3:cad>0</ns3:cad>
          </ns3:TrackPointExtension>
        </extensions>
      </trkpt>
      <trkpt lat="35.97247009165585041046142578125" lon="-81.1088571511209011077880859375">
        <ele>545.20001220703125</ele>
        <time>2026-03-30T00:25:57.000Z</time>
        <extensions>
          <ns3:TrackPointExtension>
            <ns3:hr>119</ns3:hr>
            <ns3:cad>44</ns3:cad>
          </ns3:TrackPointExtension>
        </extensions>
      </trkpt>
      <trkpt lat="35.97251149825751781463623046875" lon="-81.1087981425225734710693359375">
        <ele>545.20001220703125</ele>
        <time>2026-03-30T00:26:03.000Z</time>
        <extensions>
          <ns3:TrackPointExtension>
            <ns3:hr>119</ns3:hr>
            <ns3:cad>0</ns3:cad>
          </ns3:TrackPointExtension>
        </extensions>
      </trkpt>
      <trkpt lat="35.97253899089992046356201171875" lon="-81.10872111283242702484130859375">
        <ele>544.5999755859375</ele>
        <time>2026-03-30T00:26:12.000Z</time>
        <extensions>
          <ns3:TrackPointExtension>
            <ns3:hr>120</ns3:hr>
            <ns3:cad>0</ns3:cad>
          </ns3:TrackPointExtension>
        </extensions>
      </trkpt>
      <trkpt lat="35.97252222709357738494873046875" lon="-81.10870451666414737701416015625">
        <ele>544.79998779296875</ele>
        <time>2026-03-30T00:26:14.000Z</time>
        <extensions>
          <ns3:TrackPointExtension>
            <ns3:hr>123</ns3:hr>
            <ns3:cad>0</ns3:cad>
          </ns3:TrackPointExtension>
        </extensions>
      </trkpt>
      <trkpt lat="35.97251015715301036834716796875" lon="-81.1087022535502910614013671875">
        <ele>545</ele>
        <time>2026-03-30T00:26:19.000Z</time>
        <extensions>
          <ns3:TrackPointExtension>
            <ns3:hr>123</ns3:hr>
            <ns3:cad>0</ns3:cad>
          </ns3:TrackPointExtension>
        </extensions>
      </trkpt>
      <trkpt lat="35.9725154377520084381103515625" lon="-81.10871021635830402374267578125">
        <ele>544.79998779296875</ele>
        <time>2026-03-30T00:26:20.000Z</time>
        <extensions>
          <ns3:TrackPointExtension>
            <ns3:hr>123</ns3:hr>
            <ns3:cad>0</ns3:cad>
          </ns3:TrackPointExtension>
        </extensions>
      </trkpt>
      <trkpt lat="35.97253211773931980133056640625" lon="-81.10874324105679988861083984375">
        <ele>544.4000244140625</ele>
        <time>2026-03-30T00:26:24.000Z</time>
        <extensions>
          <ns3:TrackPointExtension>
            <ns3:hr>121</ns3:hr>
            <ns3:cad>0</ns3:cad>
          </ns3:TrackPointExtension>
        </extensions>
      </trkpt>
      <trkpt lat="35.972561202943325042724609375" lon="-81.10872278921306133270263671875">
        <ele>543.79998779296875</ele>
        <time>2026-03-30T00:26:29.000Z</time>
        <extensions>
          <ns3:TrackPointExtension>
            <ns3:hr>118</ns3:hr>
            <ns3:cad>46</ns3:cad>
          </ns3:TrackPointExtension>
        </extensions>
      </trkpt>
      <trkpt lat="35.9725707583129405975341796875" lon="-81.10870803706347942352294921875">
        <ele>544</ele>
        <time>2026-03-30T00:26:30.000Z</time>
        <extensions>
          <ns3:TrackPointExtension>
            <ns3:hr>118</ns3:hr>
            <ns3:cad>46</ns3:cad>
          </ns3:TrackPointExtension>
        </extensions>
      </trkpt>
      <trkpt lat="35.9725975804030895233154296875" lon="-81.1086177639663219451904296875">
        <ele>544.20001220703125</ele>
        <time>2026-03-30T00:26:36.000Z</time>
        <extensions>
          <ns3:TrackPointExtension>
            <ns3:hr>116</ns3:hr>
            <ns3:cad>48</ns3:cad>
          </ns3:TrackPointExtension>
        </extensions>
      </trkpt>
      <trkpt lat="35.9726274199783802032470703125" lon="-81.108559258282184600830078125">
        <ele>544</ele>
        <time>2026-03-30T00:26:43.000Z</time>
        <extensions>
          <ns3:TrackPointExtension>
            <ns3:hr>118</ns3:hr>
            <ns3:cad>47</ns3:cad>
          </ns3:TrackPointExtension>
        </extensions>
      </trkpt>
      <trkpt lat="35.9726575948297977447509765625" lon="-81.1085158400237560272216796875">
        <ele>543.5999755859375</ele>
        <time>2026-03-30T00:26:47.000Z</time>
        <extensions>
          <ns3:TrackPointExtension>
            <ns3:hr>118</ns3:hr>
            <ns3:cad>0</ns3:cad>
          </ns3:TrackPointExtension>
        </extensions>
      </trkpt>
      <trkpt lat="35.97268399782478809356689453125" lon="-81.108460687100887298583984375">
        <ele>543.4000244140625</ele>
        <time>2026-03-30T00:26:51.000Z</time>
        <extensions>
          <ns3:TrackPointExtension>
            <ns3:hr>116</ns3:hr>
            <ns3:cad>50</ns3:cad>
          </ns3:TrackPointExtension>
        </extensions>
      </trkpt>
      <trkpt lat="35.97268600948154926300048828125" lon="-81.108388602733612060546875">
        <ele>543.20001220703125</ele>
        <time>2026-03-30T00:26:57.000Z</time>
        <extensions>
          <ns3:TrackPointExtension>
            <ns3:hr>115</ns3:hr>
            <ns3:cad>48</ns3:cad>
          </ns3:TrackPointExtension>
        </extensions>
      </trkpt>
      <trkpt lat="35.97268559038639068603515625" lon="-81.10832297243177890777587890625">
        <ele>543.20001220703125</ele>
        <time>2026-03-30T00:27:03.000Z</time>
        <extensions>
          <ns3:TrackPointExtension>
            <ns3:hr>115</ns3:hr>
            <ns3:cad>42</ns3:cad>
          </ns3:TrackPointExtension>
        </extensions>
      </trkpt>
      <trkpt lat="35.97269757650792598724365234375" lon="-81.108254827558994293212890625">
        <ele>542.79998779296875</ele>
        <time>2026-03-30T00:27:10.000Z</time>
        <extensions>
          <ns3:TrackPointExtension>
            <ns3:hr>113</ns3:hr>
            <ns3:cad>44</ns3:cad>
          </ns3:TrackPointExtension>
        </extensions>
      </trkpt>
      <trkpt lat="35.97270646132528781890869140625" lon="-81.10817343927919864654541015625">
        <ele>542.5999755859375</ele>
        <time>2026-03-30T00:27:16.000Z</time>
        <extensions>
          <ns3:TrackPointExtension>
            <ns3:hr>112</ns3:hr>
            <ns3:cad>46</ns3:cad>
          </ns3:TrackPointExtension>
        </extensions>
      </trkpt>
      <trkpt lat="35.9727018512785434722900390625" lon="-81.1081540770828723907470703125">
        <ele>542.5999755859375</ele>
        <time>2026-03-30T00:27:18.000Z</time>
        <extensions>
          <ns3:TrackPointExtension>
            <ns3:hr>112</ns3:hr>
            <ns3:cad>48</ns3:cad>
          </ns3:TrackPointExtension>
        </extensions>
      </trkpt>
      <trkpt lat="35.97271383740007877349853515625" lon="-81.10811845399439334869384765625">
        <ele>542.4000244140625</ele>
        <time>2026-03-30T00:27:23.000Z</time>
        <extensions>
          <ns3:TrackPointExtension>
            <ns3:hr>112</ns3:hr>
            <ns3:cad>45</ns3:cad>
          </ns3:TrackPointExtension>
        </extensions>
      </trkpt>
      <trkpt lat="35.972726829349994659423828125" lon="-81.10809699632227420806884765625">
        <ele>542.4000244140625</ele>
        <time>2026-03-30T00:27:25.000Z</time>
        <extensions>
          <ns3:TrackPointExtension>
            <ns3:hr>113</ns3:hr>
            <ns3:cad>48</ns3:cad>
          </ns3:TrackPointExtension>
        </extensions>
      </trkpt>
      <trkpt lat="35.97274585627019405364990234375" lon="-81.10801937989890575408935546875">
        <ele>541.79998779296875</ele>
        <time>2026-03-30T00:27:30.000Z</time>
        <extensions>
          <ns3:TrackPointExtension>
            <ns3:hr>113</ns3:hr>
            <ns3:cad>50</ns3:cad>
          </ns3:TrackPointExtension>
        </extensions>
      </trkpt>
      <trkpt lat="35.9727410785853862762451171875" lon="-81.10798870213329792022705078125">
        <ele>541.5999755859375</ele>
        <time>2026-03-30T00:27:33.000Z</time>
        <extensions>
          <ns3:TrackPointExtension>
            <ns3:hr>112</ns3:hr>
            <ns3:cad>48</ns3:cad>
          </ns3:TrackPointExtension>
        </extensions>
      </trkpt>
      <trkpt lat="35.972735881805419921875" lon="-81.1079837568104267120361328125">
        <ele>541.79998779296875</ele>
        <time>2026-03-30T00:27:36.000Z</time>
        <extensions>
          <ns3:TrackPointExtension>
            <ns3:hr>112</ns3:hr>
            <ns3:cad>0</ns3:cad>
          </ns3:TrackPointExtension>
        </extensions>
      </trkpt>
      <trkpt lat="35.9726984985172748565673828125" lon="-81.1079339683055877685546875">
        <ele>542</ele>
        <time>2026-03-30T00:27:43.000Z</time>
        <extensions>
          <ns3:TrackPointExtension>
            <ns3:hr>110</ns3:hr>
            <ns3:cad>0</ns3:cad>
          </ns3:TrackPointExtension>
        </extensions>
      </trkpt>
      <trkpt lat="35.97266404889523983001708984375" lon="-81.10791980288922786712646484375">
        <ele>542</ele>
        <time>2026-03-30T00:27:46.000Z</time>
        <extensions>
          <ns3:TrackPointExtension>
            <ns3:hr>107</ns3:hr>
            <ns3:cad>0</ns3:cad>
          </ns3:TrackPointExtension>
        </extensions>
      </trkpt>
      <trkpt lat="35.97263219766318798065185546875" lon="-81.1079207248985767364501953125">
        <ele>542.20001220703125</ele>
        <time>2026-03-30T00:27:49.000Z</time>
        <extensions>
          <ns3:TrackPointExtension>
            <ns3:hr>107</ns3:hr>
            <ns3:cad>0</ns3:cad>
          </ns3:TrackPointExtension>
        </extensions>
      </trkpt>
      <trkpt lat="35.97257067449390888214111328125" lon="-81.10794293694198131561279296875">
        <ele>542.5999755859375</ele>
        <time>2026-03-30T00:27:56.000Z</time>
        <extensions>
          <ns3:TrackPointExtension>
            <ns3:hr>107</ns3:hr>
            <ns3:cad>80</ns3:cad>
          </ns3:TrackPointExtension>
        </extensions>
      </trkpt>
      <trkpt lat="35.9725607000291347503662109375" lon="-81.1079448647797107696533203125">
        <ele>542.5999755859375</ele>
        <time>2026-03-30T00:27:57.000Z</time>
        <extensions>
          <ns3:TrackPointExtension>
            <ns3:hr>107</ns3:hr>
            <ns3:cad>77</ns3:cad>
          </ns3:TrackPointExtension>
        </extensions>
      </trkpt>
      <trkpt lat="35.97256011329591274261474609375" lon="-81.10795819200575351715087890625">
        <ele>542.5999755859375</ele>
        <time>2026-03-30T00:28:00.000Z</time>
        <extensions>
          <ns3:TrackPointExtension>
            <ns3:hr>110</ns3:hr>
            <ns3:cad>0</ns3:cad>
          </ns3:TrackPointExtension>
        </extensions>
      </trkpt>
      <trkpt lat="35.97256598062813282012939453125" lon="-81.1079653166234493255615234375">
        <ele>542.79998779296875</ele>
        <time>2026-03-30T00:28:02.000Z</time>
        <extensions>
          <ns3:TrackPointExtension>
            <ns3:hr>110</ns3:hr>
            <ns3:cad>0</ns3:cad>
          </ns3:TrackPointExtension>
        </extensions>
      </trkpt>
      <trkpt lat="35.97262331284582614898681640625" lon="-81.107969172298908233642578125">
        <ele>542.5999755859375</ele>
        <time>2026-03-30T00:28:08.000Z</time>
        <extensions>
          <ns3:TrackPointExtension>
            <ns3:hr>109</ns3:hr>
            <ns3:cad>0</ns3:cad>
          </ns3:TrackPointExtension>
        </extensions>
      </trkpt>
      <trkpt lat="35.97267494536936283111572265625" lon="-81.10794880427420139312744140625">
        <ele>542.20001220703125</ele>
        <time>2026-03-30T00:28:16.000Z</time>
        <extensions>
          <ns3:TrackPointExtension>
            <ns3:hr>110</ns3:hr>
            <ns3:cad>44</ns3:cad>
          </ns3:TrackPointExtension>
        </extensions>
      </trkpt>
      <trkpt lat="35.9726907871663570404052734375" lon="-81.10797663219273090362548828125">
        <ele>542</ele>
        <time>2026-03-30T00:28:22.000Z</time>
        <extensions>
          <ns3:TrackPointExtension>
            <ns3:hr>111</ns3:hr>
            <ns3:cad>0</ns3:cad>
          </ns3:TrackPointExtension>
        </extensions>
      </trkpt>
      <trkpt lat="35.97270436584949493408203125" lon="-81.10798886977136135101318359375">
        <ele>541.79998779296875</ele>
        <time>2026-03-30T00:28:27.000Z</time>
        <extensions>
          <ns3:TrackPointExtension>
            <ns3:hr>108</ns3:hr>
            <ns3:cad>0</ns3:cad>
          </ns3:TrackPointExtension>
        </extensions>
      </trkpt>
      <trkpt lat="35.97271241247653961181640625" lon="-81.108004711568355560302734375">
        <ele>541.79998779296875</ele>
        <time>2026-03-30T00:28:29.000Z</time>
        <extensions>
          <ns3:TrackPointExtension>
            <ns3:hr>107</ns3:hr>
            <ns3:cad>0</ns3:cad>
          </ns3:TrackPointExtension>
        </extensions>
      </trkpt>
      <trkpt lat="35.97271375358104705810546875" lon="-81.1080176196992397308349609375">
        <ele>542</ele>
        <time>2026-03-30T00:28:36.000Z</time>
        <extensions>
          <ns3:TrackPointExtension>
            <ns3:hr>106</ns3:hr>
            <ns3:cad>0</ns3:cad>
          </ns3:TrackPointExtension>
        </extensions>
      </trkpt>
      <trkpt lat="35.9727155975997447967529296875" lon="-81.10800244845449924468994140625">
        <ele>542.20001220703125</ele>
        <time>2026-03-30T00:28:39.000Z</time>
        <extensions>
          <ns3:TrackPointExtension>
            <ns3:hr>109</ns3:hr>
            <ns3:cad>0</ns3:cad>
          </ns3:TrackPointExtension>
        </extensions>
      </trkpt>
      <trkpt lat="35.97272314131259918212890625" lon="-81.108015440404415130615234375">
        <ele>542</ele>
        <time>2026-03-30T00:28:42.000Z</time>
        <extensions>
          <ns3:TrackPointExtension>
            <ns3:hr>109</ns3:hr>
            <ns3:cad>0</ns3:cad>
          </ns3:TrackPointExtension>
        </extensions>
      </trkpt>
      <trkpt lat="35.9727534838020801544189453125" lon="-81.1080278456211090087890625">
        <ele>541.5999755859375</ele>
        <time>2026-03-30T00:28:46.000Z</time>
        <extensions>
          <ns3:TrackPointExtension>
            <ns3:hr>110</ns3:hr>
            <ns3:cad>0</ns3:cad>
          </ns3:TrackPointExtension>
        </extensions>
      </trkpt>
      <trkpt lat="35.97277670167386531829833984375" lon="-81.10801116563379764556884765625">
        <ele>541.4000244140625</ele>
        <time>2026-03-30T00:28:49.000Z</time>
        <extensions>
          <ns3:TrackPointExtension>
            <ns3:hr>108</ns3:hr>
            <ns3:cad>0</ns3:cad>
          </ns3:TrackPointExtension>
        </extensions>
      </trkpt>
      <trkpt lat="35.97279313020408153533935546875" lon="-81.107998006045818328857421875">
        <ele>541.20001220703125</ele>
        <time>2026-03-30T00:28:52.000Z</time>
        <extensions>
          <ns3:TrackPointExtension>
            <ns3:hr>112</ns3:hr>
            <ns3:cad>0</ns3:cad>
          </ns3:TrackPointExtension>
        </extensions>
      </trkpt>
      <trkpt lat="35.97278759814798831939697265625" lon="-81.10800093971192836761474609375">
        <ele>541.20001220703125</ele>
        <time>2026-03-30T00:28:56.000Z</time>
        <extensions>
          <ns3:TrackPointExtension>
            <ns3:hr>109</ns3:hr>
            <ns3:cad>0</ns3:cad>
          </ns3:TrackPointExtension>
        </extensions>
      </trkpt>
      <trkpt lat="35.97279262728989124298095703125" lon="-81.10798903740942478179931640625">
        <ele>541.4000244140625</ele>
        <time>2026-03-30T00:28:57.000Z</time>
        <extensions>
          <ns3:TrackPointExtension>
            <ns3:hr>109</ns3:hr>
            <ns3:cad>0</ns3:cad>
          </ns3:TrackPointExtension>
        </extensions>
      </trkpt>
      <trkpt lat="35.972808301448822021484375" lon="-81.1079458706080913543701171875">
        <ele>541.20001220703125</ele>
        <time>2026-03-30T00:29:01.000Z</time>
        <extensions>
          <ns3:TrackPointExtension>
            <ns3:hr>107</ns3:hr>
            <ns3:cad>0</ns3:cad>
          </ns3:TrackPointExtension>
        </extensions>
      </trkpt>
      <trkpt lat="35.9728228859603404998779296875" lon="-81.107921898365020751953125">
        <ele>540.79998779296875</ele>
        <time>2026-03-30T00:29:04.000Z</time>
        <extensions>
          <ns3:TrackPointExtension>
            <ns3:hr>108</ns3:hr>
            <ns3:cad>65</ns3:cad>
          </ns3:TrackPointExtension>
        </extensions>
      </trkpt>
      <trkpt lat="35.97283177077770233154296875" lon="-81.1079012788832187652587890625">
        <ele>540.5999755859375</ele>
        <time>2026-03-30T00:29:07.000Z</time>
        <extensions>
          <ns3:TrackPointExtension>
            <ns3:hr>108</ns3:hr>
            <ns3:cad>74</ns3:cad>
          </ns3:TrackPointExtension>
        </extensions>
      </trkpt>
      <trkpt lat="35.9728373028337955474853515625" lon="-81.107892058789730072021484375">
        <ele>540</ele>
        <time>2026-03-30T00:29:12.000Z</time>
        <extensions>
          <ns3:TrackPointExtension>
            <ns3:hr>107</ns3:hr>
            <ns3:cad>75</ns3:cad>
          </ns3:TrackPointExtension>
        </extensions>
      </trkpt>
      <trkpt lat="35.9728487022221088409423828125" lon="-81.10789700411260128021240234375">
        <ele>539.5999755859375</ele>
        <time>2026-03-30T00:29:16.000Z</time>
        <extensions>
          <ns3:TrackPointExtension>
            <ns3:hr>107</ns3:hr>
            <ns3:cad>66</ns3:cad>
          </ns3:TrackPointExtension>
        </extensions>
      </trkpt>
      <trkpt lat="35.97288114018738269805908203125" lon="-81.10787940211594104766845703125">
        <ele>539</ele>
        <time>2026-03-30T00:29:20.000Z</time>
        <extensions>
          <ns3:TrackPointExtension>
            <ns3:hr>108</ns3:hr>
            <ns3:cad>0</ns3:cad>
          </ns3:TrackPointExtension>
        </extensions>
      </trkpt>
      <trkpt lat="35.9729050286114215850830078125" lon="-81.1078615486621856689453125">
        <ele>538.5999755859375</ele>
        <time>2026-03-30T00:29:26.000Z</time>
        <extensions>
          <ns3:TrackPointExtension>
            <ns3:hr>108</ns3:hr>
            <ns3:cad>76</ns3:cad>
          </ns3:TrackPointExtension>
        </extensions>
      </trkpt>
      <trkpt lat="35.97290812991559505462646484375" lon="-81.1078607104718685150146484375">
        <ele>538.4000244140625</ele>
        <time>2026-03-30T00:29:27.000Z</time>
        <extensions>
          <ns3:TrackPointExtension>
            <ns3:hr>108</ns3:hr>
            <ns3:cad>76</ns3:cad>
          </ns3:TrackPointExtension>
        </extensions>
      </trkpt>
      <trkpt lat="35.972941406071186065673828125" lon="-81.1078392527997493743896484375">
        <ele>537.79998779296875</ele>
        <time>2026-03-30T00:29:33.000Z</time>
        <extensions>
          <ns3:TrackPointExtension>
            <ns3:hr>108</ns3:hr>
            <ns3:cad>74</ns3:cad>
          </ns3:TrackPointExtension>
        </extensions>
      </trkpt>
      <trkpt lat="35.9729449264705181121826171875" lon="-81.10784746706485748291015625">
        <ele>537.4000244140625</ele>
        <time>2026-03-30T00:29:36.000Z</time>
        <extensions>
          <ns3:TrackPointExtension>
            <ns3:hr>108</ns3:hr>
            <ns3:cad>0</ns3:cad>
          </ns3:TrackPointExtension>
        </extensions>
      </trkpt>
      <trkpt lat="35.9729462675750255584716796875" lon="-81.1078814975917339324951171875">
        <ele>537</ele>
        <time>2026-03-30T00:29:40.000Z</time>
        <extensions>
          <ns3:TrackPointExtension>
            <ns3:hr>106</ns3:hr>
            <ns3:cad>0</ns3:cad>
          </ns3:TrackPointExtension>
        </extensions>
      </trkpt>
      <trkpt lat="35.972964875400066375732421875" lon="-81.1079029552638530731201171875">
        <ele>536.4000244140625</ele>
        <time>2026-03-30T00:29:45.000Z</time>
        <extensions>
          <ns3:TrackPointExtension>
            <ns3:hr>107</ns3:hr>
            <ns3:cad>73</ns3:cad>
          </ns3:TrackPointExtension>
        </extensions>
      </trkpt>
      <trkpt lat="35.9729794599115848541259765625" lon="-81.1079110018908977508544921875">
        <ele>535.79998779296875</ele>
        <time>2026-03-30T00:29:48.000Z</time>
        <extensions>
          <ns3:TrackPointExtension>
            <ns3:hr>107</ns3:hr>
            <ns3:cad>73</ns3:cad>
          </ns3:TrackPointExtension>
        </extensions>
      </trkpt>
      <trkpt lat="35.97299848683178424835205078125" lon="-81.1079203896224498748779296875">
        <ele>535.20001220703125</ele>
        <time>2026-03-30T00:29:51.000Z</time>
        <extensions>
          <ns3:TrackPointExtension>
            <ns3:hr>107</ns3:hr>
            <ns3:cad>79</ns3:cad>
          </ns3:TrackPointExtension>
        </extensions>
      </trkpt>
      <trkpt lat="35.973028242588043212890625" lon="-81.10791318118572235107421875">
        <ele>534.5999755859375</ele>
        <time>2026-03-30T00:29:56.000Z</time>
        <extensions>
          <ns3:TrackPointExtension>
            <ns3:hr>106</ns3:hr>
            <ns3:cad>0</ns3:cad>
          </ns3:TrackPointExtension>
        </extensions>
      </trkpt>
      <trkpt lat="35.97304676659405231475830078125" lon="-81.10790069214999675750732421875">
        <ele>534.20001220703125</ele>
        <time>2026-03-30T00:30:03.000Z</time>
        <extensions>
          <ns3:TrackPointExtension>
            <ns3:hr>106</ns3:hr>
            <ns3:cad>0</ns3:cad>
          </ns3:TrackPointExtension>
        </extensions>
      </trkpt>
      <trkpt lat="35.97305548377335071563720703125" lon="-81.1078932322561740875244140625">
        <ele>533.5999755859375</ele>
        <time>2026-03-30T00:30:05.000Z</time>
        <extensions>
          <ns3:TrackPointExtension>
            <ns3:hr>106</ns3:hr>
            <ns3:cad>0</ns3:cad>
          </ns3:TrackPointExtension>
        </extensions>
      </trkpt>
      <trkpt lat="35.97306780517101287841796875" lon="-81.107874624431133270263671875">
        <ele>533.4000244140625</ele>
        <time>2026-03-30T00:30:07.000Z</time>
        <extensions>
          <ns3:TrackPointExtension>
            <ns3:hr>103</ns3:hr>
            <ns3:cad>0</ns3:cad>
          </ns3:TrackPointExtension>
        </extensions>
      </trkpt>
      <trkpt lat="35.97308532334864139556884765625" lon="-81.1078513227403163909912109375">
        <ele>533</ele>
        <time>2026-03-30T00:30:10.000Z</time>
        <extensions>
          <ns3:TrackPointExtension>
            <ns3:hr>103</ns3:hr>
            <ns3:cad>0</ns3:cad>
          </ns3:TrackPointExtension>
        </extensions>
      </trkpt>
      <trkpt lat="35.97308658063411712646484375" lon="-81.1078395880758762359619140625">
        <ele>533</ele>
        <time>2026-03-30T00:30:11.000Z</time>
        <extensions>
          <ns3:TrackPointExtension>
            <ns3:hr>102</ns3:hr>
            <ns3:cad>0</ns3:cad>
          </ns3:TrackPointExtension>
        </extensions>
      </trkpt>
      <trkpt lat="35.97309471108019351959228515625" lon="-81.10778837464749813079833984375">
        <ele>532.5999755859375</ele>
        <time>2026-03-30T00:30:18.000Z</time>
        <extensions>
          <ns3:TrackPointExtension>
            <ns3:hr>101</ns3:hr>
            <ns3:cad>44</ns3:cad>
          </ns3:TrackPointExtension>
        </extensions>
      </trkpt>
      <trkpt lat="35.9731020033359527587890625" lon="-81.10778820700943470001220703125">
        <ele>532</ele>
        <time>2026-03-30T00:30:22.000Z</time>
        <extensions>
          <ns3:TrackPointExtension>
            <ns3:hr>104</ns3:hr>
            <ns3:cad>0</ns3:cad>
          </ns3:TrackPointExtension>
        </extensions>
      </trkpt>
      <trkpt lat="35.97310728393495082855224609375" lon="-81.107780076563358306884765625">
        <ele>531.79998779296875</ele>
        <time>2026-03-30T00:30:24.000Z</time>
        <extensions>
          <ns3:TrackPointExtension>
            <ns3:hr>107</ns3:hr>
            <ns3:cad>0</ns3:cad>
          </ns3:TrackPointExtension>
        </extensions>
      </trkpt>
      <trkpt lat="35.9731152467429637908935546875" lon="-81.1077748797833919525146484375">
        <ele>531.5999755859375</ele>
        <time>2026-03-30T00:30:26.000Z</time>
        <extensions>
          <ns3:TrackPointExtension>
            <ns3:hr>108</ns3:hr>
            <ns3:cad>0</ns3:cad>
          </ns3:TrackPointExtension>
        </extensions>
      </trkpt>
      <trkpt lat="35.9731155820190906524658203125" lon="-81.10779650509357452392578125">
        <ele>530.79998779296875</ele>
        <time>2026-03-30T00:30:31.000Z</time>
        <extensions>
          <ns3:TrackPointExtension>
            <ns3:hr>108</ns3:hr>
            <ns3:cad>0</ns3:cad>
          </ns3:TrackPointExtension>
        </extensions>
      </trkpt>
      <trkpt lat="35.97312388010323047637939453125" lon="-81.10779114067554473876953125">
        <ele>530.4000244140625</ele>
        <time>2026-03-30T00:30:33.000Z</time>
        <extensions>
          <ns3:TrackPointExtension>
            <ns3:hr>108</ns3:hr>
            <ns3:cad>0</ns3:cad>
          </ns3:TrackPointExtension>
        </extensions>
      </trkpt>
      <trkpt lat="35.9731367044150829315185546875" lon="-81.1077730357646942138671875">
        <ele>529.79998779296875</ele>
        <time>2026-03-30T00:30:37.000Z</time>
        <extensions>
          <ns3:TrackPointExtension>
            <ns3:hr>108</ns3:hr>
            <ns3:cad>0</ns3:cad>
          </ns3:TrackPointExtension>
        </extensions>
      </trkpt>
      <trkpt lat="35.973147936165332794189453125" lon="-81.107747219502925872802734375">
        <ele>529.4000244140625</ele>
        <time>2026-03-30T00:30:40.000Z</time>
        <extensions>
          <ns3:TrackPointExtension>
            <ns3:hr>108</ns3:hr>
            <ns3:cad>0</ns3:cad>
          </ns3:TrackPointExtension>
        </extensions>
      </trkpt>
      <trkpt lat="35.9731665439903736114501953125" lon="-81.1077309586107730865478515625">
        <ele>528.5999755859375</ele>
        <time>2026-03-30T00:30:44.000Z</time>
        <extensions>
          <ns3:TrackPointExtension>
            <ns3:hr>108</ns3:hr>
            <ns3:cad>0</ns3:cad>
          </ns3:TrackPointExtension>
        </extensions>
      </trkpt>
      <trkpt lat="35.97316293977200984954833984375" lon="-81.10773037187755107879638671875">
        <ele>528.79998779296875</ele>
        <time>2026-03-30T00:30:46.000Z</time>
        <extensions>
          <ns3:TrackPointExtension>
            <ns3:hr>107</ns3:hr>
            <ns3:cad>0</ns3:cad>
          </ns3:TrackPointExtension>
        </extensions>
      </trkpt>
      <trkpt lat="35.97315656952559947967529296875" lon="-81.10773489810526371002197265625">
        <ele>529</ele>
        <time>2026-03-30T00:30:49.000Z</time>
        <extensions>
          <ns3:TrackPointExtension>
            <ns3:hr>104</ns3:hr>
            <ns3:cad>0</ns3:cad>
          </ns3:TrackPointExtension>
        </extensions>
      </trkpt>
      <trkpt lat="35.97316327504813671112060546875" lon="-81.10771461389958858489990234375">
        <ele>529</ele>
        <time>2026-03-30T00:30:53.000Z</time>
        <extensions>
          <ns3:TrackPointExtension>
            <ns3:hr>101</ns3:hr>
            <ns3:cad>61</ns3:cad>
          </ns3:TrackPointExtension>
        </extensions>
      </trkpt>
      <trkpt lat="35.97316302359104156494140625" lon="-81.107716374099254608154296875">
        <ele>529</ele>
        <time>2026-03-30T00:30:54.000Z</time>
        <extensions>
          <ns3:TrackPointExtension>
            <ns3:hr>101</ns3:hr>
            <ns3:cad>61</ns3:cad>
          </ns3:TrackPointExtension>
        </extensions>
      </trkpt>
      <trkpt lat="35.973167717456817626953125" lon="-81.107702292501926422119140625">
        <ele>528.5999755859375</ele>
        <time>2026-03-30T00:30:59.000Z</time>
        <extensions>
          <ns3:TrackPointExtension>
            <ns3:hr>104</ns3:hr>
            <ns3:cad>0</ns3:cad>
          </ns3:TrackPointExtension>
        </extensions>
      </trkpt>
      <trkpt lat="35.9731930308043956756591796875" lon="-81.1076856963336467742919921875">
        <ele>527.5999755859375</ele>
        <time>2026-03-30T00:31:06.000Z</time>
        <extensions>
          <ns3:TrackPointExtension>
            <ns3:hr>107</ns3:hr>
            <ns3:cad>0</ns3:cad>
          </ns3:TrackPointExtension>
        </extensions>
      </trkpt>
      <trkpt lat="35.97319512628018856048583984375" lon="-81.10768376849591732025146484375">
        <ele>527.4000244140625</ele>
        <time>2026-03-30T00:31:07.000Z</time>
        <extensions>
          <ns3:TrackPointExtension>
            <ns3:hr>106</ns3:hr>
            <ns3:cad>0</ns3:cad>
          </ns3:TrackPointExtension>
        </extensions>
      </trkpt>
      <trkpt lat="35.9731972217559814453125" lon="-81.1076799966394901275634765625">
        <ele>527.20001220703125</ele>
        <time>2026-03-30T00:31:08.000Z</time>
        <extensions>
          <ns3:TrackPointExtension>
            <ns3:hr>106</ns3:hr>
            <ns3:cad>0</ns3:cad>
          </ns3:TrackPointExtension>
        </extensions>
      </trkpt>
      <trkpt lat="35.97320451401174068450927734375" lon="-81.1076823435723781585693359375">
        <ele>526.4000244140625</ele>
        <time>2026-03-30T00:31:14.000Z</time>
        <extensions>
          <ns3:TrackPointExtension>
            <ns3:hr>105</ns3:hr>
            <ns3:cad>0</ns3:cad>
          </ns3:TrackPointExtension>
        </extensions>
      </trkpt>
      <trkpt lat="35.973206944763660430908203125" lon="-81.1076659150421619415283203125">
        <ele>526.20001220703125</ele>
        <time>2026-03-30T00:31:20.000Z</time>
        <extensions>
          <ns3:TrackPointExtension>
            <ns3:hr>104</ns3:hr>
            <ns3:cad>0</ns3:cad>
          </ns3:TrackPointExtension>
        </extensions>
      </trkpt>
      <trkpt lat="35.9732389636337757110595703125" lon="-81.1076447926461696624755859375">
        <ele>525.79998779296875</ele>
        <time>2026-03-30T00:31:26.000Z</time>
        <extensions>
          <ns3:TrackPointExtension>
            <ns3:hr>103</ns3:hr>
            <ns3:cad>0</ns3:cad>
          </ns3:TrackPointExtension>
        </extensions>
      </trkpt>
      <trkpt lat="35.97324105910956859588623046875" lon="-81.107670105993747711181640625">
        <ele>525.79998779296875</ele>
        <time>2026-03-30T00:31:34.000Z</time>
        <extensions>
          <ns3:TrackPointExtension>
            <ns3:hr>109</ns3:hr>
            <ns3:cad>0</ns3:cad>
          </ns3:TrackPointExtension>
        </extensions>
      </trkpt>
      <trkpt lat="35.97324122674763202667236328125" lon="-81.1076702736318111419677734375">
        <ele>525.79998779296875</ele>
        <time>2026-03-30T00:31:35.000Z</time>
        <extensions>
          <ns3:TrackPointExtension>
            <ns3:hr>113</ns3:hr>
            <ns3:cad>0</ns3:cad>
          </ns3:TrackPointExtension>
        </extensions>
      </trkpt>
      <trkpt lat="35.97324105910956859588623046875" lon="-81.107670105993747711181640625">
        <ele>525.20001220703125</ele>
        <time>2026-03-30T00:31:40.000Z</time>
        <extensions>
          <ns3:TrackPointExtension>
            <ns3:hr>115</ns3:hr>
            <ns3:cad>0</ns3:cad>
          </ns3:TrackPointExtension>
        </extensions>
      </trkpt>
      <trkpt lat="35.9732723236083984375" lon="-81.10766910016536712646484375">
        <ele>524.4000244140625</ele>
        <time>2026-03-30T00:31:45.000Z</time>
        <extensions>
          <ns3:TrackPointExtension>
            <ns3:hr>114</ns3:hr>
            <ns3:cad>0</ns3:cad>
          </ns3:TrackPointExtension>
        </extensions>
      </trkpt>
      <trkpt lat="35.97327559255063533782958984375" lon="-81.10765694640576839447021484375">
        <ele>524.20001220703125</ele>
        <time>2026-03-30T00:31:48.000Z</time>
        <extensions>
          <ns3:TrackPointExtension>
            <ns3:hr>113</ns3:hr>
            <ns3:cad>0</ns3:cad>
          </ns3:TrackPointExtension>
        </extensions>
      </trkpt>
      <trkpt lat="35.973276682198047637939453125" lon="-81.1076561920344829559326171875">
        <ele>524</ele>
        <time>2026-03-30T00:31:50.000Z</time>
        <extensions>
          <ns3:TrackPointExtension>
            <ns3:hr>111</ns3:hr>
            <ns3:cad>0</ns3:cad>
          </ns3:TrackPointExtension>
        </extensions>
      </trkpt>
      <trkpt lat="35.973300151526927947998046875" lon="-81.1076531745493412017822265625">
        <ele>523.20001220703125</ele>
        <time>2026-03-30T00:31:56.000Z</time>
        <extensions>
          <ns3:TrackPointExtension>
            <ns3:hr>110</ns3:hr>
            <ns3:cad>0</ns3:cad>
          </ns3:TrackPointExtension>
        </extensions>
      </trkpt>
      <trkpt lat="35.97330559976398944854736328125" lon="-81.10764219425618648529052734375">
        <ele>523.20001220703125</ele>
        <time>2026-03-30T00:32:04.000Z</time>
        <extensions>
          <ns3:TrackPointExtension>
            <ns3:hr>111</ns3:hr>
            <ns3:cad>0</ns3:cad>
          </ns3:TrackPointExtension>
        </extensions>
      </trkpt>
      <trkpt lat="35.9733093716204166412353515625" lon="-81.10764286480844020843505859375">
        <ele>523.20001220703125</ele>
        <time>2026-03-30T00:32:05.000Z</time>
        <extensions>
          <ns3:TrackPointExtension>
            <ns3:hr>111</ns3:hr>
            <ns3:cad>0</ns3:cad>
          </ns3:TrackPointExtension>
        </extensions>
      </trkpt>
      <trkpt lat="35.97331314347684383392333984375" lon="-81.1076622270047664642333984375">
        <ele>522.79998779296875</ele>
        <time>2026-03-30T00:32:13.000Z</time>
        <extensions>
          <ns3:TrackPointExtension>
            <ns3:hr>110</ns3:hr>
            <ns3:cad>0</ns3:cad>
          </ns3:TrackPointExtension>
        </extensions>
      </trkpt>
      <trkpt lat="35.97332102246582508087158203125" lon="-81.10762543044984340667724609375">
        <ele>522.79998779296875</ele>
        <time>2026-03-30T00:32:21.000Z</time>
        <extensions>
          <ns3:TrackPointExtension>
            <ns3:hr>112</ns3:hr>
            <ns3:cad>0</ns3:cad>
          </ns3:TrackPointExtension>
        </extensions>
      </trkpt>
      <trkpt lat="35.973333008587360382080078125" lon="-81.1076357401907444000244140625">
        <ele>522.4000244140625</ele>
        <time>2026-03-30T00:32:27.000Z</time>
        <extensions>
          <ns3:TrackPointExtension>
            <ns3:hr>110</ns3:hr>
            <ns3:cad>0</ns3:cad>
          </ns3:TrackPointExtension>
        </extensions>
      </trkpt>
      <trkpt lat="35.97331951372325420379638671875" lon="-81.10763565637171268463134765625">
        <ele>522.5999755859375</ele>
        <time>2026-03-30T00:32:31.000Z</time>
        <extensions>
          <ns3:TrackPointExtension>
            <ns3:hr>107</ns3:hr>
            <ns3:cad>0</ns3:cad>
          </ns3:TrackPointExtension>
        </extensions>
      </trkpt>
      <trkpt lat="35.973310880362987518310546875" lon="-81.1076362431049346923828125">
        <ele>522.5999755859375</ele>
        <time>2026-03-30T00:32:32.000Z</time>
        <extensions>
          <ns3:TrackPointExtension>
            <ns3:hr>106</ns3:hr>
            <ns3:cad>0</ns3:cad>
          </ns3:TrackPointExtension>
        </extensions>
      </trkpt>
      <trkpt lat="35.9732870757579803466796875" lon="-81.10767136327922344207763671875">
        <ele>523.4000244140625</ele>
        <time>2026-03-30T00:32:38.000Z</time>
        <extensions>
          <ns3:TrackPointExtension>
            <ns3:hr>105</ns3:hr>
            <ns3:cad>65</ns3:cad>
          </ns3:TrackPointExtension>
        </extensions>
      </trkpt>
      <trkpt lat="35.9732902608811855316162109375" lon="-81.10772584564983844757080078125">
        <ele>523.5999755859375</ele>
        <time>2026-03-30T00:32:45.000Z</time>
        <extensions>
          <ns3:TrackPointExtension>
            <ns3:hr>106</ns3:hr>
            <ns3:cad>76</ns3:cad>
          </ns3:TrackPointExtension>
        </extensions>
      </trkpt>
      <trkpt lat="35.97329537384212017059326171875" lon="-81.10772785730659961700439453125">
        <ele>523.4000244140625</ele>
        <time>2026-03-30T00:32:46.000Z</time>
        <extensions>
          <ns3:TrackPointExtension>
            <ns3:hr>106</ns3:hr>
            <ns3:cad>76</ns3:cad>
          </ns3:TrackPointExtension>
        </extensions>
      </trkpt>
      <trkpt lat="35.9733033366501331329345703125" lon="-81.10773355700075626373291015625">
        <ele>522.79998779296875</ele>
        <time>2026-03-30T00:32:48.000Z</time>
        <extensions>
          <ns3:TrackPointExtension>
            <ns3:hr>107</ns3:hr>
            <ns3:cad>0</ns3:cad>
          </ns3:TrackPointExtension>
        </extensions>
      </trkpt>
      <trkpt lat="35.97332152538001537322998046875" lon="-81.10773213207721710205078125">
        <ele>522.4000244140625</ele>
        <time>2026-03-30T00:32:51.000Z</time>
        <extensions>
          <ns3:TrackPointExtension>
            <ns3:hr>113</ns3:hr>
            <ns3:cad>0</ns3:cad>
          </ns3:TrackPointExtension>
        </extensions>
      </trkpt>
      <trkpt lat="35.973326973617076873779296875" lon="-81.10772676765918731689453125">
        <ele>522.20001220703125</ele>
        <time>2026-03-30T00:32:52.000Z</time>
        <extensions>
          <ns3:TrackPointExtension>
            <ns3:hr>116</ns3:hr>
            <ns3:cad>0</ns3:cad>
          </ns3:TrackPointExtension>
        </extensions>
      </trkpt>
      <trkpt lat="35.97333342768251895904541015625" lon="-81.10771981067955493927001953125">
        <ele>522.20001220703125</ele>
        <time>2026-03-30T00:32:53.000Z</time>
        <extensions>
          <ns3:TrackPointExtension>
            <ns3:hr>117</ns3:hr>
            <ns3:cad>0</ns3:cad>
          </ns3:TrackPointExtension>
        </extensions>
      </trkpt>
      <trkpt lat="35.973335020244121551513671875" lon="-81.1077209003269672393798828125">
        <ele>522</ele>
        <time>2026-03-30T00:32:54.000Z</time>
        <extensions>
          <ns3:TrackPointExtension>
            <ns3:hr>117</ns3:hr>
            <ns3:cad>0</ns3:cad>
          </ns3:TrackPointExtension>
        </extensions>
      </trkpt>
      <trkpt lat="35.97334532998502254486083984375" lon="-81.10770740546286106109619140625">
        <ele>522.20001220703125</ele>
        <time>2026-03-30T00:32:59.000Z</time>
        <extensions>
          <ns3:TrackPointExtension>
            <ns3:hr>115</ns3:hr>
            <ns3:cad>73</ns3:cad>
          </ns3:TrackPointExtension>
        </extensions>
      </trkpt>
      <trkpt lat="35.97333996556699275970458984375" lon="-81.10770153813064098358154296875">
        <ele>521.5999755859375</ele>
        <time>2026-03-30T00:33:05.000Z</time>
        <extensions>
          <ns3:TrackPointExtension>
            <ns3:hr>118</ns3:hr>
            <ns3:cad>0</ns3:cad>
          </ns3:TrackPointExtension>
        </extensions>
      </trkpt>
      <trkpt lat="35.97333678044378757476806640625" lon="-81.1077172122895717620849609375">
        <ele>521.5999755859375</ele>
        <time>2026-03-30T00:33:09.000Z</time>
        <extensions>
          <ns3:TrackPointExtension>
            <ns3:hr>119</ns3:hr>
            <ns3:cad>0</ns3:cad>
          </ns3:TrackPointExtension>
        </extensions>
      </trkpt>
      <trkpt lat="35.97332529723644256591796875" lon="-81.107763983309268951416015625">
        <ele>521.79998779296875</ele>
        <time>2026-03-30T00:33:14.000Z</time>
        <extensions>
          <ns3:TrackPointExtension>
            <ns3:hr>119</ns3:hr>
            <ns3:cad>0</ns3:cad>
          </ns3:TrackPointExtension>
        </extensions>
      </trkpt>
      <trkpt lat="35.97332973964512348175048828125" lon="-81.107788793742656707763671875">
        <ele>521.4000244140625</ele>
        <time>2026-03-30T00:33:18.000Z</time>
        <extensions>
          <ns3:TrackPointExtension>
            <ns3:hr>122</ns3:hr>
            <ns3:cad>0</ns3:cad>
          </ns3:TrackPointExtension>
        </extensions>
      </trkpt>
      <trkpt lat="35.97333560697734355926513671875" lon="-81.107780747115612030029296875">
        <ele>521.20001220703125</ele>
        <time>2026-03-30T00:33:20.000Z</time>
        <extensions>
          <ns3:TrackPointExtension>
            <ns3:hr>125</ns3:hr>
            <ns3:cad>0</ns3:cad>
          </ns3:TrackPointExtension>
        </extensions>
      </trkpt>
      <trkpt lat="35.97333996556699275970458984375" lon="-81.1077784001827239990234375">
        <ele>521</ele>
        <time>2026-03-30T00:33:22.000Z</time>
        <extensions>
          <ns3:TrackPointExtension>
            <ns3:hr>125</ns3:hr>
            <ns3:cad>0</ns3:cad>
          </ns3:TrackPointExtension>
        </extensions>
      </trkpt>
      <trkpt lat="35.97335421480238437652587890625" lon="-81.107774712145328521728515625">
        <ele>520.5999755859375</ele>
        <time>2026-03-30T00:33:26.000Z</time>
        <extensions>
          <ns3:TrackPointExtension>
            <ns3:hr>122</ns3:hr>
            <ns3:cad>0</ns3:cad>
          </ns3:TrackPointExtension>
        </extensions>
      </trkpt>
      <trkpt lat="35.97337424755096435546875" lon="-81.10778770409524440765380859375">
        <ele>520.20001220703125</ele>
        <time>2026-03-30T00:33:30.000Z</time>
        <extensions>
          <ns3:TrackPointExtension>
            <ns3:hr>121</ns3:hr>
            <ns3:cad>0</ns3:cad>
          </ns3:TrackPointExtension>
        </extensions>
      </trkpt>
      <trkpt lat="35.97337081097066402435302734375" lon="-81.1078077368438243865966796875">
        <ele>520.4000244140625</ele>
        <time>2026-03-30T00:33:36.000Z</time>
        <extensions>
          <ns3:TrackPointExtension>
            <ns3:hr>120</ns3:hr>
            <ns3:cad>0</ns3:cad>
          </ns3:TrackPointExtension>
        </extensions>
      </trkpt>
      <trkpt lat="35.9733754210174083709716796875" lon="-81.10781016759574413299560546875">
        <ele>519.79998779296875</ele>
        <time>2026-03-30T00:33:38.000Z</time>
        <extensions>
          <ns3:TrackPointExtension>
            <ns3:hr>120</ns3:hr>
            <ns3:cad>0</ns3:cad>
          </ns3:TrackPointExtension>
        </extensions>
      </trkpt>
      <trkpt lat="35.97339679487049579620361328125" lon="-81.10781016759574413299560546875">
        <ele>519</ele>
        <time>2026-03-30T00:33:43.000Z</time>
        <extensions>
          <ns3:TrackPointExtension>
            <ns3:hr>121</ns3:hr>
            <ns3:cad>0</ns3:cad>
          </ns3:TrackPointExtension>
        </extensions>
      </trkpt>
      <trkpt lat="35.97340182401239871978759765625" lon="-81.10781335271894931793212890625">
        <ele>518.79998779296875</ele>
        <time>2026-03-30T00:33:44.000Z</time>
        <extensions>
          <ns3:TrackPointExtension>
            <ns3:hr>122</ns3:hr>
            <ns3:cad>0</ns3:cad>
          </ns3:TrackPointExtension>
        </extensions>
      </trkpt>
      <trkpt lat="35.97340308129787445068359375" lon="-81.107839755713939666748046875">
        <ele>518.4000244140625</ele>
        <time>2026-03-30T00:33:49.000Z</time>
        <extensions>
          <ns3:TrackPointExtension>
            <ns3:hr>121</ns3:hr>
            <ns3:cad>0</ns3:cad>
          </ns3:TrackPointExtension>
        </extensions>
      </trkpt>
      <trkpt lat="35.9733871556818485260009765625" lon="-81.10788309015333652496337890625">
        <ele>518.20001220703125</ele>
        <time>2026-03-30T00:33:57.000Z</time>
        <extensions>
          <ns3:TrackPointExtension>
            <ns3:hr>123</ns3:hr>
            <ns3:cad>71</ns3:cad>
          </ns3:TrackPointExtension>
        </extensions>
      </trkpt>
      <trkpt lat="35.97338656894862651824951171875" lon="-81.10790303908288478851318359375">
        <ele>518</ele>
        <time>2026-03-30T00:34:03.000Z</time>
        <extensions>
          <ns3:TrackPointExtension>
            <ns3:hr>122</ns3:hr>
            <ns3:cad>0</ns3:cad>
          </ns3:TrackPointExtension>
        </extensions>
      </trkpt>
      <trkpt lat="35.973379276692867279052734375" lon="-81.107933633029460906982421875">
        <ele>518.4000244140625</ele>
        <time>2026-03-30T00:34:11.000Z</time>
        <extensions>
          <ns3:TrackPointExtension>
            <ns3:hr>123</ns3:hr>
            <ns3:cad>0</ns3:cad>
          </ns3:TrackPointExtension>
        </extensions>
      </trkpt>
      <trkpt lat="35.97338707186281681060791015625" lon="-81.10796238295733928680419921875">
        <ele>518.79998779296875</ele>
        <time>2026-03-30T00:34:18.000Z</time>
        <extensions>
          <ns3:TrackPointExtension>
            <ns3:hr>123</ns3:hr>
            <ns3:cad>0</ns3:cad>
          </ns3:TrackPointExtension>
        </extensions>
      </trkpt>
      <trkpt lat="35.9733770973980426788330078125" lon="-81.10797378234565258026123046875">
        <ele>518.5999755859375</ele>
        <time>2026-03-30T00:34:24.000Z</time>
        <extensions>
          <ns3:TrackPointExtension>
            <ns3:hr>125</ns3:hr>
            <ns3:cad>0</ns3:cad>
          </ns3:TrackPointExtension>
        </extensions>
      </trkpt>
      <trkpt lat="35.973375253379344940185546875" lon="-81.10799306072294712066650390625">
        <ele>519</ele>
        <time>2026-03-30T00:34:29.000Z</time>
        <extensions>
          <ns3:TrackPointExtension>
            <ns3:hr>123</ns3:hr>
            <ns3:cad>0</ns3:cad>
          </ns3:TrackPointExtension>
        </extensions>
      </trkpt>
      <trkpt lat="35.9733663685619831085205078125" lon="-81.108006723225116729736328125">
        <ele>519</ele>
        <time>2026-03-30T00:34:35.000Z</time>
        <extensions>
          <ns3:TrackPointExtension>
            <ns3:hr>120</ns3:hr>
            <ns3:cad>0</ns3:cad>
          </ns3:TrackPointExtension>
        </extensions>
      </trkpt>
      <trkpt lat="35.973354466259479522705078125" lon="-81.10802072100341320037841796875">
        <ele>519.79998779296875</ele>
        <time>2026-03-30T00:34:40.000Z</time>
        <extensions>
          <ns3:TrackPointExtension>
            <ns3:hr>122</ns3:hr>
            <ns3:cad>0</ns3:cad>
          </ns3:TrackPointExtension>
        </extensions>
      </trkpt>
      <trkpt lat="35.9733506105840206146240234375" lon="-81.10803849063813686370849609375">
        <ele>519.79998779296875</ele>
        <time>2026-03-30T00:34:43.000Z</time>
        <extensions>
          <ns3:TrackPointExtension>
            <ns3:hr>119</ns3:hr>
            <ns3:cad>0</ns3:cad>
          </ns3:TrackPointExtension>
        </extensions>
      </trkpt>
      <trkpt lat="35.97335237078368663787841796875" lon="-81.10804704017937183380126953125">
        <ele>519.79998779296875</ele>
        <time>2026-03-30T00:34:50.000Z</time>
        <extensions>
          <ns3:TrackPointExtension>
            <ns3:hr>119</ns3:hr>
            <ns3:cad>0</ns3:cad>
          </ns3:TrackPointExtension>
        </extensions>
      </trkpt>
      <trkpt lat="35.973330326378345489501953125" lon="-81.10804083757102489471435546875">
        <ele>521</ele>
        <time>2026-03-30T00:34:57.000Z</time>
        <extensions>
          <ns3:TrackPointExtension>
            <ns3:hr>117</ns3:hr>
            <ns3:cad>72</ns3:cad>
          </ns3:TrackPointExtension>
        </extensions>
      </trkpt>
      <trkpt lat="35.97332722507417201995849609375" lon="-81.108038239181041717529296875">
        <ele>521.20001220703125</ele>
        <time>2026-03-30T00:34:58.000Z</time>
        <extensions>
          <ns3:TrackPointExtension>
            <ns3:hr>118</ns3:hr>
            <ns3:cad>72</ns3:cad>
          </ns3:TrackPointExtension>
        </extensions>
      </trkpt>
      <trkpt lat="35.97330090589821338653564453125" lon="-81.108023822307586669921875">
        <ele>522</ele>
        <time>2026-03-30T00:35:02.000Z</time>
        <extensions>
          <ns3:TrackPointExtension>
            <ns3:hr>121</ns3:hr>
            <ns3:cad>0</ns3:cad>
          </ns3:TrackPointExtension>
        </extensions>
      </trkpt>
      <trkpt lat="35.97329788841307163238525390625" lon="-81.10802139155566692352294921875">
        <ele>522</ele>
        <time>2026-03-30T00:35:03.000Z</time>
        <extensions>
          <ns3:TrackPointExtension>
            <ns3:hr>122</ns3:hr>
            <ns3:cad>0</ns3:cad>
          </ns3:TrackPointExtension>
        </extensions>
      </trkpt>
      <trkpt lat="35.9732969664037227630615234375" lon="-81.1080149374902248382568359375">
        <ele>522.5999755859375</ele>
        <time>2026-03-30T00:35:05.000Z</time>
        <extensions>
          <ns3:TrackPointExtension>
            <ns3:hr>125</ns3:hr>
            <ns3:cad>0</ns3:cad>
          </ns3:TrackPointExtension>
        </extensions>
      </trkpt>
      <trkpt lat="35.97330124117434024810791015625" lon="-81.10801183618605136871337890625">
        <ele>522.79998779296875</ele>
        <time>2026-03-30T00:35:06.000Z</time>
        <extensions>
          <ns3:TrackPointExtension>
            <ns3:hr>127</ns3:hr>
            <ns3:cad>0</ns3:cad>
          </ns3:TrackPointExtension>
        </extensions>
      </trkpt>
      <trkpt lat="35.97331523895263671875" lon="-81.1079981736838817596435546875">
        <ele>522.5999755859375</ele>
        <time>2026-03-30T00:35:12.000Z</time>
        <extensions>
          <ns3:TrackPointExtension>
            <ns3:hr>129</ns3:hr>
            <ns3:cad>0</ns3:cad>
          </ns3:TrackPointExtension>
        </extensions>
      </trkpt>
      <trkpt lat="35.97329621203243732452392578125" lon="-81.10795098356902599334716796875">
        <ele>523</ele>
        <time>2026-03-30T00:35:19.000Z</time>
        <extensions>
          <ns3:TrackPointExtension>
            <ns3:hr>131</ns3:hr>
            <ns3:cad>0</ns3:cad>
          </ns3:TrackPointExtension>
        </extensions>
      </trkpt>
      <trkpt lat="35.973296128213405609130859375" lon="-81.1079998500645160675048828125">
        <ele>522.5999755859375</ele>
        <time>2026-03-30T00:35:27.000Z</time>
        <extensions>
          <ns3:TrackPointExtension>
            <ns3:hr>130</ns3:hr>
            <ns3:cad>0</ns3:cad>
          </ns3:TrackPointExtension>
        </extensions>
      </trkpt>
      <trkpt lat="35.97329034470021724700927734375" lon="-81.108018793165683746337890625">
        <ele>522.5999755859375</ele>
        <time>2026-03-30T00:35:32.000Z</time>
        <extensions>
          <ns3:TrackPointExtension>
            <ns3:hr>129</ns3:hr>
            <ns3:cad>0</ns3:cad>
          </ns3:TrackPointExtension>
        </extensions>
      </trkpt>
      <trkpt lat="35.973285734653472900390625" lon="-81.10802742652595043182373046875">
        <ele>523.20001220703125</ele>
        <time>2026-03-30T00:35:34.000Z</time>
        <extensions>
          <ns3:TrackPointExtension>
            <ns3:hr>129</ns3:hr>
            <ns3:cad>0</ns3:cad>
          </ns3:TrackPointExtension>
        </extensions>
      </trkpt>
      <trkpt lat="35.97328330390155315399169921875" lon="-81.10805072821676731109619140625">
        <ele>523.4000244140625</ele>
        <time>2026-03-30T00:35:39.000Z</time>
        <extensions>
          <ns3:TrackPointExtension>
            <ns3:hr>128</ns3:hr>
            <ns3:cad>0</ns3:cad>
          </ns3:TrackPointExtension>
        </extensions>
      </trkpt>
      <trkpt lat="35.9732709825038909912109375" lon="-81.10809146426618099212646484375">
        <ele>523.79998779296875</ele>
        <time>2026-03-30T00:35:45.000Z</time>
        <extensions>
          <ns3:TrackPointExtension>
            <ns3:hr>130</ns3:hr>
            <ns3:cad>0</ns3:cad>
          </ns3:TrackPointExtension>
        </extensions>
      </trkpt>
      <trkpt lat="35.97328280098736286163330078125" lon="-81.10811376012861728668212890625">
        <ele>523.79998779296875</ele>
        <time>2026-03-30T00:35:50.000Z</time>
        <extensions>
          <ns3:TrackPointExtension>
            <ns3:hr>131</ns3:hr>
            <ns3:cad>0</ns3:cad>
          </ns3:TrackPointExtension>
        </extensions>
      </trkpt>
      <trkpt lat="35.97329101525247097015380859375" lon="-81.10811023972928524017333984375">
        <ele>523.5999755859375</ele>
        <time>2026-03-30T00:35:57.000Z</time>
        <extensions>
          <ns3:TrackPointExtension>
            <ns3:hr>129</ns3:hr>
            <ns3:cad>0</ns3:cad>
          </ns3:TrackPointExtension>
        </extensions>
      </trkpt>
      <trkpt lat="35.97329503856599330902099609375" lon="-81.108106635510921478271484375">
        <ele>523.5999755859375</ele>
        <time>2026-03-30T00:36:00.000Z</time>
        <extensions>
          <ns3:TrackPointExtension>
            <ns3:hr>128</ns3:hr>
            <ns3:cad>73</ns3:cad>
          </ns3:TrackPointExtension>
        </extensions>
      </trkpt>
      <trkpt lat="35.97332454286515712738037109375" lon="-81.10809129662811756134033203125">
        <ele>523</ele>
        <time>2026-03-30T00:36:04.000Z</time>
        <extensions>
          <ns3:TrackPointExtension>
            <ns3:hr>130</ns3:hr>
            <ns3:cad>0</ns3:cad>
          </ns3:TrackPointExtension>
        </extensions>
      </trkpt>
      <trkpt lat="35.97332705743610858917236328125" lon="-81.1081104911863803863525390625">
        <ele>522.20001220703125</ele>
        <time>2026-03-30T00:36:10.000Z</time>
        <extensions>
          <ns3:TrackPointExtension>
            <ns3:hr>127</ns3:hr>
            <ns3:cad>0</ns3:cad>
          </ns3:TrackPointExtension>
        </extensions>
      </trkpt>
      <trkpt lat="35.97332336939871311187744140625" lon="-81.1081128381192684173583984375">
        <ele>522</ele>
        <time>2026-03-30T00:36:11.000Z</time>
        <extensions>
          <ns3:TrackPointExtension>
            <ns3:hr>127</ns3:hr>
            <ns3:cad>0</ns3:cad>
          </ns3:TrackPointExtension>
        </extensions>
      </trkpt>
      <trkpt lat="35.9733214415609836578369140625" lon="-81.108114011585712432861328125">
        <ele>522</ele>
        <time>2026-03-30T00:36:12.000Z</time>
        <extensions>
          <ns3:TrackPointExtension>
            <ns3:hr>127</ns3:hr>
            <ns3:cad>0</ns3:cad>
          </ns3:TrackPointExtension>
        </extensions>
      </trkpt>
      <trkpt lat="35.973321609199047088623046875" lon="-81.10811409540474414825439453125">
        <ele>521.79998779296875</ele>
        <time>2026-03-30T00:36:16.000Z</time>
        <extensions>
          <ns3:TrackPointExtension>
            <ns3:hr>123</ns3:hr>
            <ns3:cad>0</ns3:cad>
          </ns3:TrackPointExtension>
        </extensions>
      </trkpt>
      <trkpt lat="35.97332219593226909637451171875" lon="-81.10811434686183929443359375">
        <ele>521.5999755859375</ele>
        <time>2026-03-30T00:36:17.000Z</time>
        <extensions>
          <ns3:TrackPointExtension>
            <ns3:hr>119</ns3:hr>
            <ns3:cad>0</ns3:cad>
          </ns3:TrackPointExtension>
        </extensions>
      </trkpt>
      <trkpt lat="35.97333242185413837432861328125" lon="-81.10811593942344188690185546875">
        <ele>521.4000244140625</ele>
        <time>2026-03-30T00:36:18.000Z</time>
        <extensions>
          <ns3:TrackPointExtension>
            <ns3:hr>115</ns3:hr>
            <ns3:cad>0</ns3:cad>
          </ns3:TrackPointExtension>
        </extensions>
      </trkpt>
      <trkpt lat="35.9733487665653228759765625" lon="-81.10811510123312473297119140625">
        <ele>520.79998779296875</ele>
        <time>2026-03-30T00:36:20.000Z</time>
        <extensions>
          <ns3:TrackPointExtension>
            <ns3:hr>113</ns3:hr>
            <ns3:cad>0</ns3:cad>
          </ns3:TrackPointExtension>
        </extensions>
      </trkpt>
      <trkpt lat="35.97336192615330219268798828125" lon="-81.10811778344213962554931640625">
        <ele>520.4000244140625</ele>
        <time>2026-03-30T00:36:22.000Z</time>
        <extensions>
          <ns3:TrackPointExtension>
            <ns3:hr>113</ns3:hr>
            <ns3:cad>0</ns3:cad>
          </ns3:TrackPointExtension>
        </extensions>
      </trkpt>
      <trkpt lat="35.97337198443710803985595703125" lon="-81.108122058212757110595703125">
        <ele>519.79998779296875</ele>
        <time>2026-03-30T00:36:25.000Z</time>
        <extensions>
          <ns3:TrackPointExtension>
            <ns3:hr>112</ns3:hr>
            <ns3:cad>0</ns3:cad>
          </ns3:TrackPointExtension>
        </extensions>
      </trkpt>
      <trkpt lat="35.97339176572859287261962890625" lon="-81.10812113620340824127197265625">
        <ele>518.5999755859375</ele>
        <time>2026-03-30T00:36:31.000Z</time>
        <extensions>
          <ns3:TrackPointExtension>
            <ns3:hr>113</ns3:hr>
            <ns3:cad>43</ns3:cad>
          </ns3:TrackPointExtension>
        </extensions>
      </trkpt>
      <trkpt lat="35.9734211862087249755859375" lon="-81.10812599770724773406982421875">
        <ele>517.5999755859375</ele>
        <time>2026-03-30T00:36:37.000Z</time>
        <extensions>
          <ns3:TrackPointExtension>
            <ns3:hr>113</ns3:hr>
            <ns3:cad>0</ns3:cad>
          </ns3:TrackPointExtension>
        </extensions>
      </trkpt>
      <trkpt lat="35.9734183363616466522216796875" lon="-81.10812583006918430328369140625">
        <ele>517.4000244140625</ele>
        <time>2026-03-30T00:36:40.000Z</time>
        <extensions>
          <ns3:TrackPointExtension>
            <ns3:hr>111</ns3:hr>
            <ns3:cad>0</ns3:cad>
          </ns3:TrackPointExtension>
        </extensions>
      </trkpt>
      <trkpt lat="35.9734183363616466522216796875" lon="-81.10812583006918430328369140625">
        <ele>517.20001220703125</ele>
        <time>2026-03-30T00:36:43.000Z</time>
        <extensions>
          <ns3:TrackPointExtension>
            <ns3:hr>108</ns3:hr>
            <ns3:cad>0</ns3:cad>
          </ns3:TrackPointExtension>
        </extensions>
      </trkpt>
      <trkpt lat="35.9734096191823482513427734375" lon="-81.1081353016197681427001953125">
        <ele>517.4000244140625</ele>
        <time>2026-03-30T00:36:47.000Z</time>
        <extensions>
          <ns3:TrackPointExtension>
            <ns3:hr>106</ns3:hr>
            <ns3:cad>0</ns3:cad>
          </ns3:TrackPointExtension>
        </extensions>
      </trkpt>
      <trkpt lat="35.9733858145773410797119140625" lon="-81.10818718560039997100830078125">
        <ele>518.20001220703125</ele>
        <time>2026-03-30T00:36:54.000Z</time>
        <extensions>
          <ns3:TrackPointExtension>
            <ns3:hr>106</ns3:hr>
            <ns3:cad>0</ns3:cad>
          </ns3:TrackPointExtension>
        </extensions>
      </trkpt>
      <trkpt lat="35.9733841381967067718505859375" lon="-81.10820981673896312713623046875">
        <ele>518</ele>
        <time>2026-03-30T00:36:59.000Z</time>
        <extensions>
          <ns3:TrackPointExtension>
            <ns3:hr>109</ns3:hr>
            <ns3:cad>0</ns3:cad>
          </ns3:TrackPointExtension>
        </extensions>
      </trkpt>
      <trkpt lat="35.9734045900404453277587890625" lon="-81.1082429252564907073974609375">
        <ele>517.4000244140625</ele>
        <time>2026-03-30T00:37:06.000Z</time>
        <extensions>
          <ns3:TrackPointExtension>
            <ns3:hr>110</ns3:hr>
            <ns3:cad>0</ns3:cad>
          </ns3:TrackPointExtension>
        </extensions>
      </trkpt>
      <trkpt lat="35.97341104410588741302490234375" lon="-81.1082432605326175689697265625">
        <ele>516.5999755859375</ele>
        <time>2026-03-30T00:37:14.000Z</time>
        <extensions>
          <ns3:TrackPointExtension>
            <ns3:hr>110</ns3:hr>
            <ns3:cad>0</ns3:cad>
          </ns3:TrackPointExtension>
        </extensions>
      </trkpt>
      <trkpt lat="35.9734109602868556976318359375" lon="-81.10824351198971271514892578125">
        <ele>516.5999755859375</ele>
        <time>2026-03-30T00:37:15.000Z</time>
        <extensions>
          <ns3:TrackPointExtension>
            <ns3:hr>110</ns3:hr>
            <ns3:cad>0</ns3:cad>
          </ns3:TrackPointExtension>
        </extensions>
      </trkpt>
      <trkpt lat="35.9734357707202434539794921875" lon="-81.1082855053246021270751953125">
        <ele>516</ele>
        <time>2026-03-30T00:37:21.000Z</time>
        <extensions>
          <ns3:TrackPointExtension>
            <ns3:hr>110</ns3:hr>
            <ns3:cad>0</ns3:cad>
          </ns3:TrackPointExtension>
        </extensions>
      </trkpt>
      <trkpt lat="35.9734211862087249755859375" lon="-81.10827930271625518798828125">
        <ele>515.79998779296875</ele>
        <time>2026-03-30T00:37:28.000Z</time>
        <extensions>
          <ns3:TrackPointExtension>
            <ns3:hr>108</ns3:hr>
            <ns3:cad>0</ns3:cad>
          </ns3:TrackPointExtension>
        </extensions>
      </trkpt>
      <trkpt lat="35.97341054119169712066650390625" lon="-81.10831794328987598419189453125">
        <ele>516.4000244140625</ele>
        <time>2026-03-30T00:37:35.000Z</time>
        <extensions>
          <ns3:TrackPointExtension>
            <ns3:hr>108</ns3:hr>
            <ns3:cad>0</ns3:cad>
          </ns3:TrackPointExtension>
        </extensions>
      </trkpt>
      <trkpt lat="35.9734200127422809600830078125" lon="-81.1083255708217620849609375">
        <ele>515.5999755859375</ele>
        <time>2026-03-30T00:37:40.000Z</time>
        <extensions>
          <ns3:TrackPointExtension>
            <ns3:hr>108</ns3:hr>
            <ns3:cad>0</ns3:cad>
          </ns3:TrackPointExtension>
        </extensions>
      </trkpt>
      <trkpt lat="35.973414145410060882568359375" lon="-81.1083378084003925323486328125">
        <ele>515.4000244140625</ele>
        <time>2026-03-30T00:37:44.000Z</time>
        <extensions>
          <ns3:TrackPointExtension>
            <ns3:hr>108</ns3:hr>
            <ns3:cad>0</ns3:cad>
          </ns3:TrackPointExtension>
        </extensions>
      </trkpt>
      <trkpt lat="35.973422862589359283447265625" lon="-81.10835130326449871063232421875">
        <ele>515</ele>
        <time>2026-03-30T00:37:49.000Z</time>
        <extensions>
          <ns3:TrackPointExtension>
            <ns3:hr>111</ns3:hr>
            <ns3:cad>0</ns3:cad>
          </ns3:TrackPointExtension>
        </extensions>
      </trkpt>
      <trkpt lat="35.97342026419937610626220703125" lon="-81.1083488725125789642333984375">
        <ele>514.79998779296875</ele>
        <time>2026-03-30T00:37:56.000Z</time>
        <extensions>
          <ns3:TrackPointExtension>
            <ns3:hr>112</ns3:hr>
            <ns3:cad>0</ns3:cad>
          </ns3:TrackPointExtension>
        </extensions>
      </trkpt>
      <trkpt lat="35.97342445515096187591552734375" lon="-81.10832381062209606170654296875">
        <ele>515</ele>
        <time>2026-03-30T00:38:04.000Z</time>
        <extensions>
          <ns3:TrackPointExtension>
            <ns3:hr>110</ns3:hr>
            <ns3:cad>0</ns3:cad>
          </ns3:TrackPointExtension>
        </extensions>
      </trkpt>
      <trkpt lat="35.97343618981540203094482421875" lon="-81.108312495052814483642578125">
        <ele>514.4000244140625</ele>
        <time>2026-03-30T00:38:08.000Z</time>
        <extensions>
          <ns3:TrackPointExtension>
            <ns3:hr>112</ns3:hr>
            <ns3:cad>0</ns3:cad>
          </ns3:TrackPointExtension>
        </extensions>
      </trkpt>
      <trkpt lat="35.97343669272959232330322265625" lon="-81.10831081867218017578125">
        <ele>514</ele>
        <time>2026-03-30T00:38:12.000Z</time>
        <extensions>
          <ns3:TrackPointExtension>
            <ns3:hr>112</ns3:hr>
            <ns3:cad>0</ns3:cad>
          </ns3:TrackPointExtension>
        </extensions>
      </trkpt>
      <trkpt lat="35.97344373352825641632080078125" lon="-81.10830939374864101409912109375">
        <ele>513.4000244140625</ele>
        <time>2026-03-30T00:38:19.000Z</time>
        <extensions>
          <ns3:TrackPointExtension>
            <ns3:hr>110</ns3:hr>
            <ns3:cad>0</ns3:cad>
          </ns3:TrackPointExtension>
        </extensions>
      </trkpt>
      <trkpt lat="35.97346116788685321807861328125" lon="-81.10830436460673809051513671875">
        <ele>512.4000244140625</ele>
        <time>2026-03-30T00:38:26.000Z</time>
        <extensions>
          <ns3:TrackPointExtension>
            <ns3:hr>110</ns3:hr>
            <ns3:cad>0</ns3:cad>
          </ns3:TrackPointExtension>
        </extensions>
      </trkpt>
      <trkpt lat="35.973462760448455810546875" lon="-81.10830687917768955230712890625">
        <ele>512.20001220703125</ele>
        <time>2026-03-30T00:38:27.000Z</time>
        <extensions>
          <ns3:TrackPointExtension>
            <ns3:hr>110</ns3:hr>
            <ns3:cad>0</ns3:cad>
          </ns3:TrackPointExtension>
        </extensions>
      </trkpt>
      <trkpt lat="35.9734642691910266876220703125" lon="-81.10829028300940990447998046875">
        <ele>511.399993896484375</ele>
        <time>2026-03-30T00:38:31.000Z</time>
        <extensions>
          <ns3:TrackPointExtension>
            <ns3:hr>110</ns3:hr>
            <ns3:cad>0</ns3:cad>
          </ns3:TrackPointExtension>
        </extensions>
      </trkpt>
      <trkpt lat="35.9734719805419445037841796875" lon="-81.1082834936678409576416015625">
        <ele>511</ele>
        <time>2026-03-30T00:38:34.000Z</time>
        <extensions>
          <ns3:TrackPointExtension>
            <ns3:hr>110</ns3:hr>
            <ns3:cad>62</ns3:cad>
          </ns3:TrackPointExtension>
        </extensions>
      </trkpt>
      <trkpt lat="35.97349234856665134429931640625" lon="-81.10826362855732440948486328125">
        <ele>511</ele>
        <time>2026-03-30T00:38:40.000Z</time>
        <extensions>
          <ns3:TrackPointExtension>
            <ns3:hr>112</ns3:hr>
            <ns3:cad>0</ns3:cad>
          </ns3:TrackPointExtension>
        </extensions>
      </trkpt>
      <trkpt lat="35.9734981320798397064208984375" lon="-81.10825524665415287017822265625">
        <ele>510.399993896484375</ele>
        <time>2026-03-30T00:38:43.000Z</time>
        <extensions>
          <ns3:TrackPointExtension>
            <ns3:hr>112</ns3:hr>
            <ns3:cad>0</ns3:cad>
          </ns3:TrackPointExtension>
        </extensions>
      </trkpt>
      <trkpt lat="35.9734967909753322601318359375" lon="-81.108262538909912109375">
        <ele>510.20001220703125</ele>
        <time>2026-03-30T00:38:46.000Z</time>
        <extensions>
          <ns3:TrackPointExtension>
            <ns3:hr>112</ns3:hr>
            <ns3:cad>0</ns3:cad>
          </ns3:TrackPointExtension>
        </extensions>
      </trkpt>
      <trkpt lat="35.9734998084604740142822265625" lon="-81.10826295800507068634033203125">
        <ele>511.20001220703125</ele>
        <time>2026-03-30T00:38:53.000Z</time>
        <extensions>
          <ns3:TrackPointExtension>
            <ns3:hr>114</ns3:hr>
            <ns3:cad>0</ns3:cad>
          </ns3:TrackPointExtension>
        </extensions>
      </trkpt>
      <trkpt lat="35.97349301911890506744384765625" lon="-81.10827133990824222564697265625">
        <ele>511.600006103515625</ele>
        <time>2026-03-30T00:38:55.000Z</time>
        <extensions>
          <ns3:TrackPointExtension>
            <ns3:hr>113</ns3:hr>
            <ns3:cad>0</ns3:cad>
          </ns3:TrackPointExtension>
        </extensions>
      </trkpt>
      <trkpt lat="35.973477177321910858154296875" lon="-81.1082945577800273895263671875">
        <ele>512</ele>
        <time>2026-03-30T00:39:01.000Z</time>
        <extensions>
          <ns3:TrackPointExtension>
            <ns3:hr>114</ns3:hr>
            <ns3:cad>0</ns3:cad>
          </ns3:TrackPointExtension>
        </extensions>
      </trkpt>
      <trkpt lat="35.97346552647650241851806640625" lon="-81.1083260737359523773193359375">
        <ele>512.5999755859375</ele>
        <time>2026-03-30T00:39:06.000Z</time>
        <extensions>
          <ns3:TrackPointExtension>
            <ns3:hr>113</ns3:hr>
            <ns3:cad>0</ns3:cad>
          </ns3:TrackPointExtension>
        </extensions>
      </trkpt>
      <trkpt lat="35.97346971742808818817138671875" lon="-81.10833018086850643157958984375">
        <ele>512.79998779296875</ele>
        <time>2026-03-30T00:39:07.000Z</time>
        <extensions>
          <ns3:TrackPointExtension>
            <ns3:hr>113</ns3:hr>
            <ns3:cad>0</ns3:cad>
          </ns3:TrackPointExtension>
        </extensions>
      </trkpt>
      <trkpt lat="35.973483212292194366455078125" lon="-81.108348369598388671875">
        <ele>512.5999755859375</ele>
        <time>2026-03-30T00:39:16.000Z</time>
        <extensions>
          <ns3:TrackPointExtension>
            <ns3:hr>113</ns3:hr>
            <ns3:cad>0</ns3:cad>
          </ns3:TrackPointExtension>
        </extensions>
      </trkpt>
      <trkpt lat="35.973483212292194366455078125" lon="-81.108348369598388671875">
        <ele>512.4000244140625</ele>
        <time>2026-03-30T00:39:18.000Z</time>
        <extensions>
          <ns3:TrackPointExtension>
            <ns3:hr>122</ns3:hr>
            <ns3:cad>0</ns3:cad>
          </ns3:TrackPointExtension>
        </extensions>
      </trkpt>
      <trkpt lat="35.973483212292194366455078125" lon="-81.108348369598388671875">
        <ele>511.79998779296875</ele>
        <time>2026-03-30T00:39:23.000Z</time>
        <extensions>
          <ns3:TrackPointExtension>
            <ns3:hr>124</ns3:hr>
            <ns3:cad>0</ns3:cad>
          </ns3:TrackPointExtension>
        </extensions>
      </trkpt>
      <trkpt lat="35.973483212292194366455078125" lon="-81.108348369598388671875">
        <ele>511.600006103515625</ele>
        <time>2026-03-30T00:39:24.000Z</time>
        <extensions>
          <ns3:TrackPointExtension>
            <ns3:hr>124</ns3:hr>
            <ns3:cad>0</ns3:cad>
          </ns3:TrackPointExtension>
        </extensions>
      </trkpt>
      <trkpt lat="35.97348027862608432769775390625" lon="-81.10834694467484951019287109375">
        <ele>511.399993896484375</ele>
        <time>2026-03-30T00:39:32.000Z</time>
        <extensions>
          <ns3:TrackPointExtension>
            <ns3:hr>123</ns3:hr>
            <ns3:cad>0</ns3:cad>
          </ns3:TrackPointExtension>
        </extensions>
      </trkpt>
      <trkpt lat="35.9734635986387729644775390625" lon="-81.108341999351978302001953125">
        <ele>512</ele>
        <time>2026-03-30T00:39:36.000Z</time>
        <extensions>
          <ns3:TrackPointExtension>
            <ns3:hr>123</ns3:hr>
            <ns3:cad>0</ns3:cad>
          </ns3:TrackPointExtension>
        </extensions>
      </trkpt>
      <trkpt lat="35.97346250899136066436767578125" lon="-81.10836102627217769622802734375">
        <ele>512.79998779296875</ele>
        <time>2026-03-30T00:39:42.000Z</time>
        <extensions>
          <ns3:TrackPointExtension>
            <ns3:hr>121</ns3:hr>
            <ns3:cad>0</ns3:cad>
          </ns3:TrackPointExtension>
        </extensions>
      </trkpt>
      <trkpt lat="35.97345747984945774078369140625" lon="-81.10836789943277835845947265625">
        <ele>513.5999755859375</ele>
        <time>2026-03-30T00:39:48.000Z</time>
        <extensions>
          <ns3:TrackPointExtension>
            <ns3:hr>122</ns3:hr>
            <ns3:cad>0</ns3:cad>
          </ns3:TrackPointExtension>
        </extensions>
      </trkpt>
      <trkpt lat="35.97345697693526744842529296875" lon="-81.10836781561374664306640625">
        <ele>513.79998779296875</ele>
        <time>2026-03-30T00:39:51.000Z</time>
        <extensions>
          <ns3:TrackPointExtension>
            <ns3:hr>121</ns3:hr>
            <ns3:cad>0</ns3:cad>
          </ns3:TrackPointExtension>
        </extensions>
      </trkpt>
      <trkpt lat="35.97345747984945774078369140625" lon="-81.10836789943277835845947265625">
        <ele>514</ele>
        <time>2026-03-30T00:39:56.000Z</time>
        <extensions>
          <ns3:TrackPointExtension>
            <ns3:hr>125</ns3:hr>
            <ns3:cad>0</ns3:cad>
          </ns3:TrackPointExtension>
        </extensions>
      </trkpt>
      <trkpt lat="35.973445661365985870361328125" lon="-81.10838382504880428314208984375">
        <ele>513.79998779296875</ele>
        <time>2026-03-30T00:39:58.000Z</time>
        <extensions>
          <ns3:TrackPointExtension>
            <ns3:hr>127</ns3:hr>
            <ns3:cad>72</ns3:cad>
          </ns3:TrackPointExtension>
        </extensions>
      </trkpt>
      <trkpt lat="35.9734558872878551483154296875" lon="-81.1084286682307720184326171875">
        <ele>513.4000244140625</ele>
        <time>2026-03-30T00:40:05.000Z</time>
        <extensions>
          <ns3:TrackPointExtension>
            <ns3:hr>126</ns3:hr>
            <ns3:cad>0</ns3:cad>
          </ns3:TrackPointExtension>
        </extensions>
      </trkpt>
      <trkpt lat="35.97346619702875614166259765625" lon="-81.10842221416532993316650390625">
        <ele>513</ele>
        <time>2026-03-30T00:40:08.000Z</time>
        <extensions>
          <ns3:TrackPointExtension>
            <ns3:hr>123</ns3:hr>
            <ns3:cad>0</ns3:cad>
          </ns3:TrackPointExtension>
        </extensions>
      </trkpt>
      <trkpt lat="35.97346234135329723358154296875" lon="-81.1084212921559810638427734375">
        <ele>512.79998779296875</ele>
        <time>2026-03-30T00:40:09.000Z</time>
        <extensions>
          <ns3:TrackPointExtension>
            <ns3:hr>123</ns3:hr>
            <ns3:cad>0</ns3:cad>
          </ns3:TrackPointExtension>
        </extensions>
      </trkpt>
      <trkpt lat="35.9734602458775043487548828125" lon="-81.10842137597501277923583984375">
        <ele>513</ele>
        <time>2026-03-30T00:40:14.000Z</time>
        <extensions>
          <ns3:TrackPointExtension>
            <ns3:hr>123</ns3:hr>
            <ns3:cad>0</ns3:cad>
          </ns3:TrackPointExtension>
        </extensions>
      </trkpt>
      <trkpt lat="35.97346200607717037200927734375" lon="-81.1084212921559810638427734375">
        <ele>512.79998779296875</ele>
        <time>2026-03-30T00:40:22.000Z</time>
        <extensions>
          <ns3:TrackPointExtension>
            <ns3:hr>122</ns3:hr>
            <ns3:cad>0</ns3:cad>
          </ns3:TrackPointExtension>
        </extensions>
      </trkpt>
      <trkpt lat="35.97346200607717037200927734375" lon="-81.1084212921559810638427734375">
        <ele>513</ele>
        <time>2026-03-30T00:40:29.000Z</time>
        <extensions>
          <ns3:TrackPointExtension>
            <ns3:hr>117</ns3:hr>
            <ns3:cad>0</ns3:cad>
          </ns3:TrackPointExtension>
        </extensions>
      </trkpt>
      <trkpt lat="35.97346200607717037200927734375" lon="-81.1084212921559810638427734375">
        <ele>513</ele>
        <time>2026-03-30T00:40:30.000Z</time>
        <extensions>
          <ns3:TrackPointExtension>
            <ns3:hr>117</ns3:hr>
            <ns3:cad>0</ns3:cad>
          </ns3:TrackPointExtension>
        </extensions>
      </trkpt>
      <trkpt lat="35.97346200607717037200927734375" lon="-81.1084212921559810638427734375">
        <ele>513.20001220703125</ele>
        <time>2026-03-30T00:40:43.000Z</time>
        <extensions>
          <ns3:TrackPointExtension>
            <ns3:hr>114</ns3:hr>
            <ns3:cad>0</ns3:cad>
          </ns3:TrackPointExtension>
        </extensions>
      </trkpt>
      <trkpt lat="35.97346200607717037200927734375" lon="-81.1084212921559810638427734375">
        <ele>513.20001220703125</ele>
        <time>2026-03-30T00:40:45.000Z</time>
        <extensions>
          <ns3:TrackPointExtension>
            <ns3:hr>111</ns3:hr>
            <ns3:cad>0</ns3:cad>
          </ns3:TrackPointExtension>
        </extensions>
      </trkpt>
      <trkpt lat="35.97346200607717037200927734375" lon="-81.1084212921559810638427734375">
        <ele>513.4000244140625</ele>
        <time>2026-03-30T00:40:47.000Z</time>
        <extensions>
          <ns3:TrackPointExtension>
            <ns3:hr>110</ns3:hr>
            <ns3:cad>0</ns3:cad>
          </ns3:TrackPointExtension>
        </extensions>
      </trkpt>
      <trkpt lat="35.97346200607717037200927734375" lon="-81.1084212921559810638427734375">
        <ele>513</ele>
        <time>2026-03-30T00:40:53.000Z</time>
        <extensions>
          <ns3:TrackPointExtension>
            <ns3:hr>107</ns3:hr>
            <ns3:cad>0</ns3:cad>
          </ns3:TrackPointExtension>
        </extensions>
      </trkpt>
      <trkpt lat="35.97346200607717037200927734375" lon="-81.1084212921559810638427734375">
        <ele>513.20001220703125</ele>
        <time>2026-03-30T00:40:55.000Z</time>
        <extensions>
          <ns3:TrackPointExtension>
            <ns3:hr>100</ns3:hr>
            <ns3:cad>0</ns3:cad>
          </ns3:TrackPointExtension>
        </extensions>
      </trkpt>
      <trkpt lat="35.97346200607717037200927734375" lon="-81.1084212921559810638427734375">
        <ele>513.20001220703125</ele>
        <time>2026-03-30T00:40:56.000Z</time>
        <extensions>
          <ns3:TrackPointExtension>
            <ns3:hr>97</ns3:hr>
            <ns3:cad>0</ns3:cad>
          </ns3:TrackPointExtension>
        </extensions>
      </trkpt>
      <trkpt lat="35.97346200607717037200927734375" lon="-81.1084212921559810638427734375">
        <ele>513.20001220703125</ele>
        <time>2026-03-30T00:40:57.000Z</time>
        <extensions>
          <ns3:TrackPointExtension>
            <ns3:hr>93</ns3:hr>
            <ns3:cad>0</ns3:cad>
          </ns3:TrackPointExtension>
        </extensions>
      </trkpt>
      <trkpt lat="35.97346200607717037200927734375" lon="-81.1084212921559810638427734375">
        <ele>513</ele>
        <time>2026-03-30T00:41:04.000Z</time>
        <extensions>
          <ns3:TrackPointExtension>
            <ns3:hr>91</ns3:hr>
            <ns3:cad>0</ns3:cad>
          </ns3:TrackPointExtension>
        </extensions>
      </trkpt>
      <trkpt lat="35.97346200607717037200927734375" lon="-81.1084212921559810638427734375">
        <ele>513.5999755859375</ele>
        <time>2026-03-30T00:41:27.000Z</time>
        <extensions>
          <ns3:TrackPointExtension>
            <ns3:hr>93</ns3:hr>
            <ns3:cad>0</ns3:cad>
          </ns3:TrackPointExtension>
        </extensions>
      </trkpt>
      <trkpt lat="35.9734582342207431793212890625" lon="-81.10840846784412860870361328125">
        <ele>513.79998779296875</ele>
        <time>2026-03-30T00:41:34.000Z</time>
        <extensions>
          <ns3:TrackPointExtension>
            <ns3:hr>93</ns3:hr>
            <ns3:cad>0</ns3:cad>
          </ns3:TrackPointExtension>
        </extensions>
      </trkpt>
      <trkpt lat="35.97345580346882343292236328125" lon="-81.1084333620965480804443359375">
        <ele>513.4000244140625</ele>
        <time>2026-03-30T00:41:40.000Z</time>
        <extensions>
          <ns3:TrackPointExtension>
            <ns3:hr>96</ns3:hr>
            <ns3:cad>0</ns3:cad>
          </ns3:TrackPointExtension>
        </extensions>
      </trkpt>
      <trkpt lat="35.973450355231761932373046875" lon="-81.10844585113227367401123046875">
        <ele>513.20001220703125</ele>
        <time>2026-03-30T00:41:42.000Z</time>
        <extensions>
          <ns3:TrackPointExtension>
            <ns3:hr>102</ns3:hr>
            <ns3:cad>0</ns3:cad>
          </ns3:TrackPointExtension>
        </extensions>
      </trkpt>
      <trkpt lat="35.97345178015530109405517578125" lon="-81.108459345996379852294921875">
        <ele>513.20001220703125</ele>
        <time>2026-03-30T00:41:44.000Z</time>
        <extensions>
          <ns3:TrackPointExtension>
            <ns3:hr>103</ns3:hr>
            <ns3:cad>0</ns3:cad>
          </ns3:TrackPointExtension>
        </extensions>
      </trkpt>
      <trkpt lat="35.97347223199903964996337890625" lon="-81.108486838638782501220703125">
        <ele>512.20001220703125</ele>
        <time>2026-03-30T00:41:52.000Z</time>
        <extensions>
          <ns3:TrackPointExtension>
            <ns3:hr>103</ns3:hr>
            <ns3:cad>0</ns3:cad>
          </ns3:TrackPointExtension>
        </extensions>
      </trkpt>
      <trkpt lat="35.9734721481800079345703125" lon="-81.10849949531257152557373046875">
        <ele>511.600006103515625</ele>
        <time>2026-03-30T00:41:54.000Z</time>
        <extensions>
          <ns3:TrackPointExtension>
            <ns3:hr>103</ns3:hr>
            <ns3:cad>68</ns3:cad>
          </ns3:TrackPointExtension>
        </extensions>
      </trkpt>
      <trkpt lat="35.97348413430154323577880859375" lon="-81.1085151694715023040771484375">
        <ele>510.600006103515625</ele>
        <time>2026-03-30T00:41:59.000Z</time>
        <extensions>
          <ns3:TrackPointExtension>
            <ns3:hr>101</ns3:hr>
            <ns3:cad>68</ns3:cad>
          </ns3:TrackPointExtension>
        </extensions>
      </trkpt>
      <trkpt lat="35.973489917814731597900390625" lon="-81.1085222102701663970947265625">
        <ele>510.20001220703125</ele>
        <time>2026-03-30T00:42:01.000Z</time>
        <extensions>
          <ns3:TrackPointExtension>
            <ns3:hr>101</ns3:hr>
            <ns3:cad>0</ns3:cad>
          </ns3:TrackPointExtension>
        </extensions>
      </trkpt>
      <trkpt lat="35.97348949871957302093505859375" lon="-81.10853201709687709808349609375">
        <ele>509.79998779296875</ele>
        <time>2026-03-30T00:42:07.000Z</time>
        <extensions>
          <ns3:TrackPointExtension>
            <ns3:hr>101</ns3:hr>
            <ns3:cad>0</ns3:cad>
          </ns3:TrackPointExtension>
        </extensions>
      </trkpt>
      <trkpt lat="35.97349016927182674407958984375" lon="-81.1085262335836887359619140625">
        <ele>509.600006103515625</ele>
        <time>2026-03-30T00:42:15.000Z</time>
        <extensions>
          <ns3:TrackPointExtension>
            <ns3:hr>100</ns3:hr>
            <ns3:cad>0</ns3:cad>
          </ns3:TrackPointExtension>
        </extensions>
      </trkpt>
      <trkpt lat="35.97349067218601703643798828125" lon="-81.1085319332778453826904296875">
        <ele>509.399993896484375</ele>
        <time>2026-03-30T00:42:16.000Z</time>
        <extensions>
          <ns3:TrackPointExtension>
            <ns3:hr>100</ns3:hr>
            <ns3:cad>0</ns3:cad>
          </ns3:TrackPointExtension>
        </extensions>
      </trkpt>
      <trkpt lat="35.9734920971095561981201171875" lon="-81.1085735075175762176513671875">
        <ele>508.399993896484375</ele>
        <time>2026-03-30T00:42:23.000Z</time>
        <extensions>
          <ns3:TrackPointExtension>
            <ns3:hr>99</ns3:hr>
            <ns3:cad>0</ns3:cad>
          </ns3:TrackPointExtension>
        </extensions>
      </trkpt>
      <trkpt lat="35.9734917618334293365478515625" lon="-81.10857308842241764068603515625">
        <ele>508.399993896484375</ele>
        <time>2026-03-30T00:42:25.000Z</time>
        <extensions>
          <ns3:TrackPointExtension>
            <ns3:hr>100</ns3:hr>
            <ns3:cad>0</ns3:cad>
          </ns3:TrackPointExtension>
        </extensions>
      </trkpt>
      <trkpt lat="35.97349503077566623687744140625" lon="-81.108574680984020233154296875">
        <ele>508.20001220703125</ele>
        <time>2026-03-30T00:42:31.000Z</time>
        <extensions>
          <ns3:TrackPointExtension>
            <ns3:hr>99</ns3:hr>
            <ns3:cad>0</ns3:cad>
          </ns3:TrackPointExtension>
        </extensions>
      </trkpt>
      <trkpt lat="35.9734917618334293365478515625" lon="-81.10857308842241764068603515625">
        <ele>508.20001220703125</ele>
        <time>2026-03-30T00:42:35.000Z</time>
        <extensions>
          <ns3:TrackPointExtension>
            <ns3:hr>103</ns3:hr>
            <ns3:cad>0</ns3:cad>
          </ns3:TrackPointExtension>
        </extensions>
      </trkpt>
      <trkpt lat="35.9735051728785037994384765625" lon="-81.108561269938945770263671875">
        <ele>508.20001220703125</ele>
        <time>2026-03-30T00:42:42.000Z</time>
        <extensions>
          <ns3:TrackPointExtension>
            <ns3:hr>102</ns3:hr>
            <ns3:cad>0</ns3:cad>
          </ns3:TrackPointExtension>
        </extensions>
      </trkpt>
      <trkpt lat="35.9735034964978694915771484375" lon="-81.10852849669754505157470703125">
        <ele>509.20001220703125</ele>
        <time>2026-03-30T00:42:47.000Z</time>
        <extensions>
          <ns3:TrackPointExtension>
            <ns3:hr>101</ns3:hr>
            <ns3:cad>0</ns3:cad>
          </ns3:TrackPointExtension>
        </extensions>
      </trkpt>
      <trkpt lat="35.97350207157433032989501953125" lon="-81.1085238866508007049560546875">
        <ele>509.600006103515625</ele>
        <time>2026-03-30T00:42:48.000Z</time>
        <extensions>
          <ns3:TrackPointExtension>
            <ns3:hr>100</ns3:hr>
            <ns3:cad>0</ns3:cad>
          </ns3:TrackPointExtension>
        </extensions>
      </trkpt>
      <trkpt lat="35.9734984673559665679931640625" lon="-81.10849522054195404052734375">
        <ele>510.399993896484375</ele>
        <time>2026-03-30T00:42:52.000Z</time>
        <extensions>
          <ns3:TrackPointExtension>
            <ns3:hr>99</ns3:hr>
            <ns3:cad>45</ns3:cad>
          </ns3:TrackPointExtension>
        </extensions>
      </trkpt>
      <trkpt lat="35.97349871881306171417236328125" lon="-81.10847854055464267730712890625">
        <ele>510.600006103515625</ele>
        <time>2026-03-30T00:42:55.000Z</time>
        <extensions>
          <ns3:TrackPointExtension>
            <ns3:hr>100</ns3:hr>
            <ns3:cad>0</ns3:cad>
          </ns3:TrackPointExtension>
        </extensions>
      </trkpt>
      <trkpt lat="35.9735058434307575225830078125" lon="-81.10846915282309055328369140625">
        <ele>510.600006103515625</ele>
        <time>2026-03-30T00:42:57.000Z</time>
        <extensions>
          <ns3:TrackPointExtension>
            <ns3:hr>99</ns3:hr>
            <ns3:cad>41</ns3:cad>
          </ns3:TrackPointExtension>
        </extensions>
      </trkpt>
      <trkpt lat="35.9735011495649814605712890625" lon="-81.1084306798875331878662109375">
        <ele>510.79998779296875</ele>
        <time>2026-03-30T00:43:04.000Z</time>
        <extensions>
          <ns3:TrackPointExtension>
            <ns3:hr>98</ns3:hr>
            <ns3:cad>70</ns3:cad>
          </ns3:TrackPointExtension>
        </extensions>
      </trkpt>
      <trkpt lat="35.97350693307816982269287109375" lon="-81.10839421860873699188232421875">
        <ele>511</ele>
        <time>2026-03-30T00:43:12.000Z</time>
        <extensions>
          <ns3:TrackPointExtension>
            <ns3:hr>98</ns3:hr>
            <ns3:cad>40</ns3:cad>
          </ns3:TrackPointExtension>
        </extensions>
      </trkpt>
      <trkpt lat="35.97352285869419574737548828125" lon="-81.10836504958570003509521484375">
        <ele>510.79998779296875</ele>
        <time>2026-03-30T00:43:18.000Z</time>
        <extensions>
          <ns3:TrackPointExtension>
            <ns3:hr>98</ns3:hr>
            <ns3:cad>0</ns3:cad>
          </ns3:TrackPointExtension>
        </extensions>
      </trkpt>
      <trkpt lat="35.97352822311222553253173828125" lon="-81.10833822749555110931396484375">
        <ele>510.79998779296875</ele>
        <time>2026-03-30T00:43:23.000Z</time>
        <extensions>
          <ns3:TrackPointExtension>
            <ns3:hr>95</ns3:hr>
            <ns3:cad>0</ns3:cad>
          </ns3:TrackPointExtension>
        </extensions>
      </trkpt>
      <trkpt lat="35.97352889366447925567626953125" lon="-81.10833269543945789337158203125">
        <ele>511</ele>
        <time>2026-03-30T00:43:24.000Z</time>
        <extensions>
          <ns3:TrackPointExtension>
            <ns3:hr>96</ns3:hr>
            <ns3:cad>0</ns3:cad>
          </ns3:TrackPointExtension>
        </extensions>
      </trkpt>
      <trkpt lat="35.9735299833118915557861328125" lon="-81.10832632519304752349853515625">
        <ele>511</ele>
        <time>2026-03-30T00:43:25.000Z</time>
        <extensions>
          <ns3:TrackPointExtension>
            <ns3:hr>102</ns3:hr>
            <ns3:cad>0</ns3:cad>
          </ns3:TrackPointExtension>
        </extensions>
      </trkpt>
      <trkpt lat="35.97353057004511356353759765625" lon="-81.108318865299224853515625">
        <ele>511</ele>
        <time>2026-03-30T00:43:26.000Z</time>
        <extensions>
          <ns3:TrackPointExtension>
            <ns3:hr>110</ns3:hr>
            <ns3:cad>0</ns3:cad>
          </ns3:TrackPointExtension>
        </extensions>
      </trkpt>
      <trkpt lat="35.97353157587349414825439453125" lon="-81.108315847814083099365234375">
        <ele>511</ele>
        <time>2026-03-30T00:43:27.000Z</time>
        <extensions>
          <ns3:TrackPointExtension>
            <ns3:hr>119</ns3:hr>
            <ns3:cad>0</ns3:cad>
          </ns3:TrackPointExtension>
        </extensions>
      </trkpt>
      <trkpt lat="35.97352805547416210174560546875" lon="-81.10828508622944355010986328125">
        <ele>511.20001220703125</ele>
        <time>2026-03-30T00:43:32.000Z</time>
        <extensions>
          <ns3:TrackPointExtension>
            <ns3:hr>120</ns3:hr>
            <ns3:cad>0</ns3:cad>
          </ns3:TrackPointExtension>
        </extensions>
      </trkpt>
      <trkpt lat="35.973511040210723876953125" lon="-81.1082697473466396331787109375">
        <ele>511.79998779296875</ele>
        <time>2026-03-30T00:43:36.000Z</time>
        <extensions>
          <ns3:TrackPointExtension>
            <ns3:hr>121</ns3:hr>
            <ns3:cad>0</ns3:cad>
          </ns3:TrackPointExtension>
        </extensions>
      </trkpt>
      <trkpt lat="35.97350995056331157684326171875" lon="-81.1082563363015651702880859375">
        <ele>512.5999755859375</ele>
        <time>2026-03-30T00:43:40.000Z</time>
        <extensions>
          <ns3:TrackPointExtension>
            <ns3:hr>122</ns3:hr>
            <ns3:cad>0</ns3:cad>
          </ns3:TrackPointExtension>
        </extensions>
      </trkpt>
      <trkpt lat="35.97350307740271091461181640625" lon="-81.1082335375249385833740234375">
        <ele>513</ele>
        <time>2026-03-30T00:43:44.000Z</time>
        <extensions>
          <ns3:TrackPointExtension>
            <ns3:hr>123</ns3:hr>
            <ns3:cad>0</ns3:cad>
          </ns3:TrackPointExtension>
        </extensions>
      </trkpt>
      <trkpt lat="35.9735034964978694915771484375" lon="-81.10823295079171657562255859375">
        <ele>513.5999755859375</ele>
        <time>2026-03-30T00:43:46.000Z</time>
        <extensions>
          <ns3:TrackPointExtension>
            <ns3:hr>124</ns3:hr>
            <ns3:cad>0</ns3:cad>
          </ns3:TrackPointExtension>
        </extensions>
      </trkpt>
      <trkpt lat="35.973506011068820953369140625" lon="-81.108211241662502288818359375">
        <ele>513.5999755859375</ele>
        <time>2026-03-30T00:43:49.000Z</time>
        <extensions>
          <ns3:TrackPointExtension>
            <ns3:hr>127</ns3:hr>
            <ns3:cad>40</ns3:cad>
          </ns3:TrackPointExtension>
        </extensions>
      </trkpt>
      <trkpt lat="35.9735108725726604461669921875" lon="-81.108199842274188995361328125">
        <ele>513.5999755859375</ele>
        <time>2026-03-30T00:43:51.000Z</time>
        <extensions>
          <ns3:TrackPointExtension>
            <ns3:hr>129</ns3:hr>
            <ns3:cad>0</ns3:cad>
          </ns3:TrackPointExtension>
        </extensions>
      </trkpt>
      <trkpt lat="35.97350693307816982269287109375" lon="-81.1081753671169281005859375">
        <ele>513.5999755859375</ele>
        <time>2026-03-30T00:43:57.000Z</time>
        <extensions>
          <ns3:TrackPointExtension>
            <ns3:hr>130</ns3:hr>
            <ns3:cad>53</ns3:cad>
          </ns3:TrackPointExtension>
        </extensions>
      </trkpt>
      <trkpt lat="35.9734924323856830596923828125" lon="-81.10813739709556102752685546875">
        <ele>514.20001220703125</ele>
        <time>2026-03-30T00:44:03.000Z</time>
        <extensions>
          <ns3:TrackPointExtension>
            <ns3:hr>125</ns3:hr>
            <ns3:cad>0</ns3:cad>
          </ns3:TrackPointExtension>
        </extensions>
      </trkpt>
      <trkpt lat="35.97348597832024097442626953125" lon="-81.1081151850521564483642578125">
        <ele>514.4000244140625</ele>
        <time>2026-03-30T00:44:10.000Z</time>
        <extensions>
          <ns3:TrackPointExtension>
            <ns3:hr>124</ns3:hr>
            <ns3:cad>0</ns3:cad>
          </ns3:TrackPointExtension>
        </extensions>
      </trkpt>
      <trkpt lat="35.97347340546548366546630859375" lon="-81.10810336656868457794189453125">
        <ele>514.5999755859375</ele>
        <time>2026-03-30T00:44:18.000Z</time>
        <extensions>
          <ns3:TrackPointExtension>
            <ns3:hr>125</ns3:hr>
            <ns3:cad>0</ns3:cad>
          </ns3:TrackPointExtension>
        </extensions>
      </trkpt>
      <trkpt lat="35.97346477210521697998046875" lon="-81.1081021092832088470458984375">
        <ele>514.5999755859375</ele>
        <time>2026-03-30T00:44:19.000Z</time>
        <extensions>
          <ns3:TrackPointExtension>
            <ns3:hr>124</ns3:hr>
            <ns3:cad>0</ns3:cad>
          </ns3:TrackPointExtension>
        </extensions>
      </trkpt>
      <trkpt lat="35.97345546819269657135009765625" lon="-81.1081044562160968780517578125">
        <ele>515.20001220703125</ele>
        <time>2026-03-30T00:44:21.000Z</time>
        <extensions>
          <ns3:TrackPointExtension>
            <ns3:hr>123</ns3:hr>
            <ns3:cad>0</ns3:cad>
          </ns3:TrackPointExtension>
        </extensions>
      </trkpt>
      <trkpt lat="35.973435938358306884765625" lon="-81.10810152254998683929443359375">
        <ele>516.20001220703125</ele>
        <time>2026-03-30T00:44:24.000Z</time>
        <extensions>
          <ns3:TrackPointExtension>
            <ns3:hr>123</ns3:hr>
            <ns3:cad>0</ns3:cad>
          </ns3:TrackPointExtension>
        </extensions>
      </trkpt>
      <trkpt lat="35.9734206832945346832275390625" lon="-81.1081054620444774627685546875">
        <ele>517.4000244140625</ele>
        <time>2026-03-30T00:44:27.000Z</time>
        <extensions>
          <ns3:TrackPointExtension>
            <ns3:hr>123</ns3:hr>
            <ns3:cad>0</ns3:cad>
          </ns3:TrackPointExtension>
        </extensions>
      </trkpt>
      <trkpt lat="35.97341070882976055145263671875" lon="-81.10810269601643085479736328125">
        <ele>518.5999755859375</ele>
        <time>2026-03-30T00:44:30.000Z</time>
        <extensions>
          <ns3:TrackPointExtension>
            <ns3:hr>124</ns3:hr>
            <ns3:cad>0</ns3:cad>
          </ns3:TrackPointExtension>
        </extensions>
      </trkpt>
      <trkpt lat="35.97339210100471973419189453125" lon="-81.10808425582945346832275390625">
        <ele>519.4000244140625</ele>
        <time>2026-03-30T00:44:34.000Z</time>
        <extensions>
          <ns3:TrackPointExtension>
            <ns3:hr>127</ns3:hr>
            <ns3:cad>78</ns3:cad>
          </ns3:TrackPointExtension>
        </extensions>
      </trkpt>
      <trkpt lat="35.97338757477700710296630859375" lon="-81.1080746166408061981201171875">
        <ele>519.79998779296875</ele>
        <time>2026-03-30T00:44:35.000Z</time>
        <extensions>
          <ns3:TrackPointExtension>
            <ns3:hr>129</ns3:hr>
            <ns3:cad>74</ns3:cad>
          </ns3:TrackPointExtension>
        </extensions>
      </trkpt>
      <trkpt lat="35.97338237799704074859619140625" lon="-81.10807118006050586700439453125">
        <ele>520</ele>
        <time>2026-03-30T00:44:36.000Z</time>
        <extensions>
          <ns3:TrackPointExtension>
            <ns3:hr>131</ns3:hr>
            <ns3:cad>74</ns3:cad>
          </ns3:TrackPointExtension>
        </extensions>
      </trkpt>
      <trkpt lat="35.97338271327316761016845703125" lon="-81.1080692522227764129638671875">
        <ele>520</ele>
        <time>2026-03-30T00:44:37.000Z</time>
        <extensions>
          <ns3:TrackPointExtension>
            <ns3:hr>136</ns3:hr>
            <ns3:cad>0</ns3:cad>
          </ns3:TrackPointExtension>
        </extensions>
      </trkpt>
      <trkpt lat="35.97338472492992877960205078125" lon="-81.1080776341259479522705078125">
        <ele>520.5999755859375</ele>
        <time>2026-03-30T00:44:43.000Z</time>
        <extensions>
          <ns3:TrackPointExtension>
            <ns3:hr>135</ns3:hr>
            <ns3:cad>0</ns3:cad>
          </ns3:TrackPointExtension>
        </extensions>
      </trkpt>
      <trkpt lat="35.97338472492992877960205078125" lon="-81.1080776341259479522705078125">
        <ele>520.79998779296875</ele>
        <time>2026-03-30T00:44:44.000Z</time>
        <extensions>
          <ns3:TrackPointExtension>
            <ns3:hr>133</ns3:hr>
            <ns3:cad>0</ns3:cad>
          </ns3:TrackPointExtension>
        </extensions>
      </trkpt>
      <trkpt lat="35.97338740713894367218017578125" lon="-81.10808023251593112945556640625">
        <ele>521.20001220703125</ele>
        <time>2026-03-30T00:44:46.000Z</time>
        <extensions>
          <ns3:TrackPointExtension>
            <ns3:hr>130</ns3:hr>
            <ns3:cad>0</ns3:cad>
          </ns3:TrackPointExtension>
        </extensions>
      </trkpt>
      <trkpt lat="35.97339159809052944183349609375" lon="-81.10809213481843471527099609375">
        <ele>521.5999755859375</ele>
        <time>2026-03-30T00:44:49.000Z</time>
        <extensions>
          <ns3:TrackPointExtension>
            <ns3:hr>128</ns3:hr>
            <ns3:cad>0</ns3:cad>
          </ns3:TrackPointExtension>
        </extensions>
      </trkpt>
      <trkpt lat="35.97342546097934246063232421875" lon="-81.10808878205716609954833984375">
        <ele>520.5999755859375</ele>
        <time>2026-03-30T00:44:55.000Z</time>
        <extensions>
          <ns3:TrackPointExtension>
            <ns3:hr>130</ns3:hr>
            <ns3:cad>0</ns3:cad>
          </ns3:TrackPointExtension>
        </extensions>
      </trkpt>
      <trkpt lat="35.97343049012124538421630859375" lon="-81.1080833338201045989990234375">
        <ele>520.4000244140625</ele>
        <time>2026-03-30T00:44:58.000Z</time>
        <extensions>
          <ns3:TrackPointExtension>
            <ns3:hr>133</ns3:hr>
            <ns3:cad>0</ns3:cad>
          </ns3:TrackPointExtension>
        </extensions>
      </trkpt>
      <trkpt lat="35.9734367765486240386962890625" lon="-81.10805332660675048828125">
        <ele>519.79998779296875</ele>
        <time>2026-03-30T00:45:03.000Z</time>
        <extensions>
          <ns3:TrackPointExtension>
            <ns3:hr>132</ns3:hr>
            <ns3:cad>0</ns3:cad>
          </ns3:TrackPointExtension>
        </extensions>
      </trkpt>
      <trkpt lat="35.973441302776336669921875" lon="-81.108043603599071502685546875">
        <ele>519.79998779296875</ele>
        <time>2026-03-30T00:45:05.000Z</time>
        <extensions>
          <ns3:TrackPointExtension>
            <ns3:hr>127</ns3:hr>
            <ns3:cad>0</ns3:cad>
          </ns3:TrackPointExtension>
        </extensions>
      </trkpt>
      <trkpt lat="35.97343937493860721588134765625" lon="-81.108026169240474700927734375">
        <ele>519.5999755859375</ele>
        <time>2026-03-30T00:45:09.000Z</time>
        <extensions>
          <ns3:TrackPointExtension>
            <ns3:hr>124</ns3:hr>
            <ns3:cad>0</ns3:cad>
          </ns3:TrackPointExtension>
        </extensions>
      </trkpt>
      <trkpt lat="35.9734528698027133941650390625" lon="-81.10801502130925655364990234375">
        <ele>518.5999755859375</ele>
        <time>2026-03-30T00:45:17.000Z</time>
        <extensions>
          <ns3:TrackPointExtension>
            <ns3:hr>124</ns3:hr>
            <ns3:cad>0</ns3:cad>
          </ns3:TrackPointExtension>
        </extensions>
      </trkpt>
      <trkpt lat="35.973444320261478424072265625" lon="-81.1080068908631801605224609375">
        <ele>518.79998779296875</ele>
        <time>2026-03-30T00:45:25.000Z</time>
        <extensions>
          <ns3:TrackPointExtension>
            <ns3:hr>123</ns3:hr>
            <ns3:cad>0</ns3:cad>
          </ns3:TrackPointExtension>
        </extensions>
      </trkpt>
      <trkpt lat="35.973451696336269378662109375" lon="-81.108006052672863006591796875">
        <ele>518.79998779296875</ele>
        <time>2026-03-30T00:45:31.000Z</time>
        <extensions>
          <ns3:TrackPointExtension>
            <ns3:hr>123</ns3:hr>
            <ns3:cad>0</ns3:cad>
          </ns3:TrackPointExtension>
        </extensions>
      </trkpt>
      <trkpt lat="35.97345194779336452484130859375" lon="-81.10800244845449924468994140625">
        <ele>518.20001220703125</ele>
        <time>2026-03-30T00:45:36.000Z</time>
        <extensions>
          <ns3:TrackPointExtension>
            <ns3:hr>122</ns3:hr>
            <ns3:cad>0</ns3:cad>
          </ns3:TrackPointExtension>
        </extensions>
      </trkpt>
      <trkpt lat="35.97343149594962596893310546875" lon="-81.1079787276685237884521484375">
        <ele>518.20001220703125</ele>
        <time>2026-03-30T00:45:45.000Z</time>
        <extensions>
          <ns3:TrackPointExtension>
            <ns3:hr>121</ns3:hr>
            <ns3:cad>0</ns3:cad>
          </ns3:TrackPointExtension>
        </extensions>
      </trkpt>
      <trkpt lat="35.97342177294194698333740234375" lon="-81.10797227360308170318603515625">
        <ele>518</ele>
        <time>2026-03-30T00:45:47.000Z</time>
        <extensions>
          <ns3:TrackPointExtension>
            <ns3:hr>121</ns3:hr>
            <ns3:cad>0</ns3:cad>
          </ns3:TrackPointExtension>
        </extensions>
      </trkpt>
      <trkpt lat="35.97340886481106281280517578125" lon="-81.10797353088855743408203125">
        <ele>518.4000244140625</ele>
        <time>2026-03-30T00:45:50.000Z</time>
        <extensions>
          <ns3:TrackPointExtension>
            <ns3:hr>121</ns3:hr>
            <ns3:cad>0</ns3:cad>
          </ns3:TrackPointExtension>
        </extensions>
      </trkpt>
      <trkpt lat="35.97342512570321559906005859375" lon="-81.1079690046608448028564453125">
        <ele>518.79998779296875</ele>
        <time>2026-03-30T00:45:59.000Z</time>
        <extensions>
          <ns3:TrackPointExtension>
            <ns3:hr>119</ns3:hr>
            <ns3:cad>107</ns3:cad>
          </ns3:TrackPointExtension>
        </extensions>
      </trkpt>
      <trkpt lat="35.97342965193092823028564453125" lon="-81.10797126777470111846923828125">
        <ele>518.79998779296875</ele>
        <time>2026-03-30T00:46:00.000Z</time>
        <extensions>
          <ns3:TrackPointExtension>
            <ns3:hr>119</ns3:hr>
            <ns3:cad>0</ns3:cad>
          </ns3:TrackPointExtension>
        </extensions>
      </trkpt>
      <trkpt lat="35.97343669272959232330322265625" lon="-81.1079673282802104949951171875">
        <ele>518.5999755859375</ele>
        <time>2026-03-30T00:46:03.000Z</time>
        <extensions>
          <ns3:TrackPointExtension>
            <ns3:hr>122</ns3:hr>
            <ns3:cad>0</ns3:cad>
          </ns3:TrackPointExtension>
        </extensions>
      </trkpt>
      <trkpt lat="35.9734404645860195159912109375" lon="-81.10796942375600337982177734375">
        <ele>518.5999755859375</ele>
        <time>2026-03-30T00:46:04.000Z</time>
        <extensions>
          <ns3:TrackPointExtension>
            <ns3:hr>122</ns3:hr>
            <ns3:cad>0</ns3:cad>
          </ns3:TrackPointExtension>
        </extensions>
      </trkpt>
      <trkpt lat="35.97344825975596904754638671875" lon="-81.1079700104892253875732421875">
        <ele>518.4000244140625</ele>
        <time>2026-03-30T00:46:06.000Z</time>
        <extensions>
          <ns3:TrackPointExtension>
            <ns3:hr>126</ns3:hr>
            <ns3:cad>0</ns3:cad>
          </ns3:TrackPointExtension>
        </extensions>
      </trkpt>
      <trkpt lat="35.97345463000237941741943359375" lon="-81.10797679983079433441162109375">
        <ele>518.20001220703125</ele>
        <time>2026-03-30T00:46:08.000Z</time>
        <extensions>
          <ns3:TrackPointExtension>
            <ns3:hr>129</ns3:hr>
            <ns3:cad>0</ns3:cad>
          </ns3:TrackPointExtension>
        </extensions>
      </trkpt>
      <trkpt lat="35.973442308604717254638671875" lon="-81.1079847626388072967529296875">
        <ele>518</ele>
        <time>2026-03-30T00:46:12.000Z</time>
        <extensions>
          <ns3:TrackPointExtension>
            <ns3:hr>129</ns3:hr>
            <ns3:cad>0</ns3:cad>
          </ns3:TrackPointExtension>
        </extensions>
      </trkpt>
      <trkpt lat="35.97344323061406612396240234375" lon="-81.10797679983079433441162109375">
        <ele>517.79998779296875</ele>
        <time>2026-03-30T00:46:18.000Z</time>
        <extensions>
          <ns3:TrackPointExtension>
            <ns3:hr>126</ns3:hr>
            <ns3:cad>0</ns3:cad>
          </ns3:TrackPointExtension>
        </extensions>
      </trkpt>
      <trkpt lat="35.973446331918239593505859375" lon="-81.10798467881977558135986328125">
        <ele>517.5999755859375</ele>
        <time>2026-03-30T00:46:19.000Z</time>
        <extensions>
          <ns3:TrackPointExtension>
            <ns3:hr>126</ns3:hr>
            <ns3:cad>0</ns3:cad>
          </ns3:TrackPointExtension>
        </extensions>
      </trkpt>
      <trkpt lat="35.973465107381343841552734375" lon="-81.10799825750291347503662109375">
        <ele>516.79998779296875</ele>
        <time>2026-03-30T00:46:25.000Z</time>
        <extensions>
          <ns3:TrackPointExtension>
            <ns3:hr>123</ns3:hr>
            <ns3:cad>0</ns3:cad>
          </ns3:TrackPointExtension>
        </extensions>
      </trkpt>
      <trkpt lat="35.9734659455716609954833984375" lon="-81.108000017702579498291015625">
        <ele>516.4000244140625</ele>
        <time>2026-03-30T00:46:32.000Z</time>
        <extensions>
          <ns3:TrackPointExtension>
            <ns3:hr>123</ns3:hr>
            <ns3:cad>0</ns3:cad>
          </ns3:TrackPointExtension>
        </extensions>
      </trkpt>
      <trkpt lat="35.9734729863703250885009765625" lon="-81.10799255780875682830810546875">
        <ele>515.4000244140625</ele>
        <time>2026-03-30T00:46:36.000Z</time>
        <extensions>
          <ns3:TrackPointExtension>
            <ns3:hr>122</ns3:hr>
            <ns3:cad>0</ns3:cad>
          </ns3:TrackPointExtension>
        </extensions>
      </trkpt>
      <trkpt lat="35.9734773449599742889404296875" lon="-81.10798685811460018157958984375">
        <ele>514.79998779296875</ele>
        <time>2026-03-30T00:46:39.000Z</time>
        <extensions>
          <ns3:TrackPointExtension>
            <ns3:hr>121</ns3:hr>
            <ns3:cad>0</ns3:cad>
          </ns3:TrackPointExtension>
        </extensions>
      </trkpt>
      <trkpt lat="35.97346334718167781829833984375" lon="-81.10797914676368236541748046875">
        <ele>514.4000244140625</ele>
        <time>2026-03-30T00:46:45.000Z</time>
        <extensions>
          <ns3:TrackPointExtension>
            <ns3:hr>120</ns3:hr>
            <ns3:cad>0</ns3:cad>
          </ns3:TrackPointExtension>
        </extensions>
      </trkpt>
      <trkpt lat="35.97346208989620208740234375" lon="-81.1079659871757030487060546875">
        <ele>514.20001220703125</ele>
        <time>2026-03-30T00:46:47.000Z</time>
        <extensions>
          <ns3:TrackPointExtension>
            <ns3:hr>120</ns3:hr>
            <ns3:cad>0</ns3:cad>
          </ns3:TrackPointExtension>
        </extensions>
      </trkpt>
      <trkpt lat="35.97346317954361438751220703125" lon="-81.10795450396835803985595703125">
        <ele>513.79998779296875</ele>
        <time>2026-03-30T00:46:50.000Z</time>
        <extensions>
          <ns3:TrackPointExtension>
            <ns3:hr>119</ns3:hr>
            <ns3:cad>0</ns3:cad>
          </ns3:TrackPointExtension>
        </extensions>
      </trkpt>
      <trkpt lat="35.97347550094127655029296875" lon="-81.10796322114765644073486328125">
        <ele>514.20001220703125</ele>
        <time>2026-03-30T00:46:53.000Z</time>
        <extensions>
          <ns3:TrackPointExtension>
            <ns3:hr>115</ns3:hr>
            <ns3:cad>0</ns3:cad>
          </ns3:TrackPointExtension>
        </extensions>
      </trkpt>
      <trkpt lat="35.97347759641706943511962890625" lon="-81.10796975903213024139404296875">
        <ele>514.20001220703125</ele>
        <time>2026-03-30T00:46:54.000Z</time>
        <extensions>
          <ns3:TrackPointExtension>
            <ns3:hr>111</ns3:hr>
            <ns3:cad>0</ns3:cad>
          </ns3:TrackPointExtension>
        </extensions>
      </trkpt>
      <trkpt lat="35.97348480485379695892333984375" lon="-81.1079760454595088958740234375">
        <ele>514.20001220703125</ele>
        <time>2026-03-30T00:46:56.000Z</time>
        <extensions>
          <ns3:TrackPointExtension>
            <ns3:hr>107</ns3:hr>
            <ns3:cad>0</ns3:cad>
          </ns3:TrackPointExtension>
        </extensions>
      </trkpt>
      <trkpt lat="35.97349653951823711395263671875" lon="-81.10795383341610431671142578125">
        <ele>514.20001220703125</ele>
        <time>2026-03-30T00:47:05.000Z</time>
        <extensions>
          <ns3:TrackPointExtension>
            <ns3:hr>105</ns3:hr>
            <ns3:cad>0</ns3:cad>
          </ns3:TrackPointExtension>
        </extensions>
      </trkpt>
      <trkpt lat="35.9735021553933620452880859375" lon="-81.10793757252395153045654296875">
        <ele>515.20001220703125</ele>
        <time>2026-03-30T00:47:11.000Z</time>
        <extensions>
          <ns3:TrackPointExtension>
            <ns3:hr>108</ns3:hr>
            <ns3:cad>0</ns3:cad>
          </ns3:TrackPointExtension>
        </extensions>
      </trkpt>
      <trkpt lat="35.9735185839235782623291015625" lon="-81.10790337435901165008544921875">
        <ele>515.20001220703125</ele>
        <time>2026-03-30T00:47:17.000Z</time>
        <extensions>
          <ns3:TrackPointExtension>
            <ns3:hr>111</ns3:hr>
            <ns3:cad>49</ns3:cad>
          </ns3:TrackPointExtension>
        </extensions>
      </trkpt>
      <trkpt lat="35.9735189191997051239013671875" lon="-81.10788627527654170989990234375">
        <ele>515.4000244140625</ele>
        <time>2026-03-30T00:47:19.000Z</time>
        <extensions>
          <ns3:TrackPointExtension>
            <ns3:hr>116</ns3:hr>
            <ns3:cad>0</ns3:cad>
          </ns3:TrackPointExtension>
        </extensions>
      </trkpt>
      <trkpt lat="35.9735172428190708160400390625" lon="-81.10788158141076564788818359375">
        <ele>515.5999755859375</ele>
        <time>2026-03-30T00:47:20.000Z</time>
        <extensions>
          <ns3:TrackPointExtension>
            <ns3:hr>119</ns3:hr>
            <ns3:cad>0</ns3:cad>
          </ns3:TrackPointExtension>
        </extensions>
      </trkpt>
      <trkpt lat="35.9735123813152313232421875" lon="-81.1078714393079280853271484375">
        <ele>516</ele>
        <time>2026-03-30T00:47:25.000Z</time>
        <extensions>
          <ns3:TrackPointExtension>
            <ns3:hr>121</ns3:hr>
            <ns3:cad>0</ns3:cad>
          </ns3:TrackPointExtension>
        </extensions>
      </trkpt>
      <trkpt lat="35.9735011495649814605712890625" lon="-81.10786180011928081512451171875">
        <ele>516.4000244140625</ele>
        <time>2026-03-30T00:47:28.000Z</time>
        <extensions>
          <ns3:TrackPointExtension>
            <ns3:hr>123</ns3:hr>
            <ns3:cad>0</ns3:cad>
          </ns3:TrackPointExtension>
        </extensions>
      </trkpt>
      <trkpt lat="35.97350056283175945281982421875" lon="-81.1078583635389804840087890625">
        <ele>517.4000244140625</ele>
        <time>2026-03-30T00:47:32.000Z</time>
        <extensions>
          <ns3:TrackPointExtension>
            <ns3:hr>125</ns3:hr>
            <ns3:cad>0</ns3:cad>
          </ns3:TrackPointExtension>
        </extensions>
      </trkpt>
      <trkpt lat="35.973505340516567230224609375" lon="-81.10784017480909824371337890625">
        <ele>517</ele>
        <time>2026-03-30T00:47:38.000Z</time>
        <extensions>
          <ns3:TrackPointExtension>
            <ns3:hr>126</ns3:hr>
            <ns3:cad>0</ns3:cad>
          </ns3:TrackPointExtension>
        </extensions>
      </trkpt>
      <trkpt lat="35.973493270576000213623046875" lon="-81.107843108475208282470703125">
        <ele>517.5999755859375</ele>
        <time>2026-03-30T00:47:45.000Z</time>
        <extensions>
          <ns3:TrackPointExtension>
            <ns3:hr>127</ns3:hr>
            <ns3:cad>0</ns3:cad>
          </ns3:TrackPointExtension>
        </extensions>
      </trkpt>
      <trkpt lat="35.9734976291656494140625" lon="-81.10783179290592670440673828125">
        <ele>517.4000244140625</ele>
        <time>2026-03-30T00:47:52.000Z</time>
        <extensions>
          <ns3:TrackPointExtension>
            <ns3:hr>125</ns3:hr>
            <ns3:cad>0</ns3:cad>
          </ns3:TrackPointExtension>
        </extensions>
      </trkpt>
      <trkpt lat="35.97349838353693485260009765625" lon="-81.10787588171660900115966796875">
        <ele>516.5999755859375</ele>
        <time>2026-03-30T00:47:57.000Z</time>
        <extensions>
          <ns3:TrackPointExtension>
            <ns3:hr>125</ns3:hr>
            <ns3:cad>0</ns3:cad>
          </ns3:TrackPointExtension>
        </extensions>
      </trkpt>
      <trkpt lat="35.973501317203044891357421875" lon="-81.10788091085851192474365234375">
        <ele>516.4000244140625</ele>
        <time>2026-03-30T00:47:58.000Z</time>
        <extensions>
          <ns3:TrackPointExtension>
            <ns3:hr>125</ns3:hr>
            <ns3:cad>0</ns3:cad>
          </ns3:TrackPointExtension>
        </extensions>
      </trkpt>
      <trkpt lat="35.9734931029379367828369140625" lon="-81.1079351417720317840576171875">
        <ele>516.20001220703125</ele>
        <time>2026-03-30T00:48:03.000Z</time>
        <extensions>
          <ns3:TrackPointExtension>
            <ns3:hr>125</ns3:hr>
            <ns3:cad>0</ns3:cad>
          </ns3:TrackPointExtension>
        </extensions>
      </trkpt>
      <trkpt lat="35.9735045023262500762939453125" lon="-81.10795198939740657806396484375">
        <ele>515.5999755859375</ele>
        <time>2026-03-30T00:48:09.000Z</time>
        <extensions>
          <ns3:TrackPointExtension>
            <ns3:hr>122</ns3:hr>
            <ns3:cad>0</ns3:cad>
          </ns3:TrackPointExtension>
        </extensions>
      </trkpt>
      <trkpt lat="35.97350240685045719146728515625" lon="-81.10794939100742340087890625">
        <ele>515.4000244140625</ele>
        <time>2026-03-30T00:48:10.000Z</time>
        <extensions>
          <ns3:TrackPointExtension>
            <ns3:hr>122</ns3:hr>
            <ns3:cad>0</ns3:cad>
          </ns3:TrackPointExtension>
        </extensions>
      </trkpt>
      <trkpt lat="35.97350911237299442291259765625" lon="-81.10795366577804088592529296875">
        <ele>515.20001220703125</ele>
        <time>2026-03-30T00:48:18.000Z</time>
        <extensions>
          <ns3:TrackPointExtension>
            <ns3:hr>120</ns3:hr>
            <ns3:cad>0</ns3:cad>
          </ns3:TrackPointExtension>
        </extensions>
      </trkpt>
      <trkpt lat="35.97351833246648311614990234375" lon="-81.10795819200575351715087890625">
        <ele>515</ele>
        <time>2026-03-30T00:48:20.000Z</time>
        <extensions>
          <ns3:TrackPointExtension>
            <ns3:hr>116</ns3:hr>
            <ns3:cad>0</ns3:cad>
          </ns3:TrackPointExtension>
        </extensions>
      </trkpt>
      <trkpt lat="35.97352939657866954803466796875" lon="-81.10796506516635417938232421875">
        <ele>514.4000244140625</ele>
        <time>2026-03-30T00:48:23.000Z</time>
        <extensions>
          <ns3:TrackPointExtension>
            <ns3:hr>113</ns3:hr>
            <ns3:cad>0</ns3:cad>
          </ns3:TrackPointExtension>
        </extensions>
      </trkpt>
      <trkpt lat="35.97353719174861907958984375" lon="-81.1079643107950687408447265625">
        <ele>514.20001220703125</ele>
        <time>2026-03-30T00:48:24.000Z</time>
        <extensions>
          <ns3:TrackPointExtension>
            <ns3:hr>113</ns3:hr>
            <ns3:cad>0</ns3:cad>
          </ns3:TrackPointExtension>
        </extensions>
      </trkpt>
      <trkpt lat="35.9735541231930255889892578125" lon="-81.10795676708221435546875">
        <ele>513.79998779296875</ele>
        <time>2026-03-30T00:48:26.000Z</time>
        <extensions>
          <ns3:TrackPointExtension>
            <ns3:hr>112</ns3:hr>
            <ns3:cad>0</ns3:cad>
          </ns3:TrackPointExtension>
        </extensions>
      </trkpt>
      <trkpt lat="35.9735661931335926055908203125" lon="-81.1079446971416473388671875">
        <ele>513.20001220703125</ele>
        <time>2026-03-30T00:48:28.000Z</time>
        <extensions>
          <ns3:TrackPointExtension>
            <ns3:hr>112</ns3:hr>
            <ns3:cad>0</ns3:cad>
          </ns3:TrackPointExtension>
        </extensions>
      </trkpt>
      <trkpt lat="35.973572395741939544677734375" lon="-81.1079317890107631683349609375">
        <ele>512.5999755859375</ele>
        <time>2026-03-30T00:48:30.000Z</time>
        <extensions>
          <ns3:TrackPointExtension>
            <ns3:hr>112</ns3:hr>
            <ns3:cad>0</ns3:cad>
          </ns3:TrackPointExtension>
        </extensions>
      </trkpt>
      <trkpt lat="35.97357365302741527557373046875" lon="-81.10790823586285114288330078125">
        <ele>512.20001220703125</ele>
        <time>2026-03-30T00:48:33.000Z</time>
        <extensions>
          <ns3:TrackPointExtension>
            <ns3:hr>113</ns3:hr>
            <ns3:cad>0</ns3:cad>
          </ns3:TrackPointExtension>
        </extensions>
      </trkpt>
      <trkpt lat="35.97358052618801593780517578125" lon="-81.107900440692901611328125">
        <ele>512</ele>
        <time>2026-03-30T00:48:36.000Z</time>
        <extensions>
          <ns3:TrackPointExtension>
            <ns3:hr>112</ns3:hr>
            <ns3:cad>0</ns3:cad>
          </ns3:TrackPointExtension>
        </extensions>
      </trkpt>
      <trkpt lat="35.97359058447182178497314453125" lon="-81.10790337435901165008544921875">
        <ele>511.600006103515625</ele>
        <time>2026-03-30T00:48:39.000Z</time>
        <extensions>
          <ns3:TrackPointExtension>
            <ns3:hr>111</ns3:hr>
            <ns3:cad>0</ns3:cad>
          </ns3:TrackPointExtension>
        </extensions>
      </trkpt>
      <trkpt lat="35.97358773462474346160888671875" lon="-81.107893399894237518310546875">
        <ele>511.20001220703125</ele>
        <time>2026-03-30T00:48:43.000Z</time>
        <extensions>
          <ns3:TrackPointExtension>
            <ns3:hr>108</ns3:hr>
            <ns3:cad>65</ns3:cad>
          </ns3:TrackPointExtension>
        </extensions>
      </trkpt>
      <trkpt lat="35.97358413040637969970703125" lon="-81.10790337435901165008544921875">
        <ele>511</ele>
        <time>2026-03-30T00:48:44.000Z</time>
        <extensions>
          <ns3:TrackPointExtension>
            <ns3:hr>108</ns3:hr>
            <ns3:cad>0</ns3:cad>
          </ns3:TrackPointExtension>
        </extensions>
      </trkpt>
      <trkpt lat="35.97358739934861660003662109375" lon="-81.10791594721376895904541015625">
        <ele>510.600006103515625</ele>
        <time>2026-03-30T00:48:46.000Z</time>
        <extensions>
          <ns3:TrackPointExtension>
            <ns3:hr>108</ns3:hr>
            <ns3:cad>0</ns3:cad>
          </ns3:TrackPointExtension>
        </extensions>
      </trkpt>
      <trkpt lat="35.97359578125178813934326171875" lon="-81.1079120077192783355712890625">
        <ele>510</ele>
        <time>2026-03-30T00:48:49.000Z</time>
        <extensions>
          <ns3:TrackPointExtension>
            <ns3:hr>108</ns3:hr>
            <ns3:cad>0</ns3:cad>
          </ns3:TrackPointExtension>
        </extensions>
      </trkpt>
      <trkpt lat="35.9736161492764949798583984375" lon="-81.10791091807186603546142578125">
        <ele>509.600006103515625</ele>
        <time>2026-03-30T00:48:54.000Z</time>
        <extensions>
          <ns3:TrackPointExtension>
            <ns3:hr>108</ns3:hr>
            <ns3:cad>0</ns3:cad>
          </ns3:TrackPointExtension>
        </extensions>
      </trkpt>
      <trkpt lat="35.97362863831222057342529296875" lon="-81.10792751424014568328857421875">
        <ele>509</ele>
        <time>2026-03-30T00:48:58.000Z</time>
        <extensions>
          <ns3:TrackPointExtension>
            <ns3:hr>107</ns3:hr>
            <ns3:cad>0</ns3:cad>
          </ns3:TrackPointExtension>
        </extensions>
      </trkpt>
      <trkpt lat="35.97363173961639404296875" lon="-81.10792801715433597564697265625">
        <ele>508.600006103515625</ele>
        <time>2026-03-30T00:49:00.000Z</time>
        <extensions>
          <ns3:TrackPointExtension>
            <ns3:hr>107</ns3:hr>
            <ns3:cad>0</ns3:cad>
          </ns3:TrackPointExtension>
        </extensions>
      </trkpt>
      <trkpt lat="35.97363551147282123565673828125" lon="-81.1079286038875579833984375">
        <ele>507.600006103515625</ele>
        <time>2026-03-30T00:49:05.000Z</time>
        <extensions>
          <ns3:TrackPointExtension>
            <ns3:hr>107</ns3:hr>
            <ns3:cad>0</ns3:cad>
          </ns3:TrackPointExtension>
        </extensions>
      </trkpt>
      <trkpt lat="35.9736330807209014892578125" lon="-81.1079297773540019989013671875">
        <ele>507.399993896484375</ele>
        <time>2026-03-30T00:49:06.000Z</time>
        <extensions>
          <ns3:TrackPointExtension>
            <ns3:hr>107</ns3:hr>
            <ns3:cad>18</ns3:cad>
          </ns3:TrackPointExtension>
        </extensions>
      </trkpt>
      <trkpt lat="35.97363769076764583587646484375" lon="-81.107943356037139892578125">
        <ele>506.600006103515625</ele>
        <time>2026-03-30T00:49:10.000Z</time>
        <extensions>
          <ns3:TrackPointExtension>
            <ns3:hr>107</ns3:hr>
            <ns3:cad>0</ns3:cad>
          </ns3:TrackPointExtension>
        </extensions>
      </trkpt>
      <trkpt lat="35.97363098524510860443115234375" lon="-81.107947714626789093017578125">
        <ele>506</ele>
        <time>2026-03-30T00:49:14.000Z</time>
        <extensions>
          <ns3:TrackPointExtension>
            <ns3:hr>108</ns3:hr>
            <ns3:cad>0</ns3:cad>
          </ns3:TrackPointExtension>
        </extensions>
      </trkpt>
      <trkpt lat="35.97362570464611053466796875" lon="-81.1079492233693599700927734375">
        <ele>505.399993896484375</ele>
        <time>2026-03-30T00:49:17.000Z</time>
        <extensions>
          <ns3:TrackPointExtension>
            <ns3:hr>108</ns3:hr>
            <ns3:cad>0</ns3:cad>
          </ns3:TrackPointExtension>
        </extensions>
      </trkpt>
      <trkpt lat="35.97362142987549304962158203125" lon="-81.10795718617737293243408203125">
        <ele>504.79998779296875</ele>
        <time>2026-03-30T00:49:25.000Z</time>
        <extensions>
          <ns3:TrackPointExtension>
            <ns3:hr>109</ns3:hr>
            <ns3:cad>0</ns3:cad>
          </ns3:TrackPointExtension>
        </extensions>
      </trkpt>
      <trkpt lat="35.97363651730120182037353515625" lon="-81.10798350535333156585693359375">
        <ele>505</ele>
        <time>2026-03-30T00:49:33.000Z</time>
        <extensions>
          <ns3:TrackPointExtension>
            <ns3:hr>107</ns3:hr>
            <ns3:cad>66</ns3:cad>
          </ns3:TrackPointExtension>
        </extensions>
      </trkpt>
      <trkpt lat="35.97365847788751125335693359375" lon="-81.1079914681613445281982421875">
        <ele>504.20001220703125</ele>
        <time>2026-03-30T00:49:37.000Z</time>
        <extensions>
          <ns3:TrackPointExtension>
            <ns3:hr>109</ns3:hr>
            <ns3:cad>68</ns3:cad>
          </ns3:TrackPointExtension>
        </extensions>
      </trkpt>
      <trkpt lat="35.973662249743938446044921875" lon="-81.1079881154000759124755859375">
        <ele>504</ele>
        <time>2026-03-30T00:49:39.000Z</time>
        <extensions>
          <ns3:TrackPointExtension>
            <ns3:hr>109</ns3:hr>
            <ns3:cad>0</ns3:cad>
          </ns3:TrackPointExtension>
        </extensions>
      </trkpt>
      <trkpt lat="35.9736550413072109222412109375" lon="-81.10800764523446559906005859375">
        <ele>504</ele>
        <time>2026-03-30T00:49:46.000Z</time>
        <extensions>
          <ns3:TrackPointExtension>
            <ns3:hr>112</ns3:hr>
            <ns3:cad>0</ns3:cad>
          </ns3:TrackPointExtension>
        </extensions>
      </trkpt>
      <trkpt lat="35.973652191460132598876953125" lon="-81.10800898633897304534912109375">
        <ele>504.20001220703125</ele>
        <time>2026-03-30T00:49:47.000Z</time>
        <extensions>
          <ns3:TrackPointExtension>
            <ns3:hr>112</ns3:hr>
            <ns3:cad>62</ns3:cad>
          </ns3:TrackPointExtension>
        </extensions>
      </trkpt>
      <trkpt lat="35.97365579567849636077880859375" lon="-81.1080144345760345458984375">
        <ele>504.20001220703125</ele>
        <time>2026-03-30T00:49:50.000Z</time>
        <extensions>
          <ns3:TrackPointExtension>
            <ns3:hr>115</ns3:hr>
            <ns3:cad>0</ns3:cad>
          </ns3:TrackPointExtension>
        </extensions>
      </trkpt>
      <trkpt lat="35.97366300411522388458251953125" lon="-81.1079924739897251129150390625">
        <ele>504.20001220703125</ele>
        <time>2026-03-30T00:49:53.000Z</time>
        <extensions>
          <ns3:TrackPointExtension>
            <ns3:hr>114</ns3:hr>
            <ns3:cad>0</ns3:cad>
          </ns3:TrackPointExtension>
        </extensions>
      </trkpt>
      <trkpt lat="35.97366350702941417694091796875" lon="-81.1079773865640163421630859375">
        <ele>504.600006103515625</ele>
        <time>2026-03-30T00:49:57.000Z</time>
        <extensions>
          <ns3:TrackPointExtension>
            <ns3:hr>111</ns3:hr>
            <ns3:cad>0</ns3:cad>
          </ns3:TrackPointExtension>
        </extensions>
      </trkpt>
      <trkpt lat="35.97366669215261936187744140625" lon="-81.10796808265149593353271484375">
        <ele>504.600006103515625</ele>
        <time>2026-03-30T00:49:59.000Z</time>
        <extensions>
          <ns3:TrackPointExtension>
            <ns3:hr>111</ns3:hr>
            <ns3:cad>0</ns3:cad>
          </ns3:TrackPointExtension>
        </extensions>
      </trkpt>
      <trkpt lat="35.973669625818729400634765625" lon="-81.107971183955669403076171875">
        <ele>504</ele>
        <time>2026-03-30T00:50:04.000Z</time>
        <extensions>
          <ns3:TrackPointExtension>
            <ns3:hr>114</ns3:hr>
            <ns3:cad>0</ns3:cad>
          </ns3:TrackPointExtension>
        </extensions>
      </trkpt>
      <trkpt lat="35.97368664108216762542724609375" lon="-81.10800395719707012176513671875">
        <ele>503.399993896484375</ele>
        <time>2026-03-30T00:50:12.000Z</time>
        <extensions>
          <ns3:TrackPointExtension>
            <ns3:hr>113</ns3:hr>
            <ns3:cad>47</ns3:cad>
          </ns3:TrackPointExtension>
        </extensions>
      </trkpt>
      <trkpt lat="35.9736939333379268646240234375" lon="-81.10801921226084232330322265625">
        <ele>503.20001220703125</ele>
        <time>2026-03-30T00:50:15.000Z</time>
        <extensions>
          <ns3:TrackPointExtension>
            <ns3:hr>113</ns3:hr>
            <ns3:cad>47</ns3:cad>
          </ns3:TrackPointExtension>
        </extensions>
      </trkpt>
      <trkpt lat="35.97370809875428676605224609375" lon="-81.1080340482294559478759765625">
        <ele>503</ele>
        <time>2026-03-30T00:50:18.000Z</time>
        <extensions>
          <ns3:TrackPointExtension>
            <ns3:hr>112</ns3:hr>
            <ns3:cad>0</ns3:cad>
          </ns3:TrackPointExtension>
        </extensions>
      </trkpt>
      <trkpt lat="35.97370206378400325775146484375" lon="-81.10805441625416278839111328125">
        <ele>502.79998779296875</ele>
        <time>2026-03-30T00:50:25.000Z</time>
        <extensions>
          <ns3:TrackPointExtension>
            <ns3:hr>111</ns3:hr>
            <ns3:cad>0</ns3:cad>
          </ns3:TrackPointExtension>
        </extensions>
      </trkpt>
      <trkpt lat="35.97369099967181682586669921875" lon="-81.10808861441910266876220703125">
        <ele>503.399993896484375</ele>
        <time>2026-03-30T00:50:32.000Z</time>
        <extensions>
          <ns3:TrackPointExtension>
            <ns3:hr>111</ns3:hr>
            <ns3:cad>0</ns3:cad>
          </ns3:TrackPointExtension>
        </extensions>
      </trkpt>
      <trkpt lat="35.9736821986734867095947265625" lon="-81.10813555307686328887939453125">
        <ele>503.600006103515625</ele>
        <time>2026-03-30T00:50:40.000Z</time>
        <extensions>
          <ns3:TrackPointExtension>
            <ns3:hr>108</ns3:hr>
            <ns3:cad>78</ns3:cad>
          </ns3:TrackPointExtension>
        </extensions>
      </trkpt>
      <trkpt lat="35.97367758862674236297607421875" lon="-81.10815365798771381378173828125">
        <ele>503.79998779296875</ele>
        <time>2026-03-30T00:50:45.000Z</time>
        <extensions>
          <ns3:TrackPointExtension>
            <ns3:hr>109</ns3:hr>
            <ns3:cad>0</ns3:cad>
          </ns3:TrackPointExtension>
        </extensions>
      </trkpt>
      <trkpt lat="35.973655879497528076171875" lon="-81.1081845872104167938232421875">
        <ele>504.399993896484375</ele>
        <time>2026-03-30T00:50:51.000Z</time>
        <extensions>
          <ns3:TrackPointExtension>
            <ns3:hr>108</ns3:hr>
            <ns3:cad>0</ns3:cad>
          </ns3:TrackPointExtension>
        </extensions>
      </trkpt>
      <trkpt lat="35.97365344874560832977294921875" lon="-81.10819573514163494110107421875">
        <ele>504.600006103515625</ele>
        <time>2026-03-30T00:50:52.000Z</time>
        <extensions>
          <ns3:TrackPointExtension>
            <ns3:hr>108</ns3:hr>
            <ns3:cad>0</ns3:cad>
          </ns3:TrackPointExtension>
        </extensions>
      </trkpt>
      <trkpt lat="35.97365177236497402191162109375" lon="-81.10821719281375408172607421875">
        <ele>505.399993896484375</ele>
        <time>2026-03-30T00:50:55.000Z</time>
        <extensions>
          <ns3:TrackPointExtension>
            <ns3:hr>108</ns3:hr>
            <ns3:cad>0</ns3:cad>
          </ns3:TrackPointExtension>
        </extensions>
      </trkpt>
      <trkpt lat="35.97364716231822967529296875" lon="-81.108211576938629150390625">
        <ele>505.600006103515625</ele>
        <time>2026-03-30T00:50:58.000Z</time>
        <extensions>
          <ns3:TrackPointExtension>
            <ns3:hr>109</ns3:hr>
            <ns3:cad>0</ns3:cad>
          </ns3:TrackPointExtension>
        </extensions>
      </trkpt>
      <trkpt lat="35.9736319072544574737548828125" lon="-81.108222305774688720703125">
        <ele>506.399993896484375</ele>
        <time>2026-03-30T00:51:05.000Z</time>
        <extensions>
          <ns3:TrackPointExtension>
            <ns3:hr>113</ns3:hr>
            <ns3:cad>0</ns3:cad>
          </ns3:TrackPointExtension>
        </extensions>
      </trkpt>
      <trkpt lat="35.9736319072544574737548828125" lon="-81.108222305774688720703125">
        <ele>506.600006103515625</ele>
        <time>2026-03-30T00:51:06.000Z</time>
        <extensions>
          <ns3:TrackPointExtension>
            <ns3:hr>119</ns3:hr>
            <ns3:cad>0</ns3:cad>
          </ns3:TrackPointExtension>
        </extensions>
      </trkpt>
      <trkpt lat="35.9736319072544574737548828125" lon="-81.108222305774688720703125">
        <ele>506.600006103515625</ele>
        <time>2026-03-30T00:51:07.000Z</time>
        <extensions>
          <ns3:TrackPointExtension>
            <ns3:hr>125</ns3:hr>
            <ns3:cad>0</ns3:cad>
          </ns3:TrackPointExtension>
        </extensions>
      </trkpt>
      <trkpt lat="35.97361053340137004852294921875" lon="-81.1082372255623340606689453125">
        <ele>507.20001220703125</ele>
        <time>2026-03-30T00:51:12.000Z</time>
        <extensions>
          <ns3:TrackPointExtension>
            <ns3:hr>126</ns3:hr>
            <ns3:cad>0</ns3:cad>
          </ns3:TrackPointExtension>
        </extensions>
      </trkpt>
      <trkpt lat="35.9736091084778308868408203125" lon="-81.1082399077713489532470703125">
        <ele>507.600006103515625</ele>
        <time>2026-03-30T00:51:13.000Z</time>
        <extensions>
          <ns3:TrackPointExtension>
            <ns3:hr>125</ns3:hr>
            <ns3:cad>0</ns3:cad>
          </ns3:TrackPointExtension>
        </extensions>
      </trkpt>
      <trkpt lat="35.9735993854701519012451171875" lon="-81.10826312564313411712646484375">
        <ele>508.79998779296875</ele>
        <time>2026-03-30T00:51:18.000Z</time>
        <extensions>
          <ns3:TrackPointExtension>
            <ns3:hr>124</ns3:hr>
            <ns3:cad>0</ns3:cad>
          </ns3:TrackPointExtension>
        </extensions>
      </trkpt>
      <trkpt lat="35.97359896637499332427978515625" lon="-81.1082684062421321868896484375">
        <ele>509</ele>
        <time>2026-03-30T00:51:19.000Z</time>
        <extensions>
          <ns3:TrackPointExtension>
            <ns3:hr>125</ns3:hr>
            <ns3:cad>0</ns3:cad>
          </ns3:TrackPointExtension>
        </extensions>
      </trkpt>
      <trkpt lat="35.9735982120037078857421875" lon="-81.10826999880373477935791015625">
        <ele>509.20001220703125</ele>
        <time>2026-03-30T00:51:22.000Z</time>
        <extensions>
          <ns3:TrackPointExtension>
            <ns3:hr>128</ns3:hr>
            <ns3:cad>0</ns3:cad>
          </ns3:TrackPointExtension>
        </extensions>
      </trkpt>
      <trkpt lat="35.9735752455890178680419921875" lon="-81.10830721445381641387939453125">
        <ele>508.79998779296875</ele>
        <time>2026-03-30T00:51:27.000Z</time>
        <extensions>
          <ns3:TrackPointExtension>
            <ns3:hr>131</ns3:hr>
            <ns3:cad>0</ns3:cad>
          </ns3:TrackPointExtension>
        </extensions>
      </trkpt>
      <trkpt lat="35.9735648520290851593017578125" lon="-81.10833160579204559326171875">
        <ele>509.79998779296875</ele>
        <time>2026-03-30T00:51:32.000Z</time>
        <extensions>
          <ns3:TrackPointExtension>
            <ns3:hr>129</ns3:hr>
            <ns3:cad>56</ns3:cad>
          </ns3:TrackPointExtension>
        </extensions>
      </trkpt>
      <trkpt lat="35.97356535494327545166015625" lon="-81.1083361320197582244873046875">
        <ele>510</ele>
        <time>2026-03-30T00:51:33.000Z</time>
        <extensions>
          <ns3:TrackPointExtension>
            <ns3:hr>129</ns3:hr>
            <ns3:cad>56</ns3:cad>
          </ns3:TrackPointExtension>
        </extensions>
      </trkpt>
      <trkpt lat="35.97356577403843402862548828125" lon="-81.10834007151424884796142578125">
        <ele>510.399993896484375</ele>
        <time>2026-03-30T00:51:38.000Z</time>
        <extensions>
          <ns3:TrackPointExtension>
            <ns3:hr>128</ns3:hr>
            <ns3:cad>0</ns3:cad>
          </ns3:TrackPointExtension>
        </extensions>
      </trkpt>
      <trkpt lat="35.973560325801372528076171875" lon="-81.10835784114897251129150390625">
        <ele>510.399993896484375</ele>
        <time>2026-03-30T00:51:41.000Z</time>
        <extensions>
          <ns3:TrackPointExtension>
            <ns3:hr>131</ns3:hr>
            <ns3:cad>0</ns3:cad>
          </ns3:TrackPointExtension>
        </extensions>
      </trkpt>
      <trkpt lat="35.9735544584691524505615234375" lon="-81.10836957581341266632080078125">
        <ele>511</ele>
        <time>2026-03-30T00:51:44.000Z</time>
        <extensions>
          <ns3:TrackPointExtension>
            <ns3:hr>132</ns3:hr>
            <ns3:cad>0</ns3:cad>
          </ns3:TrackPointExtension>
        </extensions>
      </trkpt>
      <trkpt lat="35.97354968078434467315673828125" lon="-81.10837183892726898193359375">
        <ele>511</ele>
        <time>2026-03-30T00:51:45.000Z</time>
        <extensions>
          <ns3:TrackPointExtension>
            <ns3:hr>132</ns3:hr>
            <ns3:cad>0</ns3:cad>
          </ns3:TrackPointExtension>
        </extensions>
      </trkpt>
      <trkpt lat="35.9735246188938617706298828125" lon="-81.108392961323261260986328125">
        <ele>511.79998779296875</ele>
        <time>2026-03-30T00:51:51.000Z</time>
        <extensions>
          <ns3:TrackPointExtension>
            <ns3:hr>132</ns3:hr>
            <ns3:cad>0</ns3:cad>
          </ns3:TrackPointExtension>
        </extensions>
      </trkpt>
      <trkpt lat="35.97351816482841968536376953125" lon="-81.1083941347897052764892578125">
        <ele>512.20001220703125</ele>
        <time>2026-03-30T00:51:52.000Z</time>
        <extensions>
          <ns3:TrackPointExtension>
            <ns3:hr>133</ns3:hr>
            <ns3:cad>0</ns3:cad>
          </ns3:TrackPointExtension>
        </extensions>
      </trkpt>
      <trkpt lat="35.973513387143611907958984375" lon="-81.108392961323261260986328125">
        <ele>513.20001220703125</ele>
        <time>2026-03-30T00:51:55.000Z</time>
        <extensions>
          <ns3:TrackPointExtension>
            <ns3:hr>134</ns3:hr>
            <ns3:cad>0</ns3:cad>
          </ns3:TrackPointExtension>
        </extensions>
      </trkpt>
      <trkpt lat="35.97351682372391223907470703125" lon="-81.10838097520172595977783203125">
        <ele>513.79998779296875</ele>
        <time>2026-03-30T00:51:58.000Z</time>
        <extensions>
          <ns3:TrackPointExtension>
            <ns3:hr>137</ns3:hr>
            <ns3:cad>0</ns3:cad>
          </ns3:TrackPointExtension>
        </extensions>
      </trkpt>
      <trkpt lat="35.97351749427616596221923828125" lon="-81.10837611369788646697998046875">
        <ele>513.79998779296875</ele>
        <time>2026-03-30T00:52:00.000Z</time>
        <extensions>
          <ns3:TrackPointExtension>
            <ns3:hr>139</ns3:hr>
            <ns3:cad>0</ns3:cad>
          </ns3:TrackPointExtension>
        </extensions>
      </trkpt>
      <trkpt lat="35.973515398800373077392578125" lon="-81.10838390886783599853515625">
        <ele>513.79998779296875</ele>
        <time>2026-03-30T00:52:03.000Z</time>
        <extensions>
          <ns3:TrackPointExtension>
            <ns3:hr>142</ns3:hr>
            <ns3:cad>0</ns3:cad>
          </ns3:TrackPointExtension>
        </extensions>
      </trkpt>
      <trkpt lat="35.97350190393626689910888671875" lon="-81.10839187167584896087646484375">
        <ele>514</ele>
        <time>2026-03-30T00:52:07.000Z</time>
        <extensions>
          <ns3:TrackPointExtension>
            <ns3:hr>142</ns3:hr>
            <ns3:cad>0</ns3:cad>
          </ns3:TrackPointExtension>
        </extensions>
      </trkpt>
      <trkpt lat="35.97350257448852062225341796875" lon="-81.10839069820940494537353515625">
        <ele>514.20001220703125</ele>
        <time>2026-03-30T00:52:08.000Z</time>
        <extensions>
          <ns3:TrackPointExtension>
            <ns3:hr>142</ns3:hr>
            <ns3:cad>0</ns3:cad>
          </ns3:TrackPointExtension>
        </extensions>
      </trkpt>
      <trkpt lat="35.973493941128253936767578125" lon="-81.10838399268686771392822265625">
        <ele>515.4000244140625</ele>
        <time>2026-03-30T00:52:11.000Z</time>
        <extensions>
          <ns3:TrackPointExtension>
            <ns3:hr>142</ns3:hr>
            <ns3:cad>0</ns3:cad>
          </ns3:TrackPointExtension>
        </extensions>
      </trkpt>
      <trkpt lat="35.97348681651055812835693359375" lon="-81.10837519168853759765625">
        <ele>515.5999755859375</ele>
        <time>2026-03-30T00:52:12.000Z</time>
        <extensions>
          <ns3:TrackPointExtension>
            <ns3:hr>141</ns3:hr>
            <ns3:cad>41</ns3:cad>
          </ns3:TrackPointExtension>
        </extensions>
      </trkpt>
      <trkpt lat="35.97347189672291278839111328125" lon="-81.108360104262828826904296875">
        <ele>516.4000244140625</ele>
        <time>2026-03-30T00:52:16.000Z</time>
        <extensions>
          <ns3:TrackPointExtension>
            <ns3:hr>139</ns3:hr>
            <ns3:cad>0</ns3:cad>
          </ns3:TrackPointExtension>
        </extensions>
      </trkpt>
      <trkpt lat="35.97347550094127655029296875" lon="-81.1083599366247653961181640625">
        <ele>516.4000244140625</ele>
        <time>2026-03-30T00:52:19.000Z</time>
        <extensions>
          <ns3:TrackPointExtension>
            <ns3:hr>138</ns3:hr>
            <ns3:cad>0</ns3:cad>
          </ns3:TrackPointExtension>
        </extensions>
      </trkpt>
      <trkpt lat="35.9734719805419445037841796875" lon="-81.10834191553294658660888671875">
        <ele>517.4000244140625</ele>
        <time>2026-03-30T00:52:25.000Z</time>
        <extensions>
          <ns3:TrackPointExtension>
            <ns3:hr>138</ns3:hr>
            <ns3:cad>0</ns3:cad>
          </ns3:TrackPointExtension>
        </extensions>
      </trkpt>
      <trkpt lat="35.9734706394374370574951171875" lon="-81.10833386890590190887451171875">
        <ele>517.5999755859375</ele>
        <time>2026-03-30T00:52:26.000Z</time>
        <extensions>
          <ns3:TrackPointExtension>
            <ns3:hr>138</ns3:hr>
            <ns3:cad>0</ns3:cad>
          </ns3:TrackPointExtension>
        </extensions>
      </trkpt>
      <trkpt lat="35.97346284426748752593994140625" lon="-81.108309142291545867919921875">
        <ele>518</ele>
        <time>2026-03-30T00:52:32.000Z</time>
        <extensions>
          <ns3:TrackPointExtension>
            <ns3:hr>139</ns3:hr>
            <ns3:cad>65</ns3:cad>
          </ns3:TrackPointExtension>
        </extensions>
      </trkpt>
      <trkpt lat="35.973463095724582672119140625" lon="-81.1083066277205944061279296875">
        <ele>518.4000244140625</ele>
        <time>2026-03-30T00:52:36.000Z</time>
        <extensions>
          <ns3:TrackPointExtension>
            <ns3:hr>138</ns3:hr>
            <ns3:cad>0</ns3:cad>
          </ns3:TrackPointExtension>
        </extensions>
      </trkpt>
      <trkpt lat="35.97344775684177875518798828125" lon="-81.10827201046049594879150390625">
        <ele>519</ele>
        <time>2026-03-30T00:52:40.000Z</time>
        <extensions>
          <ns3:TrackPointExtension>
            <ns3:hr>138</ns3:hr>
            <ns3:cad>0</ns3:cad>
          </ns3:TrackPointExtension>
        </extensions>
      </trkpt>
      <trkpt lat="35.973444990813732147216796875" lon="-81.1082670651376247406005859375">
        <ele>519.5999755859375</ele>
        <time>2026-03-30T00:52:42.000Z</time>
        <extensions>
          <ns3:TrackPointExtension>
            <ns3:hr>138</ns3:hr>
            <ns3:cad>0</ns3:cad>
          </ns3:TrackPointExtension>
        </extensions>
      </trkpt>
      <trkpt lat="35.9734314121305942535400390625" lon="-81.10825072042644023895263671875">
        <ele>520.5999755859375</ele>
        <time>2026-03-30T00:52:46.000Z</time>
        <extensions>
          <ns3:TrackPointExtension>
            <ns3:hr>139</ns3:hr>
            <ns3:cad>0</ns3:cad>
          </ns3:TrackPointExtension>
        </extensions>
      </trkpt>
      <trkpt lat="35.973431579768657684326171875" lon="-81.10824518837034702301025390625">
        <ele>520.5999755859375</ele>
        <time>2026-03-30T00:52:47.000Z</time>
        <extensions>
          <ns3:TrackPointExtension>
            <ns3:hr>140</ns3:hr>
            <ns3:cad>0</ns3:cad>
          </ns3:TrackPointExtension>
        </extensions>
      </trkpt>
      <trkpt lat="35.973425209522247314453125" lon="-81.10821702517569065093994140625">
        <ele>521</ele>
        <time>2026-03-30T00:52:52.000Z</time>
        <extensions>
          <ns3:TrackPointExtension>
            <ns3:hr>140</ns3:hr>
            <ns3:cad>0</ns3:cad>
          </ns3:TrackPointExtension>
        </extensions>
      </trkpt>
      <trkpt lat="35.9734009020030498504638671875" lon="-81.10818852670490741729736328125">
        <ele>521.79998779296875</ele>
        <time>2026-03-30T00:52:58.000Z</time>
        <extensions>
          <ns3:TrackPointExtension>
            <ns3:hr>139</ns3:hr>
            <ns3:cad>0</ns3:cad>
          </ns3:TrackPointExtension>
        </extensions>
      </trkpt>
      <trkpt lat="35.97339763306081295013427734375" lon="-81.1081805638968944549560546875">
        <ele>521.79998779296875</ele>
        <time>2026-03-30T00:52:59.000Z</time>
        <extensions>
          <ns3:TrackPointExtension>
            <ns3:hr>139</ns3:hr>
            <ns3:cad>0</ns3:cad>
          </ns3:TrackPointExtension>
        </extensions>
      </trkpt>
      <trkpt lat="35.97338371910154819488525390625" lon="-81.10816036351025104522705078125">
        <ele>523</ele>
        <time>2026-03-30T00:53:03.000Z</time>
        <extensions>
          <ns3:TrackPointExtension>
            <ns3:hr>139</ns3:hr>
            <ns3:cad>0</ns3:cad>
          </ns3:TrackPointExtension>
        </extensions>
      </trkpt>
      <trkpt lat="35.9733804501593112945556640625" lon="-81.10814519226551055908203125">
        <ele>523.4000244140625</ele>
        <time>2026-03-30T00:53:05.000Z</time>
        <extensions>
          <ns3:TrackPointExtension>
            <ns3:hr>138</ns3:hr>
            <ns3:cad>0</ns3:cad>
          </ns3:TrackPointExtension>
        </extensions>
      </trkpt>
      <trkpt lat="35.97336284816265106201171875" lon="-81.108130775392055511474609375">
        <ele>524</ele>
        <time>2026-03-30T00:53:10.000Z</time>
        <extensions>
          <ns3:TrackPointExtension>
            <ns3:hr>139</ns3:hr>
            <ns3:cad>16</ns3:cad>
          </ns3:TrackPointExtension>
        </extensions>
      </trkpt>
      <trkpt lat="35.9733603335916996002197265625" lon="-81.1081289313733577728271484375">
        <ele>524</ele>
        <time>2026-03-30T00:53:11.000Z</time>
        <extensions>
          <ns3:TrackPointExtension>
            <ns3:hr>140</ns3:hr>
            <ns3:cad>16</ns3:cad>
          </ns3:TrackPointExtension>
        </extensions>
      </trkpt>
      <trkpt lat="35.973328314721584320068359375" lon="-81.10813924111425876617431640625">
        <ele>525.20001220703125</ele>
        <time>2026-03-30T00:53:16.000Z</time>
        <extensions>
          <ns3:TrackPointExtension>
            <ns3:hr>141</ns3:hr>
            <ns3:cad>0</ns3:cad>
          </ns3:TrackPointExtension>
        </extensions>
      </trkpt>
      <trkpt lat="35.97332521341741085052490234375" lon="-81.1081332899630069732666015625">
        <ele>525.79998779296875</ele>
        <time>2026-03-30T00:53:23.000Z</time>
        <extensions>
          <ns3:TrackPointExtension>
            <ns3:hr>141</ns3:hr>
            <ns3:cad>0</ns3:cad>
          </ns3:TrackPointExtension>
        </extensions>
      </trkpt>
      <trkpt lat="35.97330442629754543304443359375" lon="-81.10814007930457592010498046875">
        <ele>526.20001220703125</ele>
        <time>2026-03-30T00:53:27.000Z</time>
        <extensions>
          <ns3:TrackPointExtension>
            <ns3:hr>141</ns3:hr>
            <ns3:cad>0</ns3:cad>
          </ns3:TrackPointExtension>
        </extensions>
      </trkpt>
      <trkpt lat="35.9733023308217525482177734375" lon="-81.10813639126718044281005859375">
        <ele>526.5999755859375</ele>
        <time>2026-03-30T00:53:28.000Z</time>
        <extensions>
          <ns3:TrackPointExtension>
            <ns3:hr>141</ns3:hr>
            <ns3:cad>0</ns3:cad>
          </ns3:TrackPointExtension>
        </extensions>
      </trkpt>
      <trkpt lat="35.97330090589821338653564453125" lon="-81.10813136212527751922607421875">
        <ele>527.4000244140625</ele>
        <time>2026-03-30T00:53:30.000Z</time>
        <extensions>
          <ns3:TrackPointExtension>
            <ns3:hr>141</ns3:hr>
            <ns3:cad>0</ns3:cad>
          </ns3:TrackPointExtension>
        </extensions>
      </trkpt>
      <trkpt lat="35.973286069929599761962890625" lon="-81.10810018144547939300537109375">
        <ele>527.79998779296875</ele>
        <time>2026-03-30T00:53:35.000Z</time>
        <extensions>
          <ns3:TrackPointExtension>
            <ns3:hr>140</ns3:hr>
            <ns3:cad>0</ns3:cad>
          </ns3:TrackPointExtension>
        </extensions>
      </trkpt>
      <trkpt lat="35.9732976369559764862060546875" lon="-81.10806715674698352813720703125">
        <ele>527.4000244140625</ele>
        <time>2026-03-30T00:53:42.000Z</time>
        <extensions>
          <ns3:TrackPointExtension>
            <ns3:hr>141</ns3:hr>
            <ns3:cad>0</ns3:cad>
          </ns3:TrackPointExtension>
        </extensions>
      </trkpt>
      <trkpt lat="35.9733003191649913787841796875" lon="-81.10803463496267795562744140625">
        <ele>527.4000244140625</ele>
        <time>2026-03-30T00:53:48.000Z</time>
        <extensions>
          <ns3:TrackPointExtension>
            <ns3:hr>141</ns3:hr>
            <ns3:cad>0</ns3:cad>
          </ns3:TrackPointExtension>
        </extensions>
      </trkpt>
      <trkpt lat="35.973300151526927947998046875" lon="-81.1080058850347995758056640625">
        <ele>527</ele>
        <time>2026-03-30T00:53:55.000Z</time>
        <extensions>
          <ns3:TrackPointExtension>
            <ns3:hr>139</ns3:hr>
            <ns3:cad>62</ns3:cad>
          </ns3:TrackPointExtension>
        </extensions>
      </trkpt>
      <trkpt lat="35.97330191172659397125244140625" lon="-81.10797964967787265777587890625">
        <ele>526.5999755859375</ele>
        <time>2026-03-30T00:53:59.000Z</time>
        <extensions>
          <ns3:TrackPointExtension>
            <ns3:hr>136</ns3:hr>
            <ns3:cad>0</ns3:cad>
          </ns3:TrackPointExtension>
        </extensions>
      </trkpt>
      <trkpt lat="35.9733040072023868560791015625" lon="-81.1079763807356357574462890625">
        <ele>526.5999755859375</ele>
        <time>2026-03-30T00:54:00.000Z</time>
        <extensions>
          <ns3:TrackPointExtension>
            <ns3:hr>135</ns3:hr>
            <ns3:cad>0</ns3:cad>
          </ns3:TrackPointExtension>
        </extensions>
      </trkpt>
      <trkpt lat="35.97330828197300434112548828125" lon="-81.10796749591827392578125">
        <ele>526.20001220703125</ele>
        <time>2026-03-30T00:54:03.000Z</time>
        <extensions>
          <ns3:TrackPointExtension>
            <ns3:hr>132</ns3:hr>
            <ns3:cad>0</ns3:cad>
          </ns3:TrackPointExtension>
        </extensions>
      </trkpt>
      <trkpt lat="35.9733170829713344573974609375" lon="-81.1079599522054195404052734375">
        <ele>526</ele>
        <time>2026-03-30T00:54:05.000Z</time>
        <extensions>
          <ns3:TrackPointExtension>
            <ns3:hr>131</ns3:hr>
            <ns3:cad>0</ns3:cad>
          </ns3:TrackPointExtension>
        </extensions>
      </trkpt>
      <trkpt lat="35.97330694086849689483642578125" lon="-81.107926256954669952392578125">
        <ele>527.20001220703125</ele>
        <time>2026-03-30T00:54:13.000Z</time>
        <extensions>
          <ns3:TrackPointExtension>
            <ns3:hr>129</ns3:hr>
            <ns3:cad>0</ns3:cad>
          </ns3:TrackPointExtension>
        </extensions>
      </trkpt>
      <trkpt lat="35.9733016602694988250732421875" lon="-81.1079250834882259368896484375">
        <ele>527.4000244140625</ele>
        <time>2026-03-30T00:54:14.000Z</time>
        <extensions>
          <ns3:TrackPointExtension>
            <ns3:hr>129</ns3:hr>
            <ns3:cad>79</ns3:cad>
          </ns3:TrackPointExtension>
        </extensions>
      </trkpt>
      <trkpt lat="35.97327793948352336883544921875" lon="-81.10791184008121490478515625">
        <ele>528.5999755859375</ele>
        <time>2026-03-30T00:54:20.000Z</time>
        <extensions>
          <ns3:TrackPointExtension>
            <ns3:hr>130</ns3:hr>
            <ns3:cad>0</ns3:cad>
          </ns3:TrackPointExtension>
        </extensions>
      </trkpt>
      <trkpt lat="35.97325899638235569000244140625" lon="-81.107942350208759307861328125">
        <ele>529</ele>
        <time>2026-03-30T00:54:25.000Z</time>
        <extensions>
          <ns3:TrackPointExtension>
            <ns3:hr>127</ns3:hr>
            <ns3:cad>0</ns3:cad>
          </ns3:TrackPointExtension>
        </extensions>
      </trkpt>
      <trkpt lat="35.973255224525928497314453125" lon="-81.10794763080775737762451171875">
        <ele>529.5999755859375</ele>
        <time>2026-03-30T00:54:27.000Z</time>
        <extensions>
          <ns3:TrackPointExtension>
            <ns3:hr>127</ns3:hr>
            <ns3:cad>0</ns3:cad>
          </ns3:TrackPointExtension>
        </extensions>
      </trkpt>
      <trkpt lat="35.97322932444512844085693359375" lon="-81.10797545872628688812255859375">
        <ele>530.5999755859375</ele>
        <time>2026-03-30T00:54:32.000Z</time>
        <extensions>
          <ns3:TrackPointExtension>
            <ns3:hr>128</ns3:hr>
            <ns3:cad>0</ns3:cad>
          </ns3:TrackPointExtension>
        </extensions>
      </trkpt>
      <trkpt lat="35.97322563640773296356201171875" lon="-81.107975207269191741943359375">
        <ele>530</ele>
        <time>2026-03-30T00:54:42.000Z</time>
        <extensions>
          <ns3:TrackPointExtension>
            <ns3:hr>129</ns3:hr>
            <ns3:cad>0</ns3:cad>
          </ns3:TrackPointExtension>
        </extensions>
      </trkpt>
      <trkpt lat="35.97325983457267284393310546875" lon="-81.1079312860965728759765625">
        <ele>529</ele>
        <time>2026-03-30T00:54:46.000Z</time>
        <extensions>
          <ns3:TrackPointExtension>
            <ns3:hr>130</ns3:hr>
            <ns3:cad>0</ns3:cad>
          </ns3:TrackPointExtension>
        </extensions>
      </trkpt>
      <trkpt lat="35.9732677973806858062744140625" lon="-81.10791896469891071319580078125">
        <ele>528.5999755859375</ele>
        <time>2026-03-30T00:54:47.000Z</time>
        <extensions>
          <ns3:TrackPointExtension>
            <ns3:hr>129</ns3:hr>
            <ns3:cad>0</ns3:cad>
          </ns3:TrackPointExtension>
        </extensions>
      </trkpt>
      <trkpt lat="35.973275341093540191650390625" lon="-81.10787755809724330902099609375">
        <ele>528.20001220703125</ele>
        <time>2026-03-30T00:54:52.000Z</time>
        <extensions>
          <ns3:TrackPointExtension>
            <ns3:hr>128</ns3:hr>
            <ns3:cad>49</ns3:cad>
          </ns3:TrackPointExtension>
        </extensions>
      </trkpt>
      <trkpt lat="35.9732714854180812835693359375" lon="-81.1078684218227863311767578125">
        <ele>528.4000244140625</ele>
        <time>2026-03-30T00:54:54.000Z</time>
        <extensions>
          <ns3:TrackPointExtension>
            <ns3:hr>127</ns3:hr>
            <ns3:cad>0</ns3:cad>
          </ns3:TrackPointExtension>
        </extensions>
      </trkpt>
      <trkpt lat="35.97325421869754791259765625" lon="-81.10784419812262058258056640625">
        <ele>529</ele>
        <time>2026-03-30T00:54:59.000Z</time>
        <extensions>
          <ns3:TrackPointExtension>
            <ns3:hr>125</ns3:hr>
            <ns3:cad>0</ns3:cad>
          </ns3:TrackPointExtension>
        </extensions>
      </trkpt>
      <trkpt lat="35.9732480160892009735107421875" lon="-81.10784201882779598236083984375">
        <ele>529</ele>
        <time>2026-03-30T00:55:00.000Z</time>
        <extensions>
          <ns3:TrackPointExtension>
            <ns3:hr>125</ns3:hr>
            <ns3:cad>0</ns3:cad>
          </ns3:TrackPointExtension>
        </extensions>
      </trkpt>
      <trkpt lat="35.97325061447918415069580078125" lon="-81.10783296637237071990966796875">
        <ele>529.20001220703125</ele>
        <time>2026-03-30T00:55:02.000Z</time>
        <extensions>
          <ns3:TrackPointExtension>
            <ns3:hr>124</ns3:hr>
            <ns3:cad>0</ns3:cad>
          </ns3:TrackPointExtension>
        </extensions>
      </trkpt>
      <trkpt lat="35.97324877046048641204833984375" lon="-81.10781502909958362579345703125">
        <ele>529.5999755859375</ele>
        <time>2026-03-30T00:55:05.000Z</time>
        <extensions>
          <ns3:TrackPointExtension>
            <ns3:hr>124</ns3:hr>
            <ns3:cad>0</ns3:cad>
          </ns3:TrackPointExtension>
        </extensions>
      </trkpt>
      <trkpt lat="35.97324617207050323486328125" lon="-81.10780245624482631683349609375">
        <ele>529.5999755859375</ele>
        <time>2026-03-30T00:55:06.000Z</time>
        <extensions>
          <ns3:TrackPointExtension>
            <ns3:hr>124</ns3:hr>
            <ns3:cad>0</ns3:cad>
          </ns3:TrackPointExtension>
        </extensions>
      </trkpt>
      <trkpt lat="35.9732389636337757110595703125" lon="-81.10778443515300750732421875">
        <ele>530.20001220703125</ele>
        <time>2026-03-30T00:55:12.000Z</time>
        <extensions>
          <ns3:TrackPointExtension>
            <ns3:hr>125</ns3:hr>
            <ns3:cad>0</ns3:cad>
          </ns3:TrackPointExtension>
        </extensions>
      </trkpt>
      <trkpt lat="35.9732480160892009735107421875" lon="-81.1077638156712055206298828125">
        <ele>530</ele>
        <time>2026-03-30T00:55:23.000Z</time>
        <extensions>
          <ns3:TrackPointExtension>
            <ns3:hr>124</ns3:hr>
            <ns3:cad>0</ns3:cad>
          </ns3:TrackPointExtension>
        </extensions>
      </trkpt>
      <trkpt lat="35.97325413487851619720458984375" lon="-81.10774554312229156494140625">
        <ele>530.20001220703125</ele>
        <time>2026-03-30T00:55:29.000Z</time>
        <extensions>
          <ns3:TrackPointExtension>
            <ns3:hr>125</ns3:hr>
            <ns3:cad>0</ns3:cad>
          </ns3:TrackPointExtension>
        </extensions>
      </trkpt>
      <trkpt lat="35.97324273549020290374755859375" lon="-81.107712686061859130859375">
        <ele>530.79998779296875</ele>
        <time>2026-03-30T00:55:34.000Z</time>
        <extensions>
          <ns3:TrackPointExtension>
            <ns3:hr>123</ns3:hr>
            <ns3:cad>0</ns3:cad>
          </ns3:TrackPointExtension>
        </extensions>
      </trkpt>
      <trkpt lat="35.97323988564312458038330078125" lon="-81.10770137049257755279541015625">
        <ele>531</ele>
        <time>2026-03-30T00:55:35.000Z</time>
        <extensions>
          <ns3:TrackPointExtension>
            <ns3:hr>123</ns3:hr>
            <ns3:cad>0</ns3:cad>
          </ns3:TrackPointExtension>
        </extensions>
      </trkpt>
      <trkpt lat="35.97319881431758403778076171875" lon="-81.1076578684151172637939453125">
        <ele>531.4000244140625</ele>
        <time>2026-03-30T00:55:43.000Z</time>
        <extensions>
          <ns3:TrackPointExtension>
            <ns3:hr>123</ns3:hr>
            <ns3:cad>0</ns3:cad>
          </ns3:TrackPointExtension>
        </extensions>
      </trkpt>
      <trkpt lat="35.97322069108486175537109375" lon="-81.10765258781611919403076171875">
        <ele>531.5999755859375</ele>
        <time>2026-03-30T00:55:48.000Z</time>
        <extensions>
          <ns3:TrackPointExtension>
            <ns3:hr>125</ns3:hr>
            <ns3:cad>0</ns3:cad>
          </ns3:TrackPointExtension>
        </extensions>
      </trkpt>
      <trkpt lat="35.973237119615077972412109375" lon="-81.10763381235301494598388671875">
        <ele>531</ele>
        <time>2026-03-30T00:55:53.000Z</time>
        <extensions>
          <ns3:TrackPointExtension>
            <ns3:hr>128</ns3:hr>
            <ns3:cad>0</ns3:cad>
          </ns3:TrackPointExtension>
        </extensions>
      </trkpt>
      <trkpt lat="35.97323812544345855712890625" lon="-81.10763548873364925384521484375">
        <ele>531</ele>
        <time>2026-03-30T00:55:55.000Z</time>
        <extensions>
          <ns3:TrackPointExtension>
            <ns3:hr>128</ns3:hr>
            <ns3:cad>0</ns3:cad>
          </ns3:TrackPointExtension>
        </extensions>
      </trkpt>
      <trkpt lat="35.97323276102542877197265625" lon="-81.1076189763844013214111328125">
        <ele>530.79998779296875</ele>
        <time>2026-03-30T00:56:00.000Z</time>
        <extensions>
          <ns3:TrackPointExtension>
            <ns3:hr>123</ns3:hr>
            <ns3:cad>0</ns3:cad>
          </ns3:TrackPointExtension>
        </extensions>
      </trkpt>
      <trkpt lat="35.973221361637115478515625" lon="-81.1076028831303119659423828125">
        <ele>531</ele>
        <time>2026-03-30T00:56:02.000Z</time>
        <extensions>
          <ns3:TrackPointExtension>
            <ns3:hr>122</ns3:hr>
            <ns3:cad>0</ns3:cad>
          </ns3:TrackPointExtension>
        </extensions>
      </trkpt>
      <trkpt lat="35.973210632801055908203125" lon="-81.1075794138014316558837890625">
        <ele>531.79998779296875</ele>
        <time>2026-03-30T00:56:06.000Z</time>
        <extensions>
          <ns3:TrackPointExtension>
            <ns3:hr>121</ns3:hr>
            <ns3:cad>71</ns3:cad>
          </ns3:TrackPointExtension>
        </extensions>
      </trkpt>
      <trkpt lat="35.97320853732526302337646484375" lon="-81.107558123767375946044921875">
        <ele>532.5999755859375</ele>
        <time>2026-03-30T00:56:10.000Z</time>
        <extensions>
          <ns3:TrackPointExtension>
            <ns3:hr>121</ns3:hr>
            <ns3:cad>45</ns3:cad>
          </ns3:TrackPointExtension>
        </extensions>
      </trkpt>
      <trkpt lat="35.97319898195564746856689453125" lon="-81.10751084983348846435546875">
        <ele>532.5999755859375</ele>
        <time>2026-03-30T00:56:16.000Z</time>
        <extensions>
          <ns3:TrackPointExtension>
            <ns3:hr>122</ns3:hr>
            <ns3:cad>0</ns3:cad>
          </ns3:TrackPointExtension>
        </extensions>
      </trkpt>
      <trkpt lat="35.9731953777372837066650390625" lon="-81.10749601386487483978271484375">
        <ele>532.79998779296875</ele>
        <time>2026-03-30T00:56:18.000Z</time>
        <extensions>
          <ns3:TrackPointExtension>
            <ns3:hr>122</ns3:hr>
            <ns3:cad>70</ns3:cad>
          </ns3:TrackPointExtension>
        </extensions>
      </trkpt>
      <trkpt lat="35.9731937013566493988037109375" lon="-81.10747891478240489959716796875">
        <ele>533</ele>
        <time>2026-03-30T00:56:20.000Z</time>
        <extensions>
          <ns3:TrackPointExtension>
            <ns3:hr>121</ns3:hr>
            <ns3:cad>65</ns3:cad>
          </ns3:TrackPointExtension>
        </extensions>
      </trkpt>
      <trkpt lat="35.97319412045180797576904296875" lon="-81.10746181569993495941162109375">
        <ele>533.20001220703125</ele>
        <time>2026-03-30T00:56:22.000Z</time>
        <extensions>
          <ns3:TrackPointExtension>
            <ns3:hr>121</ns3:hr>
            <ns3:cad>0</ns3:cad>
          </ns3:TrackPointExtension>
        </extensions>
      </trkpt>
      <trkpt lat="35.973204262554645538330078125" lon="-81.107476316392421722412109375">
        <ele>533</ele>
        <time>2026-03-30T00:56:26.000Z</time>
        <extensions>
          <ns3:TrackPointExtension>
            <ns3:hr>120</ns3:hr>
            <ns3:cad>0</ns3:cad>
          </ns3:TrackPointExtension>
        </extensions>
      </trkpt>
      <trkpt lat="35.9732175059616565704345703125" lon="-81.10747841186821460723876953125">
        <ele>532.79998779296875</ele>
        <time>2026-03-30T00:56:28.000Z</time>
        <extensions>
          <ns3:TrackPointExtension>
            <ns3:hr>120</ns3:hr>
            <ns3:cad>0</ns3:cad>
          </ns3:TrackPointExtension>
        </extensions>
      </trkpt>
      <trkpt lat="35.9732305817306041717529296875" lon="-81.10746433027088642120361328125">
        <ele>531.79998779296875</ele>
        <time>2026-03-30T00:56:32.000Z</time>
        <extensions>
          <ns3:TrackPointExtension>
            <ns3:hr>119</ns3:hr>
            <ns3:cad>0</ns3:cad>
          </ns3:TrackPointExtension>
        </extensions>
      </trkpt>
      <trkpt lat="35.973221026360988616943359375" lon="-81.10747598111629486083984375">
        <ele>531</ele>
        <time>2026-03-30T00:56:36.000Z</time>
        <extensions>
          <ns3:TrackPointExtension>
            <ns3:hr>118</ns3:hr>
            <ns3:cad>0</ns3:cad>
          </ns3:TrackPointExtension>
        </extensions>
      </trkpt>
      <trkpt lat="35.97322362475097179412841796875" lon="-81.10748612321913242340087890625">
        <ele>530.5999755859375</ele>
        <time>2026-03-30T00:56:38.000Z</time>
        <extensions>
          <ns3:TrackPointExtension>
            <ns3:hr>118</ns3:hr>
            <ns3:cad>0</ns3:cad>
          </ns3:TrackPointExtension>
        </extensions>
      </trkpt>
      <trkpt lat="35.97322630695998668670654296875" lon="-81.10748997889459133148193359375">
        <ele>530.20001220703125</ele>
        <time>2026-03-30T00:56:44.000Z</time>
        <extensions>
          <ns3:TrackPointExtension>
            <ns3:hr>114</ns3:hr>
            <ns3:cad>0</ns3:cad>
          </ns3:TrackPointExtension>
        </extensions>
      </trkpt>
      <trkpt lat="35.973226726055145263671875" lon="-81.10748729668557643890380859375">
        <ele>530.20001220703125</ele>
        <time>2026-03-30T00:56:46.000Z</time>
        <extensions>
          <ns3:TrackPointExtension>
            <ns3:hr>111</ns3:hr>
            <ns3:cad>0</ns3:cad>
          </ns3:TrackPointExtension>
        </extensions>
      </trkpt>
      <trkpt lat="35.97320669330656528472900390625" lon="-81.10744320787489414215087890625">
        <ele>530</ele>
        <time>2026-03-30T00:56:51.000Z</time>
        <extensions>
          <ns3:TrackPointExtension>
            <ns3:hr>111</ns3:hr>
            <ns3:cad>0</ns3:cad>
          </ns3:TrackPointExtension>
        </extensions>
      </trkpt>
      <trkpt lat="35.97318674437701702117919921875" lon="-81.10745963640511035919189453125">
        <ele>531</ele>
        <time>2026-03-30T00:56:56.000Z</time>
        <extensions>
          <ns3:TrackPointExtension>
            <ns3:hr>111</ns3:hr>
            <ns3:cad>0</ns3:cad>
          </ns3:TrackPointExtension>
        </extensions>
      </trkpt>
      <trkpt lat="35.97313879989087581634521484375" lon="-81.10746659338474273681640625">
        <ele>531.79998779296875</ele>
        <time>2026-03-30T00:57:01.000Z</time>
        <extensions>
          <ns3:TrackPointExtension>
            <ns3:hr>111</ns3:hr>
            <ns3:cad>0</ns3:cad>
          </ns3:TrackPointExtension>
        </extensions>
      </trkpt>
      <trkpt lat="35.9731122292578220367431640625" lon="-81.107486374676227569580078125">
        <ele>532.5999755859375</ele>
        <time>2026-03-30T00:57:07.000Z</time>
        <extensions>
          <ns3:TrackPointExtension>
            <ns3:hr>112</ns3:hr>
            <ns3:cad>68</ns3:cad>
          </ns3:TrackPointExtension>
        </extensions>
      </trkpt>
      <trkpt lat="35.973111726343631744384765625" lon="-81.10748478211462497711181640625">
        <ele>533</ele>
        <time>2026-03-30T00:57:09.000Z</time>
        <extensions>
          <ns3:TrackPointExtension>
            <ns3:hr>115</ns3:hr>
            <ns3:cad>68</ns3:cad>
          </ns3:TrackPointExtension>
        </extensions>
      </trkpt>
      <trkpt lat="35.9730984829366207122802734375" lon="-81.10749115236103534698486328125">
        <ele>533.4000244140625</ele>
        <time>2026-03-30T00:57:11.000Z</time>
        <extensions>
          <ns3:TrackPointExtension>
            <ns3:hr>118</ns3:hr>
            <ns3:cad>0</ns3:cad>
          </ns3:TrackPointExtension>
        </extensions>
      </trkpt>
      <trkpt lat="35.973079539835453033447265625" lon="-81.10750121064484119415283203125">
        <ele>533.79998779296875</ele>
        <time>2026-03-30T00:57:14.000Z</time>
        <extensions>
          <ns3:TrackPointExtension>
            <ns3:hr>122</ns3:hr>
            <ns3:cad>0</ns3:cad>
          </ns3:TrackPointExtension>
        </extensions>
      </trkpt>
      <trkpt lat="35.97307375632226467132568359375" lon="-81.10751043073832988739013671875">
        <ele>534</ele>
        <time>2026-03-30T00:57:15.000Z</time>
        <extensions>
          <ns3:TrackPointExtension>
            <ns3:hr>122</ns3:hr>
            <ns3:cad>0</ns3:cad>
          </ns3:TrackPointExtension>
        </extensions>
      </trkpt>
      <trkpt lat="35.97305975854396820068359375" lon="-81.10754764638841152191162109375">
        <ele>534.79998779296875</ele>
        <time>2026-03-30T00:57:19.000Z</time>
        <extensions>
          <ns3:TrackPointExtension>
            <ns3:hr>125</ns3:hr>
            <ns3:cad>0</ns3:cad>
          </ns3:TrackPointExtension>
        </extensions>
      </trkpt>
      <trkpt lat="35.97305749543011188507080078125" lon="-81.107551753520965576171875">
        <ele>534.79998779296875</ele>
        <time>2026-03-30T00:57:20.000Z</time>
        <extensions>
          <ns3:TrackPointExtension>
            <ns3:hr>126</ns3:hr>
            <ns3:cad>0</ns3:cad>
          </ns3:TrackPointExtension>
        </extensions>
      </trkpt>
      <trkpt lat="35.97304726950824260711669921875" lon="-81.10755468718707561492919921875">
        <ele>535</ele>
        <time>2026-03-30T00:57:23.000Z</time>
        <extensions>
          <ns3:TrackPointExtension>
            <ns3:hr>129</ns3:hr>
            <ns3:cad>0</ns3:cad>
          </ns3:TrackPointExtension>
        </extensions>
      </trkpt>
      <trkpt lat="35.97304156981408596038818359375" lon="-81.1075530946254730224609375">
        <ele>535.20001220703125</ele>
        <time>2026-03-30T00:57:24.000Z</time>
        <extensions>
          <ns3:TrackPointExtension>
            <ns3:hr>129</ns3:hr>
            <ns3:cad>0</ns3:cad>
          </ns3:TrackPointExtension>
        </extensions>
      </trkpt>
      <trkpt lat="35.9730371274054050445556640625" lon="-81.107550747692584991455078125">
        <ele>535.5999755859375</ele>
        <time>2026-03-30T00:57:26.000Z</time>
        <extensions>
          <ns3:TrackPointExtension>
            <ns3:hr>130</ns3:hr>
            <ns3:cad>0</ns3:cad>
          </ns3:TrackPointExtension>
        </extensions>
      </trkpt>
      <trkpt lat="35.97301256842911243438720703125" lon="-81.10757027752697467803955078125">
        <ele>536.20001220703125</ele>
        <time>2026-03-30T00:57:31.000Z</time>
        <extensions>
          <ns3:TrackPointExtension>
            <ns3:hr>133</ns3:hr>
            <ns3:cad>0</ns3:cad>
          </ns3:TrackPointExtension>
        </extensions>
      </trkpt>
      <trkpt lat="35.97301022149622440338134765625" lon="-81.10758335329592227935791015625">
        <ele>536.20001220703125</ele>
        <time>2026-03-30T00:57:32.000Z</time>
        <extensions>
          <ns3:TrackPointExtension>
            <ns3:hr>133</ns3:hr>
            <ns3:cad>0</ns3:cad>
          </ns3:TrackPointExtension>
        </extensions>
      </trkpt>
      <trkpt lat="35.97300636582076549530029296875" lon="-81.1076015420258045196533203125">
        <ele>536.4000244140625</ele>
        <time>2026-03-30T00:57:33.000Z</time>
        <extensions>
          <ns3:TrackPointExtension>
            <ns3:hr>133</ns3:hr>
            <ns3:cad>0</ns3:cad>
          </ns3:TrackPointExtension>
        </extensions>
      </trkpt>
      <trkpt lat="35.97300946712493896484375" lon="-81.10768225975334644317626953125">
        <ele>536.4000244140625</ele>
        <time>2026-03-30T00:57:39.000Z</time>
        <extensions>
          <ns3:TrackPointExtension>
            <ns3:hr>133</ns3:hr>
            <ns3:cad>76</ns3:cad>
          </ns3:TrackPointExtension>
        </extensions>
      </trkpt>
      <trkpt lat="35.97299613989889621734619140625" lon="-81.10772483982145786285400390625">
        <ele>536.4000244140625</ele>
        <time>2026-03-30T00:57:46.000Z</time>
        <extensions>
          <ns3:TrackPointExtension>
            <ns3:hr>133</ns3:hr>
            <ns3:cad>73</ns3:cad>
          </ns3:TrackPointExtension>
        </extensions>
      </trkpt>
      <trkpt lat="35.9729759395122528076171875" lon="-81.10772266052663326263427734375">
        <ele>537</ele>
        <time>2026-03-30T00:57:52.000Z</time>
        <extensions>
          <ns3:TrackPointExtension>
            <ns3:hr>128</ns3:hr>
            <ns3:cad>0</ns3:cad>
          </ns3:TrackPointExtension>
        </extensions>
      </trkpt>
      <trkpt lat="35.9729707427322864532470703125" lon="-81.10772869549691677093505859375">
        <ele>537</ele>
        <time>2026-03-30T00:57:53.000Z</time>
        <extensions>
          <ns3:TrackPointExtension>
            <ns3:hr>126</ns3:hr>
            <ns3:cad>0</ns3:cad>
          </ns3:TrackPointExtension>
        </extensions>
      </trkpt>
      <trkpt lat="35.97296076826751232147216796875" lon="-81.1077328026294708251953125">
        <ele>537.4000244140625</ele>
        <time>2026-03-30T00:57:55.000Z</time>
        <extensions>
          <ns3:TrackPointExtension>
            <ns3:hr>126</ns3:hr>
            <ns3:cad>41</ns3:cad>
          </ns3:TrackPointExtension>
        </extensions>
      </trkpt>
      <trkpt lat="35.9729429148137569427490234375" lon="-81.10775065608322620391845703125">
        <ele>537.79998779296875</ele>
        <time>2026-03-30T00:57:59.000Z</time>
        <extensions>
          <ns3:TrackPointExtension>
            <ns3:hr>126</ns3:hr>
            <ns3:cad>75</ns3:cad>
          </ns3:TrackPointExtension>
        </extensions>
      </trkpt>
      <trkpt lat="35.9729362092912197113037109375" lon="-81.10779918730258941650390625">
        <ele>538.20001220703125</ele>
        <time>2026-03-30T00:58:03.000Z</time>
        <extensions>
          <ns3:TrackPointExtension>
            <ns3:hr>126</ns3:hr>
            <ns3:cad>75</ns3:cad>
          </ns3:TrackPointExtension>
        </extensions>
      </trkpt>
      <trkpt lat="35.97293461672961711883544921875" lon="-81.1078171245753765106201171875">
        <ele>538.4000244140625</ele>
        <time>2026-03-30T00:58:05.000Z</time>
        <extensions>
          <ns3:TrackPointExtension>
            <ns3:hr>126</ns3:hr>
            <ns3:cad>75</ns3:cad>
          </ns3:TrackPointExtension>
        </extensions>
      </trkpt>
      <trkpt lat="35.9728989936411380767822265625" lon="-81.1078204773366451263427734375">
        <ele>539.4000244140625</ele>
        <time>2026-03-30T00:58:13.000Z</time>
        <extensions>
          <ns3:TrackPointExtension>
            <ns3:hr>126</ns3:hr>
            <ns3:cad>0</ns3:cad>
          </ns3:TrackPointExtension>
        </extensions>
      </trkpt>
      <trkpt lat="35.97288407385349273681640625" lon="-81.10782793723046779632568359375">
        <ele>539.5999755859375</ele>
        <time>2026-03-30T00:58:15.000Z</time>
        <extensions>
          <ns3:TrackPointExtension>
            <ns3:hr>123</ns3:hr>
            <ns3:cad>0</ns3:cad>
          </ns3:TrackPointExtension>
        </extensions>
      </trkpt>
      <trkpt lat="35.97285599447786808013916015625" lon="-81.1078560166060924530029296875">
        <ele>540</ele>
        <time>2026-03-30T00:58:20.000Z</time>
        <extensions>
          <ns3:TrackPointExtension>
            <ns3:hr>127</ns3:hr>
            <ns3:cad>0</ns3:cad>
          </ns3:TrackPointExtension>
        </extensions>
      </trkpt>
      <trkpt lat="35.9728517197072505950927734375" lon="-81.10785777680575847625732421875">
        <ele>540</ele>
        <time>2026-03-30T00:58:21.000Z</time>
        <extensions>
          <ns3:TrackPointExtension>
            <ns3:hr>128</ns3:hr>
            <ns3:cad>0</ns3:cad>
          </ns3:TrackPointExtension>
        </extensions>
      </trkpt>
      <trkpt lat="35.9728342853486537933349609375" lon="-81.10785844735801219940185546875">
        <ele>540.4000244140625</ele>
        <time>2026-03-30T00:58:23.000Z</time>
        <extensions>
          <ns3:TrackPointExtension>
            <ns3:hr>128</ns3:hr>
            <ns3:cad>0</ns3:cad>
          </ns3:TrackPointExtension>
        </extensions>
      </trkpt>
      <trkpt lat="35.9728109836578369140625" lon="-81.10785408876836299896240234375">
        <ele>541</ele>
        <time>2026-03-30T00:58:26.000Z</time>
        <extensions>
          <ns3:TrackPointExtension>
            <ns3:hr>127</ns3:hr>
            <ns3:cad>0</ns3:cad>
          </ns3:TrackPointExtension>
        </extensions>
      </trkpt>
      <trkpt lat="35.9727774560451507568359375" lon="-81.10790320672094821929931640625">
        <ele>541.4000244140625</ele>
        <time>2026-03-30T00:58:31.000Z</time>
        <extensions>
          <ns3:TrackPointExtension>
            <ns3:hr>127</ns3:hr>
            <ns3:cad>40</ns3:cad>
          </ns3:TrackPointExtension>
        </extensions>
      </trkpt>
      <trkpt lat="35.97277116961777210235595703125" lon="-81.107912175357341766357421875">
        <ele>541.5999755859375</ele>
        <time>2026-03-30T00:58:32.000Z</time>
        <extensions>
          <ns3:TrackPointExtension>
            <ns3:hr>127</ns3:hr>
            <ns3:cad>69</ns3:cad>
          </ns3:TrackPointExtension>
        </extensions>
      </trkpt>
      <trkpt lat="35.97275708802044391632080078125" lon="-81.1079498939216136932373046875">
        <ele>541.5999755859375</ele>
        <time>2026-03-30T00:58:38.000Z</time>
        <extensions>
          <ns3:TrackPointExtension>
            <ns3:hr>127</ns3:hr>
            <ns3:cad>0</ns3:cad>
          </ns3:TrackPointExtension>
        </extensions>
      </trkpt>
      <trkpt lat="35.97270880825817584991455078125" lon="-81.10798425972461700439453125">
        <ele>542.4000244140625</ele>
        <time>2026-03-30T00:58:46.000Z</time>
        <extensions>
          <ns3:TrackPointExtension>
            <ns3:hr>128</ns3:hr>
            <ns3:cad>76</ns3:cad>
          </ns3:TrackPointExtension>
        </extensions>
      </trkpt>
      <trkpt lat="35.97269807942211627960205078125" lon="-81.10798199661076068878173828125">
        <ele>542.5999755859375</ele>
        <time>2026-03-30T00:58:48.000Z</time>
        <extensions>
          <ns3:TrackPointExtension>
            <ns3:hr>128</ns3:hr>
            <ns3:cad>41</ns3:cad>
          </ns3:TrackPointExtension>
        </extensions>
      </trkpt>
      <trkpt lat="35.972684919834136962890625" lon="-81.10793908126652240753173828125">
        <ele>543</ele>
        <time>2026-03-30T00:58:53.000Z</time>
        <extensions>
          <ns3:TrackPointExtension>
            <ns3:hr>129</ns3:hr>
            <ns3:cad>42</ns3:cad>
          </ns3:TrackPointExtension>
        </extensions>
      </trkpt>
      <trkpt lat="35.97263169474899768829345703125" lon="-81.10791510902345180511474609375">
        <ele>543.20001220703125</ele>
        <time>2026-03-30T00:58:59.000Z</time>
        <extensions>
          <ns3:TrackPointExtension>
            <ns3:hr>130</ns3:hr>
            <ns3:cad>79</ns3:cad>
          </ns3:TrackPointExtension>
        </extensions>
      </trkpt>
      <trkpt lat="35.97261073999106884002685546875" lon="-81.10792801715433597564697265625">
        <ele>543.20001220703125</ele>
        <time>2026-03-30T00:59:02.000Z</time>
        <extensions>
          <ns3:TrackPointExtension>
            <ns3:hr>126</ns3:hr>
            <ns3:cad>0</ns3:cad>
          </ns3:TrackPointExtension>
        </extensions>
      </trkpt>
      <trkpt lat="35.97259246744215488433837890625" lon="-81.10794343985617160797119140625">
        <ele>543.20001220703125</ele>
        <time>2026-03-30T00:59:04.000Z</time>
        <extensions>
          <ns3:TrackPointExtension>
            <ns3:hr>123</ns3:hr>
            <ns3:cad>42</ns3:cad>
          </ns3:TrackPointExtension>
        </extensions>
      </trkpt>
      <trkpt lat="35.972571261227130889892578125" lon="-81.107986606657505035400390625">
        <ele>543.5999755859375</ele>
        <time>2026-03-30T00:59:07.000Z</time>
        <extensions>
          <ns3:TrackPointExtension>
            <ns3:hr>121</ns3:hr>
            <ns3:cad>40</ns3:cad>
          </ns3:TrackPointExtension>
        </extensions>
      </trkpt>
      <trkpt lat="35.9725687466561794281005859375" lon="-81.1079988442361354827880859375">
        <ele>543.5999755859375</ele>
        <time>2026-03-30T00:59:08.000Z</time>
        <extensions>
          <ns3:TrackPointExtension>
            <ns3:hr>121</ns3:hr>
            <ns3:cad>40</ns3:cad>
          </ns3:TrackPointExtension>
        </extensions>
      </trkpt>
      <trkpt lat="35.972551144659519195556640625" lon="-81.1080595292150974273681640625">
        <ele>544.20001220703125</ele>
        <time>2026-03-30T00:59:13.000Z</time>
        <extensions>
          <ns3:TrackPointExtension>
            <ns3:hr>120</ns3:hr>
            <ns3:cad>41</ns3:cad>
          </ns3:TrackPointExtension>
        </extensions>
      </trkpt>
      <trkpt lat="35.9725332073867321014404296875" lon="-81.1081289313733577728271484375">
        <ele>544.79998779296875</ele>
        <time>2026-03-30T00:59:20.000Z</time>
        <extensions>
          <ns3:TrackPointExtension>
            <ns3:hr>120</ns3:hr>
            <ns3:cad>42</ns3:cad>
          </ns3:TrackPointExtension>
        </extensions>
      </trkpt>
      <trkpt lat="35.9725241549313068389892578125" lon="-81.108130775392055511474609375">
        <ele>544.79998779296875</ele>
        <time>2026-03-30T00:59:22.000Z</time>
        <extensions>
          <ns3:TrackPointExtension>
            <ns3:hr>119</ns3:hr>
            <ns3:cad>42</ns3:cad>
          </ns3:TrackPointExtension>
        </extensions>
      </trkpt>
      <trkpt lat="35.97246858291327953338623046875" lon="-81.1081487126648426055908203125">
        <ele>544.79998779296875</ele>
        <time>2026-03-30T00:59:30.000Z</time>
        <extensions>
          <ns3:TrackPointExtension>
            <ns3:hr>119</ns3:hr>
            <ns3:cad>44</ns3:cad>
          </ns3:TrackPointExtension>
        </extensions>
      </trkpt>
      <trkpt lat="35.97239431925117969512939453125" lon="-81.1081839166581630706787109375">
        <ele>544</ele>
        <time>2026-03-30T00:59:38.000Z</time>
        <extensions>
          <ns3:TrackPointExtension>
            <ns3:hr>115</ns3:hr>
            <ns3:cad>47</ns3:cad>
          </ns3:TrackPointExtension>
        </extensions>
      </trkpt>
      <trkpt lat="35.972368419170379638671875" lon="-81.10818752087652683258056640625">
        <ele>543.79998779296875</ele>
        <time>2026-03-30T00:59:41.000Z</time>
        <extensions>
          <ns3:TrackPointExtension>
            <ns3:hr>112</ns3:hr>
            <ns3:cad>46</ns3:cad>
          </ns3:TrackPointExtension>
        </extensions>
      </trkpt>
      <trkpt lat="35.97233296371996402740478515625" lon="-81.10819757916033267974853515625">
        <ele>543.4000244140625</ele>
        <time>2026-03-30T00:59:45.000Z</time>
        <extensions>
          <ns3:TrackPointExtension>
            <ns3:hr>109</ns3:hr>
            <ns3:cad>45</ns3:cad>
          </ns3:TrackPointExtension>
        </extensions>
      </trkpt>
      <trkpt lat="35.97232508473098278045654296875" lon="-81.1082000099122524261474609375">
        <ele>543.4000244140625</ele>
        <time>2026-03-30T00:59:46.000Z</time>
        <extensions>
          <ns3:TrackPointExtension>
            <ns3:hr>108</ns3:hr>
            <ns3:cad>45</ns3:cad>
          </ns3:TrackPointExtension>
        </extensions>
      </trkpt>
      <trkpt lat="35.972341932356357574462890625" lon="-81.1081887781620025634765625">
        <ele>543.20001220703125</ele>
        <time>2026-03-30T00:59:50.000Z</time>
        <extensions>
          <ns3:TrackPointExtension>
            <ns3:hr>106</ns3:hr>
            <ns3:cad>0</ns3:cad>
          </ns3:TrackPointExtension>
        </extensions>
      </trkpt>
      <trkpt lat="35.9723481349647045135498046875" lon="-81.10817913897335529327392578125">
        <ele>543.20001220703125</ele>
        <time>2026-03-30T00:59:51.000Z</time>
        <extensions>
          <ns3:TrackPointExtension>
            <ns3:hr>106</ns3:hr>
            <ns3:cad>0</ns3:cad>
          </ns3:TrackPointExtension>
        </extensions>
      </trkpt>
      <trkpt lat="35.97234033979475498199462890625" lon="-81.1081678234040737152099609375">
        <ele>543</ele>
        <time>2026-03-30T00:59:54.000Z</time>
        <extensions>
          <ns3:TrackPointExtension>
            <ns3:hr>106</ns3:hr>
            <ns3:cad>0</ns3:cad>
          </ns3:TrackPointExtension>
        </extensions>
      </trkpt>
      <trkpt lat="35.97233229316771030426025390625" lon="-81.10816271044313907623291015625">
        <ele>542.79998779296875</ele>
        <time>2026-03-30T00:59:56.000Z</time>
        <extensions>
          <ns3:TrackPointExtension>
            <ns3:hr>106</ns3:hr>
            <ns3:cad>71</ns3:cad>
          </ns3:TrackPointExtension>
        </extensions>
      </trkpt>
      <trkpt lat="35.972325503826141357421875" lon="-81.1081524007022380828857421875">
        <ele>542.4000244140625</ele>
        <time>2026-03-30T00:59:58.000Z</time>
        <extensions>
          <ns3:TrackPointExtension>
            <ns3:hr>106</ns3:hr>
            <ns3:cad>68</ns3:cad>
          </ns3:TrackPointExtension>
        </extensions>
      </trkpt>
      <trkpt lat="35.97231301479041576385498046875" lon="-81.10812666825950145721435546875">
        <ele>541.5999755859375</ele>
        <time>2026-03-30T01:00:03.000Z</time>
        <extensions>
          <ns3:TrackPointExtension>
            <ns3:hr>107</ns3:hr>
            <ns3:cad>68</ns3:cad>
          </ns3:TrackPointExtension>
        </extensions>
      </trkpt>
      <trkpt lat="35.972309075295925140380859375" lon="-81.10812247730791568756103515625">
        <ele>541.4000244140625</ele>
        <time>2026-03-30T01:00:04.000Z</time>
        <extensions>
          <ns3:TrackPointExtension>
            <ns3:hr>107</ns3:hr>
            <ns3:cad>71</ns3:cad>
          </ns3:TrackPointExtension>
        </extensions>
      </trkpt>
      <trkpt lat="35.97228636033833026885986328125" lon="-81.1081161908805370330810546875">
        <ele>540.5999755859375</ele>
        <time>2026-03-30T01:00:10.000Z</time>
        <extensions>
          <ns3:TrackPointExtension>
            <ns3:hr>107</ns3:hr>
            <ns3:cad>0</ns3:cad>
          </ns3:TrackPointExtension>
        </extensions>
      </trkpt>
      <trkpt lat="35.9722770564258098602294921875" lon="-81.10809816978871822357177734375">
        <ele>540.20001220703125</ele>
        <time>2026-03-30T01:00:12.000Z</time>
        <extensions>
          <ns3:TrackPointExtension>
            <ns3:hr>108</ns3:hr>
            <ns3:cad>0</ns3:cad>
          </ns3:TrackPointExtension>
        </extensions>
      </trkpt>
      <trkpt lat="35.97225987352430820465087890625" lon="-81.10807034187018871307373046875">
        <ele>540.20001220703125</ele>
        <time>2026-03-30T01:00:16.000Z</time>
        <extensions>
          <ns3:TrackPointExtension>
            <ns3:hr>110</ns3:hr>
            <ns3:cad>0</ns3:cad>
          </ns3:TrackPointExtension>
        </extensions>
      </trkpt>
      <trkpt lat="35.97223724238574504852294921875" lon="-81.1080374009907245635986328125">
        <ele>540</ele>
        <time>2026-03-30T01:00:20.000Z</time>
        <extensions>
          <ns3:TrackPointExtension>
            <ns3:hr>111</ns3:hr>
            <ns3:cad>0</ns3:cad>
          </ns3:TrackPointExtension>
        </extensions>
      </trkpt>
      <trkpt lat="35.97223070450127124786376953125" lon="-81.1080260016024112701416015625">
        <ele>540</ele>
        <time>2026-03-30T01:00:22.000Z</time>
        <extensions>
          <ns3:TrackPointExtension>
            <ns3:hr>112</ns3:hr>
            <ns3:cad>0</ns3:cad>
          </ns3:TrackPointExtension>
        </extensions>
      </trkpt>
      <trkpt lat="35.97223171032965183258056640625" lon="-81.10801569186151027679443359375">
        <ele>540</ele>
        <time>2026-03-30T01:00:23.000Z</time>
        <extensions>
          <ns3:TrackPointExtension>
            <ns3:hr>112</ns3:hr>
            <ns3:cad>0</ns3:cad>
          </ns3:TrackPointExtension>
        </extensions>
      </trkpt>
      <trkpt lat="35.9722281061112880706787109375" lon="-81.108000688254833221435546875">
        <ele>539.5999755859375</ele>
        <time>2026-03-30T01:00:27.000Z</time>
        <extensions>
          <ns3:TrackPointExtension>
            <ns3:hr>115</ns3:hr>
            <ns3:cad>79</ns3:cad>
          </ns3:TrackPointExtension>
        </extensions>
      </trkpt>
      <trkpt lat="35.9722247533500194549560546875" lon="-81.108000688254833221435546875">
        <ele>539.4000244140625</ele>
        <time>2026-03-30T01:00:28.000Z</time>
        <extensions>
          <ns3:TrackPointExtension>
            <ns3:hr>115</ns3:hr>
            <ns3:cad>79</ns3:cad>
          </ns3:TrackPointExtension>
        </extensions>
      </trkpt>
      <trkpt lat="35.97222156822681427001953125" lon="-81.1080010235309600830078125">
        <ele>539.20001220703125</ele>
        <time>2026-03-30T01:00:29.000Z</time>
        <extensions>
          <ns3:TrackPointExtension>
            <ns3:hr>116</ns3:hr>
            <ns3:cad>0</ns3:cad>
          </ns3:TrackPointExtension>
        </extensions>
      </trkpt>
      <trkpt lat="35.97222022712230682373046875" lon="-81.1080092377960681915283203125">
        <ele>538.79998779296875</ele>
        <time>2026-03-30T01:00:36.000Z</time>
        <extensions>
          <ns3:TrackPointExtension>
            <ns3:hr>115</ns3:hr>
            <ns3:cad>0</ns3:cad>
          </ns3:TrackPointExtension>
        </extensions>
      </trkpt>
      <trkpt lat="35.97224168479442596435546875" lon="-81.1080799810588359832763671875">
        <ele>539.20001220703125</ele>
        <time>2026-03-30T01:00:43.000Z</time>
        <extensions>
          <ns3:TrackPointExtension>
            <ns3:hr>116</ns3:hr>
            <ns3:cad>70</ns3:cad>
          </ns3:TrackPointExtension>
        </extensions>
      </trkpt>
      <trkpt lat="35.972238667309284210205078125" lon="-81.1080734431743621826171875">
        <ele>539.4000244140625</ele>
        <time>2026-03-30T01:00:45.000Z</time>
        <extensions>
          <ns3:TrackPointExtension>
            <ns3:hr>107</ns3:hr>
            <ns3:cad>0</ns3:cad>
          </ns3:TrackPointExtension>
        </extensions>
      </trkpt>
      <trkpt lat="35.97223070450127124786376953125" lon="-81.10807771794497966766357421875">
        <ele>539.5999755859375</ele>
        <time>2026-03-30T01:00:50.000Z</time>
        <extensions>
          <ns3:TrackPointExtension>
            <ns3:hr>105</ns3:hr>
            <ns3:cad>0</ns3:cad>
          </ns3:TrackPointExtension>
        </extensions>
      </trkpt>
      <trkpt lat="35.972199104726314544677734375" lon="-81.1080766282975673675537109375">
        <ele>539.4000244140625</ele>
        <time>2026-03-30T01:00:56.000Z</time>
        <extensions>
          <ns3:TrackPointExtension>
            <ns3:hr>105</ns3:hr>
            <ns3:cad>75</ns3:cad>
          </ns3:TrackPointExtension>
        </extensions>
      </trkpt>
      <trkpt lat="35.97218678332865238189697265625" lon="-81.108059696853160858154296875">
        <ele>538.79998779296875</ele>
        <time>2026-03-30T01:01:04.000Z</time>
        <extensions>
          <ns3:TrackPointExtension>
            <ns3:hr>105</ns3:hr>
            <ns3:cad>66</ns3:cad>
          </ns3:TrackPointExtension>
        </extensions>
      </trkpt>
      <trkpt lat="35.972191728651523590087890625" lon="-81.10805273987352848052978515625">
        <ele>538.4000244140625</ele>
        <time>2026-03-30T01:01:06.000Z</time>
        <extensions>
          <ns3:TrackPointExtension>
            <ns3:hr>105</ns3:hr>
            <ns3:cad>66</ns3:cad>
          </ns3:TrackPointExtension>
        </extensions>
      </trkpt>
      <trkpt lat="35.97218695096671581268310546875" lon="-81.108039915561676025390625">
        <ele>538</ele>
        <time>2026-03-30T01:01:09.000Z</time>
        <extensions>
          <ns3:TrackPointExtension>
            <ns3:hr>105</ns3:hr>
            <ns3:cad>66</ns3:cad>
          </ns3:TrackPointExtension>
        </extensions>
      </trkpt>
      <trkpt lat="35.972178317606449127197265625" lon="-81.10803346149623394012451171875">
        <ele>538</ele>
        <time>2026-03-30T01:01:10.000Z</time>
        <extensions>
          <ns3:TrackPointExtension>
            <ns3:hr>105</ns3:hr>
            <ns3:cad>0</ns3:cad>
          </ns3:TrackPointExtension>
        </extensions>
      </trkpt>
      <trkpt lat="35.97216029651463031768798828125" lon="-81.10801418311893939971923828125">
        <ele>537.5999755859375</ele>
        <time>2026-03-30T01:01:14.000Z</time>
        <extensions>
          <ns3:TrackPointExtension>
            <ns3:hr>106</ns3:hr>
            <ns3:cad>0</ns3:cad>
          </ns3:TrackPointExtension>
        </extensions>
      </trkpt>
      <trkpt lat="35.97215895541012287139892578125" lon="-81.1080139316618442535400390625">
        <ele>537.4000244140625</ele>
        <time>2026-03-30T01:01:15.000Z</time>
        <extensions>
          <ns3:TrackPointExtension>
            <ns3:hr>106</ns3:hr>
            <ns3:cad>0</ns3:cad>
          </ns3:TrackPointExtension>
        </extensions>
      </trkpt>
      <trkpt lat="35.9721556864678859710693359375" lon="-81.107987947762012481689453125">
        <ele>537.20001220703125</ele>
        <time>2026-03-30T01:01:17.000Z</time>
        <extensions>
          <ns3:TrackPointExtension>
            <ns3:hr>105</ns3:hr>
            <ns3:cad>70</ns3:cad>
          </ns3:TrackPointExtension>
        </extensions>
      </trkpt>
      <trkpt lat="35.972159206867218017578125" lon="-81.1079643107950687408447265625">
        <ele>536.79998779296875</ele>
        <time>2026-03-30T01:01:22.000Z</time>
        <extensions>
          <ns3:TrackPointExtension>
            <ns3:hr>103</ns3:hr>
            <ns3:cad>0</ns3:cad>
          </ns3:TrackPointExtension>
        </extensions>
      </trkpt>
      <trkpt lat="35.97215987741947174072265625" lon="-81.10795131884515285491943359375">
        <ele>536.5999755859375</ele>
        <time>2026-03-30T01:01:27.000Z</time>
        <extensions>
          <ns3:TrackPointExtension>
            <ns3:hr>103</ns3:hr>
            <ns3:cad>0</ns3:cad>
          </ns3:TrackPointExtension>
        </extensions>
      </trkpt>
      <trkpt lat="35.972191728651523590087890625" lon="-81.10795903019607067108154296875">
        <ele>536.79998779296875</ele>
        <time>2026-03-30T01:01:33.000Z</time>
        <extensions>
          <ns3:TrackPointExtension>
            <ns3:hr>103</ns3:hr>
            <ns3:cad>0</ns3:cad>
          </ns3:TrackPointExtension>
        </extensions>
      </trkpt>
      <trkpt lat="35.9722321294248104095458984375" lon="-81.10795299522578716278076171875">
        <ele>536.79998779296875</ele>
        <time>2026-03-30T01:01:39.000Z</time>
        <extensions>
          <ns3:TrackPointExtension>
            <ns3:hr>103</ns3:hr>
            <ns3:cad>0</ns3:cad>
          </ns3:TrackPointExtension>
        </extensions>
      </trkpt>
      <trkpt lat="35.9722468815743923187255859375" lon="-81.107925586402416229248046875">
        <ele>536.79998779296875</ele>
        <time>2026-03-30T01:01:45.000Z</time>
        <extensions>
          <ns3:TrackPointExtension>
            <ns3:hr>104</ns3:hr>
            <ns3:cad>0</ns3:cad>
          </ns3:TrackPointExtension>
        </extensions>
      </trkpt>
      <trkpt lat="35.97226917743682861328125" lon="-81.10790002159774303436279296875">
        <ele>536.4000244140625</ele>
        <time>2026-03-30T01:01:52.000Z</time>
        <extensions>
          <ns3:TrackPointExtension>
            <ns3:hr>105</ns3:hr>
            <ns3:cad>0</ns3:cad>
          </ns3:TrackPointExtension>
        </extensions>
      </trkpt>
      <trkpt lat="35.97226909361779689788818359375" lon="-81.10789516009390354156494140625">
        <ele>536.4000244140625</ele>
        <time>2026-03-30T01:01:53.000Z</time>
        <extensions>
          <ns3:TrackPointExtension>
            <ns3:hr>105</ns3:hr>
            <ns3:cad>0</ns3:cad>
          </ns3:TrackPointExtension>
        </extensions>
      </trkpt>
      <trkpt lat="35.9722633101046085357666015625" lon="-81.1079116724431514739990234375">
        <ele>535.20001220703125</ele>
        <time>2026-03-30T01:02:01.000Z</time>
        <extensions>
          <ns3:TrackPointExtension>
            <ns3:hr>105</ns3:hr>
            <ns3:cad>0</ns3:cad>
          </ns3:TrackPointExtension>
        </extensions>
      </trkpt>
      <trkpt lat="35.9722633101046085357666015625" lon="-81.1079116724431514739990234375">
        <ele>535.20001220703125</ele>
        <time>2026-03-30T01:02:07.000Z</time>
        <extensions>
          <ns3:TrackPointExtension>
            <ns3:hr>102</ns3:hr>
            <ns3:cad>0</ns3:cad>
          </ns3:TrackPointExtension>
        </extensions>
      </trkpt>
      <trkpt lat="35.9722633101046085357666015625" lon="-81.1079116724431514739990234375">
        <ele>535.20001220703125</ele>
        <time>2026-03-30T01:02:08.000Z</time>
        <extensions>
          <ns3:TrackPointExtension>
            <ns3:hr>99</ns3:hr>
            <ns3:cad>0</ns3:cad>
          </ns3:TrackPointExtension>
        </extensions>
      </trkpt>
      <trkpt lat="35.9722633101046085357666015625" lon="-81.1079116724431514739990234375">
        <ele>535.5999755859375</ele>
        <time>2026-03-30T01:02:11.000Z</time>
        <extensions>
          <ns3:TrackPointExtension>
            <ns3:hr>96</ns3:hr>
            <ns3:cad>0</ns3:cad>
          </ns3:TrackPointExtension>
        </extensions>
      </trkpt>
      <trkpt lat="35.9722633101046085357666015625" lon="-81.1079116724431514739990234375">
        <ele>535.79998779296875</ele>
        <time>2026-03-30T01:02:13.000Z</time>
        <extensions>
          <ns3:TrackPointExtension>
            <ns3:hr>95</ns3:hr>
            <ns3:cad>0</ns3:cad>
          </ns3:TrackPointExtension>
        </extensions>
      </trkpt>
      <trkpt lat="35.9722214005887508392333984375" lon="-81.10792634077370166778564453125">
        <ele>536</ele>
        <time>2026-03-30T01:02:20.000Z</time>
        <extensions>
          <ns3:TrackPointExtension>
            <ns3:hr>98</ns3:hr>
            <ns3:cad>0</ns3:cad>
          </ns3:TrackPointExtension>
        </extensions>
      </trkpt>
      <trkpt lat="35.9722195565700531005859375" lon="-81.10793405212461948394775390625">
        <ele>536.20001220703125</ele>
        <time>2026-03-30T01:02:21.000Z</time>
        <extensions>
          <ns3:TrackPointExtension>
            <ns3:hr>99</ns3:hr>
            <ns3:cad>54</ns3:cad>
          </ns3:TrackPointExtension>
        </extensions>
      </trkpt>
      <trkpt lat="35.97221561707556247711181640625" lon="-81.10793706960976123809814453125">
        <ele>536.20001220703125</ele>
        <time>2026-03-30T01:02:22.000Z</time>
        <extensions>
          <ns3:TrackPointExtension>
            <ns3:hr>104</ns3:hr>
            <ns3:cad>80</ns3:cad>
          </ns3:TrackPointExtension>
        </extensions>
      </trkpt>
      <trkpt lat="35.97221259959042072296142578125" lon="-81.107942350208759307861328125">
        <ele>536.20001220703125</ele>
        <time>2026-03-30T01:02:23.000Z</time>
        <extensions>
          <ns3:TrackPointExtension>
            <ns3:hr>107</ns3:hr>
            <ns3:cad>80</ns3:cad>
          </ns3:TrackPointExtension>
        </extensions>
      </trkpt>
      <trkpt lat="35.9722140245139598846435546875" lon="-81.10794696025550365447998046875">
        <ele>536.20001220703125</ele>
        <time>2026-03-30T01:02:24.000Z</time>
        <extensions>
          <ns3:TrackPointExtension>
            <ns3:hr>107</ns3:hr>
            <ns3:cad>0</ns3:cad>
          </ns3:TrackPointExtension>
        </extensions>
      </trkpt>
      <trkpt lat="35.97221075557172298431396484375" lon="-81.1079562641680240631103515625">
        <ele>535.5999755859375</ele>
        <time>2026-03-30T01:02:28.000Z</time>
        <extensions>
          <ns3:TrackPointExtension>
            <ns3:hr>108</ns3:hr>
            <ns3:cad>0</ns3:cad>
          </ns3:TrackPointExtension>
        </extensions>
      </trkpt>
      <trkpt lat="35.9721972607076168060302734375" lon="-81.107995994389057159423828125">
        <ele>536</ele>
        <time>2026-03-30T01:02:36.000Z</time>
        <extensions>
          <ns3:TrackPointExtension>
            <ns3:hr>105</ns3:hr>
            <ns3:cad>47</ns3:cad>
          </ns3:TrackPointExtension>
        </extensions>
      </trkpt>
      <trkpt lat="35.97220421768724918365478515625" lon="-81.10800714232027530670166015625">
        <ele>536.4000244140625</ele>
        <time>2026-03-30T01:02:38.000Z</time>
        <extensions>
          <ns3:TrackPointExtension>
            <ns3:hr>104</ns3:hr>
            <ns3:cad>47</ns3:cad>
          </ns3:TrackPointExtension>
        </extensions>
      </trkpt>
      <trkpt lat="35.97221561707556247711181640625" lon="-81.10802977345883846282958984375">
        <ele>537</ele>
        <time>2026-03-30T01:02:41.000Z</time>
        <extensions>
          <ns3:TrackPointExtension>
            <ns3:hr>103</ns3:hr>
            <ns3:cad>0</ns3:cad>
          </ns3:TrackPointExtension>
        </extensions>
      </trkpt>
      <trkpt lat="35.97222617827355861663818359375" lon="-81.10805424861609935760498046875">
        <ele>537.4000244140625</ele>
        <time>2026-03-30T01:02:44.000Z</time>
        <extensions>
          <ns3:TrackPointExtension>
            <ns3:hr>104</ns3:hr>
            <ns3:cad>72</ns3:cad>
          </ns3:TrackPointExtension>
        </extensions>
      </trkpt>
      <trkpt lat="35.97223975695669651031494140625" lon="-81.10808710567653179168701171875">
        <ele>537.79998779296875</ele>
        <time>2026-03-30T01:02:47.000Z</time>
        <extensions>
          <ns3:TrackPointExtension>
            <ns3:hr>105</ns3:hr>
            <ns3:cad>71</ns3:cad>
          </ns3:TrackPointExtension>
        </extensions>
      </trkpt>
      <trkpt lat="35.97224746830761432647705078125" lon="-81.10808492638170719146728515625">
        <ele>537.79998779296875</ele>
        <time>2026-03-30T01:02:52.000Z</time>
        <extensions>
          <ns3:TrackPointExtension>
            <ns3:hr>108</ns3:hr>
            <ns3:cad>0</ns3:cad>
          </ns3:TrackPointExtension>
        </extensions>
      </trkpt>
      <trkpt lat="35.9722327999770641326904296875" lon="-81.10807956196367740631103515625">
        <ele>538</ele>
        <time>2026-03-30T01:02:59.000Z</time>
        <extensions>
          <ns3:TrackPointExtension>
            <ns3:hr>108</ns3:hr>
            <ns3:cad>0</ns3:cad>
          </ns3:TrackPointExtension>
        </extensions>
      </trkpt>
      <trkpt lat="35.97221377305686473846435546875" lon="-81.1080967448651790618896484375">
        <ele>538</ele>
        <time>2026-03-30T01:03:05.000Z</time>
        <extensions>
          <ns3:TrackPointExtension>
            <ns3:hr>108</ns3:hr>
            <ns3:cad>0</ns3:cad>
          </ns3:TrackPointExtension>
        </extensions>
      </trkpt>
      <trkpt lat="35.9722214005887508392333984375" lon="-81.10814024694263935089111328125">
        <ele>538.20001220703125</ele>
        <time>2026-03-30T01:03:11.000Z</time>
        <extensions>
          <ns3:TrackPointExtension>
            <ns3:hr>109</ns3:hr>
            <ns3:cad>0</ns3:cad>
          </ns3:TrackPointExtension>
        </extensions>
      </trkpt>
      <trkpt lat="35.972234308719635009765625" lon="-81.1081524007022380828857421875">
        <ele>538.5999755859375</ele>
        <time>2026-03-30T01:03:13.000Z</time>
        <extensions>
          <ns3:TrackPointExtension>
            <ns3:hr>108</ns3:hr>
            <ns3:cad>75</ns3:cad>
          </ns3:TrackPointExtension>
        </extensions>
      </trkpt>
      <trkpt lat="35.97227496095001697540283203125" lon="-81.1081768758594989776611328125">
        <ele>539.20001220703125</ele>
        <time>2026-03-30T01:03:18.000Z</time>
        <extensions>
          <ns3:TrackPointExtension>
            <ns3:hr>109</ns3:hr>
            <ns3:cad>68</ns3:cad>
          </ns3:TrackPointExtension>
        </extensions>
      </trkpt>
      <trkpt lat="35.972295664250850677490234375" lon="-81.108195148408412933349609375">
        <ele>539.5999755859375</ele>
        <time>2026-03-30T01:03:21.000Z</time>
        <extensions>
          <ns3:TrackPointExtension>
            <ns3:hr>109</ns3:hr>
            <ns3:cad>68</ns3:cad>
          </ns3:TrackPointExtension>
        </extensions>
      </trkpt>
      <trkpt lat="35.97230195067822933197021484375" lon="-81.108219958841800689697265625">
        <ele>540</ele>
        <time>2026-03-30T01:03:24.000Z</time>
        <extensions>
          <ns3:TrackPointExtension>
            <ns3:hr>109</ns3:hr>
            <ns3:cad>71</ns3:cad>
          </ns3:TrackPointExtension>
        </extensions>
      </trkpt>
      <trkpt lat="35.97231008112430572509765625" lon="-81.108233034610748291015625">
        <ele>540.20001220703125</ele>
        <time>2026-03-30T01:03:27.000Z</time>
        <extensions>
          <ns3:TrackPointExtension>
            <ns3:hr>108</ns3:hr>
            <ns3:cad>71</ns3:cad>
          </ns3:TrackPointExtension>
        </extensions>
      </trkpt>
      <trkpt lat="35.97234101034700870513916015625" lon="-81.10824217088520526885986328125">
        <ele>540.5999755859375</ele>
        <time>2026-03-30T01:03:31.000Z</time>
        <extensions>
          <ns3:TrackPointExtension>
            <ns3:hr>109</ns3:hr>
            <ns3:cad>0</ns3:cad>
          </ns3:TrackPointExtension>
        </extensions>
      </trkpt>
      <trkpt lat="35.972349643707275390625" lon="-81.10824032686650753021240234375">
        <ele>540.79998779296875</ele>
        <time>2026-03-30T01:03:32.000Z</time>
        <extensions>
          <ns3:TrackPointExtension>
            <ns3:hr>109</ns3:hr>
            <ns3:cad>0</ns3:cad>
          </ns3:TrackPointExtension>
        </extensions>
      </trkpt>
      <trkpt lat="35.9723994322121143341064453125" lon="-81.10822775401175022125244140625">
        <ele>541.20001220703125</ele>
        <time>2026-03-30T01:03:37.000Z</time>
        <extensions>
          <ns3:TrackPointExtension>
            <ns3:hr>112</ns3:hr>
            <ns3:cad>0</ns3:cad>
          </ns3:TrackPointExtension>
        </extensions>
      </trkpt>
      <trkpt lat="35.97241946496069431304931640625" lon="-81.1082218028604984283447265625">
        <ele>541.5999755859375</ele>
        <time>2026-03-30T01:03:39.000Z</time>
        <extensions>
          <ns3:TrackPointExtension>
            <ns3:hr>113</ns3:hr>
            <ns3:cad>0</ns3:cad>
          </ns3:TrackPointExtension>
        </extensions>
      </trkpt>
      <trkpt lat="35.97249289043247699737548828125" lon="-81.1081822402775287628173828125">
        <ele>542.20001220703125</ele>
        <time>2026-03-30T01:03:46.000Z</time>
        <extensions>
          <ns3:TrackPointExtension>
            <ns3:hr>114</ns3:hr>
            <ns3:cad>47</ns3:cad>
          </ns3:TrackPointExtension>
        </extensions>
      </trkpt>
      <trkpt lat="35.97249942831695079803466796875" lon="-81.10817511565983295440673828125">
        <ele>542.20001220703125</ele>
        <time>2026-03-30T01:03:47.000Z</time>
        <extensions>
          <ns3:TrackPointExtension>
            <ns3:hr>113</ns3:hr>
            <ns3:cad>47</ns3:cad>
          </ns3:TrackPointExtension>
        </extensions>
      </trkpt>
    </trkseg>
  </trk>
</gpx>
