<?xml version="1.0" encoding="UTF-8"?>
<gpx creator="Garmin Connect" version="1.1"
  xsi:schemaLocation="http://www.topografix.com/GPX/1/1 http://www.topografix.com/GPX/11.xsd"
  xmlns:ns3="http://www.garmin.com/xmlschemas/TrackPointExtension/v1"
  xmlns="http://www.topografix.com/GPX/1/1"
  xmlns:xsi="http://www.w3.org/2001/XMLSchema-instance" xmlns:ns2="http://www.garmin.com/xmlschemas/GpxExtensions/v3">
  <metadata>
    <link href="connect.garmin.com">
      <text>Garmin Connect</text>
    </link>
    <time>2026-02-15T13:20:14.000Z</time>
  </metadata>
  <trk>
    <name>Alexander County Hiking</name>
    <type>hiking</type>
    <trkseg>
      <trkpt lat="35.96914582885801792144775390625" lon="-81.11068214289844036102294921875">
        <ele>515</ele>
        <time>2026-02-15T13:20:14.000Z</time>
        <extensions>
          <ns3:TrackPointExtension>
            <ns3:hr>139</ns3:hr>
            <ns3:cad>46</ns3:cad>
          </ns3:TrackPointExtension>
        </extensions>
      </trkpt>
      <trkpt lat="35.9691331721842288970947265625" lon="-81.110698990523815155029296875">
        <ele>514.5999755859375</ele>
        <time>2026-02-15T13:20:16.000Z</time>
        <extensions>
          <ns3:TrackPointExtension>
            <ns3:hr>142</ns3:hr>
            <ns3:cad>50</ns3:cad>
          </ns3:TrackPointExtension>
        </extensions>
      </trkpt>
      <trkpt lat="35.96911288797855377197265625" lon="-81.1107300035655498504638671875">
        <ele>513.79998779296875</ele>
        <time>2026-02-15T13:20:19.000Z</time>
        <extensions>
          <ns3:TrackPointExtension>
            <ns3:hr>142</ns3:hr>
            <ns3:cad>0</ns3:cad>
          </ns3:TrackPointExtension>
        </extensions>
      </trkpt>
      <trkpt lat="35.9691080264747142791748046875" lon="-81.1107417382299900054931640625">
        <ele>513.79998779296875</ele>
        <time>2026-02-15T13:20:20.000Z</time>
        <extensions>
          <ns3:TrackPointExtension>
            <ns3:hr>142</ns3:hr>
            <ns3:cad>0</ns3:cad>
          </ns3:TrackPointExtension>
        </extensions>
      </trkpt>
      <trkpt lat="35.9690962918102741241455078125" lon="-81.11084349453449249267578125">
        <ele>513.20001220703125</ele>
        <time>2026-02-15T13:20:28.000Z</time>
        <extensions>
          <ns3:TrackPointExtension>
            <ns3:hr>141</ns3:hr>
            <ns3:cad>0</ns3:cad>
          </ns3:TrackPointExtension>
        </extensions>
      </trkpt>
      <trkpt lat="35.96911665983498096466064453125" lon="-81.11095606349408626556396484375">
        <ele>513.5999755859375</ele>
        <time>2026-02-15T13:20:37.000Z</time>
        <extensions>
          <ns3:TrackPointExtension>
            <ns3:hr>141</ns3:hr>
            <ns3:cad>0</ns3:cad>
          </ns3:TrackPointExtension>
        </extensions>
      </trkpt>
      <trkpt lat="35.96913945861160755157470703125" lon="-81.11103267408907413482666015625">
        <ele>513.79998779296875</ele>
        <time>2026-02-15T13:20:43.000Z</time>
        <extensions>
          <ns3:TrackPointExtension>
            <ns3:hr>139</ns3:hr>
            <ns3:cad>47</ns3:cad>
          </ns3:TrackPointExtension>
        </extensions>
      </trkpt>
      <trkpt lat="35.96919176168739795684814453125" lon="-81.1111289821565151214599609375">
        <ele>514.20001220703125</ele>
        <time>2026-02-15T13:20:52.000Z</time>
        <extensions>
          <ns3:TrackPointExtension>
            <ns3:hr>141</ns3:hr>
            <ns3:cad>47</ns3:cad>
          </ns3:TrackPointExtension>
        </extensions>
      </trkpt>
      <trkpt lat="35.9692275524139404296875" lon="-81.1111752502620220184326171875">
        <ele>514.5999755859375</ele>
        <time>2026-02-15T13:20:58.000Z</time>
        <extensions>
          <ns3:TrackPointExtension>
            <ns3:hr>141</ns3:hr>
            <ns3:cad>47</ns3:cad>
          </ns3:TrackPointExtension>
        </extensions>
      </trkpt>
      <trkpt lat="35.9692418016493320465087890625" lon="-81.1112121306359767913818359375">
        <ele>514.79998779296875</ele>
        <time>2026-02-15T13:21:01.000Z</time>
        <extensions>
          <ns3:TrackPointExtension>
            <ns3:hr>140</ns3:hr>
            <ns3:cad>41</ns3:cad>
          </ns3:TrackPointExtension>
        </extensions>
      </trkpt>
      <trkpt lat="35.96926200203597545623779296875" lon="-81.11125110648572444915771484375">
        <ele>514.79998779296875</ele>
        <time>2026-02-15T13:21:06.000Z</time>
        <extensions>
          <ns3:TrackPointExtension>
            <ns3:hr>140</ns3:hr>
            <ns3:cad>46</ns3:cad>
          </ns3:TrackPointExtension>
        </extensions>
      </trkpt>
      <trkpt lat="35.96930474974215030670166015625" lon="-81.111332662403583526611328125">
        <ele>515.20001220703125</ele>
        <time>2026-02-15T13:21:15.000Z</time>
        <extensions>
          <ns3:TrackPointExtension>
            <ns3:hr>137</ns3:hr>
            <ns3:cad>44</ns3:cad>
          </ns3:TrackPointExtension>
        </extensions>
      </trkpt>
      <trkpt lat="35.9693403728306293487548828125" lon="-81.11135168932378292083740234375">
        <ele>516</ele>
        <time>2026-02-15T13:21:20.000Z</time>
        <extensions>
          <ns3:TrackPointExtension>
            <ns3:hr>136</ns3:hr>
            <ns3:cad>78</ns3:cad>
          </ns3:TrackPointExtension>
        </extensions>
      </trkpt>
      <trkpt lat="35.96935470588505268096923828125" lon="-81.11137398518621921539306640625">
        <ele>516.5999755859375</ele>
        <time>2026-02-15T13:21:23.000Z</time>
        <extensions>
          <ns3:TrackPointExtension>
            <ns3:hr>136</ns3:hr>
            <ns3:cad>41</ns3:cad>
          </ns3:TrackPointExtension>
        </extensions>
      </trkpt>
      <trkpt lat="35.96938001923263072967529296875" lon="-81.11142008565366268157958984375">
        <ele>516.79998779296875</ele>
        <time>2026-02-15T13:21:30.000Z</time>
        <extensions>
          <ns3:TrackPointExtension>
            <ns3:hr>136</ns3:hr>
            <ns3:cad>0</ns3:cad>
          </ns3:TrackPointExtension>
        </extensions>
      </trkpt>
      <trkpt lat="35.96940533258020877838134765625" lon="-81.11143500544130802154541015625">
        <ele>517</ele>
        <time>2026-02-15T13:21:36.000Z</time>
        <extensions>
          <ns3:TrackPointExtension>
            <ns3:hr>138</ns3:hr>
            <ns3:cad>0</ns3:cad>
          </ns3:TrackPointExtension>
        </extensions>
      </trkpt>
      <trkpt lat="35.9694074280560016632080078125" lon="-81.11144321970641613006591796875">
        <ele>517</ele>
        <time>2026-02-15T13:21:39.000Z</time>
        <extensions>
          <ns3:TrackPointExtension>
            <ns3:hr>136</ns3:hr>
            <ns3:cad>0</ns3:cad>
          </ns3:TrackPointExtension>
        </extensions>
      </trkpt>
      <trkpt lat="35.9694074280560016632080078125" lon="-81.11144321970641613006591796875">
        <ele>517.20001220703125</ele>
        <time>2026-02-15T13:21:57.000Z</time>
        <extensions>
          <ns3:TrackPointExtension>
            <ns3:hr>136</ns3:hr>
            <ns3:cad>0</ns3:cad>
          </ns3:TrackPointExtension>
        </extensions>
      </trkpt>
      <trkpt lat="35.96941757015883922576904296875" lon="-81.11143684946000576019287109375">
        <ele>517.4000244140625</ele>
        <time>2026-02-15T13:22:10.000Z</time>
        <extensions>
          <ns3:TrackPointExtension>
            <ns3:hr>134</ns3:hr>
            <ns3:cad>0</ns3:cad>
          </ns3:TrackPointExtension>
        </extensions>
      </trkpt>
      <trkpt lat="35.969451852142810821533203125" lon="-81.11136920750141143798828125">
        <ele>518</ele>
        <time>2026-02-15T13:22:16.000Z</time>
        <extensions>
          <ns3:TrackPointExtension>
            <ns3:hr>131</ns3:hr>
            <ns3:cad>76</ns3:cad>
          </ns3:TrackPointExtension>
        </extensions>
      </trkpt>
      <trkpt lat="35.969472639262676239013671875" lon="-81.11135638318955898284912109375">
        <ele>518.4000244140625</ele>
        <time>2026-02-15T13:22:18.000Z</time>
        <extensions>
          <ns3:TrackPointExtension>
            <ns3:hr>128</ns3:hr>
            <ns3:cad>78</ns3:cad>
          </ns3:TrackPointExtension>
        </extensions>
      </trkpt>
      <trkpt lat="35.96949485130608081817626953125" lon="-81.1113445647060871124267578125">
        <ele>519.20001220703125</ele>
        <time>2026-02-15T13:22:21.000Z</time>
        <extensions>
          <ns3:TrackPointExtension>
            <ns3:hr>127</ns3:hr>
            <ns3:cad>40</ns3:cad>
          </ns3:TrackPointExtension>
        </extensions>
      </trkpt>
      <trkpt lat="35.9695224277675151824951171875" lon="-81.1113308183848857879638671875">
        <ele>519.5999755859375</ele>
        <time>2026-02-15T13:22:24.000Z</time>
        <extensions>
          <ns3:TrackPointExtension>
            <ns3:hr>127</ns3:hr>
            <ns3:cad>42</ns3:cad>
          </ns3:TrackPointExtension>
        </extensions>
      </trkpt>
      <trkpt lat="35.969566516578197479248046875" lon="-81.11133609898388385772705078125">
        <ele>520.20001220703125</ele>
        <time>2026-02-15T13:22:28.000Z</time>
        <extensions>
          <ns3:TrackPointExtension>
            <ns3:hr>131</ns3:hr>
            <ns3:cad>43</ns3:cad>
          </ns3:TrackPointExtension>
        </extensions>
      </trkpt>
      <trkpt lat="35.9695961885154247283935546875" lon="-81.11134104430675506591796875">
        <ele>520.5999755859375</ele>
        <time>2026-02-15T13:22:31.000Z</time>
        <extensions>
          <ns3:TrackPointExtension>
            <ns3:hr>134</ns3:hr>
            <ns3:cad>46</ns3:cad>
          </ns3:TrackPointExtension>
        </extensions>
      </trkpt>
      <trkpt lat="35.96960498951375484466552734375" lon="-81.11132805235683917999267578125">
        <ele>520.79998779296875</ele>
        <time>2026-02-15T13:22:32.000Z</time>
        <extensions>
          <ns3:TrackPointExtension>
            <ns3:hr>135</ns3:hr>
            <ns3:cad>46</ns3:cad>
          </ns3:TrackPointExtension>
        </extensions>
      </trkpt>
      <trkpt lat="35.969612114131450653076171875" lon="-81.111285053193569183349609375">
        <ele>521.4000244140625</ele>
        <time>2026-02-15T13:22:35.000Z</time>
        <extensions>
          <ns3:TrackPointExtension>
            <ns3:hr>135</ns3:hr>
            <ns3:cad>46</ns3:cad>
          </ns3:TrackPointExtension>
        </extensions>
      </trkpt>
      <trkpt lat="35.96960985101759433746337890625" lon="-81.11127222888171672821044921875">
        <ele>521.5999755859375</ele>
        <time>2026-02-15T13:22:36.000Z</time>
        <extensions>
          <ns3:TrackPointExtension>
            <ns3:hr>136</ns3:hr>
            <ns3:cad>46</ns3:cad>
          </ns3:TrackPointExtension>
        </extensions>
      </trkpt>
      <trkpt lat="35.9695710428059101104736328125" lon="-81.11117214895784854888916015625">
        <ele>521.79998779296875</ele>
        <time>2026-02-15T13:22:45.000Z</time>
        <extensions>
          <ns3:TrackPointExtension>
            <ns3:hr>138</ns3:hr>
            <ns3:cad>45</ns3:cad>
          </ns3:TrackPointExtension>
        </extensions>
      </trkpt>
      <trkpt lat="35.96954095177352428436279296875" lon="-81.11110358498990535736083984375">
        <ele>522.4000244140625</ele>
        <time>2026-02-15T13:22:52.000Z</time>
        <extensions>
          <ns3:TrackPointExtension>
            <ns3:hr>140</ns3:hr>
            <ns3:cad>75</ns3:cad>
          </ns3:TrackPointExtension>
        </extensions>
      </trkpt>
      <trkpt lat="35.96954044885933399200439453125" lon="-81.11108330078423023223876953125">
        <ele>522.4000244140625</ele>
        <time>2026-02-15T13:22:54.000Z</time>
        <extensions>
          <ns3:TrackPointExtension>
            <ns3:hr>139</ns3:hr>
            <ns3:cad>43</ns3:cad>
          </ns3:TrackPointExtension>
        </extensions>
      </trkpt>
      <trkpt lat="35.969549752771854400634765625" lon="-81.11103971488773822784423828125">
        <ele>522.79998779296875</ele>
        <time>2026-02-15T13:22:57.000Z</time>
        <extensions>
          <ns3:TrackPointExtension>
            <ns3:hr>138</ns3:hr>
            <ns3:cad>43</ns3:cad>
          </ns3:TrackPointExtension>
        </extensions>
      </trkpt>
      <trkpt lat="35.96957548521459102630615234375" lon="-81.1110032536089420318603515625">
        <ele>523.5999755859375</ele>
        <time>2026-02-15T13:23:01.000Z</time>
        <extensions>
          <ns3:TrackPointExtension>
            <ns3:hr>137</ns3:hr>
            <ns3:cad>46</ns3:cad>
          </ns3:TrackPointExtension>
        </extensions>
      </trkpt>
      <trkpt lat="35.96958520822227001190185546875" lon="-81.1109864898025989532470703125">
        <ele>524</ele>
        <time>2026-02-15T13:23:03.000Z</time>
        <extensions>
          <ns3:TrackPointExtension>
            <ns3:hr>138</ns3:hr>
            <ns3:cad>46</ns3:cad>
          </ns3:TrackPointExtension>
        </extensions>
      </trkpt>
      <trkpt lat="35.969604067504405975341796875" lon="-81.11094315536320209503173828125">
        <ele>524.79998779296875</ele>
        <time>2026-02-15T13:23:07.000Z</time>
        <extensions>
          <ns3:TrackPointExtension>
            <ns3:hr>137</ns3:hr>
            <ns3:cad>46</ns3:cad>
          </ns3:TrackPointExtension>
        </extensions>
      </trkpt>
      <trkpt lat="35.96961320377886295318603515625" lon="-81.110939048230648040771484375">
        <ele>525</ele>
        <time>2026-02-15T13:23:08.000Z</time>
        <extensions>
          <ns3:TrackPointExtension>
            <ns3:hr>138</ns3:hr>
            <ns3:cad>46</ns3:cad>
          </ns3:TrackPointExtension>
        </extensions>
      </trkpt>
      <trkpt lat="35.96962527371942996978759765625" lon="-81.11094005405902862548828125">
        <ele>525.20001220703125</ele>
        <time>2026-02-15T13:23:10.000Z</time>
        <extensions>
          <ns3:TrackPointExtension>
            <ns3:hr>138</ns3:hr>
            <ns3:cad>44</ns3:cad>
          </ns3:TrackPointExtension>
        </extensions>
      </trkpt>
      <trkpt lat="35.96966852433979511260986328125" lon="-81.11093913204967975616455078125">
        <ele>525.79998779296875</ele>
        <time>2026-02-15T13:23:14.000Z</time>
        <extensions>
          <ns3:TrackPointExtension>
            <ns3:hr>138</ns3:hr>
            <ns3:cad>44</ns3:cad>
          </ns3:TrackPointExtension>
        </extensions>
      </trkpt>
      <trkpt lat="35.9696910716593265533447265625" lon="-81.1109284870326519012451171875">
        <ele>526</ele>
        <time>2026-02-15T13:23:16.000Z</time>
        <extensions>
          <ns3:TrackPointExtension>
            <ns3:hr>141</ns3:hr>
            <ns3:cad>44</ns3:cad>
          </ns3:TrackPointExtension>
        </extensions>
      </trkpt>
      <trkpt lat="35.969712696969509124755859375" lon="-81.1108979769051074981689453125">
        <ele>526.79998779296875</ele>
        <time>2026-02-15T13:23:19.000Z</time>
        <extensions>
          <ns3:TrackPointExtension>
            <ns3:hr>142</ns3:hr>
            <ns3:cad>44</ns3:cad>
          </ns3:TrackPointExtension>
        </extensions>
      </trkpt>
      <trkpt lat="35.96972099505364894866943359375" lon="-81.1108255572617053985595703125">
        <ele>527.5999755859375</ele>
        <time>2026-02-15T13:23:24.000Z</time>
        <extensions>
          <ns3:TrackPointExtension>
            <ns3:hr>142</ns3:hr>
            <ns3:cad>44</ns3:cad>
          </ns3:TrackPointExtension>
        </extensions>
      </trkpt>
      <trkpt lat="35.96970858983695507049560546875" lon="-81.11077551729977130889892578125">
        <ele>527.5999755859375</ele>
        <time>2026-02-15T13:23:27.000Z</time>
        <extensions>
          <ns3:TrackPointExtension>
            <ns3:hr>143</ns3:hr>
            <ns3:cad>42</ns3:cad>
          </ns3:TrackPointExtension>
        </extensions>
      </trkpt>
      <trkpt lat="35.96969434060156345367431640625" lon="-81.11073696054518222808837890625">
        <ele>527.5999755859375</ele>
        <time>2026-02-15T13:23:31.000Z</time>
        <extensions>
          <ns3:TrackPointExtension>
            <ns3:hr>144</ns3:hr>
            <ns3:cad>44</ns3:cad>
          </ns3:TrackPointExtension>
        </extensions>
      </trkpt>
      <trkpt lat="35.96968629397451877593994140625" lon="-81.11072455532848834991455078125">
        <ele>527.20001220703125</ele>
        <time>2026-02-15T13:23:38.000Z</time>
        <extensions>
          <ns3:TrackPointExtension>
            <ns3:hr>144</ns3:hr>
            <ns3:cad>0</ns3:cad>
          </ns3:TrackPointExtension>
        </extensions>
      </trkpt>
      <trkpt lat="35.96965603530406951904296875" lon="-81.11069890670478343963623046875">
        <ele>527.20001220703125</ele>
        <time>2026-02-15T13:23:44.000Z</time>
        <extensions>
          <ns3:TrackPointExtension>
            <ns3:hr>141</ns3:hr>
            <ns3:cad>0</ns3:cad>
          </ns3:TrackPointExtension>
        </extensions>
      </trkpt>
      <trkpt lat="35.96964505501091480255126953125" lon="-81.1106689833104610443115234375">
        <ele>527</ele>
        <time>2026-02-15T13:23:47.000Z</time>
        <extensions>
          <ns3:TrackPointExtension>
            <ns3:hr>141</ns3:hr>
            <ns3:cad>0</ns3:cad>
          </ns3:TrackPointExtension>
        </extensions>
      </trkpt>
      <trkpt lat="35.9696558676660060882568359375" lon="-81.110631935298442840576171875">
        <ele>526.79998779296875</ele>
        <time>2026-02-15T13:23:51.000Z</time>
        <extensions>
          <ns3:TrackPointExtension>
            <ns3:hr>142</ns3:hr>
            <ns3:cad>52</ns3:cad>
          </ns3:TrackPointExtension>
        </extensions>
      </trkpt>
      <trkpt lat="35.96964371390640735626220703125" lon="-81.11066169105470180511474609375">
        <ele>527.4000244140625</ele>
        <time>2026-02-15T13:23:56.000Z</time>
        <extensions>
          <ns3:TrackPointExtension>
            <ns3:hr>142</ns3:hr>
            <ns3:cad>0</ns3:cad>
          </ns3:TrackPointExtension>
        </extensions>
      </trkpt>
      <trkpt lat="35.96962451934814453125" lon="-81.11065532080829143524169921875">
        <ele>526.79998779296875</ele>
        <time>2026-02-15T13:24:04.000Z</time>
        <extensions>
          <ns3:TrackPointExtension>
            <ns3:hr>141</ns3:hr>
            <ns3:cad>48</ns3:cad>
          </ns3:TrackPointExtension>
        </extensions>
      </trkpt>
      <trkpt lat="35.96962225623428821563720703125" lon="-81.11065146513283252716064453125">
        <ele>526.5999755859375</ele>
        <time>2026-02-15T13:24:06.000Z</time>
        <extensions>
          <ns3:TrackPointExtension>
            <ns3:hr>141</ns3:hr>
            <ns3:cad>48</ns3:cad>
          </ns3:TrackPointExtension>
        </extensions>
      </trkpt>
      <trkpt lat="35.9696285426616668701171875" lon="-81.11062145791947841644287109375">
        <ele>526.5999755859375</ele>
        <time>2026-02-15T13:24:17.000Z</time>
        <extensions>
          <ns3:TrackPointExtension>
            <ns3:hr>138</ns3:hr>
            <ns3:cad>0</ns3:cad>
          </ns3:TrackPointExtension>
        </extensions>
      </trkpt>
      <trkpt lat="35.9696360863745212554931640625" lon="-81.11064526252448558807373046875">
        <ele>526.4000244140625</ele>
        <time>2026-02-15T13:24:22.000Z</time>
        <extensions>
          <ns3:TrackPointExtension>
            <ns3:hr>135</ns3:hr>
            <ns3:cad>0</ns3:cad>
          </ns3:TrackPointExtension>
        </extensions>
      </trkpt>
      <trkpt lat="35.9696352481842041015625" lon="-81.11064962111413478851318359375">
        <ele>526.5999755859375</ele>
        <time>2026-02-15T13:24:24.000Z</time>
        <extensions>
          <ns3:TrackPointExtension>
            <ns3:hr>134</ns3:hr>
            <ns3:cad>0</ns3:cad>
          </ns3:TrackPointExtension>
        </extensions>
      </trkpt>
      <trkpt lat="35.9696243517100811004638671875" lon="-81.110683567821979522705078125">
        <ele>526.79998779296875</ele>
        <time>2026-02-15T13:24:30.000Z</time>
        <extensions>
          <ns3:TrackPointExtension>
            <ns3:hr>134</ns3:hr>
            <ns3:cad>0</ns3:cad>
          </ns3:TrackPointExtension>
        </extensions>
      </trkpt>
      <trkpt lat="35.9696213342249393463134765625" lon="-81.11069035716354846954345703125">
        <ele>527</ele>
        <time>2026-02-15T13:24:38.000Z</time>
        <extensions>
          <ns3:TrackPointExtension>
            <ns3:hr>135</ns3:hr>
            <ns3:cad>0</ns3:cad>
          </ns3:TrackPointExtension>
        </extensions>
      </trkpt>
      <trkpt lat="35.96963097341358661651611328125" lon="-81.11066512763500213623046875">
        <ele>526.79998779296875</ele>
        <time>2026-02-15T13:24:47.000Z</time>
        <extensions>
          <ns3:TrackPointExtension>
            <ns3:hr>133</ns3:hr>
            <ns3:cad>0</ns3:cad>
          </ns3:TrackPointExtension>
        </extensions>
      </trkpt>
      <trkpt lat="35.9696256928145885467529296875" lon="-81.1106538958847522735595703125">
        <ele>527.4000244140625</ele>
        <time>2026-02-15T13:24:55.000Z</time>
        <extensions>
          <ns3:TrackPointExtension>
            <ns3:hr>131</ns3:hr>
            <ns3:cad>0</ns3:cad>
          </ns3:TrackPointExtension>
        </extensions>
      </trkpt>
      <trkpt lat="35.969617478549480438232421875" lon="-81.1106190271675586700439453125">
        <ele>527.4000244140625</ele>
        <time>2026-02-15T13:25:02.000Z</time>
        <extensions>
          <ns3:TrackPointExtension>
            <ns3:hr>129</ns3:hr>
            <ns3:cad>0</ns3:cad>
          </ns3:TrackPointExtension>
        </extensions>
      </trkpt>
      <trkpt lat="35.9696156345307826995849609375" lon="-81.11061760224401950836181640625">
        <ele>527.4000244140625</ele>
        <time>2026-02-15T13:25:04.000Z</time>
        <extensions>
          <ns3:TrackPointExtension>
            <ns3:hr>125</ns3:hr>
            <ns3:cad>0</ns3:cad>
          </ns3:TrackPointExtension>
        </extensions>
      </trkpt>
      <trkpt lat="35.9696146287024021148681640625" lon="-81.11061123199760913848876953125">
        <ele>527.4000244140625</ele>
        <time>2026-02-15T13:25:07.000Z</time>
        <extensions>
          <ns3:TrackPointExtension>
            <ns3:hr>124</ns3:hr>
            <ns3:cad>0</ns3:cad>
          </ns3:TrackPointExtension>
        </extensions>
      </trkpt>
      <trkpt lat="35.96960834227502346038818359375" lon="-81.11059136688709259033203125">
        <ele>527.4000244140625</ele>
        <time>2026-02-15T13:25:12.000Z</time>
        <extensions>
          <ns3:TrackPointExtension>
            <ns3:hr>123</ns3:hr>
            <ns3:cad>0</ns3:cad>
          </ns3:TrackPointExtension>
        </extensions>
      </trkpt>
      <trkpt lat="35.9695961885154247283935546875" lon="-81.11059539020061492919921875">
        <ele>527.20001220703125</ele>
        <time>2026-02-15T13:25:24.000Z</time>
        <extensions>
          <ns3:TrackPointExtension>
            <ns3:hr>123</ns3:hr>
            <ns3:cad>0</ns3:cad>
          </ns3:TrackPointExtension>
        </extensions>
      </trkpt>
      <trkpt lat="35.96959861926734447479248046875" lon="-81.11060268245637416839599609375">
        <ele>527</ele>
        <time>2026-02-15T13:25:33.000Z</time>
        <extensions>
          <ns3:TrackPointExtension>
            <ns3:hr>122</ns3:hr>
            <ns3:cad>0</ns3:cad>
          </ns3:TrackPointExtension>
        </extensions>
      </trkpt>
      <trkpt lat="35.96961035393178462982177734375" lon="-81.11061441712081432342529296875">
        <ele>527.4000244140625</ele>
        <time>2026-02-15T13:25:41.000Z</time>
        <extensions>
          <ns3:TrackPointExtension>
            <ns3:hr>120</ns3:hr>
            <ns3:cad>0</ns3:cad>
          </ns3:TrackPointExtension>
        </extensions>
      </trkpt>
      <trkpt lat="35.96961873583495616912841796875" lon="-81.11064844764769077301025390625">
        <ele>527.20001220703125</ele>
        <time>2026-02-15T13:25:49.000Z</time>
        <extensions>
          <ns3:TrackPointExtension>
            <ns3:hr>121</ns3:hr>
            <ns3:cad>0</ns3:cad>
          </ns3:TrackPointExtension>
        </extensions>
      </trkpt>
      <trkpt lat="35.9696397744119167327880859375" lon="-81.11062732525169849395751953125">
        <ele>527.20001220703125</ele>
        <time>2026-02-15T13:26:01.000Z</time>
        <extensions>
          <ns3:TrackPointExtension>
            <ns3:hr>121</ns3:hr>
            <ns3:cad>0</ns3:cad>
          </ns3:TrackPointExtension>
        </extensions>
      </trkpt>
      <trkpt lat="35.9696243517100811004638671875" lon="-81.11064828000962734222412109375">
        <ele>527</ele>
        <time>2026-02-15T13:26:09.000Z</time>
        <extensions>
          <ns3:TrackPointExtension>
            <ns3:hr>121</ns3:hr>
            <ns3:cad>102</ns3:cad>
          </ns3:TrackPointExtension>
        </extensions>
      </trkpt>
      <trkpt lat="35.969626866281032562255859375" lon="-81.11072413623332977294921875">
        <ele>527</ele>
        <time>2026-02-15T13:26:17.000Z</time>
        <extensions>
          <ns3:TrackPointExtension>
            <ns3:hr>123</ns3:hr>
            <ns3:cad>47</ns3:cad>
          </ns3:TrackPointExtension>
        </extensions>
      </trkpt>
      <trkpt lat="35.9696263633668422698974609375" lon="-81.1107051931321620941162109375">
        <ele>527</ele>
        <time>2026-02-15T13:26:21.000Z</time>
        <extensions>
          <ns3:TrackPointExtension>
            <ns3:hr>128</ns3:hr>
            <ns3:cad>0</ns3:cad>
          </ns3:TrackPointExtension>
        </extensions>
      </trkpt>
      <trkpt lat="35.9696260280907154083251953125" lon="-81.110707707703113555908203125">
        <ele>527</ele>
        <time>2026-02-15T13:26:22.000Z</time>
        <extensions>
          <ns3:TrackPointExtension>
            <ns3:hr>132</ns3:hr>
            <ns3:cad>0</ns3:cad>
          </ns3:TrackPointExtension>
        </extensions>
      </trkpt>
      <trkpt lat="35.96964119933545589447021484375" lon="-81.11072572879493236541748046875">
        <ele>527.20001220703125</ele>
        <time>2026-02-15T13:26:24.000Z</time>
        <extensions>
          <ns3:TrackPointExtension>
            <ns3:hr>135</ns3:hr>
            <ns3:cad>0</ns3:cad>
          </ns3:TrackPointExtension>
        </extensions>
      </trkpt>
      <trkpt lat="35.96967858262360095977783203125" lon="-81.11081709153950214385986328125">
        <ele>527.5999755859375</ele>
        <time>2026-02-15T13:26:32.000Z</time>
        <extensions>
          <ns3:TrackPointExtension>
            <ns3:hr>135</ns3:hr>
            <ns3:cad>50</ns3:cad>
          </ns3:TrackPointExtension>
        </extensions>
      </trkpt>
      <trkpt lat="35.96969149075448513031005859375" lon="-81.11085330136120319366455078125">
        <ele>527.79998779296875</ele>
        <time>2026-02-15T13:26:39.000Z</time>
        <extensions>
          <ns3:TrackPointExtension>
            <ns3:hr>132</ns3:hr>
            <ns3:cad>0</ns3:cad>
          </ns3:TrackPointExtension>
        </extensions>
      </trkpt>
      <trkpt lat="35.9696920774877071380615234375" lon="-81.11086587421596050262451171875">
        <ele>527.79998779296875</ele>
        <time>2026-02-15T13:26:40.000Z</time>
        <extensions>
          <ns3:TrackPointExtension>
            <ns3:hr>132</ns3:hr>
            <ns3:cad>0</ns3:cad>
          </ns3:TrackPointExtension>
        </extensions>
      </trkpt>
      <trkpt lat="35.9696733020246028900146484375" lon="-81.1109219491481781005859375">
        <ele>526.79998779296875</ele>
        <time>2026-02-15T13:26:47.000Z</time>
        <extensions>
          <ns3:TrackPointExtension>
            <ns3:hr>133</ns3:hr>
            <ns3:cad>51</ns3:cad>
          </ns3:TrackPointExtension>
        </extensions>
      </trkpt>
      <trkpt lat="35.96965595148503780364990234375" lon="-81.11092320643365383148193359375">
        <ele>526.4000244140625</ele>
        <time>2026-02-15T13:26:49.000Z</time>
        <extensions>
          <ns3:TrackPointExtension>
            <ns3:hr>132</ns3:hr>
            <ns3:cad>52</ns3:cad>
          </ns3:TrackPointExtension>
        </extensions>
      </trkpt>
      <trkpt lat="35.969646312296390533447265625" lon="-81.110925637185573577880859375">
        <ele>526.20001220703125</ele>
        <time>2026-02-15T13:26:50.000Z</time>
        <extensions>
          <ns3:TrackPointExtension>
            <ns3:hr>133</ns3:hr>
            <ns3:cad>52</ns3:cad>
          </ns3:TrackPointExtension>
        </extensions>
      </trkpt>
      <trkpt lat="35.969585962593555450439453125" lon="-81.11094064079225063323974609375">
        <ele>525.4000244140625</ele>
        <time>2026-02-15T13:26:56.000Z</time>
        <extensions>
          <ns3:TrackPointExtension>
            <ns3:hr>133</ns3:hr>
            <ns3:cad>52</ns3:cad>
          </ns3:TrackPointExtension>
        </extensions>
      </trkpt>
      <trkpt lat="35.96956643275916576385498046875" lon="-81.1109586618840694427490234375">
        <ele>525</ele>
        <time>2026-02-15T13:26:58.000Z</time>
        <extensions>
          <ns3:TrackPointExtension>
            <ns3:hr>133</ns3:hr>
            <ns3:cad>54</ns3:cad>
          </ns3:TrackPointExtension>
        </extensions>
      </trkpt>
      <trkpt lat="35.96954480744898319244384765625" lon="-81.11099495552480220794677734375">
        <ele>524.20001220703125</ele>
        <time>2026-02-15T13:27:02.000Z</time>
        <extensions>
          <ns3:TrackPointExtension>
            <ns3:hr>132</ns3:hr>
            <ns3:cad>53</ns3:cad>
          </ns3:TrackPointExtension>
        </extensions>
      </trkpt>
      <trkpt lat="35.96952385269105434417724609375" lon="-81.11105815507471561431884765625">
        <ele>523.20001220703125</ele>
        <time>2026-02-15T13:27:08.000Z</time>
        <extensions>
          <ns3:TrackPointExtension>
            <ns3:hr>131</ns3:hr>
            <ns3:cad>51</ns3:cad>
          </ns3:TrackPointExtension>
        </extensions>
      </trkpt>
      <trkpt lat="35.96955679357051849365234375" lon="-81.11118011176586151123046875">
        <ele>522</ele>
        <time>2026-02-15T13:27:17.000Z</time>
        <extensions>
          <ns3:TrackPointExtension>
            <ns3:hr>131</ns3:hr>
            <ns3:cad>49</ns3:cad>
          </ns3:TrackPointExtension>
        </extensions>
      </trkpt>
      <trkpt lat="35.96958772279322147369384765625" lon="-81.11128916032612323760986328125">
        <ele>522</ele>
        <time>2026-02-15T13:27:26.000Z</time>
        <extensions>
          <ns3:TrackPointExtension>
            <ns3:hr>130</ns3:hr>
            <ns3:cad>48</ns3:cad>
          </ns3:TrackPointExtension>
        </extensions>
      </trkpt>
      <trkpt lat="35.96955134533345699310302734375" lon="-81.1113378591835498809814453125">
        <ele>521.4000244140625</ele>
        <time>2026-02-15T13:27:33.000Z</time>
        <extensions>
          <ns3:TrackPointExtension>
            <ns3:hr>133</ns3:hr>
            <ns3:cad>47</ns3:cad>
          </ns3:TrackPointExtension>
        </extensions>
      </trkpt>
      <trkpt lat="35.96954413689672946929931640625" lon="-81.11133727245032787322998046875">
        <ele>521</ele>
        <time>2026-02-15T13:27:36.000Z</time>
        <extensions>
          <ns3:TrackPointExtension>
            <ns3:hr>134</ns3:hr>
            <ns3:cad>48</ns3:cad>
          </ns3:TrackPointExtension>
        </extensions>
      </trkpt>
      <trkpt lat="35.9695472382009029388427734375" lon="-81.11133475787937641143798828125">
        <ele>520.5999755859375</ele>
        <time>2026-02-15T13:27:39.000Z</time>
        <extensions>
          <ns3:TrackPointExtension>
            <ns3:hr>133</ns3:hr>
            <ns3:cad>0</ns3:cad>
          </ns3:TrackPointExtension>
        </extensions>
      </trkpt>
      <trkpt lat="35.969548411667346954345703125" lon="-81.11133609898388385772705078125">
        <ele>520.4000244140625</ele>
        <time>2026-02-15T13:27:48.000Z</time>
        <extensions>
          <ns3:TrackPointExtension>
            <ns3:hr>131</ns3:hr>
            <ns3:cad>0</ns3:cad>
          </ns3:TrackPointExtension>
        </extensions>
      </trkpt>
      <trkpt lat="35.9695641696453094482421875" lon="-81.11132905818521976470947265625">
        <ele>520.5999755859375</ele>
        <time>2026-02-15T13:27:56.000Z</time>
        <extensions>
          <ns3:TrackPointExtension>
            <ns3:hr>130</ns3:hr>
            <ns3:cad>0</ns3:cad>
          </ns3:TrackPointExtension>
        </extensions>
      </trkpt>
      <trkpt lat="35.9695641696453094482421875" lon="-81.11132905818521976470947265625">
        <ele>520.5999755859375</ele>
        <time>2026-02-15T13:27:58.000Z</time>
        <extensions>
          <ns3:TrackPointExtension>
            <ns3:hr>127</ns3:hr>
            <ns3:cad>0</ns3:cad>
          </ns3:TrackPointExtension>
        </extensions>
      </trkpt>
      <trkpt lat="35.9695623256266117095947265625" lon="-81.11132402904331684112548828125">
        <ele>520.79998779296875</ele>
        <time>2026-02-15T13:28:10.000Z</time>
        <extensions>
          <ns3:TrackPointExtension>
            <ns3:hr>125</ns3:hr>
            <ns3:cad>0</ns3:cad>
          </ns3:TrackPointExtension>
        </extensions>
      </trkpt>
      <trkpt lat="35.969549752771854400634765625" lon="-81.1113368533551692962646484375">
        <ele>520.79998779296875</ele>
        <time>2026-02-15T13:28:14.000Z</time>
        <extensions>
          <ns3:TrackPointExtension>
            <ns3:hr>125</ns3:hr>
            <ns3:cad>0</ns3:cad>
          </ns3:TrackPointExtension>
        </extensions>
      </trkpt>
      <trkpt lat="35.96955453045666217803955078125" lon="-81.1113777570426464080810546875">
        <ele>521</ele>
        <time>2026-02-15T13:28:17.000Z</time>
        <extensions>
          <ns3:TrackPointExtension>
            <ns3:hr>125</ns3:hr>
            <ns3:cad>0</ns3:cad>
          </ns3:TrackPointExtension>
        </extensions>
      </trkpt>
      <trkpt lat="35.9695559553802013397216796875" lon="-81.11139359883964061737060546875">
        <ele>521.20001220703125</ele>
        <time>2026-02-15T13:28:20.000Z</time>
        <extensions>
          <ns3:TrackPointExtension>
            <ns3:hr>124</ns3:hr>
            <ns3:cad>0</ns3:cad>
          </ns3:TrackPointExtension>
        </extensions>
      </trkpt>
      <trkpt lat="35.96954044885933399200439453125" lon="-81.11139510758221149444580078125">
        <ele>521</ele>
        <time>2026-02-15T13:28:30.000Z</time>
        <extensions>
          <ns3:TrackPointExtension>
            <ns3:hr>125</ns3:hr>
            <ns3:cad>0</ns3:cad>
          </ns3:TrackPointExtension>
        </extensions>
      </trkpt>
      <trkpt lat="35.9695373475551605224609375" lon="-81.111413128674030303955078125">
        <ele>521</ele>
        <time>2026-02-15T13:28:35.000Z</time>
        <extensions>
          <ns3:TrackPointExtension>
            <ns3:hr>128</ns3:hr>
            <ns3:cad>0</ns3:cad>
          </ns3:TrackPointExtension>
        </extensions>
      </trkpt>
      <trkpt lat="35.9695378504693508148193359375" lon="-81.11141874454915523529052734375">
        <ele>521</ele>
        <time>2026-02-15T13:28:41.000Z</time>
        <extensions>
          <ns3:TrackPointExtension>
            <ns3:hr>124</ns3:hr>
            <ns3:cad>0</ns3:cad>
          </ns3:TrackPointExtension>
        </extensions>
      </trkpt>
      <trkpt lat="35.9695378504693508148193359375" lon="-81.11141874454915523529052734375">
        <ele>521</ele>
        <time>2026-02-15T13:28:43.000Z</time>
        <extensions>
          <ns3:TrackPointExtension>
            <ns3:hr>123</ns3:hr>
            <ns3:cad>0</ns3:cad>
          </ns3:TrackPointExtension>
        </extensions>
      </trkpt>
      <trkpt lat="35.96955620683729648590087890625" lon="-81.111429892480373382568359375">
        <ele>520.79998779296875</ele>
        <time>2026-02-15T13:29:04.000Z</time>
        <extensions>
          <ns3:TrackPointExtension>
            <ns3:hr>124</ns3:hr>
            <ns3:cad>0</ns3:cad>
          </ns3:TrackPointExtension>
        </extensions>
      </trkpt>
      <trkpt lat="35.9695697017014026641845703125" lon="-81.11145093105733394622802734375">
        <ele>520.79998779296875</ele>
        <time>2026-02-15T13:29:11.000Z</time>
        <extensions>
          <ns3:TrackPointExtension>
            <ns3:hr>124</ns3:hr>
            <ns3:cad>0</ns3:cad>
          </ns3:TrackPointExtension>
        </extensions>
      </trkpt>
      <trkpt lat="35.96953625790774822235107421875" lon="-81.1114101111888885498046875">
        <ele>520.20001220703125</ele>
        <time>2026-02-15T13:29:20.000Z</time>
        <extensions>
          <ns3:TrackPointExtension>
            <ns3:hr>123</ns3:hr>
            <ns3:cad>0</ns3:cad>
          </ns3:TrackPointExtension>
        </extensions>
      </trkpt>
      <trkpt lat="35.9695086814463138580322265625" lon="-81.11139468848705291748046875">
        <ele>520</ele>
        <time>2026-02-15T13:29:24.000Z</time>
        <extensions>
          <ns3:TrackPointExtension>
            <ns3:hr>124</ns3:hr>
            <ns3:cad>45</ns3:cad>
          </ns3:TrackPointExtension>
        </extensions>
      </trkpt>
      <trkpt lat="35.96946417354047298431396484375" lon="-81.1113713867962360382080078125">
        <ele>519.4000244140625</ele>
        <time>2026-02-15T13:29:31.000Z</time>
        <extensions>
          <ns3:TrackPointExtension>
            <ns3:hr>123</ns3:hr>
            <ns3:cad>0</ns3:cad>
          </ns3:TrackPointExtension>
        </extensions>
      </trkpt>
      <trkpt lat="35.96940583549439907073974609375" lon="-81.11136225052177906036376953125">
        <ele>518.79998779296875</ele>
        <time>2026-02-15T13:29:39.000Z</time>
        <extensions>
          <ns3:TrackPointExtension>
            <ns3:hr>122</ns3:hr>
            <ns3:cad>0</ns3:cad>
          </ns3:TrackPointExtension>
        </extensions>
      </trkpt>
      <trkpt lat="35.96933576278388500213623046875" lon="-81.11133073456585407257080078125">
        <ele>517.79998779296875</ele>
        <time>2026-02-15T13:29:49.000Z</time>
        <extensions>
          <ns3:TrackPointExtension>
            <ns3:hr>123</ns3:hr>
            <ns3:cad>47</ns3:cad>
          </ns3:TrackPointExtension>
        </extensions>
      </trkpt>
      <trkpt lat="35.96929888240993022918701171875" lon="-81.11135336570441722869873046875">
        <ele>516.79998779296875</ele>
        <time>2026-02-15T13:29:56.000Z</time>
        <extensions>
          <ns3:TrackPointExtension>
            <ns3:hr>125</ns3:hr>
            <ns3:cad>47</ns3:cad>
          </ns3:TrackPointExtension>
        </extensions>
      </trkpt>
      <trkpt lat="35.96929167397320270538330078125" lon="-81.1113576404750347137451171875">
        <ele>516.79998779296875</ele>
        <time>2026-02-15T13:29:57.000Z</time>
        <extensions>
          <ns3:TrackPointExtension>
            <ns3:hr>125</ns3:hr>
            <ns3:cad>47</ns3:cad>
          </ns3:TrackPointExtension>
        </extensions>
      </trkpt>
      <trkpt lat="35.9692475013434886932373046875" lon="-81.11136493273079395294189453125">
        <ele>515.79998779296875</ele>
        <time>2026-02-15T13:30:05.000Z</time>
        <extensions>
          <ns3:TrackPointExtension>
            <ns3:hr>124</ns3:hr>
            <ns3:cad>0</ns3:cad>
          </ns3:TrackPointExtension>
        </extensions>
      </trkpt>
      <trkpt lat="35.96924205310642719268798828125" lon="-81.11136727966368198394775390625">
        <ele>515.5999755859375</ele>
        <time>2026-02-15T13:30:06.000Z</time>
        <extensions>
          <ns3:TrackPointExtension>
            <ns3:hr>123</ns3:hr>
            <ns3:cad>0</ns3:cad>
          </ns3:TrackPointExtension>
        </extensions>
      </trkpt>
      <trkpt lat="35.9692391194403171539306640625" lon="-81.11136476509273052215576171875">
        <ele>515.20001220703125</ele>
        <time>2026-02-15T13:30:11.000Z</time>
        <extensions>
          <ns3:TrackPointExtension>
            <ns3:hr>122</ns3:hr>
            <ns3:cad>0</ns3:cad>
          </ns3:TrackPointExtension>
        </extensions>
      </trkpt>
      <trkpt lat="35.969215817749500274658203125" lon="-81.11135847866535186767578125">
        <ele>514.5999755859375</ele>
        <time>2026-02-15T13:30:17.000Z</time>
        <extensions>
          <ns3:TrackPointExtension>
            <ns3:hr>123</ns3:hr>
            <ns3:cad>0</ns3:cad>
          </ns3:TrackPointExtension>
        </extensions>
      </trkpt>
      <trkpt lat="35.969215147197246551513671875" lon="-81.11136828549206256866455078125">
        <ele>514.5999755859375</ele>
        <time>2026-02-15T13:30:18.000Z</time>
        <extensions>
          <ns3:TrackPointExtension>
            <ns3:hr>122</ns3:hr>
            <ns3:cad>0</ns3:cad>
          </ns3:TrackPointExtension>
        </extensions>
      </trkpt>
      <trkpt lat="35.96920014359056949615478515625" lon="-81.11141220666468143463134765625">
        <ele>513.79998779296875</ele>
        <time>2026-02-15T13:30:23.000Z</time>
        <extensions>
          <ns3:TrackPointExtension>
            <ns3:hr>123</ns3:hr>
            <ns3:cad>0</ns3:cad>
          </ns3:TrackPointExtension>
        </extensions>
      </trkpt>
      <trkpt lat="35.9691888280212879180908203125" lon="-81.111423186957836151123046875">
        <ele>513.4000244140625</ele>
        <time>2026-02-15T13:30:25.000Z</time>
        <extensions>
          <ns3:TrackPointExtension>
            <ns3:hr>124</ns3:hr>
            <ns3:cad>0</ns3:cad>
          </ns3:TrackPointExtension>
        </extensions>
      </trkpt>
      <trkpt lat="35.96916611306369304656982421875" lon="-81.11140583641827106475830078125">
        <ele>512.5999755859375</ele>
        <time>2026-02-15T13:30:30.000Z</time>
        <extensions>
          <ns3:TrackPointExtension>
            <ns3:hr>123</ns3:hr>
            <ns3:cad>0</ns3:cad>
          </ns3:TrackPointExtension>
        </extensions>
      </trkpt>
      <trkpt lat="35.96915722824633121490478515625" lon="-81.11139711923897266387939453125">
        <ele>512.20001220703125</ele>
        <time>2026-02-15T13:30:32.000Z</time>
        <extensions>
          <ns3:TrackPointExtension>
            <ns3:hr>123</ns3:hr>
            <ns3:cad>0</ns3:cad>
          </ns3:TrackPointExtension>
        </extensions>
      </trkpt>
      <trkpt lat="35.969133339822292327880859375" lon="-81.1113844625651836395263671875">
        <ele>511.600006103515625</ele>
        <time>2026-02-15T13:30:37.000Z</time>
        <extensions>
          <ns3:TrackPointExtension>
            <ns3:hr>124</ns3:hr>
            <ns3:cad>0</ns3:cad>
          </ns3:TrackPointExtension>
        </extensions>
      </trkpt>
      <trkpt lat="35.9691204316914081573486328125" lon="-81.11136727966368198394775390625">
        <ele>511.600006103515625</ele>
        <time>2026-02-15T13:30:41.000Z</time>
        <extensions>
          <ns3:TrackPointExtension>
            <ns3:hr>127</ns3:hr>
            <ns3:cad>0</ns3:cad>
          </ns3:TrackPointExtension>
        </extensions>
      </trkpt>
      <trkpt lat="35.96911967732012271881103515625" lon="-81.11135579645633697509765625">
        <ele>511.399993896484375</ele>
        <time>2026-02-15T13:30:43.000Z</time>
        <extensions>
          <ns3:TrackPointExtension>
            <ns3:hr>128</ns3:hr>
            <ns3:cad>0</ns3:cad>
          </ns3:TrackPointExtension>
        </extensions>
      </trkpt>
      <trkpt lat="35.9690974652767181396484375" lon="-81.11133626662194728851318359375">
        <ele>511.20001220703125</ele>
        <time>2026-02-15T13:30:49.000Z</time>
        <extensions>
          <ns3:TrackPointExtension>
            <ns3:hr>128</ns3:hr>
            <ns3:cad>0</ns3:cad>
          </ns3:TrackPointExtension>
        </extensions>
      </trkpt>
      <trkpt lat="35.969084389507770538330078125" lon="-81.111331991851329803466796875">
        <ele>511</ele>
        <time>2026-02-15T13:30:51.000Z</time>
        <extensions>
          <ns3:TrackPointExtension>
            <ns3:hr>129</ns3:hr>
            <ns3:cad>0</ns3:cad>
          </ns3:TrackPointExtension>
        </extensions>
      </trkpt>
      <trkpt lat="35.9690701402723789215087890625" lon="-81.111313216388225555419921875">
        <ele>510.399993896484375</ele>
        <time>2026-02-15T13:30:57.000Z</time>
        <extensions>
          <ns3:TrackPointExtension>
            <ns3:hr>128</ns3:hr>
            <ns3:cad>50</ns3:cad>
          </ns3:TrackPointExtension>
        </extensions>
      </trkpt>
      <trkpt lat="35.96907055936753749847412109375" lon="-81.11130910925567150115966796875">
        <ele>510.20001220703125</ele>
        <time>2026-02-15T13:30:58.000Z</time>
        <extensions>
          <ns3:TrackPointExtension>
            <ns3:hr>129</ns3:hr>
            <ns3:cad>50</ns3:cad>
          </ns3:TrackPointExtension>
        </extensions>
      </trkpt>
      <trkpt lat="35.96907676197588443756103515625" lon="-81.11131715588271617889404296875">
        <ele>510</ele>
        <time>2026-02-15T13:31:05.000Z</time>
        <extensions>
          <ns3:TrackPointExtension>
            <ns3:hr>128</ns3:hr>
            <ns3:cad>0</ns3:cad>
          </ns3:TrackPointExtension>
        </extensions>
      </trkpt>
      <trkpt lat="35.96906234510242938995361328125" lon="-81.11132168211042881011962890625">
        <ele>510.399993896484375</ele>
        <time>2026-02-15T13:31:22.000Z</time>
        <extensions>
          <ns3:TrackPointExtension>
            <ns3:hr>127</ns3:hr>
            <ns3:cad>0</ns3:cad>
          </ns3:TrackPointExtension>
        </extensions>
      </trkpt>
      <trkpt lat="35.9690842218697071075439453125" lon="-81.1113492585718631744384765625">
        <ele>510.399993896484375</ele>
        <time>2026-02-15T13:31:28.000Z</time>
        <extensions>
          <ns3:TrackPointExtension>
            <ns3:hr>127</ns3:hr>
            <ns3:cad>64</ns3:cad>
          </ns3:TrackPointExtension>
        </extensions>
      </trkpt>
      <trkpt lat="35.96910140477120876312255859375" lon="-81.11132469959557056427001953125">
        <ele>511.20001220703125</ele>
        <time>2026-02-15T13:31:34.000Z</time>
        <extensions>
          <ns3:TrackPointExtension>
            <ns3:hr>127</ns3:hr>
            <ns3:cad>0</ns3:cad>
          </ns3:TrackPointExtension>
        </extensions>
      </trkpt>
      <trkpt lat="35.96909469924867153167724609375" lon="-81.11127843149006366729736328125">
        <ele>511.20001220703125</ele>
        <time>2026-02-15T13:31:39.000Z</time>
        <extensions>
          <ns3:TrackPointExtension>
            <ns3:hr>127</ns3:hr>
            <ns3:cad>0</ns3:cad>
          </ns3:TrackPointExtension>
        </extensions>
      </trkpt>
      <trkpt lat="35.96909545361995697021484375" lon="-81.11124674789607524871826171875">
        <ele>511.600006103515625</ele>
        <time>2026-02-15T13:31:46.000Z</time>
        <extensions>
          <ns3:TrackPointExtension>
            <ns3:hr>128</ns3:hr>
            <ns3:cad>0</ns3:cad>
          </ns3:TrackPointExtension>
        </extensions>
      </trkpt>
      <trkpt lat="35.969100482761859893798828125" lon="-81.11121137626469135284423828125">
        <ele>511.79998779296875</ele>
        <time>2026-02-15T13:31:51.000Z</time>
        <extensions>
          <ns3:TrackPointExtension>
            <ns3:hr>131</ns3:hr>
            <ns3:cad>0</ns3:cad>
          </ns3:TrackPointExtension>
        </extensions>
      </trkpt>
      <trkpt lat="35.96908212639391422271728515625" lon="-81.11116074956953525543212890625">
        <ele>512.20001220703125</ele>
        <time>2026-02-15T13:31:57.000Z</time>
        <extensions>
          <ns3:TrackPointExtension>
            <ns3:hr>131</ns3:hr>
            <ns3:cad>0</ns3:cad>
          </ns3:TrackPointExtension>
        </extensions>
      </trkpt>
      <trkpt lat="35.969064272940158843994140625" lon="-81.11113627441227436065673828125">
        <ele>511.79998779296875</ele>
        <time>2026-02-15T13:32:01.000Z</time>
        <extensions>
          <ns3:TrackPointExtension>
            <ns3:hr>134</ns3:hr>
            <ns3:cad>0</ns3:cad>
          </ns3:TrackPointExtension>
        </extensions>
      </trkpt>
      <trkpt lat="35.96907173283398151397705078125" lon="-81.11112437210977077484130859375">
        <ele>511.399993896484375</ele>
        <time>2026-02-15T13:32:04.000Z</time>
        <extensions>
          <ns3:TrackPointExtension>
            <ns3:hr>135</ns3:hr>
            <ns3:cad>0</ns3:cad>
          </ns3:TrackPointExtension>
        </extensions>
      </trkpt>
      <trkpt lat="35.9690701402723789215087890625" lon="-81.11111364327371120452880859375">
        <ele>511.20001220703125</ele>
        <time>2026-02-15T13:32:10.000Z</time>
        <extensions>
          <ns3:TrackPointExtension>
            <ns3:hr>135</ns3:hr>
            <ns3:cad>0</ns3:cad>
          </ns3:TrackPointExtension>
        </extensions>
      </trkpt>
      <trkpt lat="35.9690677933394908905029296875" lon="-81.11111565493047237396240234375">
        <ele>511.399993896484375</ele>
        <time>2026-02-15T13:32:14.000Z</time>
        <extensions>
          <ns3:TrackPointExtension>
            <ns3:hr>131</ns3:hr>
            <ns3:cad>0</ns3:cad>
          </ns3:TrackPointExtension>
        </extensions>
      </trkpt>
      <trkpt lat="35.96903971396386623382568359375" lon="-81.111105345189571380615234375">
        <ele>511.600006103515625</ele>
        <time>2026-02-15T13:32:18.000Z</time>
        <extensions>
          <ns3:TrackPointExtension>
            <ns3:hr>129</ns3:hr>
            <ns3:cad>0</ns3:cad>
          </ns3:TrackPointExtension>
        </extensions>
      </trkpt>
      <trkpt lat="35.969015993177890777587890625" lon="-81.111100651323795318603515625">
        <ele>511.20001220703125</ele>
        <time>2026-02-15T13:32:25.000Z</time>
        <extensions>
          <ns3:TrackPointExtension>
            <ns3:hr>129</ns3:hr>
            <ns3:cad>0</ns3:cad>
          </ns3:TrackPointExtension>
        </extensions>
      </trkpt>
      <trkpt lat="35.96900769509375095367431640625" lon="-81.11113644205033779144287109375">
        <ele>510.79998779296875</ele>
        <time>2026-02-15T13:32:30.000Z</time>
        <extensions>
          <ns3:TrackPointExtension>
            <ns3:hr>132</ns3:hr>
            <ns3:cad>0</ns3:cad>
          </ns3:TrackPointExtension>
        </extensions>
      </trkpt>
      <trkpt lat="35.96900551579892635345458984375" lon="-81.11114323139190673828125">
        <ele>510.600006103515625</ele>
        <time>2026-02-15T13:32:31.000Z</time>
        <extensions>
          <ns3:TrackPointExtension>
            <ns3:hr>136</ns3:hr>
            <ns3:cad>0</ns3:cad>
          </ns3:TrackPointExtension>
        </extensions>
      </trkpt>
      <trkpt lat="35.969007275998592376708984375" lon="-81.111159659922122955322265625">
        <ele>510.600006103515625</ele>
        <time>2026-02-15T13:32:32.000Z</time>
        <extensions>
          <ns3:TrackPointExtension>
            <ns3:hr>137</ns3:hr>
            <ns3:cad>0</ns3:cad>
          </ns3:TrackPointExtension>
        </extensions>
      </trkpt>
      <trkpt lat="35.9690010733902454376220703125" lon="-81.11118338070809841156005859375">
        <ele>510.20001220703125</ele>
        <time>2026-02-15T13:32:35.000Z</time>
        <extensions>
          <ns3:TrackPointExtension>
            <ns3:hr>136</ns3:hr>
            <ns3:cad>0</ns3:cad>
          </ns3:TrackPointExtension>
        </extensions>
      </trkpt>
      <trkpt lat="35.96898774616420269012451171875" lon="-81.1111859790980815887451171875">
        <ele>509.600006103515625</ele>
        <time>2026-02-15T13:32:38.000Z</time>
        <extensions>
          <ns3:TrackPointExtension>
            <ns3:hr>134</ns3:hr>
            <ns3:cad>69</ns3:cad>
          </ns3:TrackPointExtension>
        </extensions>
      </trkpt>
      <trkpt lat="35.96897835843265056610107421875" lon="-81.1111812852323055267333984375">
        <ele>509.600006103515625</ele>
        <time>2026-02-15T13:32:39.000Z</time>
        <extensions>
          <ns3:TrackPointExtension>
            <ns3:hr>134</ns3:hr>
            <ns3:cad>75</ns3:cad>
          </ns3:TrackPointExtension>
        </extensions>
      </trkpt>
      <trkpt lat="35.96896980889141559600830078125" lon="-81.1111874878406524658203125">
        <ele>509.20001220703125</ele>
        <time>2026-02-15T13:32:42.000Z</time>
        <extensions>
          <ns3:TrackPointExtension>
            <ns3:hr>133</ns3:hr>
            <ns3:cad>75</ns3:cad>
          </ns3:TrackPointExtension>
        </extensions>
      </trkpt>
      <trkpt lat="35.96896964125335216522216796875" lon="-81.111184470355510711669921875">
        <ele>509</ele>
        <time>2026-02-15T13:32:43.000Z</time>
        <extensions>
          <ns3:TrackPointExtension>
            <ns3:hr>133</ns3:hr>
            <ns3:cad>75</ns3:cad>
          </ns3:TrackPointExtension>
        </extensions>
      </trkpt>
      <trkpt lat="35.968971736729145050048828125" lon="-81.11117701046168804168701171875">
        <ele>508.79998779296875</ele>
        <time>2026-02-15T13:32:44.000Z</time>
        <extensions>
          <ns3:TrackPointExtension>
            <ns3:hr>133</ns3:hr>
            <ns3:cad>0</ns3:cad>
          </ns3:TrackPointExtension>
        </extensions>
      </trkpt>
      <trkpt lat="35.968983471393585205078125" lon="-81.11118203960359096527099609375">
        <ele>508.399993896484375</ele>
        <time>2026-02-15T13:32:48.000Z</time>
        <extensions>
          <ns3:TrackPointExtension>
            <ns3:hr>133</ns3:hr>
            <ns3:cad>0</ns3:cad>
          </ns3:TrackPointExtension>
        </extensions>
      </trkpt>
      <trkpt lat="35.9689879976212978363037109375" lon="-81.11119779758155345916748046875">
        <ele>508.79998779296875</ele>
        <time>2026-02-15T13:32:55.000Z</time>
        <extensions>
          <ns3:TrackPointExtension>
            <ns3:hr>131</ns3:hr>
            <ns3:cad>75</ns3:cad>
          </ns3:TrackPointExtension>
        </extensions>
      </trkpt>
      <trkpt lat="35.96899311058223247528076171875" lon="-81.1112225241959095001220703125">
        <ele>508.79998779296875</ele>
        <time>2026-02-15T13:32:59.000Z</time>
        <extensions>
          <ns3:TrackPointExtension>
            <ns3:hr>126</ns3:hr>
            <ns3:cad>75</ns3:cad>
          </ns3:TrackPointExtension>
        </extensions>
      </trkpt>
      <trkpt lat="35.96899478696286678314208984375" lon="-81.11123082228004932403564453125">
        <ele>508.79998779296875</ele>
        <time>2026-02-15T13:33:02.000Z</time>
        <extensions>
          <ns3:TrackPointExtension>
            <ns3:hr>126</ns3:hr>
            <ns3:cad>0</ns3:cad>
          </ns3:TrackPointExtension>
        </extensions>
      </trkpt>
      <trkpt lat="35.96901725046336650848388671875" lon="-81.1112600751221179962158203125">
        <ele>509.600006103515625</ele>
        <time>2026-02-15T13:33:07.000Z</time>
        <extensions>
          <ns3:TrackPointExtension>
            <ns3:hr>131</ns3:hr>
            <ns3:cad>0</ns3:cad>
          </ns3:TrackPointExtension>
        </extensions>
      </trkpt>
      <trkpt lat="35.96901901066303253173828125" lon="-81.1112811975181102752685546875">
        <ele>509.79998779296875</ele>
        <time>2026-02-15T13:33:09.000Z</time>
        <extensions>
          <ns3:TrackPointExtension>
            <ns3:hr>132</ns3:hr>
            <ns3:cad>70</ns3:cad>
          </ns3:TrackPointExtension>
        </extensions>
      </trkpt>
      <trkpt lat="35.9690185077488422393798828125" lon="-81.111296452581882476806640625">
        <ele>509.600006103515625</ele>
        <time>2026-02-15T13:33:16.000Z</time>
        <extensions>
          <ns3:TrackPointExtension>
            <ns3:hr>134</ns3:hr>
            <ns3:cad>0</ns3:cad>
          </ns3:TrackPointExtension>
        </extensions>
      </trkpt>
      <trkpt lat="35.96901926212012767791748046875" lon="-81.11129452474415302276611328125">
        <ele>508.399993896484375</ele>
        <time>2026-02-15T13:33:22.000Z</time>
        <extensions>
          <ns3:TrackPointExtension>
            <ns3:hr>131</ns3:hr>
            <ns3:cad>65</ns3:cad>
          </ns3:TrackPointExtension>
        </extensions>
      </trkpt>
      <trkpt lat="35.969018004834651947021484375" lon="-81.1112987995147705078125">
        <ele>508.399993896484375</ele>
        <time>2026-02-15T13:33:23.000Z</time>
        <extensions>
          <ns3:TrackPointExtension>
            <ns3:hr>130</ns3:hr>
            <ns3:cad>65</ns3:cad>
          </ns3:TrackPointExtension>
        </extensions>
      </trkpt>
      <trkpt lat="35.96903719939291477203369140625" lon="-81.11135386861860752105712890625">
        <ele>509.399993896484375</ele>
        <time>2026-02-15T13:33:29.000Z</time>
        <extensions>
          <ns3:TrackPointExtension>
            <ns3:hr>129</ns3:hr>
            <ns3:cad>0</ns3:cad>
          </ns3:TrackPointExtension>
        </extensions>
      </trkpt>
      <trkpt lat="35.96904709003865718841552734375" lon="-81.11139041371643543243408203125">
        <ele>509</ele>
        <time>2026-02-15T13:33:34.000Z</time>
        <extensions>
          <ns3:TrackPointExtension>
            <ns3:hr>130</ns3:hr>
            <ns3:cad>43</ns3:cad>
          </ns3:TrackPointExtension>
        </extensions>
      </trkpt>
      <trkpt lat="35.969050191342830657958984375" lon="-81.11144506372511386871337890625">
        <ele>508.600006103515625</ele>
        <time>2026-02-15T13:33:41.000Z</time>
        <extensions>
          <ns3:TrackPointExtension>
            <ns3:hr>131</ns3:hr>
            <ns3:cad>0</ns3:cad>
          </ns3:TrackPointExtension>
        </extensions>
      </trkpt>
      <trkpt lat="35.96906636841595172882080078125" lon="-81.1114595644176006317138671875">
        <ele>508.399993896484375</ele>
        <time>2026-02-15T13:33:46.000Z</time>
        <extensions>
          <ns3:TrackPointExtension>
            <ns3:hr>132</ns3:hr>
            <ns3:cad>0</ns3:cad>
          </ns3:TrackPointExtension>
        </extensions>
      </trkpt>
      <trkpt lat="35.96906234510242938995361328125" lon="-81.11148722469806671142578125">
        <ele>508.600006103515625</ele>
        <time>2026-02-15T13:33:55.000Z</time>
        <extensions>
          <ns3:TrackPointExtension>
            <ns3:hr>132</ns3:hr>
            <ns3:cad>0</ns3:cad>
          </ns3:TrackPointExtension>
        </extensions>
      </trkpt>
      <trkpt lat="35.96905052661895751953125" lon="-81.1114904098212718963623046875">
        <ele>507.79998779296875</ele>
        <time>2026-02-15T13:33:59.000Z</time>
        <extensions>
          <ns3:TrackPointExtension>
            <ns3:hr>136</ns3:hr>
            <ns3:cad>0</ns3:cad>
          </ns3:TrackPointExtension>
        </extensions>
      </trkpt>
      <trkpt lat="35.96904449164867401123046875" lon="-81.1114823631942272186279296875">
        <ele>507.399993896484375</ele>
        <time>2026-02-15T13:34:02.000Z</time>
        <extensions>
          <ns3:TrackPointExtension>
            <ns3:hr>136</ns3:hr>
            <ns3:cad>57</ns3:cad>
          </ns3:TrackPointExtension>
        </extensions>
      </trkpt>
      <trkpt lat="35.96903585828840732574462890625" lon="-81.1114649288356304168701171875">
        <ele>506.79998779296875</ele>
        <time>2026-02-15T13:34:05.000Z</time>
        <extensions>
          <ns3:TrackPointExtension>
            <ns3:hr>135</ns3:hr>
            <ns3:cad>57</ns3:cad>
          </ns3:TrackPointExtension>
        </extensions>
      </trkpt>
      <trkpt lat="35.9690309129655361175537109375" lon="-81.11145679838955402374267578125">
        <ele>506.399993896484375</ele>
        <time>2026-02-15T13:34:07.000Z</time>
        <extensions>
          <ns3:TrackPointExtension>
            <ns3:hr>135</ns3:hr>
            <ns3:cad>0</ns3:cad>
          </ns3:TrackPointExtension>
        </extensions>
      </trkpt>
      <trkpt lat="35.96900199539959430694580078125" lon="-81.11145260743796825408935546875">
        <ele>506.20001220703125</ele>
        <time>2026-02-15T13:34:13.000Z</time>
        <extensions>
          <ns3:TrackPointExtension>
            <ns3:hr>134</ns3:hr>
            <ns3:cad>0</ns3:cad>
          </ns3:TrackPointExtension>
        </extensions>
      </trkpt>
      <trkpt lat="35.96898757852613925933837890625" lon="-81.111457385122776031494140625">
        <ele>505.600006103515625</ele>
        <time>2026-02-15T13:34:15.000Z</time>
        <extensions>
          <ns3:TrackPointExtension>
            <ns3:hr>134</ns3:hr>
            <ns3:cad>0</ns3:cad>
          </ns3:TrackPointExtension>
        </extensions>
      </trkpt>
      <trkpt lat="35.9689739160239696502685546875" lon="-81.1114394478499889373779296875">
        <ele>504.600006103515625</ele>
        <time>2026-02-15T13:34:20.000Z</time>
        <extensions>
          <ns3:TrackPointExtension>
            <ns3:hr>134</ns3:hr>
            <ns3:cad>0</ns3:cad>
          </ns3:TrackPointExtension>
        </extensions>
      </trkpt>
      <trkpt lat="35.96898154355585575103759765625" lon="-81.11143483780324459075927734375">
        <ele>505</ele>
        <time>2026-02-15T13:34:25.000Z</time>
        <extensions>
          <ns3:TrackPointExtension>
            <ns3:hr>136</ns3:hr>
            <ns3:cad>0</ns3:cad>
          </ns3:TrackPointExtension>
        </extensions>
      </trkpt>
      <trkpt lat="35.96898187883198261260986328125" lon="-81.11143492162227630615234375">
        <ele>504.600006103515625</ele>
        <time>2026-02-15T13:34:31.000Z</time>
        <extensions>
          <ns3:TrackPointExtension>
            <ns3:hr>136</ns3:hr>
            <ns3:cad>0</ns3:cad>
          </ns3:TrackPointExtension>
        </extensions>
      </trkpt>
      <trkpt lat="35.968990512192249298095703125" lon="-81.11144657246768474578857421875">
        <ele>504.600006103515625</ele>
        <time>2026-02-15T13:34:34.000Z</time>
        <extensions>
          <ns3:TrackPointExtension>
            <ns3:hr>135</ns3:hr>
            <ns3:cad>0</ns3:cad>
          </ns3:TrackPointExtension>
        </extensions>
      </trkpt>
      <trkpt lat="35.9689849801361560821533203125" lon="-81.1114557087421417236328125">
        <ele>504.600006103515625</ele>
        <time>2026-02-15T13:34:36.000Z</time>
        <extensions>
          <ns3:TrackPointExtension>
            <ns3:hr>127</ns3:hr>
            <ns3:cad>0</ns3:cad>
          </ns3:TrackPointExtension>
        </extensions>
      </trkpt>
      <trkpt lat="35.96896813251078128814697265625" lon="-81.11144640482962131500244140625">
        <ele>505</ele>
        <time>2026-02-15T13:34:42.000Z</time>
        <extensions>
          <ns3:TrackPointExtension>
            <ns3:hr>125</ns3:hr>
            <ns3:cad>0</ns3:cad>
          </ns3:TrackPointExtension>
        </extensions>
      </trkpt>
      <trkpt lat="35.9689474292099475860595703125" lon="-81.11140952445566654205322265625">
        <ele>504.399993896484375</ele>
        <time>2026-02-15T13:34:49.000Z</time>
        <extensions>
          <ns3:TrackPointExtension>
            <ns3:hr>126</ns3:hr>
            <ns3:cad>44</ns3:cad>
          </ns3:TrackPointExtension>
        </extensions>
      </trkpt>
      <trkpt lat="35.96897282637655735015869140625" lon="-81.1113985441625118255615234375">
        <ele>505.600006103515625</ele>
        <time>2026-02-15T13:34:54.000Z</time>
        <extensions>
          <ns3:TrackPointExtension>
            <ns3:hr>128</ns3:hr>
            <ns3:cad>0</ns3:cad>
          </ns3:TrackPointExtension>
        </extensions>
      </trkpt>
      <trkpt lat="35.9689799509942531585693359375" lon="-81.11139561049640178680419921875">
        <ele>505.600006103515625</ele>
        <time>2026-02-15T13:34:55.000Z</time>
        <extensions>
          <ns3:TrackPointExtension>
            <ns3:hr>128</ns3:hr>
            <ns3:cad>0</ns3:cad>
          </ns3:TrackPointExtension>
        </extensions>
      </trkpt>
      <trkpt lat="35.9690037555992603302001953125" lon="-81.1114039085805416107177734375">
        <ele>506.79998779296875</ele>
        <time>2026-02-15T13:35:01.000Z</time>
        <extensions>
          <ns3:TrackPointExtension>
            <ns3:hr>128</ns3:hr>
            <ns3:cad>0</ns3:cad>
          </ns3:TrackPointExtension>
        </extensions>
      </trkpt>
      <trkpt lat="35.96901842392981052398681640625" lon="-81.1113739013671875">
        <ele>507.600006103515625</ele>
        <time>2026-02-15T13:35:05.000Z</time>
        <extensions>
          <ns3:TrackPointExtension>
            <ns3:hr>133</ns3:hr>
            <ns3:cad>0</ns3:cad>
          </ns3:TrackPointExtension>
        </extensions>
      </trkpt>
      <trkpt lat="35.969015993177890777587890625" lon="-81.11137147061526775360107421875">
        <ele>507.600006103515625</ele>
        <time>2026-02-15T13:35:06.000Z</time>
        <extensions>
          <ns3:TrackPointExtension>
            <ns3:hr>138</ns3:hr>
            <ns3:cad>0</ns3:cad>
          </ns3:TrackPointExtension>
        </extensions>
      </trkpt>
      <trkpt lat="35.9690148197114467620849609375" lon="-81.11135923303663730621337890625">
        <ele>507.79998779296875</ele>
        <time>2026-02-15T13:35:07.000Z</time>
        <extensions>
          <ns3:TrackPointExtension>
            <ns3:hr>140</ns3:hr>
            <ns3:cad>0</ns3:cad>
          </ns3:TrackPointExtension>
        </extensions>
      </trkpt>
      <trkpt lat="35.969001241028308868408203125" lon="-81.11134062521159648895263671875">
        <ele>507.79998779296875</ele>
        <time>2026-02-15T13:35:10.000Z</time>
        <extensions>
          <ns3:TrackPointExtension>
            <ns3:hr>141</ns3:hr>
            <ns3:cad>0</ns3:cad>
          </ns3:TrackPointExtension>
        </extensions>
      </trkpt>
      <trkpt lat="35.96898724325001239776611328125" lon="-81.1113274656236171722412109375">
        <ele>507</ele>
        <time>2026-02-15T13:35:16.000Z</time>
        <extensions>
          <ns3:TrackPointExtension>
            <ns3:hr>142</ns3:hr>
            <ns3:cad>0</ns3:cad>
          </ns3:TrackPointExtension>
        </extensions>
      </trkpt>
      <trkpt lat="35.9690091200172901153564453125" lon="-81.11129418946802616119384765625">
        <ele>507.600006103515625</ele>
        <time>2026-02-15T13:35:24.000Z</time>
        <extensions>
          <ns3:TrackPointExtension>
            <ns3:hr>145</ns3:hr>
            <ns3:cad>0</ns3:cad>
          </ns3:TrackPointExtension>
        </extensions>
      </trkpt>
      <trkpt lat="35.96900769509375095367431640625" lon="-81.11129812896251678466796875">
        <ele>507.79998779296875</ele>
        <time>2026-02-15T13:35:29.000Z</time>
        <extensions>
          <ns3:TrackPointExtension>
            <ns3:hr>142</ns3:hr>
            <ns3:cad>0</ns3:cad>
          </ns3:TrackPointExtension>
        </extensions>
      </trkpt>
      <trkpt lat="35.96900769509375095367431640625" lon="-81.11129812896251678466796875">
        <ele>507.79998779296875</ele>
        <time>2026-02-15T13:35:30.000Z</time>
        <extensions>
          <ns3:TrackPointExtension>
            <ns3:hr>137</ns3:hr>
            <ns3:cad>0</ns3:cad>
          </ns3:TrackPointExtension>
        </extensions>
      </trkpt>
      <trkpt lat="35.96900769509375095367431640625" lon="-81.11129812896251678466796875">
        <ele>507.79998779296875</ele>
        <time>2026-02-15T13:35:32.000Z</time>
        <extensions>
          <ns3:TrackPointExtension>
            <ns3:hr>135</ns3:hr>
            <ns3:cad>0</ns3:cad>
          </ns3:TrackPointExtension>
        </extensions>
      </trkpt>
      <trkpt lat="35.96900769509375095367431640625" lon="-81.11129812896251678466796875">
        <ele>507.79998779296875</ele>
        <time>2026-02-15T13:35:39.000Z</time>
        <extensions>
          <ns3:TrackPointExtension>
            <ns3:hr>136</ns3:hr>
            <ns3:cad>0</ns3:cad>
          </ns3:TrackPointExtension>
        </extensions>
      </trkpt>
      <trkpt lat="35.9689755924046039581298828125" lon="-81.1112832091748714447021484375">
        <ele>507.600006103515625</ele>
        <time>2026-02-15T13:35:44.000Z</time>
        <extensions>
          <ns3:TrackPointExtension>
            <ns3:hr>139</ns3:hr>
            <ns3:cad>0</ns3:cad>
          </ns3:TrackPointExtension>
        </extensions>
      </trkpt>
      <trkpt lat="35.9689687192440032958984375" lon="-81.11127088777720928192138671875">
        <ele>507.399993896484375</ele>
        <time>2026-02-15T13:35:45.000Z</time>
        <extensions>
          <ns3:TrackPointExtension>
            <ns3:hr>140</ns3:hr>
            <ns3:cad>0</ns3:cad>
          </ns3:TrackPointExtension>
        </extensions>
      </trkpt>
      <trkpt lat="35.9689470939338207244873046875" lon="-81.1112599074840545654296875">
        <ele>506.79998779296875</ele>
        <time>2026-02-15T13:35:49.000Z</time>
        <extensions>
          <ns3:TrackPointExtension>
            <ns3:hr>144</ns3:hr>
            <ns3:cad>41</ns3:cad>
          </ns3:TrackPointExtension>
        </extensions>
      </trkpt>
      <trkpt lat="35.9689420647919178009033203125" lon="-81.1112573929131031036376953125">
        <ele>506.79998779296875</ele>
        <time>2026-02-15T13:35:50.000Z</time>
        <extensions>
          <ns3:TrackPointExtension>
            <ns3:hr>146</ns3:hr>
            <ns3:cad>41</ns3:cad>
          </ns3:TrackPointExtension>
        </extensions>
      </trkpt>
      <trkpt lat="35.96893728710711002349853515625" lon="-81.11125630326569080352783203125">
        <ele>506.79998779296875</ele>
        <time>2026-02-15T13:35:51.000Z</time>
        <extensions>
          <ns3:TrackPointExtension>
            <ns3:hr>146</ns3:hr>
            <ns3:cad>41</ns3:cad>
          </ns3:TrackPointExtension>
        </extensions>
      </trkpt>
      <trkpt lat="35.9689311683177947998046875" lon="-81.11124716699123382568359375">
        <ele>506.600006103515625</ele>
        <time>2026-02-15T13:35:55.000Z</time>
        <extensions>
          <ns3:TrackPointExtension>
            <ns3:hr>143</ns3:hr>
            <ns3:cad>52</ns3:cad>
          </ns3:TrackPointExtension>
        </extensions>
      </trkpt>
      <trkpt lat="35.9689232893288135528564453125" lon="-81.1112411320209503173828125">
        <ele>506.600006103515625</ele>
        <time>2026-02-15T13:35:57.000Z</time>
        <extensions>
          <ns3:TrackPointExtension>
            <ns3:hr>140</ns3:hr>
            <ns3:cad>52</ns3:cad>
          </ns3:TrackPointExtension>
        </extensions>
      </trkpt>
      <trkpt lat="35.96889923326671123504638671875" lon="-81.1112081073224544525146484375">
        <ele>506</ele>
        <time>2026-02-15T13:36:05.000Z</time>
        <extensions>
          <ns3:TrackPointExtension>
            <ns3:hr>139</ns3:hr>
            <ns3:cad>0</ns3:cad>
          </ns3:TrackPointExtension>
        </extensions>
      </trkpt>
      <trkpt lat="35.9688854031264781951904296875" lon="-81.1112151481211185455322265625">
        <ele>505.79998779296875</ele>
        <time>2026-02-15T13:36:07.000Z</time>
        <extensions>
          <ns3:TrackPointExtension>
            <ns3:hr>138</ns3:hr>
            <ns3:cad>0</ns3:cad>
          </ns3:TrackPointExtension>
        </extensions>
      </trkpt>
      <trkpt lat="35.96886956132948398590087890625" lon="-81.11127289943397045135498046875">
        <ele>504.600006103515625</ele>
        <time>2026-02-15T13:36:12.000Z</time>
        <extensions>
          <ns3:TrackPointExtension>
            <ns3:hr>136</ns3:hr>
            <ns3:cad>0</ns3:cad>
          </ns3:TrackPointExtension>
        </extensions>
      </trkpt>
      <trkpt lat="35.9688850678503513336181640625" lon="-81.11134951002895832061767578125">
        <ele>504.600006103515625</ele>
        <time>2026-02-15T13:36:19.000Z</time>
        <extensions>
          <ns3:TrackPointExtension>
            <ns3:hr>135</ns3:hr>
            <ns3:cad>47</ns3:cad>
          </ns3:TrackPointExtension>
        </extensions>
      </trkpt>
      <trkpt lat="35.9689219482243061065673828125" lon="-81.111376918852329254150390625">
        <ele>504.600006103515625</ele>
        <time>2026-02-15T13:36:24.000Z</time>
        <extensions>
          <ns3:TrackPointExtension>
            <ns3:hr>134</ns3:hr>
            <ns3:cad>0</ns3:cad>
          </ns3:TrackPointExtension>
        </extensions>
      </trkpt>
      <trkpt lat="35.96892622299492359161376953125" lon="-81.11137214116752147674560546875">
        <ele>504.600006103515625</ele>
        <time>2026-02-15T13:36:25.000Z</time>
        <extensions>
          <ns3:TrackPointExtension>
            <ns3:hr>133</ns3:hr>
            <ns3:cad>0</ns3:cad>
          </ns3:TrackPointExtension>
        </extensions>
      </trkpt>
      <trkpt lat="35.96893460489809513092041015625" lon="-81.1113673634827136993408203125">
        <ele>504.20001220703125</ele>
        <time>2026-02-15T13:36:31.000Z</time>
        <extensions>
          <ns3:TrackPointExtension>
            <ns3:hr>130</ns3:hr>
            <ns3:cad>0</ns3:cad>
          </ns3:TrackPointExtension>
        </extensions>
      </trkpt>
      <trkpt lat="35.96892354078590869903564453125" lon="-81.11137113533914089202880859375">
        <ele>504.600006103515625</ele>
        <time>2026-02-15T13:36:34.000Z</time>
        <extensions>
          <ns3:TrackPointExtension>
            <ns3:hr>130</ns3:hr>
            <ns3:cad>0</ns3:cad>
          </ns3:TrackPointExtension>
        </extensions>
      </trkpt>
      <trkpt lat="35.96890962682664394378662109375" lon="-81.11139460466802120208740234375">
        <ele>504.600006103515625</ele>
        <time>2026-02-15T13:36:39.000Z</time>
        <extensions>
          <ns3:TrackPointExtension>
            <ns3:hr>130</ns3:hr>
            <ns3:cad>0</ns3:cad>
          </ns3:TrackPointExtension>
        </extensions>
      </trkpt>
      <trkpt lat="35.9689239598810672760009765625" lon="-81.11145093105733394622802734375">
        <ele>504.20001220703125</ele>
        <time>2026-02-15T13:36:44.000Z</time>
        <extensions>
          <ns3:TrackPointExtension>
            <ns3:hr>133</ns3:hr>
            <ns3:cad>0</ns3:cad>
          </ns3:TrackPointExtension>
        </extensions>
      </trkpt>
      <trkpt lat="35.96892991103231906890869140625" lon="-81.11147222109138965606689453125">
        <ele>504.20001220703125</ele>
        <time>2026-02-15T13:36:46.000Z</time>
        <extensions>
          <ns3:TrackPointExtension>
            <ns3:hr>133</ns3:hr>
            <ns3:cad>0</ns3:cad>
          </ns3:TrackPointExtension>
        </extensions>
      </trkpt>
      <trkpt lat="35.96892974339425563812255859375" lon="-81.11150055192410945892333984375">
        <ele>504.399993896484375</ele>
        <time>2026-02-15T13:36:51.000Z</time>
        <extensions>
          <ns3:TrackPointExtension>
            <ns3:hr>134</ns3:hr>
            <ns3:cad>0</ns3:cad>
          </ns3:TrackPointExtension>
        </extensions>
      </trkpt>
      <trkpt lat="35.968948937952518463134765625" lon="-81.1115323193371295928955078125">
        <ele>504.20001220703125</ele>
        <time>2026-02-15T13:36:57.000Z</time>
        <extensions>
          <ns3:TrackPointExtension>
            <ns3:hr>134</ns3:hr>
            <ns3:cad>0</ns3:cad>
          </ns3:TrackPointExtension>
        </extensions>
      </trkpt>
      <trkpt lat="35.96897542476654052734375" lon="-81.1115710437297821044921875">
        <ele>504.399993896484375</ele>
        <time>2026-02-15T13:37:03.000Z</time>
        <extensions>
          <ns3:TrackPointExtension>
            <ns3:hr>135</ns3:hr>
            <ns3:cad>0</ns3:cad>
          </ns3:TrackPointExtension>
        </extensions>
      </trkpt>
      <trkpt lat="35.969007275998592376708984375" lon="-81.111601889133453369140625">
        <ele>505.600006103515625</ele>
        <time>2026-02-15T13:37:09.000Z</time>
        <extensions>
          <ns3:TrackPointExtension>
            <ns3:hr>136</ns3:hr>
            <ns3:cad>0</ns3:cad>
          </ns3:TrackPointExtension>
        </extensions>
      </trkpt>
      <trkpt lat="35.96902010031044483184814453125" lon="-81.1116121150553226470947265625">
        <ele>505.600006103515625</ele>
        <time>2026-02-15T13:37:12.000Z</time>
        <extensions>
          <ns3:TrackPointExtension>
            <ns3:hr>136</ns3:hr>
            <ns3:cad>63</ns3:cad>
          </ns3:TrackPointExtension>
        </extensions>
      </trkpt>
      <trkpt lat="35.96903719939291477203369140625" lon="-81.1116255261003971099853515625">
        <ele>505</ele>
        <time>2026-02-15T13:37:16.000Z</time>
        <extensions>
          <ns3:TrackPointExtension>
            <ns3:hr>137</ns3:hr>
            <ns3:cad>0</ns3:cad>
          </ns3:TrackPointExtension>
        </extensions>
      </trkpt>
      <trkpt lat="35.969035439193248748779296875" lon="-81.1116273701190948486328125">
        <ele>505</ele>
        <time>2026-02-15T13:37:23.000Z</time>
        <extensions>
          <ns3:TrackPointExtension>
            <ns3:hr>139</ns3:hr>
            <ns3:cad>0</ns3:cad>
          </ns3:TrackPointExtension>
        </extensions>
      </trkpt>
      <trkpt lat="35.96903267316520214080810546875" lon="-81.11164723522961139678955078125">
        <ele>504.600006103515625</ele>
        <time>2026-02-15T13:37:31.000Z</time>
        <extensions>
          <ns3:TrackPointExtension>
            <ns3:hr>139</ns3:hr>
            <ns3:cad>0</ns3:cad>
          </ns3:TrackPointExtension>
        </extensions>
      </trkpt>
      <trkpt lat="35.96903082914650440216064453125" lon="-81.1116543598473072052001953125">
        <ele>504.20001220703125</ele>
        <time>2026-02-15T13:37:40.000Z</time>
        <extensions>
          <ns3:TrackPointExtension>
            <ns3:hr>138</ns3:hr>
            <ns3:cad>0</ns3:cad>
          </ns3:TrackPointExtension>
        </extensions>
      </trkpt>
      <trkpt lat="35.96905077807605266571044921875" lon="-81.1116563715040683746337890625">
        <ele>505.79998779296875</ele>
        <time>2026-02-15T13:37:47.000Z</time>
        <extensions>
          <ns3:TrackPointExtension>
            <ns3:hr>138</ns3:hr>
            <ns3:cad>75</ns3:cad>
          </ns3:TrackPointExtension>
        </extensions>
      </trkpt>
      <trkpt lat="35.9690577350556850433349609375" lon="-81.1116510070860385894775390625">
        <ele>506.399993896484375</ele>
        <time>2026-02-15T13:37:53.000Z</time>
        <extensions>
          <ns3:TrackPointExtension>
            <ns3:hr>139</ns3:hr>
            <ns3:cad>0</ns3:cad>
          </ns3:TrackPointExtension>
        </extensions>
      </trkpt>
      <trkpt lat="35.96905932761728763580322265625" lon="-81.1116312257945537567138671875">
        <ele>506.399993896484375</ele>
        <time>2026-02-15T13:37:57.000Z</time>
        <extensions>
          <ns3:TrackPointExtension>
            <ns3:hr>142</ns3:hr>
            <ns3:cad>0</ns3:cad>
          </ns3:TrackPointExtension>
        </extensions>
      </trkpt>
      <trkpt lat="35.96906888298690319061279296875" lon="-81.1116449721157550811767578125">
        <ele>506.600006103515625</ele>
        <time>2026-02-15T13:38:01.000Z</time>
        <extensions>
          <ns3:TrackPointExtension>
            <ns3:hr>142</ns3:hr>
            <ns3:cad>0</ns3:cad>
          </ns3:TrackPointExtension>
        </extensions>
      </trkpt>
      <trkpt lat="35.969101153314113616943359375" lon="-81.11166425049304962158203125">
        <ele>506.600006103515625</ele>
        <time>2026-02-15T13:38:08.000Z</time>
        <extensions>
          <ns3:TrackPointExtension>
            <ns3:hr>143</ns3:hr>
            <ns3:cad>0</ns3:cad>
          </ns3:TrackPointExtension>
        </extensions>
      </trkpt>
      <trkpt lat="35.9691026620566844940185546875" lon="-81.11166617833077907562255859375">
        <ele>506.79998779296875</ele>
        <time>2026-02-15T13:38:09.000Z</time>
        <extensions>
          <ns3:TrackPointExtension>
            <ns3:hr>143</ns3:hr>
            <ns3:cad>0</ns3:cad>
          </ns3:TrackPointExtension>
        </extensions>
      </trkpt>
      <trkpt lat="35.969106517732143402099609375" lon="-81.11165226437151432037353515625">
        <ele>507</ele>
        <time>2026-02-15T13:38:13.000Z</time>
        <extensions>
          <ns3:TrackPointExtension>
            <ns3:hr>143</ns3:hr>
            <ns3:cad>0</ns3:cad>
          </ns3:TrackPointExtension>
        </extensions>
      </trkpt>
      <trkpt lat="35.9691113792359828948974609375" lon="-81.111660897731781005859375">
        <ele>507.399993896484375</ele>
        <time>2026-02-15T13:38:24.000Z</time>
        <extensions>
          <ns3:TrackPointExtension>
            <ns3:hr>144</ns3:hr>
            <ns3:cad>0</ns3:cad>
          </ns3:TrackPointExtension>
        </extensions>
      </trkpt>
      <trkpt lat="35.96913971006870269775390625" lon="-81.1116687767207622528076171875">
        <ele>508</ele>
        <time>2026-02-15T13:38:28.000Z</time>
        <extensions>
          <ns3:TrackPointExtension>
            <ns3:hr>143</ns3:hr>
            <ns3:cad>57</ns3:cad>
          </ns3:TrackPointExtension>
        </extensions>
      </trkpt>
      <trkpt lat="35.96913836896419525146484375" lon="-81.11166735179722309112548828125">
        <ele>508</ele>
        <time>2026-02-15T13:38:29.000Z</time>
        <extensions>
          <ns3:TrackPointExtension>
            <ns3:hr>143</ns3:hr>
            <ns3:cad>57</ns3:cad>
          </ns3:TrackPointExtension>
        </extensions>
      </trkpt>
      <trkpt lat="35.96913032233715057373046875" lon="-81.11170272342860698699951171875">
        <ele>508</ele>
        <time>2026-02-15T13:38:39.000Z</time>
        <extensions>
          <ns3:TrackPointExtension>
            <ns3:hr>142</ns3:hr>
            <ns3:cad>0</ns3:cad>
          </ns3:TrackPointExtension>
        </extensions>
      </trkpt>
      <trkpt lat="35.9691174142062664031982421875" lon="-81.11173558048903942108154296875">
        <ele>507.399993896484375</ele>
        <time>2026-02-15T13:38:45.000Z</time>
        <extensions>
          <ns3:TrackPointExtension>
            <ns3:hr>143</ns3:hr>
            <ns3:cad>0</ns3:cad>
          </ns3:TrackPointExtension>
        </extensions>
      </trkpt>
      <trkpt lat="35.96912722103297710418701171875" lon="-81.11177866347134113311767578125">
        <ele>507</ele>
        <time>2026-02-15T13:38:50.000Z</time>
        <extensions>
          <ns3:TrackPointExtension>
            <ns3:hr>142</ns3:hr>
            <ns3:cad>0</ns3:cad>
          </ns3:TrackPointExtension>
        </extensions>
      </trkpt>
      <trkpt lat="35.96912923268973827362060546875" lon="-81.1117804236710071563720703125">
        <ele>506.79998779296875</ele>
        <time>2026-02-15T13:38:51.000Z</time>
        <extensions>
          <ns3:TrackPointExtension>
            <ns3:hr>143</ns3:hr>
            <ns3:cad>0</ns3:cad>
          </ns3:TrackPointExtension>
        </extensions>
      </trkpt>
      <trkpt lat="35.96912990324199199676513671875" lon="-81.11179576255381107330322265625">
        <ele>506.79998779296875</ele>
        <time>2026-02-15T13:38:57.000Z</time>
        <extensions>
          <ns3:TrackPointExtension>
            <ns3:hr>143</ns3:hr>
            <ns3:cad>0</ns3:cad>
          </ns3:TrackPointExtension>
        </extensions>
      </trkpt>
      <trkpt lat="35.9691234491765499114990234375" lon="-81.1118089221417903900146484375">
        <ele>506.399993896484375</ele>
        <time>2026-02-15T13:39:02.000Z</time>
        <extensions>
          <ns3:TrackPointExtension>
            <ns3:hr>142</ns3:hr>
            <ns3:cad>0</ns3:cad>
          </ns3:TrackPointExtension>
        </extensions>
      </trkpt>
      <trkpt lat="35.96913434565067291259765625" lon="-81.11184102483093738555908203125">
        <ele>505.600006103515625</ele>
        <time>2026-02-15T13:39:09.000Z</time>
        <extensions>
          <ns3:TrackPointExtension>
            <ns3:hr>140</ns3:hr>
            <ns3:cad>0</ns3:cad>
          </ns3:TrackPointExtension>
        </extensions>
      </trkpt>
      <trkpt lat="35.96912889741361141204833984375" lon="-81.1118340678513050079345703125">
        <ele>505</ele>
        <time>2026-02-15T13:39:14.000Z</time>
        <extensions>
          <ns3:TrackPointExtension>
            <ns3:hr>139</ns3:hr>
            <ns3:cad>0</ns3:cad>
          </ns3:TrackPointExtension>
        </extensions>
      </trkpt>
      <trkpt lat="35.96912872977554798126220703125" lon="-81.11182945780456066131591796875">
        <ele>504.79998779296875</ele>
        <time>2026-02-15T13:39:19.000Z</time>
        <extensions>
          <ns3:TrackPointExtension>
            <ns3:hr>136</ns3:hr>
            <ns3:cad>0</ns3:cad>
          </ns3:TrackPointExtension>
        </extensions>
      </trkpt>
      <trkpt lat="35.96912252716720104217529296875" lon="-81.1118253506720066070556640625">
        <ele>504.600006103515625</ele>
        <time>2026-02-15T13:39:21.000Z</time>
        <extensions>
          <ns3:TrackPointExtension>
            <ns3:hr>136</ns3:hr>
            <ns3:cad>0</ns3:cad>
          </ns3:TrackPointExtension>
        </extensions>
      </trkpt>
      <trkpt lat="35.96911364234983921051025390625" lon="-81.11182526685297489166259765625">
        <ele>505.20001220703125</ele>
        <time>2026-02-15T13:39:28.000Z</time>
        <extensions>
          <ns3:TrackPointExtension>
            <ns3:hr>134</ns3:hr>
            <ns3:cad>0</ns3:cad>
          </ns3:TrackPointExtension>
        </extensions>
      </trkpt>
      <trkpt lat="35.9691066853702068328857421875" lon="-81.11179140396416187286376953125">
        <ele>504.600006103515625</ele>
        <time>2026-02-15T13:39:35.000Z</time>
        <extensions>
          <ns3:TrackPointExtension>
            <ns3:hr>133</ns3:hr>
            <ns3:cad>0</ns3:cad>
          </ns3:TrackPointExtension>
        </extensions>
      </trkpt>
      <trkpt lat="35.969079695641994476318359375" lon="-81.1117717064917087554931640625">
        <ele>505.20001220703125</ele>
        <time>2026-02-15T13:39:42.000Z</time>
        <extensions>
          <ns3:TrackPointExtension>
            <ns3:hr>133</ns3:hr>
            <ns3:cad>0</ns3:cad>
          </ns3:TrackPointExtension>
        </extensions>
      </trkpt>
      <trkpt lat="35.96907273866236209869384765625" lon="-81.11176944337785243988037109375">
        <ele>504.600006103515625</ele>
        <time>2026-02-15T13:39:45.000Z</time>
        <extensions>
          <ns3:TrackPointExtension>
            <ns3:hr>134</ns3:hr>
            <ns3:cad>0</ns3:cad>
          </ns3:TrackPointExtension>
        </extensions>
      </trkpt>
      <trkpt lat="35.96906586550176143646240234375" lon="-81.11175033263862133026123046875">
        <ele>504</ele>
        <time>2026-02-15T13:39:49.000Z</time>
        <extensions>
          <ns3:TrackPointExtension>
            <ns3:hr>134</ns3:hr>
            <ns3:cad>0</ns3:cad>
          </ns3:TrackPointExtension>
        </extensions>
      </trkpt>
      <trkpt lat="35.96907927654683589935302734375" lon="-81.11171429045498371124267578125">
        <ele>503.79998779296875</ele>
        <time>2026-02-15T13:39:55.000Z</time>
        <extensions>
          <ns3:TrackPointExtension>
            <ns3:hr>136</ns3:hr>
            <ns3:cad>0</ns3:cad>
          </ns3:TrackPointExtension>
        </extensions>
      </trkpt>
      <trkpt lat="35.96908070147037506103515625" lon="-81.11171496100723743438720703125">
        <ele>503.600006103515625</ele>
        <time>2026-02-15T13:39:57.000Z</time>
        <extensions>
          <ns3:TrackPointExtension>
            <ns3:hr>135</ns3:hr>
            <ns3:cad>0</ns3:cad>
          </ns3:TrackPointExtension>
        </extensions>
      </trkpt>
      <trkpt lat="35.9690681286156177520751953125" lon="-81.1117130331695079803466796875">
        <ele>504</ele>
        <time>2026-02-15T13:40:02.000Z</time>
        <extensions>
          <ns3:TrackPointExtension>
            <ns3:hr>134</ns3:hr>
            <ns3:cad>0</ns3:cad>
          </ns3:TrackPointExtension>
        </extensions>
      </trkpt>
      <trkpt lat="35.9690733253955841064453125" lon="-81.11171311698853969573974609375">
        <ele>504</ele>
        <time>2026-02-15T13:40:11.000Z</time>
        <extensions>
          <ns3:TrackPointExtension>
            <ns3:hr>134</ns3:hr>
            <ns3:cad>0</ns3:cad>
          </ns3:TrackPointExtension>
        </extensions>
      </trkpt>
      <trkpt lat="35.96907399594783782958984375" lon="-81.11171227879822254180908203125">
        <ele>504</ele>
        <time>2026-02-15T13:40:23.000Z</time>
        <extensions>
          <ns3:TrackPointExtension>
            <ns3:hr>136</ns3:hr>
            <ns3:cad>0</ns3:cad>
          </ns3:TrackPointExtension>
        </extensions>
      </trkpt>
      <trkpt lat="35.96906536258757114410400390625" lon="-81.111699454486370086669921875">
        <ele>504.600006103515625</ele>
        <time>2026-02-15T13:40:26.000Z</time>
        <extensions>
          <ns3:TrackPointExtension>
            <ns3:hr>136</ns3:hr>
            <ns3:cad>0</ns3:cad>
          </ns3:TrackPointExtension>
        </extensions>
      </trkpt>
      <trkpt lat="35.96903770230710506439208984375" lon="-81.11168864183127880096435546875">
        <ele>504.399993896484375</ele>
        <time>2026-02-15T13:40:32.000Z</time>
        <extensions>
          <ns3:TrackPointExtension>
            <ns3:hr>135</ns3:hr>
            <ns3:cad>0</ns3:cad>
          </ns3:TrackPointExtension>
        </extensions>
      </trkpt>
      <trkpt lat="35.9690035879611968994140625" lon="-81.11169107258319854736328125">
        <ele>503.600006103515625</ele>
        <time>2026-02-15T13:40:38.000Z</time>
        <extensions>
          <ns3:TrackPointExtension>
            <ns3:hr>135</ns3:hr>
            <ns3:cad>0</ns3:cad>
          </ns3:TrackPointExtension>
        </extensions>
      </trkpt>
      <trkpt lat="35.96901121549308300018310546875" lon="-81.1117080040276050567626953125">
        <ele>503.20001220703125</ele>
        <time>2026-02-15T13:40:40.000Z</time>
        <extensions>
          <ns3:TrackPointExtension>
            <ns3:hr>136</ns3:hr>
            <ns3:cad>0</ns3:cad>
          </ns3:TrackPointExtension>
        </extensions>
      </trkpt>
      <trkpt lat="35.969018004834651947021484375" lon="-81.111728958785533905029296875">
        <ele>502.600006103515625</ele>
        <time>2026-02-15T13:40:44.000Z</time>
        <extensions>
          <ns3:TrackPointExtension>
            <ns3:hr>137</ns3:hr>
            <ns3:cad>0</ns3:cad>
          </ns3:TrackPointExtension>
        </extensions>
      </trkpt>
      <trkpt lat="35.96901792101562023162841796875" lon="-81.11173130571842193603515625">
        <ele>502.600006103515625</ele>
        <time>2026-02-15T13:40:45.000Z</time>
        <extensions>
          <ns3:TrackPointExtension>
            <ns3:hr>137</ns3:hr>
            <ns3:cad>0</ns3:cad>
          </ns3:TrackPointExtension>
        </extensions>
      </trkpt>
      <trkpt lat="35.96901641227304935455322265625" lon="-81.11173641867935657501220703125">
        <ele>502.600006103515625</ele>
        <time>2026-02-15T13:40:52.000Z</time>
        <extensions>
          <ns3:TrackPointExtension>
            <ns3:hr>138</ns3:hr>
            <ns3:cad>0</ns3:cad>
          </ns3:TrackPointExtension>
        </extensions>
      </trkpt>
      <trkpt lat="35.9689809568226337432861328125" lon="-81.1117368377745151519775390625">
        <ele>502.20001220703125</ele>
        <time>2026-02-15T13:40:59.000Z</time>
        <extensions>
          <ns3:TrackPointExtension>
            <ns3:hr>138</ns3:hr>
            <ns3:cad>57</ns3:cad>
          </ns3:TrackPointExtension>
        </extensions>
      </trkpt>
      <trkpt lat="35.968985818326473236083984375" lon="-81.11170046031475067138671875">
        <ele>501.600006103515625</ele>
        <time>2026-02-15T13:41:05.000Z</time>
        <extensions>
          <ns3:TrackPointExtension>
            <ns3:hr>137</ns3:hr>
            <ns3:cad>0</ns3:cad>
          </ns3:TrackPointExtension>
        </extensions>
      </trkpt>
      <trkpt lat="35.96898774616420269012451171875" lon="-81.11170339398086071014404296875">
        <ele>501.20001220703125</ele>
        <time>2026-02-15T13:41:06.000Z</time>
        <extensions>
          <ns3:TrackPointExtension>
            <ns3:hr>137</ns3:hr>
            <ns3:cad>0</ns3:cad>
          </ns3:TrackPointExtension>
        </extensions>
      </trkpt>
      <trkpt lat="35.96898950636386871337890625" lon="-81.11166936345398426055908203125">
        <ele>501.79998779296875</ele>
        <time>2026-02-15T13:41:14.000Z</time>
        <extensions>
          <ns3:TrackPointExtension>
            <ns3:hr>137</ns3:hr>
            <ns3:cad>0</ns3:cad>
          </ns3:TrackPointExtension>
        </extensions>
      </trkpt>
      <trkpt lat="35.96895505674183368682861328125" lon="-81.11163617111742496490478515625">
        <ele>501.399993896484375</ele>
        <time>2026-02-15T13:41:21.000Z</time>
        <extensions>
          <ns3:TrackPointExtension>
            <ns3:hr>136</ns3:hr>
            <ns3:cad>49</ns3:cad>
          </ns3:TrackPointExtension>
        </extensions>
      </trkpt>
      <trkpt lat="35.968940220773220062255859375" lon="-81.11163767985999584197998046875">
        <ele>500.79998779296875</ele>
        <time>2026-02-15T13:41:27.000Z</time>
        <extensions>
          <ns3:TrackPointExtension>
            <ns3:hr>136</ns3:hr>
            <ns3:cad>0</ns3:cad>
          </ns3:TrackPointExtension>
        </extensions>
      </trkpt>
      <trkpt lat="35.96891574561595916748046875" lon="-81.1116327345371246337890625">
        <ele>500.399993896484375</ele>
        <time>2026-02-15T13:41:31.000Z</time>
        <extensions>
          <ns3:TrackPointExtension>
            <ns3:hr>136</ns3:hr>
            <ns3:cad>0</ns3:cad>
          </ns3:TrackPointExtension>
        </extensions>
      </trkpt>
      <trkpt lat="35.96890845336019992828369140625" lon="-81.1116315610706806182861328125">
        <ele>500.399993896484375</ele>
        <time>2026-02-15T13:41:33.000Z</time>
        <extensions>
          <ns3:TrackPointExtension>
            <ns3:hr>136</ns3:hr>
            <ns3:cad>0</ns3:cad>
          </ns3:TrackPointExtension>
        </extensions>
      </trkpt>
      <trkpt lat="35.96888531930744647979736328125" lon="-81.11163466237485408782958984375">
        <ele>499.79998779296875</ele>
        <time>2026-02-15T13:41:40.000Z</time>
        <extensions>
          <ns3:TrackPointExtension>
            <ns3:hr>136</ns3:hr>
            <ns3:cad>0</ns3:cad>
          </ns3:TrackPointExtension>
        </extensions>
      </trkpt>
      <trkpt lat="35.96886972896754741668701171875" lon="-81.11166215501725673675537109375">
        <ele>499.20001220703125</ele>
        <time>2026-02-15T13:41:44.000Z</time>
        <extensions>
          <ns3:TrackPointExtension>
            <ns3:hr>135</ns3:hr>
            <ns3:cad>0</ns3:cad>
          </ns3:TrackPointExtension>
        </extensions>
      </trkpt>
      <trkpt lat="35.9688860736787319183349609375" lon="-81.11169911921024322509765625">
        <ele>499</ele>
        <time>2026-02-15T13:41:49.000Z</time>
        <extensions>
          <ns3:TrackPointExtension>
            <ns3:hr>136</ns3:hr>
            <ns3:cad>0</ns3:cad>
          </ns3:TrackPointExtension>
        </extensions>
      </trkpt>
      <trkpt lat="35.9689070284366607666015625" lon="-81.111695431172847747802734375">
        <ele>498.79998779296875</ele>
        <time>2026-02-15T13:41:55.000Z</time>
        <extensions>
          <ns3:TrackPointExtension>
            <ns3:hr>135</ns3:hr>
            <ns3:cad>0</ns3:cad>
          </ns3:TrackPointExtension>
        </extensions>
      </trkpt>
      <trkpt lat="35.96890577115118503570556640625" lon="-81.11169568262994289398193359375">
        <ele>498.79998779296875</ele>
        <time>2026-02-15T13:42:02.000Z</time>
        <extensions>
          <ns3:TrackPointExtension>
            <ns3:hr>128</ns3:hr>
            <ns3:cad>0</ns3:cad>
          </ns3:TrackPointExtension>
        </extensions>
      </trkpt>
      <trkpt lat="35.96890577115118503570556640625" lon="-81.11169568262994289398193359375">
        <ele>498.79998779296875</ele>
        <time>2026-02-15T13:42:04.000Z</time>
        <extensions>
          <ns3:TrackPointExtension>
            <ns3:hr>125</ns3:hr>
            <ns3:cad>0</ns3:cad>
          </ns3:TrackPointExtension>
        </extensions>
      </trkpt>
      <trkpt lat="35.96890577115118503570556640625" lon="-81.11169568262994289398193359375">
        <ele>499</ele>
        <time>2026-02-15T13:42:08.000Z</time>
        <extensions>
          <ns3:TrackPointExtension>
            <ns3:hr>120</ns3:hr>
            <ns3:cad>0</ns3:cad>
          </ns3:TrackPointExtension>
        </extensions>
      </trkpt>
      <trkpt lat="35.96890040673315525054931640625" lon="-81.11169819720089435577392578125">
        <ele>499</ele>
        <time>2026-02-15T13:42:09.000Z</time>
        <extensions>
          <ns3:TrackPointExtension>
            <ns3:hr>120</ns3:hr>
            <ns3:cad>0</ns3:cad>
          </ns3:TrackPointExtension>
        </extensions>
      </trkpt>
      <trkpt lat="35.96889219246804714202880859375" lon="-81.11169802956283092498779296875">
        <ele>499</ele>
        <time>2026-02-15T13:42:10.000Z</time>
        <extensions>
          <ns3:TrackPointExtension>
            <ns3:hr>120</ns3:hr>
            <ns3:cad>0</ns3:cad>
          </ns3:TrackPointExtension>
        </extensions>
      </trkpt>
      <trkpt lat="35.9689043462276458740234375" lon="-81.11173155717551708221435546875">
        <ele>498.600006103515625</ele>
        <time>2026-02-15T13:42:15.000Z</time>
        <extensions>
          <ns3:TrackPointExtension>
            <ns3:hr>119</ns3:hr>
            <ns3:cad>0</ns3:cad>
          </ns3:TrackPointExtension>
        </extensions>
      </trkpt>
      <trkpt lat="35.96891800872981548309326171875" lon="-81.11171253025531768798828125">
        <ele>499.399993896484375</ele>
        <time>2026-02-15T13:42:20.000Z</time>
        <extensions>
          <ns3:TrackPointExtension>
            <ns3:hr>122</ns3:hr>
            <ns3:cad>0</ns3:cad>
          </ns3:TrackPointExtension>
        </extensions>
      </trkpt>
      <trkpt lat="35.96892186440527439117431640625" lon="-81.11170205287635326385498046875">
        <ele>499.399993896484375</ele>
        <time>2026-02-15T13:42:22.000Z</time>
        <extensions>
          <ns3:TrackPointExtension>
            <ns3:hr>123</ns3:hr>
            <ns3:cad>0</ns3:cad>
          </ns3:TrackPointExtension>
        </extensions>
      </trkpt>
      <trkpt lat="35.96892756409943103790283203125" lon="-81.11169903539121150970458984375">
        <ele>499.20001220703125</ele>
        <time>2026-02-15T13:42:27.000Z</time>
        <extensions>
          <ns3:TrackPointExtension>
            <ns3:hr>126</ns3:hr>
            <ns3:cad>0</ns3:cad>
          </ns3:TrackPointExtension>
        </extensions>
      </trkpt>
      <trkpt lat="35.968927480280399322509765625" lon="-81.11169903539121150970458984375">
        <ele>499.399993896484375</ele>
        <time>2026-02-15T13:42:29.000Z</time>
        <extensions>
          <ns3:TrackPointExtension>
            <ns3:hr>126</ns3:hr>
            <ns3:cad>0</ns3:cad>
          </ns3:TrackPointExtension>
        </extensions>
      </trkpt>
      <trkpt lat="35.96892253495752811431884765625" lon="-81.11171378754079341888427734375">
        <ele>499.399993896484375</ele>
        <time>2026-02-15T13:42:34.000Z</time>
        <extensions>
          <ns3:TrackPointExtension>
            <ns3:hr>128</ns3:hr>
            <ns3:cad>0</ns3:cad>
          </ns3:TrackPointExtension>
        </extensions>
      </trkpt>
      <trkpt lat="35.9689377062022686004638671875" lon="-81.111734993755817413330078125">
        <ele>499.600006103515625</ele>
        <time>2026-02-15T13:42:39.000Z</time>
        <extensions>
          <ns3:TrackPointExtension>
            <ns3:hr>130</ns3:hr>
            <ns3:cad>0</ns3:cad>
          </ns3:TrackPointExtension>
        </extensions>
      </trkpt>
      <trkpt lat="35.96894030459225177764892578125" lon="-81.111726947128772735595703125">
        <ele>499.20001220703125</ele>
        <time>2026-02-15T13:42:44.000Z</time>
        <extensions>
          <ns3:TrackPointExtension>
            <ns3:hr>135</ns3:hr>
            <ns3:cad>0</ns3:cad>
          </ns3:TrackPointExtension>
        </extensions>
      </trkpt>
      <trkpt lat="35.96893728710711002349853515625" lon="-81.11171697266399860382080078125">
        <ele>499.399993896484375</ele>
        <time>2026-02-15T13:42:46.000Z</time>
        <extensions>
          <ns3:TrackPointExtension>
            <ns3:hr>136</ns3:hr>
            <ns3:cad>0</ns3:cad>
          </ns3:TrackPointExtension>
        </extensions>
      </trkpt>
      <trkpt lat="35.96895103342831134796142578125" lon="-81.11171496100723743438720703125">
        <ele>500.399993896484375</ele>
        <time>2026-02-15T13:42:57.000Z</time>
        <extensions>
          <ns3:TrackPointExtension>
            <ns3:hr>134</ns3:hr>
            <ns3:cad>65</ns3:cad>
          </ns3:TrackPointExtension>
        </extensions>
      </trkpt>
      <trkpt lat="35.968962348997592926025390625" lon="-81.1117160506546497344970703125">
        <ele>500.79998779296875</ele>
        <time>2026-02-15T13:43:02.000Z</time>
        <extensions>
          <ns3:TrackPointExtension>
            <ns3:hr>133</ns3:hr>
            <ns3:cad>0</ns3:cad>
          </ns3:TrackPointExtension>
        </extensions>
      </trkpt>
      <trkpt lat="35.96897282637655735015869140625" lon="-81.11170624382793903350830078125">
        <ele>501.20001220703125</ele>
        <time>2026-02-15T13:43:05.000Z</time>
        <extensions>
          <ns3:TrackPointExtension>
            <ns3:hr>137</ns3:hr>
            <ns3:cad>0</ns3:cad>
          </ns3:TrackPointExtension>
        </extensions>
      </trkpt>
      <trkpt lat="35.96899562515318393707275390625" lon="-81.11170850694179534912109375">
        <ele>501.399993896484375</ele>
        <time>2026-02-15T13:43:08.000Z</time>
        <extensions>
          <ns3:TrackPointExtension>
            <ns3:hr>138</ns3:hr>
            <ns3:cad>0</ns3:cad>
          </ns3:TrackPointExtension>
        </extensions>
      </trkpt>
      <trkpt lat="35.96900182776153087615966796875" lon="-81.1117132008075714111328125">
        <ele>501.600006103515625</ele>
        <time>2026-02-15T13:43:09.000Z</time>
        <extensions>
          <ns3:TrackPointExtension>
            <ns3:hr>139</ns3:hr>
            <ns3:cad>0</ns3:cad>
          </ns3:TrackPointExtension>
        </extensions>
      </trkpt>
      <trkpt lat="35.96897877752780914306640625" lon="-81.11170540563762187957763671875">
        <ele>502.20001220703125</ele>
        <time>2026-02-15T13:43:17.000Z</time>
        <extensions>
          <ns3:TrackPointExtension>
            <ns3:hr>140</ns3:hr>
            <ns3:cad>0</ns3:cad>
          </ns3:TrackPointExtension>
        </extensions>
      </trkpt>
      <trkpt lat="35.96898355521261692047119140625" lon="-81.1117160506546497344970703125">
        <ele>502.399993896484375</ele>
        <time>2026-02-15T13:43:18.000Z</time>
        <extensions>
          <ns3:TrackPointExtension>
            <ns3:hr>138</ns3:hr>
            <ns3:cad>0</ns3:cad>
          </ns3:TrackPointExtension>
        </extensions>
      </trkpt>
      <trkpt lat="35.9689960442483425140380859375" lon="-81.11172015778720378875732421875">
        <ele>502.600006103515625</ele>
        <time>2026-02-15T13:43:22.000Z</time>
        <extensions>
          <ns3:TrackPointExtension>
            <ns3:hr>137</ns3:hr>
            <ns3:cad>0</ns3:cad>
          </ns3:TrackPointExtension>
        </extensions>
      </trkpt>
      <trkpt lat="35.96900769509375095367431640625" lon="-81.11175008118152618408203125">
        <ele>503.20001220703125</ele>
        <time>2026-02-15T13:43:28.000Z</time>
        <extensions>
          <ns3:TrackPointExtension>
            <ns3:hr>140</ns3:hr>
            <ns3:cad>0</ns3:cad>
          </ns3:TrackPointExtension>
        </extensions>
      </trkpt>
      <trkpt lat="35.969002246856689453125" lon="-81.1117468960583209991455078125">
        <ele>503.399993896484375</ele>
        <time>2026-02-15T13:43:36.000Z</time>
        <extensions>
          <ns3:TrackPointExtension>
            <ns3:hr>141</ns3:hr>
            <ns3:cad>0</ns3:cad>
          </ns3:TrackPointExtension>
        </extensions>
      </trkpt>
      <trkpt lat="35.9690000675618648529052734375" lon="-81.1117827706038951873779296875">
        <ele>503</ele>
        <time>2026-02-15T13:43:42.000Z</time>
        <extensions>
          <ns3:TrackPointExtension>
            <ns3:hr>141</ns3:hr>
            <ns3:cad>0</ns3:cad>
          </ns3:TrackPointExtension>
        </extensions>
      </trkpt>
      <trkpt lat="35.96900149248540401458740234375" lon="-81.1117844469845294952392578125">
        <ele>502.79998779296875</ele>
        <time>2026-02-15T13:43:47.000Z</time>
        <extensions>
          <ns3:TrackPointExtension>
            <ns3:hr>143</ns3:hr>
            <ns3:cad>0</ns3:cad>
          </ns3:TrackPointExtension>
        </extensions>
      </trkpt>
      <trkpt lat="35.9689873270690441131591796875" lon="-81.11178553663194179534912109375">
        <ele>502.399993896484375</ele>
        <time>2026-02-15T13:43:50.000Z</time>
        <extensions>
          <ns3:TrackPointExtension>
            <ns3:hr>149</ns3:hr>
            <ns3:cad>0</ns3:cad>
          </ns3:TrackPointExtension>
        </extensions>
      </trkpt>
      <trkpt lat="35.9689856506884098052978515625" lon="-81.11179475672543048858642578125">
        <ele>502.20001220703125</ele>
        <time>2026-02-15T13:43:51.000Z</time>
        <extensions>
          <ns3:TrackPointExtension>
            <ns3:hr>149</ns3:hr>
            <ns3:cad>0</ns3:cad>
          </ns3:TrackPointExtension>
        </extensions>
      </trkpt>
      <trkpt lat="35.96899059601128101348876953125" lon="-81.11181705258786678314208984375">
        <ele>501.79998779296875</ele>
        <time>2026-02-15T13:43:53.000Z</time>
        <extensions>
          <ns3:TrackPointExtension>
            <ns3:hr>150</ns3:hr>
            <ns3:cad>0</ns3:cad>
          </ns3:TrackPointExtension>
        </extensions>
      </trkpt>
      <trkpt lat="35.96899881027638912200927734375" lon="-81.111832559108734130859375">
        <ele>502</ele>
        <time>2026-02-15T13:43:58.000Z</time>
        <extensions>
          <ns3:TrackPointExtension>
            <ns3:hr>147</ns3:hr>
            <ns3:cad>0</ns3:cad>
          </ns3:TrackPointExtension>
        </extensions>
      </trkpt>
      <trkpt lat="35.96899881027638912200927734375" lon="-81.111832559108734130859375">
        <ele>502.20001220703125</ele>
        <time>2026-02-15T13:43:59.000Z</time>
        <extensions>
          <ns3:TrackPointExtension>
            <ns3:hr>147</ns3:hr>
            <ns3:cad>0</ns3:cad>
          </ns3:TrackPointExtension>
        </extensions>
      </trkpt>
      <trkpt lat="35.96901272423565387725830078125" lon="-81.11184655688703060150146484375">
        <ele>502.600006103515625</ele>
        <time>2026-02-15T13:44:05.000Z</time>
        <extensions>
          <ns3:TrackPointExtension>
            <ns3:hr>146</ns3:hr>
            <ns3:cad>0</ns3:cad>
          </ns3:TrackPointExtension>
        </extensions>
      </trkpt>
      <trkpt lat="35.9690382890403270721435546875" lon="-81.111873798072338104248046875">
        <ele>503.20001220703125</ele>
        <time>2026-02-15T13:44:12.000Z</time>
        <extensions>
          <ns3:TrackPointExtension>
            <ns3:hr>143</ns3:hr>
            <ns3:cad>0</ns3:cad>
          </ns3:TrackPointExtension>
        </extensions>
      </trkpt>
      <trkpt lat="35.9690436534583568572998046875" lon="-81.111914031207561492919921875">
        <ele>503.20001220703125</ele>
        <time>2026-02-15T13:44:17.000Z</time>
        <extensions>
          <ns3:TrackPointExtension>
            <ns3:hr>142</ns3:hr>
            <ns3:cad>0</ns3:cad>
          </ns3:TrackPointExtension>
        </extensions>
      </trkpt>
      <trkpt lat="35.969066619873046875" lon="-81.11192065291106700897216796875">
        <ele>503</ele>
        <time>2026-02-15T13:44:22.000Z</time>
        <extensions>
          <ns3:TrackPointExtension>
            <ns3:hr>143</ns3:hr>
            <ns3:cad>0</ns3:cad>
          </ns3:TrackPointExtension>
        </extensions>
      </trkpt>
      <trkpt lat="35.96907667815685272216796875" lon="-81.11190992407500743865966796875">
        <ele>502.399993896484375</ele>
        <time>2026-02-15T13:44:26.000Z</time>
        <extensions>
          <ns3:TrackPointExtension>
            <ns3:hr>140</ns3:hr>
            <ns3:cad>0</ns3:cad>
          </ns3:TrackPointExtension>
        </extensions>
      </trkpt>
      <trkpt lat="35.96907760016620159149169921875" lon="-81.11190489493310451507568359375">
        <ele>502.20001220703125</ele>
        <time>2026-02-15T13:44:28.000Z</time>
        <extensions>
          <ns3:TrackPointExtension>
            <ns3:hr>139</ns3:hr>
            <ns3:cad>0</ns3:cad>
          </ns3:TrackPointExtension>
        </extensions>
      </trkpt>
      <trkpt lat="35.96908011473715305328369140625" lon="-81.11190070398151874542236328125">
        <ele>502.20001220703125</ele>
        <time>2026-02-15T13:44:36.000Z</time>
        <extensions>
          <ns3:TrackPointExtension>
            <ns3:hr>136</ns3:hr>
            <ns3:cad>0</ns3:cad>
          </ns3:TrackPointExtension>
        </extensions>
      </trkpt>
      <trkpt lat="35.96908011473715305328369140625" lon="-81.11190070398151874542236328125">
        <ele>502.20001220703125</ele>
        <time>2026-02-15T13:44:39.000Z</time>
        <extensions>
          <ns3:TrackPointExtension>
            <ns3:hr>129</ns3:hr>
            <ns3:cad>0</ns3:cad>
          </ns3:TrackPointExtension>
        </extensions>
      </trkpt>
      <trkpt lat="35.96908011473715305328369140625" lon="-81.11190070398151874542236328125">
        <ele>502.20001220703125</ele>
        <time>2026-02-15T13:44:40.000Z</time>
        <extensions>
          <ns3:TrackPointExtension>
            <ns3:hr>117</ns3:hr>
            <ns3:cad>0</ns3:cad>
          </ns3:TrackPointExtension>
        </extensions>
      </trkpt>
      <trkpt lat="35.96908011473715305328369140625" lon="-81.11190070398151874542236328125">
        <ele>502.20001220703125</ele>
        <time>2026-02-15T13:44:41.000Z</time>
        <extensions>
          <ns3:TrackPointExtension>
            <ns3:hr>112</ns3:hr>
            <ns3:cad>0</ns3:cad>
          </ns3:TrackPointExtension>
        </extensions>
      </trkpt>
      <trkpt lat="35.96908011473715305328369140625" lon="-81.11190070398151874542236328125">
        <ele>502.20001220703125</ele>
        <time>2026-02-15T13:44:42.000Z</time>
        <extensions>
          <ns3:TrackPointExtension>
            <ns3:hr>111</ns3:hr>
            <ns3:cad>0</ns3:cad>
          </ns3:TrackPointExtension>
        </extensions>
      </trkpt>
      <trkpt lat="35.96908011473715305328369140625" lon="-81.11190070398151874542236328125">
        <ele>502.20001220703125</ele>
        <time>2026-02-15T13:44:50.000Z</time>
        <extensions>
          <ns3:TrackPointExtension>
            <ns3:hr>114</ns3:hr>
            <ns3:cad>0</ns3:cad>
          </ns3:TrackPointExtension>
        </extensions>
      </trkpt>
      <trkpt lat="35.96908011473715305328369140625" lon="-81.11190070398151874542236328125">
        <ele>502.20001220703125</ele>
        <time>2026-02-15T13:44:53.000Z</time>
        <extensions>
          <ns3:TrackPointExtension>
            <ns3:hr>117</ns3:hr>
            <ns3:cad>0</ns3:cad>
          </ns3:TrackPointExtension>
        </extensions>
      </trkpt>
      <trkpt lat="35.96908011473715305328369140625" lon="-81.11190070398151874542236328125">
        <ele>502.20001220703125</ele>
        <time>2026-02-15T13:45:02.000Z</time>
        <extensions>
          <ns3:TrackPointExtension>
            <ns3:hr>118</ns3:hr>
            <ns3:cad>0</ns3:cad>
          </ns3:TrackPointExtension>
        </extensions>
      </trkpt>
      <trkpt lat="35.96907961182296276092529296875" lon="-81.11191101372241973876953125">
        <ele>502.600006103515625</ele>
        <time>2026-02-15T13:45:13.000Z</time>
        <extensions>
          <ns3:TrackPointExtension>
            <ns3:hr>119</ns3:hr>
            <ns3:cad>0</ns3:cad>
          </ns3:TrackPointExtension>
        </extensions>
      </trkpt>
      <trkpt lat="35.96908480860292911529541015625" lon="-81.1119262687861919403076171875">
        <ele>502.79998779296875</ele>
        <time>2026-02-15T13:45:19.000Z</time>
        <extensions>
          <ns3:TrackPointExtension>
            <ns3:hr>120</ns3:hr>
            <ns3:cad>0</ns3:cad>
          </ns3:TrackPointExtension>
        </extensions>
      </trkpt>
      <trkpt lat="35.9690947830677032470703125" lon="-81.11192802898585796356201171875">
        <ele>503</ele>
        <time>2026-02-15T13:45:29.000Z</time>
        <extensions>
          <ns3:TrackPointExtension>
            <ns3:hr>120</ns3:hr>
            <ns3:cad>0</ns3:cad>
          </ns3:TrackPointExtension>
        </extensions>
      </trkpt>
      <trkpt lat="35.9691090323030948638916015625" lon="-81.1118977703154087066650390625">
        <ele>503.600006103515625</ele>
        <time>2026-02-15T13:45:32.000Z</time>
        <extensions>
          <ns3:TrackPointExtension>
            <ns3:hr>121</ns3:hr>
            <ns3:cad>0</ns3:cad>
          </ns3:TrackPointExtension>
        </extensions>
      </trkpt>
      <trkpt lat="35.96910878084599971771240234375" lon="-81.11189165152609348297119140625">
        <ele>503.79998779296875</ele>
        <time>2026-02-15T13:45:34.000Z</time>
        <extensions>
          <ns3:TrackPointExtension>
            <ns3:hr>121</ns3:hr>
            <ns3:cad>0</ns3:cad>
          </ns3:TrackPointExtension>
        </extensions>
      </trkpt>
      <trkpt lat="35.96910484135150909423828125" lon="-81.11189383082091808319091796875">
        <ele>504</ele>
        <time>2026-02-15T13:45:39.000Z</time>
        <extensions>
          <ns3:TrackPointExtension>
            <ns3:hr>124</ns3:hr>
            <ns3:cad>0</ns3:cad>
          </ns3:TrackPointExtension>
        </extensions>
      </trkpt>
      <trkpt lat="35.96910484135150909423828125" lon="-81.11189383082091808319091796875">
        <ele>503.79998779296875</ele>
        <time>2026-02-15T13:45:41.000Z</time>
        <extensions>
          <ns3:TrackPointExtension>
            <ns3:hr>128</ns3:hr>
            <ns3:cad>0</ns3:cad>
          </ns3:TrackPointExtension>
        </extensions>
      </trkpt>
      <trkpt lat="35.96910484135150909423828125" lon="-81.11189383082091808319091796875">
        <ele>503.79998779296875</ele>
        <time>2026-02-15T13:45:43.000Z</time>
        <extensions>
          <ns3:TrackPointExtension>
            <ns3:hr>131</ns3:hr>
            <ns3:cad>0</ns3:cad>
          </ns3:TrackPointExtension>
        </extensions>
      </trkpt>
      <trkpt lat="35.9690972976386547088623046875" lon="-81.1118982732295989990234375">
        <ele>504</ele>
        <time>2026-02-15T13:45:45.000Z</time>
        <extensions>
          <ns3:TrackPointExtension>
            <ns3:hr>131</ns3:hr>
            <ns3:cad>0</ns3:cad>
          </ns3:TrackPointExtension>
        </extensions>
      </trkpt>
      <trkpt lat="35.96909838728606700897216796875" lon="-81.1119289509952068328857421875">
        <ele>504</ele>
        <time>2026-02-15T13:45:51.000Z</time>
        <extensions>
          <ns3:TrackPointExtension>
            <ns3:hr>129</ns3:hr>
            <ns3:cad>0</ns3:cad>
          </ns3:TrackPointExtension>
        </extensions>
      </trkpt>
      <trkpt lat="35.96909637562930583953857421875" lon="-81.11192719079554080963134765625">
        <ele>504</ele>
        <time>2026-02-15T13:45:55.000Z</time>
        <extensions>
          <ns3:TrackPointExtension>
            <ns3:hr>132</ns3:hr>
            <ns3:cad>0</ns3:cad>
          </ns3:TrackPointExtension>
        </extensions>
      </trkpt>
      <trkpt lat="35.96909545361995697021484375" lon="-81.111918725073337554931640625">
        <ele>504</ele>
        <time>2026-02-15T13:45:57.000Z</time>
        <extensions>
          <ns3:TrackPointExtension>
            <ns3:hr>134</ns3:hr>
            <ns3:cad>0</ns3:cad>
          </ns3:TrackPointExtension>
        </extensions>
      </trkpt>
      <trkpt lat="35.9690949507057666778564453125" lon="-81.11191310919821262359619140625">
        <ele>503.79998779296875</ele>
        <time>2026-02-15T13:45:58.000Z</time>
        <extensions>
          <ns3:TrackPointExtension>
            <ns3:hr>139</ns3:hr>
            <ns3:cad>0</ns3:cad>
          </ns3:TrackPointExtension>
        </extensions>
      </trkpt>
      <trkpt lat="35.96908045001327991485595703125" lon="-81.11191377975046634674072265625">
        <ele>503.20001220703125</ele>
        <time>2026-02-15T13:46:03.000Z</time>
        <extensions>
          <ns3:TrackPointExtension>
            <ns3:hr>141</ns3:hr>
            <ns3:cad>0</ns3:cad>
          </ns3:TrackPointExtension>
        </extensions>
      </trkpt>
      <trkpt lat="35.969078354537487030029296875" lon="-81.11194160766899585723876953125">
        <ele>502.600006103515625</ele>
        <time>2026-02-15T13:46:09.000Z</time>
        <extensions>
          <ns3:TrackPointExtension>
            <ns3:hr>141</ns3:hr>
            <ns3:cad>0</ns3:cad>
          </ns3:TrackPointExtension>
        </extensions>
      </trkpt>
      <trkpt lat="35.969072319567203521728515625" lon="-81.1119423620402812957763671875">
        <ele>502.600006103515625</ele>
        <time>2026-02-15T13:46:11.000Z</time>
        <extensions>
          <ns3:TrackPointExtension>
            <ns3:hr>140</ns3:hr>
            <ns3:cad>0</ns3:cad>
          </ns3:TrackPointExtension>
        </extensions>
      </trkpt>
      <trkpt lat="35.96906150691211223602294921875" lon="-81.111958958208560943603515625">
        <ele>501.79998779296875</ele>
        <time>2026-02-15T13:46:14.000Z</time>
        <extensions>
          <ns3:TrackPointExtension>
            <ns3:hr>137</ns3:hr>
            <ns3:cad>0</ns3:cad>
          </ns3:TrackPointExtension>
        </extensions>
      </trkpt>
      <trkpt lat="35.96906402148306369781494140625" lon="-81.111958287656307220458984375">
        <ele>501.399993896484375</ele>
        <time>2026-02-15T13:46:15.000Z</time>
        <extensions>
          <ns3:TrackPointExtension>
            <ns3:hr>137</ns3:hr>
            <ns3:cad>0</ns3:cad>
          </ns3:TrackPointExtension>
        </extensions>
      </trkpt>
      <trkpt lat="35.96907055936753749847412109375" lon="-81.11195267178118228912353515625">
        <ele>501.20001220703125</ele>
        <time>2026-02-15T13:46:16.000Z</time>
        <extensions>
          <ns3:TrackPointExtension>
            <ns3:hr>137</ns3:hr>
            <ns3:cad>0</ns3:cad>
          </ns3:TrackPointExtension>
        </extensions>
      </trkpt>
      <trkpt lat="35.969072319567203521728515625" lon="-81.111952252686023712158203125">
        <ele>501.20001220703125</ele>
        <time>2026-02-15T13:46:22.000Z</time>
        <extensions>
          <ns3:TrackPointExtension>
            <ns3:hr>135</ns3:hr>
            <ns3:cad>0</ns3:cad>
          </ns3:TrackPointExtension>
        </extensions>
      </trkpt>
      <trkpt lat="35.96907206811010837554931640625" lon="-81.111959628760814666748046875">
        <ele>501.600006103515625</ele>
        <time>2026-02-15T13:46:33.000Z</time>
        <extensions>
          <ns3:TrackPointExtension>
            <ns3:hr>134</ns3:hr>
            <ns3:cad>0</ns3:cad>
          </ns3:TrackPointExtension>
        </extensions>
      </trkpt>
      <trkpt lat="35.96905714832246303558349609375" lon="-81.11195552162826061248779296875">
        <ele>500.600006103515625</ele>
        <time>2026-02-15T13:46:42.000Z</time>
        <extensions>
          <ns3:TrackPointExtension>
            <ns3:hr>131</ns3:hr>
            <ns3:cad>0</ns3:cad>
          </ns3:TrackPointExtension>
        </extensions>
      </trkpt>
      <trkpt lat="35.96905379556119441986083984375" lon="-81.11194797791540622711181640625">
        <ele>500.399993896484375</ele>
        <time>2026-02-15T13:46:43.000Z</time>
        <extensions>
          <ns3:TrackPointExtension>
            <ns3:hr>132</ns3:hr>
            <ns3:cad>0</ns3:cad>
          </ns3:TrackPointExtension>
        </extensions>
      </trkpt>
      <trkpt lat="35.96904491074383258819580078125" lon="-81.11193708144128322601318359375">
        <ele>499.79998779296875</ele>
        <time>2026-02-15T13:46:48.000Z</time>
        <extensions>
          <ns3:TrackPointExtension>
            <ns3:hr>132</ns3:hr>
            <ns3:cad>0</ns3:cad>
          </ns3:TrackPointExtension>
        </extensions>
      </trkpt>
      <trkpt lat="35.96901607699692249298095703125" lon="-81.11192400567233562469482421875">
        <ele>500.20001220703125</ele>
        <time>2026-02-15T13:46:55.000Z</time>
        <extensions>
          <ns3:TrackPointExtension>
            <ns3:hr>132</ns3:hr>
            <ns3:cad>0</ns3:cad>
          </ns3:TrackPointExtension>
        </extensions>
      </trkpt>
      <trkpt lat="35.9690151549875736236572265625" lon="-81.1119517497718334197998046875">
        <ele>499.79998779296875</ele>
        <time>2026-02-15T13:47:03.000Z</time>
        <extensions>
          <ns3:TrackPointExtension>
            <ns3:hr>132</ns3:hr>
            <ns3:cad>0</ns3:cad>
          </ns3:TrackPointExtension>
        </extensions>
      </trkpt>
      <trkpt lat="35.969018675386905670166015625" lon="-81.1119500733911991119384765625">
        <ele>499.20001220703125</ele>
        <time>2026-02-15T13:47:10.000Z</time>
        <extensions>
          <ns3:TrackPointExtension>
            <ns3:hr>132</ns3:hr>
            <ns3:cad>0</ns3:cad>
          </ns3:TrackPointExtension>
        </extensions>
      </trkpt>
      <trkpt lat="35.96902060322463512420654296875" lon="-81.11196038313210010528564453125">
        <ele>498.399993896484375</ele>
        <time>2026-02-15T13:47:17.000Z</time>
        <extensions>
          <ns3:TrackPointExtension>
            <ns3:hr>130</ns3:hr>
            <ns3:cad>0</ns3:cad>
          </ns3:TrackPointExtension>
        </extensions>
      </trkpt>
      <trkpt lat="35.969018675386905670166015625" lon="-81.1119618080556392669677734375">
        <ele>498.399993896484375</ele>
        <time>2026-02-15T13:47:21.000Z</time>
        <extensions>
          <ns3:TrackPointExtension>
            <ns3:hr>124</ns3:hr>
            <ns3:cad>0</ns3:cad>
          </ns3:TrackPointExtension>
        </extensions>
      </trkpt>
      <trkpt lat="35.96901490353047847747802734375" lon="-81.11195619218051433563232421875">
        <ele>498.399993896484375</ele>
        <time>2026-02-15T13:47:25.000Z</time>
        <extensions>
          <ns3:TrackPointExtension>
            <ns3:hr>121</ns3:hr>
            <ns3:cad>0</ns3:cad>
          </ns3:TrackPointExtension>
        </extensions>
      </trkpt>
      <trkpt lat="35.96901507116854190826416015625" lon="-81.11195258796215057373046875">
        <ele>498.600006103515625</ele>
        <time>2026-02-15T13:47:28.000Z</time>
        <extensions>
          <ns3:TrackPointExtension>
            <ns3:hr>123</ns3:hr>
            <ns3:cad>0</ns3:cad>
          </ns3:TrackPointExtension>
        </extensions>
      </trkpt>
      <trkpt lat="35.96900559961795806884765625" lon="-81.11194512806832790374755859375">
        <ele>499.20001220703125</ele>
        <time>2026-02-15T13:47:36.000Z</time>
        <extensions>
          <ns3:TrackPointExtension>
            <ns3:hr>124</ns3:hr>
            <ns3:cad>0</ns3:cad>
          </ns3:TrackPointExtension>
        </extensions>
      </trkpt>
      <trkpt lat="35.9690134786069393157958984375" lon="-81.11193188466131687164306640625">
        <ele>499.20001220703125</ele>
        <time>2026-02-15T13:47:44.000Z</time>
        <extensions>
          <ns3:TrackPointExtension>
            <ns3:hr>123</ns3:hr>
            <ns3:cad>0</ns3:cad>
          </ns3:TrackPointExtension>
        </extensions>
      </trkpt>
      <trkpt lat="35.9690169990062713623046875" lon="-81.1119846068322658538818359375">
        <ele>499.399993896484375</ele>
        <time>2026-02-15T13:47:51.000Z</time>
        <extensions>
          <ns3:TrackPointExtension>
            <ns3:hr>124</ns3:hr>
            <ns3:cad>0</ns3:cad>
          </ns3:TrackPointExtension>
        </extensions>
      </trkpt>
      <trkpt lat="35.96901875920593738555908203125" lon="-81.11199726350605487823486328125">
        <ele>499.20001220703125</ele>
        <time>2026-02-15T13:47:57.000Z</time>
        <extensions>
          <ns3:TrackPointExtension>
            <ns3:hr>125</ns3:hr>
            <ns3:cad>0</ns3:cad>
          </ns3:TrackPointExtension>
        </extensions>
      </trkpt>
      <trkpt lat="35.9690258838236331939697265625" lon="-81.11198435537517070770263671875">
        <ele>498.79998779296875</ele>
        <time>2026-02-15T13:48:03.000Z</time>
        <extensions>
          <ns3:TrackPointExtension>
            <ns3:hr>126</ns3:hr>
            <ns3:cad>0</ns3:cad>
          </ns3:TrackPointExtension>
        </extensions>
      </trkpt>
      <trkpt lat="35.96902529709041118621826171875" lon="-81.11199089325964450836181640625">
        <ele>498.79998779296875</ele>
        <time>2026-02-15T13:48:10.000Z</time>
        <extensions>
          <ns3:TrackPointExtension>
            <ns3:hr>123</ns3:hr>
            <ns3:cad>0</ns3:cad>
          </ns3:TrackPointExtension>
        </extensions>
      </trkpt>
      <trkpt lat="35.9690198488533496856689453125" lon="-81.1120151169598102569580078125">
        <ele>499</ele>
        <time>2026-02-15T13:48:15.000Z</time>
        <extensions>
          <ns3:TrackPointExtension>
            <ns3:hr>123</ns3:hr>
            <ns3:cad>0</ns3:cad>
          </ns3:TrackPointExtension>
        </extensions>
      </trkpt>
      <trkpt lat="35.96901632845401763916015625" lon="-81.11199692822992801666259765625">
        <ele>499.600006103515625</ele>
        <time>2026-02-15T13:48:19.000Z</time>
        <extensions>
          <ns3:TrackPointExtension>
            <ns3:hr>126</ns3:hr>
            <ns3:cad>0</ns3:cad>
          </ns3:TrackPointExtension>
        </extensions>
      </trkpt>
      <trkpt lat="35.969013310968875885009765625" lon="-81.1119953356683254241943359375">
        <ele>499.399993896484375</ele>
        <time>2026-02-15T13:48:20.000Z</time>
        <extensions>
          <ns3:TrackPointExtension>
            <ns3:hr>128</ns3:hr>
            <ns3:cad>0</ns3:cad>
          </ns3:TrackPointExtension>
        </extensions>
      </trkpt>
      <trkpt lat="35.969002582132816314697265625" lon="-81.11199642531573772430419921875">
        <ele>498.79998779296875</ele>
        <time>2026-02-15T13:48:27.000Z</time>
        <extensions>
          <ns3:TrackPointExtension>
            <ns3:hr>129</ns3:hr>
            <ns3:cad>0</ns3:cad>
          </ns3:TrackPointExtension>
        </extensions>
      </trkpt>
      <trkpt lat="35.969002582132816314697265625" lon="-81.11199642531573772430419921875">
        <ele>498.399993896484375</ele>
        <time>2026-02-15T13:48:33.000Z</time>
        <extensions>
          <ns3:TrackPointExtension>
            <ns3:hr>128</ns3:hr>
            <ns3:cad>0</ns3:cad>
          </ns3:TrackPointExtension>
        </extensions>
      </trkpt>
      <trkpt lat="35.96899730153381824493408203125" lon="-81.11197597347199916839599609375">
        <ele>498.399993896484375</ele>
        <time>2026-02-15T13:48:37.000Z</time>
        <extensions>
          <ns3:TrackPointExtension>
            <ns3:hr>131</ns3:hr>
            <ns3:cad>0</ns3:cad>
          </ns3:TrackPointExtension>
        </extensions>
      </trkpt>
      <trkpt lat="35.9689923562109470367431640625" lon="-81.11196868121623992919921875">
        <ele>498.20001220703125</ele>
        <time>2026-02-15T13:48:39.000Z</time>
        <extensions>
          <ns3:TrackPointExtension>
            <ns3:hr>134</ns3:hr>
            <ns3:cad>0</ns3:cad>
          </ns3:TrackPointExtension>
        </extensions>
      </trkpt>
      <trkpt lat="35.96899730153381824493408203125" lon="-81.11197731457650661468505859375">
        <ele>497.399993896484375</ele>
        <time>2026-02-15T13:48:46.000Z</time>
        <extensions>
          <ns3:TrackPointExtension>
            <ns3:hr>136</ns3:hr>
            <ns3:cad>0</ns3:cad>
          </ns3:TrackPointExtension>
        </extensions>
      </trkpt>
      <trkpt lat="35.96899210475385189056396484375" lon="-81.1119358241558074951171875">
        <ele>498.600006103515625</ele>
        <time>2026-02-15T13:48:52.000Z</time>
        <extensions>
          <ns3:TrackPointExtension>
            <ns3:hr>137</ns3:hr>
            <ns3:cad>0</ns3:cad>
          </ns3:TrackPointExtension>
        </extensions>
      </trkpt>
      <trkpt lat="35.96899218857288360595703125" lon="-81.1119054816663265228271484375">
        <ele>499</ele>
        <time>2026-02-15T13:48:58.000Z</time>
        <extensions>
          <ns3:TrackPointExtension>
            <ns3:hr>136</ns3:hr>
            <ns3:cad>0</ns3:cad>
          </ns3:TrackPointExtension>
        </extensions>
      </trkpt>
      <trkpt lat="35.968985818326473236083984375" lon="-81.11187354661524295806884765625">
        <ele>499.20001220703125</ele>
        <time>2026-02-15T13:49:01.000Z</time>
        <extensions>
          <ns3:TrackPointExtension>
            <ns3:hr>135</ns3:hr>
            <ns3:cad>0</ns3:cad>
          </ns3:TrackPointExtension>
        </extensions>
      </trkpt>
      <trkpt lat="35.96897517330944538116455078125" lon="-81.1118387617170810699462890625">
        <ele>499.600006103515625</ele>
        <time>2026-02-15T13:49:06.000Z</time>
        <extensions>
          <ns3:TrackPointExtension>
            <ns3:hr>134</ns3:hr>
            <ns3:cad>0</ns3:cad>
          </ns3:TrackPointExtension>
        </extensions>
      </trkpt>
      <trkpt lat="35.9689628519117832183837890625" lon="-81.1118256859481334686279296875">
        <ele>499.79998779296875</ele>
        <time>2026-02-15T13:49:14.000Z</time>
        <extensions>
          <ns3:TrackPointExtension>
            <ns3:hr>135</ns3:hr>
            <ns3:cad>0</ns3:cad>
          </ns3:TrackPointExtension>
        </extensions>
      </trkpt>
      <trkpt lat="35.96895405091345310211181640625" lon="-81.1118042282760143280029296875">
        <ele>499.399993896484375</ele>
        <time>2026-02-15T13:49:19.000Z</time>
        <extensions>
          <ns3:TrackPointExtension>
            <ns3:hr>138</ns3:hr>
            <ns3:cad>0</ns3:cad>
          </ns3:TrackPointExtension>
        </extensions>
      </trkpt>
      <trkpt lat="35.9689534641802310943603515625" lon="-81.11180397681891918182373046875">
        <ele>499.20001220703125</ele>
        <time>2026-02-15T13:49:20.000Z</time>
        <extensions>
          <ns3:TrackPointExtension>
            <ns3:hr>138</ns3:hr>
            <ns3:cad>0</ns3:cad>
          </ns3:TrackPointExtension>
        </extensions>
      </trkpt>
      <trkpt lat="35.968965701758861541748046875" lon="-81.11177866347134113311767578125">
        <ele>499.399993896484375</ele>
        <time>2026-02-15T13:49:25.000Z</time>
        <extensions>
          <ns3:TrackPointExtension>
            <ns3:hr>135</ns3:hr>
            <ns3:cad>0</ns3:cad>
          </ns3:TrackPointExtension>
        </extensions>
      </trkpt>
      <trkpt lat="35.9689651988446712493896484375" lon="-81.111779250204563140869140625">
        <ele>499.600006103515625</ele>
        <time>2026-02-15T13:49:27.000Z</time>
        <extensions>
          <ns3:TrackPointExtension>
            <ns3:hr>134</ns3:hr>
            <ns3:cad>0</ns3:cad>
          </ns3:TrackPointExtension>
        </extensions>
      </trkpt>
      <trkpt lat="35.96895555965602397918701171875" lon="-81.11179844476282596588134765625">
        <ele>500</ele>
        <time>2026-02-15T13:49:35.000Z</time>
        <extensions>
          <ns3:TrackPointExtension>
            <ns3:hr>132</ns3:hr>
            <ns3:cad>43</ns3:cad>
          </ns3:TrackPointExtension>
        </extensions>
      </trkpt>
      <trkpt lat="35.96893141977488994598388671875" lon="-81.1117810942232608795166015625">
        <ele>498.79998779296875</ele>
        <time>2026-02-15T13:49:41.000Z</time>
        <extensions>
          <ns3:TrackPointExtension>
            <ns3:hr>131</ns3:hr>
            <ns3:cad>0</ns3:cad>
          </ns3:TrackPointExtension>
        </extensions>
      </trkpt>
      <trkpt lat="35.9689189307391643524169921875" lon="-81.11176617443561553955078125">
        <ele>498.600006103515625</ele>
        <time>2026-02-15T13:49:47.000Z</time>
        <extensions>
          <ns3:TrackPointExtension>
            <ns3:hr>132</ns3:hr>
            <ns3:cad>0</ns3:cad>
          </ns3:TrackPointExtension>
        </extensions>
      </trkpt>
      <trkpt lat="35.9688984788954257965087890625" lon="-81.1117633245885372161865234375">
        <ele>498.20001220703125</ele>
        <time>2026-02-15T13:49:54.000Z</time>
        <extensions>
          <ns3:TrackPointExtension>
            <ns3:hr>132</ns3:hr>
            <ns3:cad>0</ns3:cad>
          </ns3:TrackPointExtension>
        </extensions>
      </trkpt>
      <trkpt lat="35.96889135427772998809814453125" lon="-81.1117764003574848175048828125">
        <ele>497.20001220703125</ele>
        <time>2026-02-15T13:50:01.000Z</time>
        <extensions>
          <ns3:TrackPointExtension>
            <ns3:hr>130</ns3:hr>
            <ns3:cad>52</ns3:cad>
          </ns3:TrackPointExtension>
        </extensions>
      </trkpt>
      <trkpt lat="35.9688931144773960113525390625" lon="-81.1117807589471340179443359375">
        <ele>496.600006103515625</ele>
        <time>2026-02-15T13:50:09.000Z</time>
        <extensions>
          <ns3:TrackPointExtension>
            <ns3:hr>130</ns3:hr>
            <ns3:cad>0</ns3:cad>
          </ns3:TrackPointExtension>
        </extensions>
      </trkpt>
      <trkpt lat="35.96888330765068531036376953125" lon="-81.1117525957524776458740234375">
        <ele>497.600006103515625</ele>
        <time>2026-02-15T13:50:16.000Z</time>
        <extensions>
          <ns3:TrackPointExtension>
            <ns3:hr>131</ns3:hr>
            <ns3:cad>0</ns3:cad>
          </ns3:TrackPointExtension>
        </extensions>
      </trkpt>
      <trkpt lat="35.96886855550110340118408203125" lon="-81.11171429045498371124267578125">
        <ele>497.399993896484375</ele>
        <time>2026-02-15T13:50:21.000Z</time>
        <extensions>
          <ns3:TrackPointExtension>
            <ns3:hr>130</ns3:hr>
            <ns3:cad>0</ns3:cad>
          </ns3:TrackPointExtension>
        </extensions>
      </trkpt>
      <trkpt lat="35.968868471682071685791015625" lon="-81.11170423217117786407470703125">
        <ele>497.600006103515625</ele>
        <time>2026-02-15T13:50:24.000Z</time>
        <extensions>
          <ns3:TrackPointExtension>
            <ns3:hr>133</ns3:hr>
            <ns3:cad>50</ns3:cad>
          </ns3:TrackPointExtension>
        </extensions>
      </trkpt>
      <trkpt lat="35.96887727268040180206298828125" lon="-81.11171244643628597259521484375">
        <ele>497.600006103515625</ele>
        <time>2026-02-15T13:50:27.000Z</time>
        <extensions>
          <ns3:TrackPointExtension>
            <ns3:hr>136</ns3:hr>
            <ns3:cad>50</ns3:cad>
          </ns3:TrackPointExtension>
        </extensions>
      </trkpt>
      <trkpt lat="35.9688837267458438873291015625" lon="-81.11170859076082706451416015625">
        <ele>497.79998779296875</ele>
        <time>2026-02-15T13:50:28.000Z</time>
        <extensions>
          <ns3:TrackPointExtension>
            <ns3:hr>136</ns3:hr>
            <ns3:cad>50</ns3:cad>
          </ns3:TrackPointExtension>
        </extensions>
      </trkpt>
      <trkpt lat="35.9688988141715526580810546875" lon="-81.11170507036149501800537109375">
        <ele>498.20001220703125</ele>
        <time>2026-02-15T13:50:30.000Z</time>
        <extensions>
          <ns3:TrackPointExtension>
            <ns3:hr>136</ns3:hr>
            <ns3:cad>0</ns3:cad>
          </ns3:TrackPointExtension>
        </extensions>
      </trkpt>
      <trkpt lat="35.96892169676721096038818359375" lon="-81.11169107258319854736328125">
        <ele>499.399993896484375</ele>
        <time>2026-02-15T13:50:35.000Z</time>
        <extensions>
          <ns3:TrackPointExtension>
            <ns3:hr>135</ns3:hr>
            <ns3:cad>0</ns3:cad>
          </ns3:TrackPointExtension>
        </extensions>
      </trkpt>
      <trkpt lat="35.9689239598810672760009765625" lon="-81.1116875521838665008544921875">
        <ele>499.20001220703125</ele>
        <time>2026-02-15T13:50:42.000Z</time>
        <extensions>
          <ns3:TrackPointExtension>
            <ns3:hr>138</ns3:hr>
            <ns3:cad>0</ns3:cad>
          </ns3:TrackPointExtension>
        </extensions>
      </trkpt>
      <trkpt lat="35.968897640705108642578125" lon="-81.1116945929825305938720703125">
        <ele>499.20001220703125</ele>
        <time>2026-02-15T13:50:46.000Z</time>
        <extensions>
          <ns3:TrackPointExtension>
            <ns3:hr>139</ns3:hr>
            <ns3:cad>0</ns3:cad>
          </ns3:TrackPointExtension>
        </extensions>
      </trkpt>
      <trkpt lat="35.96888917498290538787841796875" lon="-81.11167405731976032257080078125">
        <ele>499.20001220703125</ele>
        <time>2026-02-15T13:50:53.000Z</time>
        <extensions>
          <ns3:TrackPointExtension>
            <ns3:hr>140</ns3:hr>
            <ns3:cad>0</ns3:cad>
          </ns3:TrackPointExtension>
        </extensions>
      </trkpt>
      <trkpt lat="35.96889118663966655731201171875" lon="-81.111673973500728607177734375">
        <ele>499</ele>
        <time>2026-02-15T13:50:58.000Z</time>
        <extensions>
          <ns3:TrackPointExtension>
            <ns3:hr>144</ns3:hr>
            <ns3:cad>0</ns3:cad>
          </ns3:TrackPointExtension>
        </extensions>
      </trkpt>
      <trkpt lat="35.96889403648674488067626953125" lon="-81.11165620386600494384765625">
        <ele>499</ele>
        <time>2026-02-15T13:51:05.000Z</time>
        <extensions>
          <ns3:TrackPointExtension>
            <ns3:hr>144</ns3:hr>
            <ns3:cad>0</ns3:cad>
          </ns3:TrackPointExtension>
        </extensions>
      </trkpt>
      <trkpt lat="35.96886704675853252410888671875" lon="-81.11159560270607471466064453125">
        <ele>499.399993896484375</ele>
        <time>2026-02-15T13:51:12.000Z</time>
        <extensions>
          <ns3:TrackPointExtension>
            <ns3:hr>144</ns3:hr>
            <ns3:cad>0</ns3:cad>
          </ns3:TrackPointExtension>
        </extensions>
      </trkpt>
      <trkpt lat="35.96886218525469303131103515625" lon="-81.1115832813084125518798828125">
        <ele>499.399993896484375</ele>
        <time>2026-02-15T13:51:14.000Z</time>
        <extensions>
          <ns3:TrackPointExtension>
            <ns3:hr>144</ns3:hr>
            <ns3:cad>0</ns3:cad>
          </ns3:TrackPointExtension>
        </extensions>
      </trkpt>
      <trkpt lat="35.96883972175419330596923828125" lon="-81.11158386804163455963134765625">
        <ele>498.79998779296875</ele>
        <time>2026-02-15T13:51:19.000Z</time>
        <extensions>
          <ns3:TrackPointExtension>
            <ns3:hr>144</ns3:hr>
            <ns3:cad>53</ns3:cad>
          </ns3:TrackPointExtension>
        </extensions>
      </trkpt>
      <trkpt lat="35.9688290767371654510498046875" lon="-81.1115722171962261199951171875">
        <ele>498.20001220703125</ele>
        <time>2026-02-15T13:51:23.000Z</time>
        <extensions>
          <ns3:TrackPointExtension>
            <ns3:hr>144</ns3:hr>
            <ns3:cad>0</ns3:cad>
          </ns3:TrackPointExtension>
        </extensions>
      </trkpt>
      <trkpt lat="35.96882731653749942779541015625" lon="-81.111572049558162689208984375">
        <ele>498.399993896484375</ele>
        <time>2026-02-15T13:51:24.000Z</time>
        <extensions>
          <ns3:TrackPointExtension>
            <ns3:hr>144</ns3:hr>
            <ns3:cad>0</ns3:cad>
          </ns3:TrackPointExtension>
        </extensions>
      </trkpt>
      <trkpt lat="35.968818180263042449951171875" lon="-81.11154682002961635589599609375">
        <ele>498.20001220703125</ele>
        <time>2026-02-15T13:51:30.000Z</time>
        <extensions>
          <ns3:TrackPointExtension>
            <ns3:hr>143</ns3:hr>
            <ns3:cad>0</ns3:cad>
          </ns3:TrackPointExtension>
        </extensions>
      </trkpt>
      <trkpt lat="35.96879714168608188629150390625" lon="-81.1115135438740253448486328125">
        <ele>498</ele>
        <time>2026-02-15T13:51:36.000Z</time>
        <extensions>
          <ns3:TrackPointExtension>
            <ns3:hr>141</ns3:hr>
            <ns3:cad>0</ns3:cad>
          </ns3:TrackPointExtension>
        </extensions>
      </trkpt>
      <trkpt lat="35.9687928669154644012451171875" lon="-81.1115066707134246826171875">
        <ele>498</ele>
        <time>2026-02-15T13:51:40.000Z</time>
        <extensions>
          <ns3:TrackPointExtension>
            <ns3:hr>140</ns3:hr>
            <ns3:cad>0</ns3:cad>
          </ns3:TrackPointExtension>
        </extensions>
      </trkpt>
      <trkpt lat="35.9687724150717258453369140625" lon="-81.11146467737853527069091796875">
        <ele>498.399993896484375</ele>
        <time>2026-02-15T13:51:47.000Z</time>
        <extensions>
          <ns3:TrackPointExtension>
            <ns3:hr>140</ns3:hr>
            <ns3:cad>0</ns3:cad>
          </ns3:TrackPointExtension>
        </extensions>
      </trkpt>
      <trkpt lat="35.9687854908406734466552734375" lon="-81.111434586346149444580078125">
        <ele>498.79998779296875</ele>
        <time>2026-02-15T13:51:53.000Z</time>
        <extensions>
          <ns3:TrackPointExtension>
            <ns3:hr>138</ns3:hr>
            <ns3:cad>0</ns3:cad>
          </ns3:TrackPointExtension>
        </extensions>
      </trkpt>
      <trkpt lat="35.96881809644401073455810546875" lon="-81.11145696602761745452880859375">
        <ele>499.20001220703125</ele>
        <time>2026-02-15T13:51:59.000Z</time>
        <extensions>
          <ns3:TrackPointExtension>
            <ns3:hr>136</ns3:hr>
            <ns3:cad>0</ns3:cad>
          </ns3:TrackPointExtension>
        </extensions>
      </trkpt>
      <trkpt lat="35.968790352344512939453125" lon="-81.11142461188137531280517578125">
        <ele>499</ele>
        <time>2026-02-15T13:52:05.000Z</time>
        <extensions>
          <ns3:TrackPointExtension>
            <ns3:hr>135</ns3:hr>
            <ns3:cad>0</ns3:cad>
          </ns3:TrackPointExtension>
        </extensions>
      </trkpt>
      <trkpt lat="35.968768894672393798828125" lon="-81.11141053028404712677001953125">
        <ele>498.79998779296875</ele>
        <time>2026-02-15T13:52:08.000Z</time>
        <extensions>
          <ns3:TrackPointExtension>
            <ns3:hr>132</ns3:hr>
            <ns3:cad>0</ns3:cad>
          </ns3:TrackPointExtension>
        </extensions>
      </trkpt>
      <trkpt lat="35.96875707618892192840576171875" lon="-81.11140944063663482666015625">
        <ele>498.20001220703125</ele>
        <time>2026-02-15T13:52:10.000Z</time>
        <extensions>
          <ns3:TrackPointExtension>
            <ns3:hr>130</ns3:hr>
            <ns3:cad>0</ns3:cad>
          </ns3:TrackPointExtension>
        </extensions>
      </trkpt>
      <trkpt lat="35.96874249167740345001220703125" lon="-81.1113700456917285919189453125">
        <ele>498</ele>
        <time>2026-02-15T13:52:15.000Z</time>
        <extensions>
          <ns3:TrackPointExtension>
            <ns3:hr>128</ns3:hr>
            <ns3:cad>0</ns3:cad>
          </ns3:TrackPointExtension>
        </extensions>
      </trkpt>
      <trkpt lat="35.9687291644513607025146484375" lon="-81.1113060079514980316162109375">
        <ele>498.20001220703125</ele>
        <time>2026-02-15T13:52:21.000Z</time>
        <extensions>
          <ns3:TrackPointExtension>
            <ns3:hr>129</ns3:hr>
            <ns3:cad>0</ns3:cad>
          </ns3:TrackPointExtension>
        </extensions>
      </trkpt>
      <trkpt lat="35.96872036345303058624267578125" lon="-81.11126803793013095855712890625">
        <ele>498.399993896484375</ele>
        <time>2026-02-15T13:52:27.000Z</time>
        <extensions>
          <ns3:TrackPointExtension>
            <ns3:hr>131</ns3:hr>
            <ns3:cad>0</ns3:cad>
          </ns3:TrackPointExtension>
        </extensions>
      </trkpt>
      <trkpt lat="35.96871323883533477783203125" lon="-81.11126904375851154327392578125">
        <ele>498.79998779296875</ele>
        <time>2026-02-15T13:52:34.000Z</time>
        <extensions>
          <ns3:TrackPointExtension>
            <ns3:hr>131</ns3:hr>
            <ns3:cad>0</ns3:cad>
          </ns3:TrackPointExtension>
        </extensions>
      </trkpt>
      <trkpt lat="35.9686790406703948974609375" lon="-81.11127926968038082122802734375">
        <ele>498.399993896484375</ele>
        <time>2026-02-15T13:52:41.000Z</time>
        <extensions>
          <ns3:TrackPointExtension>
            <ns3:hr>128</ns3:hr>
            <ns3:cad>0</ns3:cad>
          </ns3:TrackPointExtension>
        </extensions>
      </trkpt>
      <trkpt lat="35.9686812199652194976806640625" lon="-81.111288405954837799072265625">
        <ele>498.399993896484375</ele>
        <time>2026-02-15T13:52:42.000Z</time>
        <extensions>
          <ns3:TrackPointExtension>
            <ns3:hr>128</ns3:hr>
            <ns3:cad>79</ns3:cad>
          </ns3:TrackPointExtension>
        </extensions>
      </trkpt>
      <trkpt lat="35.9687167592346668243408203125" lon="-81.11137666739523410797119140625">
        <ele>498.20001220703125</ele>
        <time>2026-02-15T13:52:50.000Z</time>
        <extensions>
          <ns3:TrackPointExtension>
            <ns3:hr>128</ns3:hr>
            <ns3:cad>0</ns3:cad>
          </ns3:TrackPointExtension>
        </extensions>
      </trkpt>
      <trkpt lat="35.968723632395267486572265625" lon="-81.11141019500792026519775390625">
        <ele>498</ele>
        <time>2026-02-15T13:52:54.000Z</time>
        <extensions>
          <ns3:TrackPointExtension>
            <ns3:hr>130</ns3:hr>
            <ns3:cad>42</ns3:cad>
          </ns3:TrackPointExtension>
        </extensions>
      </trkpt>
      <trkpt lat="35.968718267977237701416015625" lon="-81.11143316142261028289794921875">
        <ele>497.20001220703125</ele>
        <time>2026-02-15T13:53:00.000Z</time>
        <extensions>
          <ns3:TrackPointExtension>
            <ns3:hr>130</ns3:hr>
            <ns3:cad>41</ns3:cad>
          </ns3:TrackPointExtension>
        </extensions>
      </trkpt>
      <trkpt lat="35.9687137417495250701904296875" lon="-81.11143165268003940582275390625">
        <ele>497</ele>
        <time>2026-02-15T13:53:01.000Z</time>
        <extensions>
          <ns3:TrackPointExtension>
            <ns3:hr>129</ns3:hr>
            <ns3:cad>41</ns3:cad>
          </ns3:TrackPointExtension>
        </extensions>
      </trkpt>
      <trkpt lat="35.9687124006450176239013671875" lon="-81.11145772039890289306640625">
        <ele>496</ele>
        <time>2026-02-15T13:53:05.000Z</time>
        <extensions>
          <ns3:TrackPointExtension>
            <ns3:hr>130</ns3:hr>
            <ns3:cad>45</ns3:cad>
          </ns3:TrackPointExtension>
        </extensions>
      </trkpt>
      <trkpt lat="35.96872321330010890960693359375" lon="-81.11147004179656505584716796875">
        <ele>495.399993896484375</ele>
        <time>2026-02-15T13:53:07.000Z</time>
        <extensions>
          <ns3:TrackPointExtension>
            <ns3:hr>130</ns3:hr>
            <ns3:cad>0</ns3:cad>
          </ns3:TrackPointExtension>
        </extensions>
      </trkpt>
      <trkpt lat="35.96872841008007526397705078125" lon="-81.11148932017385959625244140625">
        <ele>495.399993896484375</ele>
        <time>2026-02-15T13:53:10.000Z</time>
        <extensions>
          <ns3:TrackPointExtension>
            <ns3:hr>130</ns3:hr>
            <ns3:cad>0</ns3:cad>
          </ns3:TrackPointExtension>
        </extensions>
      </trkpt>
      <trkpt lat="35.9687358699738979339599609375" lon="-81.1115034855902194976806640625">
        <ele>495.399993896484375</ele>
        <time>2026-02-15T13:53:16.000Z</time>
        <extensions>
          <ns3:TrackPointExtension>
            <ns3:hr>128</ns3:hr>
            <ns3:cad>0</ns3:cad>
          </ns3:TrackPointExtension>
        </extensions>
      </trkpt>
      <trkpt lat="35.9687273204326629638671875" lon="-81.11149669624865055084228515625">
        <ele>495.600006103515625</ele>
        <time>2026-02-15T13:53:18.000Z</time>
        <extensions>
          <ns3:TrackPointExtension>
            <ns3:hr>128</ns3:hr>
            <ns3:cad>0</ns3:cad>
          </ns3:TrackPointExtension>
        </extensions>
      </trkpt>
      <trkpt lat="35.9687321819365024566650390625" lon="-81.11148898489773273468017578125">
        <ele>496</ele>
        <time>2026-02-15T13:53:20.000Z</time>
        <extensions>
          <ns3:TrackPointExtension>
            <ns3:hr>128</ns3:hr>
            <ns3:cad>0</ns3:cad>
          </ns3:TrackPointExtension>
        </extensions>
      </trkpt>
      <trkpt lat="35.9687157534062862396240234375" lon="-81.11150004900991916656494140625">
        <ele>495.79998779296875</ele>
        <time>2026-02-15T13:53:22.000Z</time>
        <extensions>
          <ns3:TrackPointExtension>
            <ns3:hr>128</ns3:hr>
            <ns3:cad>0</ns3:cad>
          </ns3:TrackPointExtension>
        </extensions>
      </trkpt>
      <trkpt lat="35.96871349029242992401123046875" lon="-81.11151807010173797607421875">
        <ele>494.79998779296875</ele>
        <time>2026-02-15T13:53:27.000Z</time>
        <extensions>
          <ns3:TrackPointExtension>
            <ns3:hr>128</ns3:hr>
            <ns3:cad>56</ns3:cad>
          </ns3:TrackPointExtension>
        </extensions>
      </trkpt>
      <trkpt lat="35.96871265210211277008056640625" lon="-81.11151832155883312225341796875">
        <ele>494.600006103515625</ele>
        <time>2026-02-15T13:53:28.000Z</time>
        <extensions>
          <ns3:TrackPointExtension>
            <ns3:hr>128</ns3:hr>
            <ns3:cad>0</ns3:cad>
          </ns3:TrackPointExtension>
        </extensions>
      </trkpt>
      <trkpt lat="35.96871768124401569366455078125" lon="-81.11154179088771343231201171875">
        <ele>494.79998779296875</ele>
        <time>2026-02-15T13:53:35.000Z</time>
        <extensions>
          <ns3:TrackPointExtension>
            <ns3:hr>128</ns3:hr>
            <ns3:cad>0</ns3:cad>
          </ns3:TrackPointExtension>
        </extensions>
      </trkpt>
      <trkpt lat="35.96873561851680278778076171875" lon="-81.1115940101444721221923828125">
        <ele>495.399993896484375</ele>
        <time>2026-02-15T13:53:42.000Z</time>
        <extensions>
          <ns3:TrackPointExtension>
            <ns3:hr>127</ns3:hr>
            <ns3:cad>43</ns3:cad>
          </ns3:TrackPointExtension>
        </extensions>
      </trkpt>
      <trkpt lat="35.96876822412014007568359375" lon="-81.111627034842967987060546875">
        <ele>495.79998779296875</ele>
        <time>2026-02-15T13:53:50.000Z</time>
        <extensions>
          <ns3:TrackPointExtension>
            <ns3:hr>129</ns3:hr>
            <ns3:cad>0</ns3:cad>
          </ns3:TrackPointExtension>
        </extensions>
      </trkpt>
      <trkpt lat="35.968771241605281829833984375" lon="-81.11162762157618999481201171875">
        <ele>496</ele>
        <time>2026-02-15T13:53:51.000Z</time>
        <extensions>
          <ns3:TrackPointExtension>
            <ns3:hr>129</ns3:hr>
            <ns3:cad>0</ns3:cad>
          </ns3:TrackPointExtension>
        </extensions>
      </trkpt>
      <trkpt lat="35.9687858261168003082275390625" lon="-81.11164472065865993499755859375">
        <ele>496</ele>
        <time>2026-02-15T13:53:56.000Z</time>
        <extensions>
          <ns3:TrackPointExtension>
            <ns3:hr>130</ns3:hr>
            <ns3:cad>0</ns3:cad>
          </ns3:TrackPointExtension>
        </extensions>
      </trkpt>
      <trkpt lat="35.9688069485127925872802734375" lon="-81.11162158660590648651123046875">
        <ele>496</ele>
        <time>2026-02-15T13:54:03.000Z</time>
        <extensions>
          <ns3:TrackPointExtension>
            <ns3:hr>132</ns3:hr>
            <ns3:cad>0</ns3:cad>
          </ns3:TrackPointExtension>
        </extensions>
      </trkpt>
      <trkpt lat="35.96880435012280941009521484375" lon="-81.1116007156670093536376953125">
        <ele>496.600006103515625</ele>
        <time>2026-02-15T13:54:13.000Z</time>
        <extensions>
          <ns3:TrackPointExtension>
            <ns3:hr>131</ns3:hr>
            <ns3:cad>0</ns3:cad>
          </ns3:TrackPointExtension>
        </extensions>
      </trkpt>
      <trkpt lat="35.968793369829654693603515625" lon="-81.11161270178854465484619140625">
        <ele>496.600006103515625</ele>
        <time>2026-02-15T13:54:22.000Z</time>
        <extensions>
          <ns3:TrackPointExtension>
            <ns3:hr>131</ns3:hr>
            <ns3:cad>0</ns3:cad>
          </ns3:TrackPointExtension>
        </extensions>
      </trkpt>
      <trkpt lat="35.96878155134618282318115234375" lon="-81.11164891161024570465087890625">
        <ele>496.399993896484375</ele>
        <time>2026-02-15T13:54:28.000Z</time>
        <extensions>
          <ns3:TrackPointExtension>
            <ns3:hr>130</ns3:hr>
            <ns3:cad>0</ns3:cad>
          </ns3:TrackPointExtension>
        </extensions>
      </trkpt>
      <trkpt lat="35.9688009135425090789794921875" lon="-81.111679337918758392333984375">
        <ele>496.20001220703125</ele>
        <time>2026-02-15T13:54:35.000Z</time>
        <extensions>
          <ns3:TrackPointExtension>
            <ns3:hr>130</ns3:hr>
            <ns3:cad>0</ns3:cad>
          </ns3:TrackPointExtension>
        </extensions>
      </trkpt>
      <trkpt lat="35.96879328601062297821044921875" lon="-81.11169970594346523284912109375">
        <ele>496.399993896484375</ele>
        <time>2026-02-15T13:54:42.000Z</time>
        <extensions>
          <ns3:TrackPointExtension>
            <ns3:hr>133</ns3:hr>
            <ns3:cad>0</ns3:cad>
          </ns3:TrackPointExtension>
        </extensions>
      </trkpt>
      <trkpt lat="35.96879194490611553192138671875" lon="-81.1117090098559856414794921875">
        <ele>496.399993896484375</ele>
        <time>2026-02-15T13:54:43.000Z</time>
        <extensions>
          <ns3:TrackPointExtension>
            <ns3:hr>137</ns3:hr>
            <ns3:cad>0</ns3:cad>
          </ns3:TrackPointExtension>
        </extensions>
      </trkpt>
      <trkpt lat="35.96880116499960422515869140625" lon="-81.111699454486370086669921875">
        <ele>495.600006103515625</ele>
        <time>2026-02-15T13:54:48.000Z</time>
        <extensions>
          <ns3:TrackPointExtension>
            <ns3:hr>138</ns3:hr>
            <ns3:cad>0</ns3:cad>
          </ns3:TrackPointExtension>
        </extensions>
      </trkpt>
      <trkpt lat="35.96878875978291034698486328125" lon="-81.1116783320903778076171875">
        <ele>495</ele>
        <time>2026-02-15T13:54:56.000Z</time>
        <extensions>
          <ns3:TrackPointExtension>
            <ns3:hr>138</ns3:hr>
            <ns3:cad>0</ns3:cad>
          </ns3:TrackPointExtension>
        </extensions>
      </trkpt>
      <trkpt lat="35.9687891788780689239501953125" lon="-81.11169735901057720184326171875">
        <ele>495.20001220703125</ele>
        <time>2026-02-15T13:55:03.000Z</time>
        <extensions>
          <ns3:TrackPointExtension>
            <ns3:hr>138</ns3:hr>
            <ns3:cad>0</ns3:cad>
          </ns3:TrackPointExtension>
        </extensions>
      </trkpt>
      <trkpt lat="35.9687769412994384765625" lon="-81.11171110533177852630615234375">
        <ele>495</ele>
        <time>2026-02-15T13:55:05.000Z</time>
        <extensions>
          <ns3:TrackPointExtension>
            <ns3:hr>134</ns3:hr>
            <ns3:cad>0</ns3:cad>
          </ns3:TrackPointExtension>
        </extensions>
      </trkpt>
      <trkpt lat="35.96876998431980609893798828125" lon="-81.1117180623114109039306640625">
        <ele>494.79998779296875</ele>
        <time>2026-02-15T13:55:06.000Z</time>
        <extensions>
          <ns3:TrackPointExtension>
            <ns3:hr>132</ns3:hr>
            <ns3:cad>0</ns3:cad>
          </ns3:TrackPointExtension>
        </extensions>
      </trkpt>
      <trkpt lat="35.9687613509595394134521484375" lon="-81.11174060963094234466552734375">
        <ele>494</ele>
        <time>2026-02-15T13:55:10.000Z</time>
        <extensions>
          <ns3:TrackPointExtension>
            <ns3:hr>130</ns3:hr>
            <ns3:cad>0</ns3:cad>
          </ns3:TrackPointExtension>
        </extensions>
      </trkpt>
      <trkpt lat="35.96875556744635105133056640625" lon="-81.11174899153411388397216796875">
        <ele>493.79998779296875</ele>
        <time>2026-02-15T13:55:12.000Z</time>
        <extensions>
          <ns3:TrackPointExtension>
            <ns3:hr>130</ns3:hr>
            <ns3:cad>0</ns3:cad>
          </ns3:TrackPointExtension>
        </extensions>
      </trkpt>
      <trkpt lat="35.96874651499092578887939453125" lon="-81.11176290549337863922119140625">
        <ele>492.600006103515625</ele>
        <time>2026-02-15T13:55:17.000Z</time>
        <extensions>
          <ns3:TrackPointExtension>
            <ns3:hr>131</ns3:hr>
            <ns3:cad>0</ns3:cad>
          </ns3:TrackPointExtension>
        </extensions>
      </trkpt>
      <trkpt lat="35.968743748962879180908203125" lon="-81.1117695271968841552734375">
        <ele>492.399993896484375</ele>
        <time>2026-02-15T13:55:18.000Z</time>
        <extensions>
          <ns3:TrackPointExtension>
            <ns3:hr>131</ns3:hr>
            <ns3:cad>0</ns3:cad>
          </ns3:TrackPointExtension>
        </extensions>
      </trkpt>
      <trkpt lat="35.96872656606137752532958984375" lon="-81.11180297099053859710693359375">
        <ele>491.79998779296875</ele>
        <time>2026-02-15T13:55:24.000Z</time>
        <extensions>
          <ns3:TrackPointExtension>
            <ns3:hr>128</ns3:hr>
            <ns3:cad>0</ns3:cad>
          </ns3:TrackPointExtension>
        </extensions>
      </trkpt>
      <trkpt lat="35.968727655708789825439453125" lon="-81.1118072457611560821533203125">
        <ele>491.79998779296875</ele>
        <time>2026-02-15T13:55:30.000Z</time>
        <extensions>
          <ns3:TrackPointExtension>
            <ns3:hr>125</ns3:hr>
            <ns3:cad>0</ns3:cad>
          </ns3:TrackPointExtension>
        </extensions>
      </trkpt>
      <trkpt lat="35.96873930655419826507568359375" lon="-81.111814118921756744384765625">
        <ele>491.79998779296875</ele>
        <time>2026-02-15T13:55:33.000Z</time>
        <extensions>
          <ns3:TrackPointExtension>
            <ns3:hr>126</ns3:hr>
            <ns3:cad>0</ns3:cad>
          </ns3:TrackPointExtension>
        </extensions>
      </trkpt>
      <trkpt lat="35.96876109950244426727294921875" lon="-81.1118089221417903900146484375">
        <ele>492.600006103515625</ele>
        <time>2026-02-15T13:55:39.000Z</time>
        <extensions>
          <ns3:TrackPointExtension>
            <ns3:hr>125</ns3:hr>
            <ns3:cad>0</ns3:cad>
          </ns3:TrackPointExtension>
        </extensions>
      </trkpt>
      <trkpt lat="35.96879462711513042449951171875" lon="-81.111819483339786529541015625">
        <ele>493.600006103515625</ele>
        <time>2026-02-15T13:55:44.000Z</time>
        <extensions>
          <ns3:TrackPointExtension>
            <ns3:hr>124</ns3:hr>
            <ns3:cad>0</ns3:cad>
          </ns3:TrackPointExtension>
        </extensions>
      </trkpt>
      <trkpt lat="35.96882077865302562713623046875" lon="-81.11181755550205707550048828125">
        <ele>494.600006103515625</ele>
        <time>2026-02-15T13:55:47.000Z</time>
        <extensions>
          <ns3:TrackPointExtension>
            <ns3:hr>124</ns3:hr>
            <ns3:cad>0</ns3:cad>
          </ns3:TrackPointExtension>
        </extensions>
      </trkpt>
      <trkpt lat="35.968825556337833404541015625" lon="-81.11181504093110561370849609375">
        <ele>494.79998779296875</ele>
        <time>2026-02-15T13:55:48.000Z</time>
        <extensions>
          <ns3:TrackPointExtension>
            <ns3:hr>124</ns3:hr>
            <ns3:cad>0</ns3:cad>
          </ns3:TrackPointExtension>
        </extensions>
      </trkpt>
      <trkpt lat="35.96885531209409236907958984375" lon="-81.11179274506866931915283203125">
        <ele>496</ele>
        <time>2026-02-15T13:55:51.000Z</time>
        <extensions>
          <ns3:TrackPointExtension>
            <ns3:hr>124</ns3:hr>
            <ns3:cad>0</ns3:cad>
          </ns3:TrackPointExtension>
        </extensions>
      </trkpt>
      <trkpt lat="35.96887358464300632476806640625" lon="-81.1117707006633281707763671875">
        <ele>497</ele>
        <time>2026-02-15T13:55:54.000Z</time>
        <extensions>
          <ns3:TrackPointExtension>
            <ns3:hr>125</ns3:hr>
            <ns3:cad>57</ns3:cad>
          </ns3:TrackPointExtension>
        </extensions>
      </trkpt>
      <trkpt lat="35.96887911669909954071044921875" lon="-81.111773215234279632568359375">
        <ele>497.20001220703125</ele>
        <time>2026-02-15T13:55:55.000Z</time>
        <extensions>
          <ns3:TrackPointExtension>
            <ns3:hr>126</ns3:hr>
            <ns3:cad>0</ns3:cad>
          </ns3:TrackPointExtension>
        </extensions>
      </trkpt>
      <trkpt lat="35.9688775241374969482421875" lon="-81.11177044920623302459716796875">
        <ele>497.20001220703125</ele>
        <time>2026-02-15T13:55:58.000Z</time>
        <extensions>
          <ns3:TrackPointExtension>
            <ns3:hr>129</ns3:hr>
            <ns3:cad>0</ns3:cad>
          </ns3:TrackPointExtension>
        </extensions>
      </trkpt>
      <trkpt lat="35.96887894906103610992431640625" lon="-81.11177145503461360931396484375">
        <ele>496.79998779296875</ele>
        <time>2026-02-15T13:56:00.000Z</time>
        <extensions>
          <ns3:TrackPointExtension>
            <ns3:hr>130</ns3:hr>
            <ns3:cad>0</ns3:cad>
          </ns3:TrackPointExtension>
        </extensions>
      </trkpt>
      <trkpt lat="35.96887660212814807891845703125" lon="-81.1117707006633281707763671875">
        <ele>496.600006103515625</ele>
        <time>2026-02-15T13:56:03.000Z</time>
        <extensions>
          <ns3:TrackPointExtension>
            <ns3:hr>134</ns3:hr>
            <ns3:cad>0</ns3:cad>
          </ns3:TrackPointExtension>
        </extensions>
      </trkpt>
      <trkpt lat="35.96888263709843158721923828125" lon="-81.11180867068469524383544921875">
        <ele>497.20001220703125</ele>
        <time>2026-02-15T13:56:08.000Z</time>
        <extensions>
          <ns3:TrackPointExtension>
            <ns3:hr>133</ns3:hr>
            <ns3:cad>0</ns3:cad>
          </ns3:TrackPointExtension>
        </extensions>
      </trkpt>
      <trkpt lat="35.96888758242130279541015625" lon="-81.11183498986065387725830078125">
        <ele>497.600006103515625</ele>
        <time>2026-02-15T13:56:14.000Z</time>
        <extensions>
          <ns3:TrackPointExtension>
            <ns3:hr>132</ns3:hr>
            <ns3:cad>0</ns3:cad>
          </ns3:TrackPointExtension>
        </extensions>
      </trkpt>
      <trkpt lat="35.96889453940093517303466796875" lon="-81.1118686012923717498779296875">
        <ele>497.600006103515625</ele>
        <time>2026-02-15T13:56:19.000Z</time>
        <extensions>
          <ns3:TrackPointExtension>
            <ns3:hr>135</ns3:hr>
            <ns3:cad>0</ns3:cad>
          </ns3:TrackPointExtension>
        </extensions>
      </trkpt>
      <trkpt lat="35.9688927792012691497802734375" lon="-81.1118810065090656280517578125">
        <ele>497.79998779296875</ele>
        <time>2026-02-15T13:56:21.000Z</time>
        <extensions>
          <ns3:TrackPointExtension>
            <ns3:hr>136</ns3:hr>
            <ns3:cad>0</ns3:cad>
          </ns3:TrackPointExtension>
        </extensions>
      </trkpt>
      <trkpt lat="35.96891834400594234466552734375" lon="-81.1119269393384456634521484375">
        <ele>497.600006103515625</ele>
        <time>2026-02-15T13:56:27.000Z</time>
        <extensions>
          <ns3:TrackPointExtension>
            <ns3:hr>135</ns3:hr>
            <ns3:cad>0</ns3:cad>
          </ns3:TrackPointExtension>
        </extensions>
      </trkpt>
      <trkpt lat="35.96893175505101680755615234375" lon="-81.11194864846765995025634765625">
        <ele>497.79998779296875</ele>
        <time>2026-02-15T13:56:32.000Z</time>
        <extensions>
          <ns3:TrackPointExtension>
            <ns3:hr>142</ns3:hr>
            <ns3:cad>0</ns3:cad>
          </ns3:TrackPointExtension>
        </extensions>
      </trkpt>
      <trkpt lat="35.96893611364066600799560546875" lon="-81.11195904202759265899658203125">
        <ele>497.79998779296875</ele>
        <time>2026-02-15T13:56:33.000Z</time>
        <extensions>
          <ns3:TrackPointExtension>
            <ns3:hr>146</ns3:hr>
            <ns3:cad>0</ns3:cad>
          </ns3:TrackPointExtension>
        </extensions>
      </trkpt>
      <trkpt lat="35.96893795765936374664306640625" lon="-81.11196407116949558258056640625">
        <ele>497.79998779296875</ele>
        <time>2026-02-15T13:56:34.000Z</time>
        <extensions>
          <ns3:TrackPointExtension>
            <ns3:hr>149</ns3:hr>
            <ns3:cad>0</ns3:cad>
          </ns3:TrackPointExtension>
        </extensions>
      </trkpt>
      <trkpt lat="35.9689403884112834930419921875" lon="-81.1119698546826839447021484375">
        <ele>497.600006103515625</ele>
        <time>2026-02-15T13:56:35.000Z</time>
        <extensions>
          <ns3:TrackPointExtension>
            <ns3:hr>149</ns3:hr>
            <ns3:cad>0</ns3:cad>
          </ns3:TrackPointExtension>
        </extensions>
      </trkpt>
      <trkpt lat="35.968940556049346923828125" lon="-81.11198251135647296905517578125">
        <ele>497.600006103515625</ele>
        <time>2026-02-15T13:56:37.000Z</time>
        <extensions>
          <ns3:TrackPointExtension>
            <ns3:hr>146</ns3:hr>
            <ns3:cad>0</ns3:cad>
          </ns3:TrackPointExtension>
        </extensions>
      </trkpt>
      <trkpt lat="35.96894801594316959381103515625" lon="-81.112001203000545501708984375">
        <ele>497.399993896484375</ele>
        <time>2026-02-15T13:56:39.000Z</time>
        <extensions>
          <ns3:TrackPointExtension>
            <ns3:hr>145</ns3:hr>
            <ns3:cad>43</ns3:cad>
          </ns3:TrackPointExtension>
        </extensions>
      </trkpt>
      <trkpt lat="35.96897165291011333465576171875" lon="-81.11202173866331577301025390625">
        <ele>497.600006103515625</ele>
        <time>2026-02-15T13:56:45.000Z</time>
        <extensions>
          <ns3:TrackPointExtension>
            <ns3:hr>146</ns3:hr>
            <ns3:cad>0</ns3:cad>
          </ns3:TrackPointExtension>
        </extensions>
      </trkpt>
      <trkpt lat="35.9689740836620330810546875" lon="-81.1120110936462879180908203125">
        <ele>497.20001220703125</ele>
        <time>2026-02-15T13:56:54.000Z</time>
        <extensions>
          <ns3:TrackPointExtension>
            <ns3:hr>144</ns3:hr>
            <ns3:cad>0</ns3:cad>
          </ns3:TrackPointExtension>
        </extensions>
      </trkpt>
      <trkpt lat="35.96896804869174957275390625" lon="-81.1120147816836833953857421875">
        <ele>497.20001220703125</ele>
        <time>2026-02-15T13:56:57.000Z</time>
        <extensions>
          <ns3:TrackPointExtension>
            <ns3:hr>141</ns3:hr>
            <ns3:cad>0</ns3:cad>
          </ns3:TrackPointExtension>
        </extensions>
      </trkpt>
      <trkpt lat="35.96895153634250164031982421875" lon="-81.1120325513184070587158203125">
        <ele>496.79998779296875</ele>
        <time>2026-02-15T13:57:01.000Z</time>
        <extensions>
          <ns3:TrackPointExtension>
            <ns3:hr>140</ns3:hr>
            <ns3:cad>0</ns3:cad>
          </ns3:TrackPointExtension>
        </extensions>
      </trkpt>
      <trkpt lat="35.9689742513000965118408203125" lon="-81.1120405979454517364501953125">
        <ele>497.399993896484375</ele>
        <time>2026-02-15T13:57:08.000Z</time>
        <extensions>
          <ns3:TrackPointExtension>
            <ns3:hr>139</ns3:hr>
            <ns3:cad>0</ns3:cad>
          </ns3:TrackPointExtension>
        </extensions>
      </trkpt>
      <trkpt lat="35.96897718496620655059814453125" lon="-81.112040095031261444091796875">
        <ele>497.20001220703125</ele>
        <time>2026-02-15T13:57:16.000Z</time>
        <extensions>
          <ns3:TrackPointExtension>
            <ns3:hr>137</ns3:hr>
            <ns3:cad>0</ns3:cad>
          </ns3:TrackPointExtension>
        </extensions>
      </trkpt>
      <trkpt lat="35.96898908726871013641357421875" lon="-81.11202492378652095794677734375">
        <ele>497.20001220703125</ele>
        <time>2026-02-15T13:57:23.000Z</time>
        <extensions>
          <ns3:TrackPointExtension>
            <ns3:hr>137</ns3:hr>
            <ns3:cad>0</ns3:cad>
          </ns3:TrackPointExtension>
        </extensions>
      </trkpt>
      <trkpt lat="35.96899352967739105224609375" lon="-81.11204378306865692138671875">
        <ele>497.79998779296875</ele>
        <time>2026-02-15T13:57:31.000Z</time>
        <extensions>
          <ns3:TrackPointExtension>
            <ns3:hr>137</ns3:hr>
            <ns3:cad>40</ns3:cad>
          </ns3:TrackPointExtension>
        </extensions>
      </trkpt>
      <trkpt lat="35.96899914555251598358154296875" lon="-81.11202693544328212738037109375">
        <ele>498</ele>
        <time>2026-02-15T13:57:37.000Z</time>
        <extensions>
          <ns3:TrackPointExtension>
            <ns3:hr>136</ns3:hr>
            <ns3:cad>0</ns3:cad>
          </ns3:TrackPointExtension>
        </extensions>
      </trkpt>
      <trkpt lat="35.96900266595184803009033203125" lon="-81.11202291212975978851318359375">
        <ele>498.20001220703125</ele>
        <time>2026-02-15T13:57:40.000Z</time>
        <extensions>
          <ns3:TrackPointExtension>
            <ns3:hr>139</ns3:hr>
            <ns3:cad>0</ns3:cad>
          </ns3:TrackPointExtension>
        </extensions>
      </trkpt>
      <trkpt lat="35.968989841639995574951171875" lon="-81.11202576197683811187744140625">
        <ele>498.20001220703125</ele>
        <time>2026-02-15T13:57:50.000Z</time>
        <extensions>
          <ns3:TrackPointExtension>
            <ns3:hr>138</ns3:hr>
            <ns3:cad>0</ns3:cad>
          </ns3:TrackPointExtension>
        </extensions>
      </trkpt>
      <trkpt lat="35.96898506395518779754638671875" lon="-81.1120511591434478759765625">
        <ele>497.79998779296875</ele>
        <time>2026-02-15T13:57:57.000Z</time>
        <extensions>
          <ns3:TrackPointExtension>
            <ns3:hr>138</ns3:hr>
            <ns3:cad>0</ns3:cad>
          </ns3:TrackPointExtension>
        </extensions>
      </trkpt>
      <trkpt lat="35.968972742557525634765625" lon="-81.11207353882491588592529296875">
        <ele>497.399993896484375</ele>
        <time>2026-02-15T13:58:03.000Z</time>
        <extensions>
          <ns3:TrackPointExtension>
            <ns3:hr>141</ns3:hr>
            <ns3:cad>0</ns3:cad>
          </ns3:TrackPointExtension>
        </extensions>
      </trkpt>
      <trkpt lat="35.9689672105014324188232421875" lon="-81.11206582747399806976318359375">
        <ele>497.20001220703125</ele>
        <time>2026-02-15T13:58:04.000Z</time>
        <extensions>
          <ns3:TrackPointExtension>
            <ns3:hr>140</ns3:hr>
            <ns3:cad>0</ns3:cad>
          </ns3:TrackPointExtension>
        </extensions>
      </trkpt>
      <trkpt lat="35.968956984579563140869140625" lon="-81.11206230707466602325439453125">
        <ele>497</ele>
        <time>2026-02-15T13:58:07.000Z</time>
        <extensions>
          <ns3:TrackPointExtension>
            <ns3:hr>141</ns3:hr>
            <ns3:cad>0</ns3:cad>
          </ns3:TrackPointExtension>
        </extensions>
      </trkpt>
      <trkpt lat="35.968952961266040802001953125" lon="-81.11206633038818836212158203125">
        <ele>496.600006103515625</ele>
        <time>2026-02-15T13:58:09.000Z</time>
        <extensions>
          <ns3:TrackPointExtension>
            <ns3:hr>141</ns3:hr>
            <ns3:cad>0</ns3:cad>
          </ns3:TrackPointExtension>
        </extensions>
      </trkpt>
      <trkpt lat="35.96893963403999805450439453125" lon="-81.11208158545196056365966796875">
        <ele>495.79998779296875</ele>
        <time>2026-02-15T13:58:12.000Z</time>
        <extensions>
          <ns3:TrackPointExtension>
            <ns3:hr>140</ns3:hr>
            <ns3:cad>0</ns3:cad>
          </ns3:TrackPointExtension>
        </extensions>
      </trkpt>
      <trkpt lat="35.96893510781228542327880859375" lon="-81.11210203729569911956787109375">
        <ele>495</ele>
        <time>2026-02-15T13:58:16.000Z</time>
        <extensions>
          <ns3:TrackPointExtension>
            <ns3:hr>140</ns3:hr>
            <ns3:cad>0</ns3:cad>
          </ns3:TrackPointExtension>
        </extensions>
      </trkpt>
      <trkpt lat="35.96892513334751129150390625" lon="-81.11211528070271015167236328125">
        <ele>494.79998779296875</ele>
        <time>2026-02-15T13:58:20.000Z</time>
        <extensions>
          <ns3:TrackPointExtension>
            <ns3:hr>139</ns3:hr>
            <ns3:cad>0</ns3:cad>
          </ns3:TrackPointExtension>
        </extensions>
      </trkpt>
      <trkpt lat="35.96891951747238636016845703125" lon="-81.11213137395679950714111328125">
        <ele>494.20001220703125</ele>
        <time>2026-02-15T13:58:22.000Z</time>
        <extensions>
          <ns3:TrackPointExtension>
            <ns3:hr>139</ns3:hr>
            <ns3:cad>0</ns3:cad>
          </ns3:TrackPointExtension>
        </extensions>
      </trkpt>
      <trkpt lat="35.968912057578563690185546875" lon="-81.11215199343860149383544921875">
        <ele>493.79998779296875</ele>
        <time>2026-02-15T13:58:24.000Z</time>
        <extensions>
          <ns3:TrackPointExtension>
            <ns3:hr>138</ns3:hr>
            <ns3:cad>0</ns3:cad>
          </ns3:TrackPointExtension>
        </extensions>
      </trkpt>
      <trkpt lat="35.96889805980026721954345703125" lon="-81.11216942779719829559326171875">
        <ele>493.79998779296875</ele>
        <time>2026-02-15T13:58:28.000Z</time>
        <extensions>
          <ns3:TrackPointExtension>
            <ns3:hr>136</ns3:hr>
            <ns3:cad>0</ns3:cad>
          </ns3:TrackPointExtension>
        </extensions>
      </trkpt>
      <trkpt lat="35.96889453940093517303466796875" lon="-81.11216724850237369537353515625">
        <ele>493.600006103515625</ele>
        <time>2026-02-15T13:58:31.000Z</time>
        <extensions>
          <ns3:TrackPointExtension>
            <ns3:hr>133</ns3:hr>
            <ns3:cad>40</ns3:cad>
          </ns3:TrackPointExtension>
        </extensions>
      </trkpt>
      <trkpt lat="35.96889118663966655731201171875" lon="-81.1121773906052112579345703125">
        <ele>493.20001220703125</ele>
        <time>2026-02-15T13:58:33.000Z</time>
        <extensions>
          <ns3:TrackPointExtension>
            <ns3:hr>133</ns3:hr>
            <ns3:cad>0</ns3:cad>
          </ns3:TrackPointExtension>
        </extensions>
      </trkpt>
      <trkpt lat="35.968895964324474334716796875" lon="-81.1121783964335918426513671875">
        <ele>492.79998779296875</ele>
        <time>2026-02-15T13:58:35.000Z</time>
        <extensions>
          <ns3:TrackPointExtension>
            <ns3:hr>132</ns3:hr>
            <ns3:cad>0</ns3:cad>
          </ns3:TrackPointExtension>
        </extensions>
      </trkpt>
      <trkpt lat="35.96889571286737918853759765625" lon="-81.112201698124408721923828125">
        <ele>492</ele>
        <time>2026-02-15T13:58:39.000Z</time>
        <extensions>
          <ns3:TrackPointExtension>
            <ns3:hr>133</ns3:hr>
            <ns3:cad>0</ns3:cad>
          </ns3:TrackPointExtension>
        </extensions>
      </trkpt>
      <trkpt lat="35.96889738924801349639892578125" lon="-81.11222474835813045501708984375">
        <ele>492.399993896484375</ele>
        <time>2026-02-15T13:58:45.000Z</time>
        <extensions>
          <ns3:TrackPointExtension>
            <ns3:hr>132</ns3:hr>
            <ns3:cad>0</ns3:cad>
          </ns3:TrackPointExtension>
        </extensions>
      </trkpt>
      <trkpt lat="35.9688937850296497344970703125" lon="-81.1122729443013668060302734375">
        <ele>492.600006103515625</ele>
        <time>2026-02-15T13:58:51.000Z</time>
        <extensions>
          <ns3:TrackPointExtension>
            <ns3:hr>132</ns3:hr>
            <ns3:cad>0</ns3:cad>
          </ns3:TrackPointExtension>
        </extensions>
      </trkpt>
      <trkpt lat="35.96889562904834747314453125" lon="-81.11227503977715969085693359375">
        <ele>492.600006103515625</ele>
        <time>2026-02-15T13:58:53.000Z</time>
        <extensions>
          <ns3:TrackPointExtension>
            <ns3:hr>137</ns3:hr>
            <ns3:cad>0</ns3:cad>
          </ns3:TrackPointExtension>
        </extensions>
      </trkpt>
      <trkpt lat="35.9688988141715526580810546875" lon="-81.112267076969146728515625">
        <ele>492</ele>
        <time>2026-02-15T13:58:57.000Z</time>
        <extensions>
          <ns3:TrackPointExtension>
            <ns3:hr>138</ns3:hr>
            <ns3:cad>0</ns3:cad>
          </ns3:TrackPointExtension>
        </extensions>
      </trkpt>
      <trkpt lat="35.96889889799058437347412109375" lon="-81.11226816661655902862548828125">
        <ele>491.600006103515625</ele>
        <time>2026-02-15T13:58:58.000Z</time>
        <extensions>
          <ns3:TrackPointExtension>
            <ns3:hr>138</ns3:hr>
            <ns3:cad>0</ns3:cad>
          </ns3:TrackPointExtension>
        </extensions>
      </trkpt>
      <trkpt lat="35.96890023909509181976318359375" lon="-81.11227705143392086029052734375">
        <ele>492</ele>
        <time>2026-02-15T13:59:06.000Z</time>
        <extensions>
          <ns3:TrackPointExtension>
            <ns3:hr>139</ns3:hr>
            <ns3:cad>0</ns3:cad>
          </ns3:TrackPointExtension>
        </extensions>
      </trkpt>
      <trkpt lat="35.9688968025147914886474609375" lon="-81.1123037897050380706787109375">
        <ele>492.600006103515625</ele>
        <time>2026-02-15T13:59:16.000Z</time>
        <extensions>
          <ns3:TrackPointExtension>
            <ns3:hr>138</ns3:hr>
            <ns3:cad>0</ns3:cad>
          </ns3:TrackPointExtension>
        </extensions>
      </trkpt>
      <trkpt lat="35.9688964672386646270751953125" lon="-81.11230890266597270965576171875">
        <ele>492.600006103515625</ele>
        <time>2026-02-15T13:59:17.000Z</time>
        <extensions>
          <ns3:TrackPointExtension>
            <ns3:hr>138</ns3:hr>
            <ns3:cad>0</ns3:cad>
          </ns3:TrackPointExtension>
        </extensions>
      </trkpt>
      <trkpt lat="35.968905352056026458740234375" lon="-81.112317703664302825927734375">
        <ele>492.600006103515625</ele>
        <time>2026-02-15T13:59:21.000Z</time>
        <extensions>
          <ns3:TrackPointExtension>
            <ns3:hr>137</ns3:hr>
            <ns3:cad>0</ns3:cad>
          </ns3:TrackPointExtension>
        </extensions>
      </trkpt>
      <trkpt lat="35.96891599707305431365966796875" lon="-81.11231041140854358673095703125">
        <ele>493.399993896484375</ele>
        <time>2026-02-15T13:59:27.000Z</time>
        <extensions>
          <ns3:TrackPointExtension>
            <ns3:hr>139</ns3:hr>
            <ns3:cad>0</ns3:cad>
          </ns3:TrackPointExtension>
        </extensions>
      </trkpt>
      <trkpt lat="35.9689209423959255218505859375" lon="-81.11230739392340183258056640625">
        <ele>493.20001220703125</ele>
        <time>2026-02-15T13:59:36.000Z</time>
        <extensions>
          <ns3:TrackPointExtension>
            <ns3:hr>138</ns3:hr>
            <ns3:cad>0</ns3:cad>
          </ns3:TrackPointExtension>
        </extensions>
      </trkpt>
      <trkpt lat="35.96892404370009899139404296875" lon="-81.1122967489063739776611328125">
        <ele>493.20001220703125</ele>
        <time>2026-02-15T13:59:48.000Z</time>
        <extensions>
          <ns3:TrackPointExtension>
            <ns3:hr>140</ns3:hr>
            <ns3:cad>0</ns3:cad>
          </ns3:TrackPointExtension>
        </extensions>
      </trkpt>
      <trkpt lat="35.96890979446470737457275390625" lon="-81.11230856738984584808349609375">
        <ele>492.399993896484375</ele>
        <time>2026-02-15T13:59:59.000Z</time>
        <extensions>
          <ns3:TrackPointExtension>
            <ns3:hr>142</ns3:hr>
            <ns3:cad>0</ns3:cad>
          </ns3:TrackPointExtension>
        </extensions>
      </trkpt>
      <trkpt lat="35.9689165838062763214111328125" lon="-81.112347543239593505859375">
        <ele>491.79998779296875</ele>
        <time>2026-02-15T14:00:05.000Z</time>
        <extensions>
          <ns3:TrackPointExtension>
            <ns3:hr>142</ns3:hr>
            <ns3:cad>0</ns3:cad>
          </ns3:TrackPointExtension>
        </extensions>
      </trkpt>
      <trkpt lat="35.96891582943499088287353515625" lon="-81.112351231276988983154296875">
        <ele>491.600006103515625</ele>
        <time>2026-02-15T14:00:07.000Z</time>
        <extensions>
          <ns3:TrackPointExtension>
            <ns3:hr>142</ns3:hr>
            <ns3:cad>0</ns3:cad>
          </ns3:TrackPointExtension>
        </extensions>
      </trkpt>
      <trkpt lat="35.96890107728540897369384765625" lon="-81.11235684715211391448974609375">
        <ele>490.600006103515625</ele>
        <time>2026-02-15T14:00:12.000Z</time>
        <extensions>
          <ns3:TrackPointExtension>
            <ns3:hr>141</ns3:hr>
            <ns3:cad>0</ns3:cad>
          </ns3:TrackPointExtension>
        </extensions>
      </trkpt>
      <trkpt lat="35.968902669847011566162109375" lon="-81.11236439086496829986572265625">
        <ele>490.20001220703125</ele>
        <time>2026-02-15T14:00:16.000Z</time>
        <extensions>
          <ns3:TrackPointExtension>
            <ns3:hr>138</ns3:hr>
            <ns3:cad>0</ns3:cad>
          </ns3:TrackPointExtension>
        </extensions>
      </trkpt>
      <trkpt lat="35.9688988141715526580810546875" lon="-81.1123698391020298004150390625">
        <ele>490</ele>
        <time>2026-02-15T14:00:19.000Z</time>
        <extensions>
          <ns3:TrackPointExtension>
            <ns3:hr>138</ns3:hr>
            <ns3:cad>0</ns3:cad>
          </ns3:TrackPointExtension>
        </extensions>
      </trkpt>
      <trkpt lat="35.9689043462276458740234375" lon="-81.11239112913608551025390625">
        <ele>489.600006103515625</ele>
        <time>2026-02-15T14:00:28.000Z</time>
        <extensions>
          <ns3:TrackPointExtension>
            <ns3:hr>139</ns3:hr>
            <ns3:cad>0</ns3:cad>
          </ns3:TrackPointExtension>
        </extensions>
      </trkpt>
      <trkpt lat="35.96890627406537532806396484375" lon="-81.1123916320502758026123046875">
        <ele>489.79998779296875</ele>
        <time>2026-02-15T14:00:34.000Z</time>
        <extensions>
          <ns3:TrackPointExtension>
            <ns3:hr>139</ns3:hr>
            <ns3:cad>0</ns3:cad>
          </ns3:TrackPointExtension>
        </extensions>
      </trkpt>
      <trkpt lat="35.9689192660152912139892578125" lon="-81.11238383688032627105712890625">
        <ele>489.600006103515625</ele>
        <time>2026-02-15T14:00:41.000Z</time>
        <extensions>
          <ns3:TrackPointExtension>
            <ns3:hr>138</ns3:hr>
            <ns3:cad>0</ns3:cad>
          </ns3:TrackPointExtension>
        </extensions>
      </trkpt>
      <trkpt lat="35.9689048491418361663818359375" lon="-81.11239691264927387237548828125">
        <ele>490</ele>
        <time>2026-02-15T14:00:49.000Z</time>
        <extensions>
          <ns3:TrackPointExtension>
            <ns3:hr>137</ns3:hr>
            <ns3:cad>0</ns3:cad>
          </ns3:TrackPointExtension>
        </extensions>
      </trkpt>
      <trkpt lat="35.968909375369548797607421875" lon="-81.11238249577581882476806640625">
        <ele>490.399993896484375</ele>
        <time>2026-02-15T14:00:55.000Z</time>
        <extensions>
          <ns3:TrackPointExtension>
            <ns3:hr>137</ns3:hr>
            <ns3:cad>0</ns3:cad>
          </ns3:TrackPointExtension>
        </extensions>
      </trkpt>
      <trkpt lat="35.9688828885555267333984375" lon="-81.11239808611571788787841796875">
        <ele>490.20001220703125</ele>
        <time>2026-02-15T14:01:03.000Z</time>
        <extensions>
          <ns3:TrackPointExtension>
            <ns3:hr>138</ns3:hr>
            <ns3:cad>0</ns3:cad>
          </ns3:TrackPointExtension>
        </extensions>
      </trkpt>
      <trkpt lat="35.96889269538223743438720703125" lon="-81.1124154366552829742431640625">
        <ele>489.399993896484375</ele>
        <time>2026-02-15T14:01:07.000Z</time>
        <extensions>
          <ns3:TrackPointExtension>
            <ns3:hr>139</ns3:hr>
            <ns3:cad>0</ns3:cad>
          </ns3:TrackPointExtension>
        </extensions>
      </trkpt>
      <trkpt lat="35.96889294683933258056640625" lon="-81.1124224774539470672607421875">
        <ele>489</ele>
        <time>2026-02-15T14:01:08.000Z</time>
        <extensions>
          <ns3:TrackPointExtension>
            <ns3:hr>138</ns3:hr>
            <ns3:cad>0</ns3:cad>
          </ns3:TrackPointExtension>
        </extensions>
      </trkpt>
      <trkpt lat="35.96890107728540897369384765625" lon="-81.1124586872756481170654296875">
        <ele>488.20001220703125</ele>
        <time>2026-02-15T14:01:12.000Z</time>
        <extensions>
          <ns3:TrackPointExtension>
            <ns3:hr>138</ns3:hr>
            <ns3:cad>0</ns3:cad>
          </ns3:TrackPointExtension>
        </extensions>
      </trkpt>
      <trkpt lat="35.9688971377909183502197265625" lon="-81.1124575138092041015625">
        <ele>488.20001220703125</ele>
        <time>2026-02-15T14:01:14.000Z</time>
        <extensions>
          <ns3:TrackPointExtension>
            <ns3:hr>138</ns3:hr>
            <ns3:cad>0</ns3:cad>
          </ns3:TrackPointExtension>
        </extensions>
      </trkpt>
      <trkpt lat="35.96891968511044979095458984375" lon="-81.11244368366897106170654296875">
        <ele>488.79998779296875</ele>
        <time>2026-02-15T14:01:22.000Z</time>
        <extensions>
          <ns3:TrackPointExtension>
            <ns3:hr>137</ns3:hr>
            <ns3:cad>0</ns3:cad>
          </ns3:TrackPointExtension>
        </extensions>
      </trkpt>
      <trkpt lat="35.9689258038997650146484375" lon="-81.1124427616596221923828125">
        <ele>488.79998779296875</ele>
        <time>2026-02-15T14:01:29.000Z</time>
        <extensions>
          <ns3:TrackPointExtension>
            <ns3:hr>137</ns3:hr>
            <ns3:cad>0</ns3:cad>
          </ns3:TrackPointExtension>
        </extensions>
      </trkpt>
      <trkpt lat="35.96893091686069965362548828125" lon="-81.1124258302152156829833984375">
        <ele>489.20001220703125</ele>
        <time>2026-02-15T14:01:37.000Z</time>
        <extensions>
          <ns3:TrackPointExtension>
            <ns3:hr>136</ns3:hr>
            <ns3:cad>0</ns3:cad>
          </ns3:TrackPointExtension>
        </extensions>
      </trkpt>
      <trkpt lat="35.96892639063298702239990234375" lon="-81.1124285124242305755615234375">
        <ele>489.399993896484375</ele>
        <time>2026-02-15T14:01:39.000Z</time>
        <extensions>
          <ns3:TrackPointExtension>
            <ns3:hr>137</ns3:hr>
            <ns3:cad>0</ns3:cad>
          </ns3:TrackPointExtension>
        </extensions>
      </trkpt>
      <trkpt lat="35.9689150750637054443359375" lon="-81.112445108592510223388671875">
        <ele>490</ele>
        <time>2026-02-15T14:01:46.000Z</time>
        <extensions>
          <ns3:TrackPointExtension>
            <ns3:hr>137</ns3:hr>
            <ns3:cad>0</ns3:cad>
          </ns3:TrackPointExtension>
        </extensions>
      </trkpt>
      <trkpt lat="35.9689343534409999847412109375" lon="-81.112494729459285736083984375">
        <ele>489.600006103515625</ele>
        <time>2026-02-15T14:01:53.000Z</time>
        <extensions>
          <ns3:TrackPointExtension>
            <ns3:hr>136</ns3:hr>
            <ns3:cad>0</ns3:cad>
          </ns3:TrackPointExtension>
        </extensions>
      </trkpt>
      <trkpt lat="35.96895463764667510986328125" lon="-81.1125012673437595367431640625">
        <ele>489.399993896484375</ele>
        <time>2026-02-15T14:01:57.000Z</time>
        <extensions>
          <ns3:TrackPointExtension>
            <ns3:hr>140</ns3:hr>
            <ns3:cad>0</ns3:cad>
          </ns3:TrackPointExtension>
        </extensions>
      </trkpt>
      <trkpt lat="35.96895539201796054840087890625" lon="-81.11249841749668121337890625">
        <ele>489.20001220703125</ele>
        <time>2026-02-15T14:01:58.000Z</time>
        <extensions>
          <ns3:TrackPointExtension>
            <ns3:hr>147</ns3:hr>
            <ns3:cad>0</ns3:cad>
          </ns3:TrackPointExtension>
        </extensions>
      </trkpt>
      <trkpt lat="35.968954302370548248291015625" lon="-81.11250168643891811370849609375">
        <ele>489.20001220703125</ele>
        <time>2026-02-15T14:01:59.000Z</time>
        <extensions>
          <ns3:TrackPointExtension>
            <ns3:hr>147</ns3:hr>
            <ns3:cad>0</ns3:cad>
          </ns3:TrackPointExtension>
        </extensions>
      </trkpt>
      <trkpt lat="35.968948937952518463134765625" lon="-81.112487018108367919921875">
        <ele>490</ele>
        <time>2026-02-15T14:02:03.000Z</time>
        <extensions>
          <ns3:TrackPointExtension>
            <ns3:hr>147</ns3:hr>
            <ns3:cad>45</ns3:cad>
          </ns3:TrackPointExtension>
        </extensions>
      </trkpt>
      <trkpt lat="35.96896712668240070343017578125" lon="-81.1125378124415874481201171875">
        <ele>490</ele>
        <time>2026-02-15T14:02:09.000Z</time>
        <extensions>
          <ns3:TrackPointExtension>
            <ns3:hr>147</ns3:hr>
            <ns3:cad>0</ns3:cad>
          </ns3:TrackPointExtension>
        </extensions>
      </trkpt>
      <trkpt lat="35.9689794480800628662109375" lon="-81.1125549115240573883056640625">
        <ele>490.399993896484375</ele>
        <time>2026-02-15T14:02:11.000Z</time>
        <extensions>
          <ns3:TrackPointExtension>
            <ns3:hr>147</ns3:hr>
            <ns3:cad>0</ns3:cad>
          </ns3:TrackPointExtension>
        </extensions>
      </trkpt>
      <trkpt lat="35.96900886856019496917724609375" lon="-81.11256991513073444366455078125">
        <ele>491</ele>
        <time>2026-02-15T14:02:16.000Z</time>
        <extensions>
          <ns3:TrackPointExtension>
            <ns3:hr>149</ns3:hr>
            <ns3:cad>65</ns3:cad>
          </ns3:TrackPointExtension>
        </extensions>
      </trkpt>
      <trkpt lat="35.96902043558657169342041015625" lon="-81.11258232034742832183837890625">
        <ele>491.399993896484375</ele>
        <time>2026-02-15T14:02:20.000Z</time>
        <extensions>
          <ns3:TrackPointExtension>
            <ns3:hr>149</ns3:hr>
            <ns3:cad>0</ns3:cad>
          </ns3:TrackPointExtension>
        </extensions>
      </trkpt>
      <trkpt lat="35.96901926212012767791748046875" lon="-81.11258684657514095306396484375">
        <ele>491.600006103515625</ele>
        <time>2026-02-15T14:02:21.000Z</time>
        <extensions>
          <ns3:TrackPointExtension>
            <ns3:hr>150</ns3:hr>
            <ns3:cad>0</ns3:cad>
          </ns3:TrackPointExtension>
        </extensions>
      </trkpt>
      <trkpt lat="35.9690196812152862548828125" lon="-81.1126236431300640106201171875">
        <ele>491.600006103515625</ele>
        <time>2026-02-15T14:02:28.000Z</time>
        <extensions>
          <ns3:TrackPointExtension>
            <ns3:hr>153</ns3:hr>
            <ns3:cad>0</ns3:cad>
          </ns3:TrackPointExtension>
        </extensions>
      </trkpt>
      <trkpt lat="35.96902512945234775543212890625" lon="-81.11261132173240184783935546875">
        <ele>490.600006103515625</ele>
        <time>2026-02-15T14:02:35.000Z</time>
        <extensions>
          <ns3:TrackPointExtension>
            <ns3:hr>150</ns3:hr>
            <ns3:cad>0</ns3:cad>
          </ns3:TrackPointExtension>
        </extensions>
      </trkpt>
      <trkpt lat="35.96902328543365001678466796875" lon="-81.11260964535176753997802734375">
        <ele>490.79998779296875</ele>
        <time>2026-02-15T14:02:36.000Z</time>
        <extensions>
          <ns3:TrackPointExtension>
            <ns3:hr>150</ns3:hr>
            <ns3:cad>0</ns3:cad>
          </ns3:TrackPointExtension>
        </extensions>
      </trkpt>
      <trkpt lat="35.96903535537421703338623046875" lon="-81.11261098645627498626708984375">
        <ele>490.79998779296875</ele>
        <time>2026-02-15T14:02:41.000Z</time>
        <extensions>
          <ns3:TrackPointExtension>
            <ns3:hr>150</ns3:hr>
            <ns3:cad>79</ns3:cad>
          </ns3:TrackPointExtension>
        </extensions>
      </trkpt>
      <trkpt lat="35.96903384663164615631103515625" lon="-81.11260662786662578582763671875">
        <ele>490.399993896484375</ele>
        <time>2026-02-15T14:02:43.000Z</time>
        <extensions>
          <ns3:TrackPointExtension>
            <ns3:hr>151</ns3:hr>
            <ns3:cad>0</ns3:cad>
          </ns3:TrackPointExtension>
        </extensions>
      </trkpt>
      <trkpt lat="35.969022698700428009033203125" lon="-81.112604700028896331787109375">
        <ele>491</ele>
        <time>2026-02-15T14:02:50.000Z</time>
        <extensions>
          <ns3:TrackPointExtension>
            <ns3:hr>150</ns3:hr>
            <ns3:cad>0</ns3:cad>
          </ns3:TrackPointExtension>
        </extensions>
      </trkpt>
      <trkpt lat="35.9690384566783905029296875" lon="-81.11261366866528987884521484375">
        <ele>490.79998779296875</ele>
        <time>2026-02-15T14:02:59.000Z</time>
        <extensions>
          <ns3:TrackPointExtension>
            <ns3:hr>148</ns3:hr>
            <ns3:cad>0</ns3:cad>
          </ns3:TrackPointExtension>
        </extensions>
      </trkpt>
      <trkpt lat="35.9690429829061031341552734375" lon="-81.11261433921754360198974609375">
        <ele>491.399993896484375</ele>
        <time>2026-02-15T14:03:07.000Z</time>
        <extensions>
          <ns3:TrackPointExtension>
            <ns3:hr>146</ns3:hr>
            <ns3:cad>0</ns3:cad>
          </ns3:TrackPointExtension>
        </extensions>
      </trkpt>
      <trkpt lat="35.9690403006970882415771484375" lon="-81.112615428864955902099609375">
        <ele>491.399993896484375</ele>
        <time>2026-02-15T14:03:08.000Z</time>
        <extensions>
          <ns3:TrackPointExtension>
            <ns3:hr>146</ns3:hr>
            <ns3:cad>0</ns3:cad>
          </ns3:TrackPointExtension>
        </extensions>
      </trkpt>
      <trkpt lat="35.96902303397655487060546875" lon="-81.11261718906462192535400390625">
        <ele>491.79998779296875</ele>
        <time>2026-02-15T14:03:14.000Z</time>
        <extensions>
          <ns3:TrackPointExtension>
            <ns3:hr>146</ns3:hr>
            <ns3:cad>0</ns3:cad>
          </ns3:TrackPointExtension>
        </extensions>
      </trkpt>
      <trkpt lat="35.96902035176753997802734375" lon="-81.11261618323624134063720703125">
        <ele>491.79998779296875</ele>
        <time>2026-02-15T14:03:17.000Z</time>
        <extensions>
          <ns3:TrackPointExtension>
            <ns3:hr>153</ns3:hr>
            <ns3:cad>0</ns3:cad>
          </ns3:TrackPointExtension>
        </extensions>
      </trkpt>
      <trkpt lat="35.96902680583298206329345703125" lon="-81.1126243136823177337646484375">
        <ele>491.600006103515625</ele>
        <time>2026-02-15T14:03:20.000Z</time>
        <extensions>
          <ns3:TrackPointExtension>
            <ns3:hr>156</ns3:hr>
            <ns3:cad>0</ns3:cad>
          </ns3:TrackPointExtension>
        </extensions>
      </trkpt>
      <trkpt lat="35.96901926212012767791748046875" lon="-81.11263495869934558868408203125">
        <ele>490.79998779296875</ele>
        <time>2026-02-15T14:03:25.000Z</time>
        <extensions>
          <ns3:TrackPointExtension>
            <ns3:hr>153</ns3:hr>
            <ns3:cad>0</ns3:cad>
          </ns3:TrackPointExtension>
        </extensions>
      </trkpt>
      <trkpt lat="35.969016663730144500732421875" lon="-81.1126404069364070892333984375">
        <ele>490.79998779296875</ele>
        <time>2026-02-15T14:03:26.000Z</time>
        <extensions>
          <ns3:TrackPointExtension>
            <ns3:hr>153</ns3:hr>
            <ns3:cad>0</ns3:cad>
          </ns3:TrackPointExtension>
        </extensions>
      </trkpt>
      <trkpt lat="35.96902194432914257049560546875" lon="-81.11267535947263240814208984375">
        <ele>490.600006103515625</ele>
        <time>2026-02-15T14:03:30.000Z</time>
        <extensions>
          <ns3:TrackPointExtension>
            <ns3:hr>150</ns3:hr>
            <ns3:cad>0</ns3:cad>
          </ns3:TrackPointExtension>
        </extensions>
      </trkpt>
      <trkpt lat="35.969022028148174285888671875" lon="-81.1126836575567722320556640625">
        <ele>490.600006103515625</ele>
        <time>2026-02-15T14:03:31.000Z</time>
        <extensions>
          <ns3:TrackPointExtension>
            <ns3:hr>149</ns3:hr>
            <ns3:cad>0</ns3:cad>
          </ns3:TrackPointExtension>
        </extensions>
      </trkpt>
      <trkpt lat="35.96901792101562023162841796875" lon="-81.112725399434566497802734375">
        <ele>490.399993896484375</ele>
        <time>2026-02-15T14:03:36.000Z</time>
        <extensions>
          <ns3:TrackPointExtension>
            <ns3:hr>146</ns3:hr>
            <ns3:cad>0</ns3:cad>
          </ns3:TrackPointExtension>
        </extensions>
      </trkpt>
      <trkpt lat="35.96901456825435161590576171875" lon="-81.11272967420518398284912109375">
        <ele>490.20001220703125</ele>
        <time>2026-02-15T14:03:37.000Z</time>
        <extensions>
          <ns3:TrackPointExtension>
            <ns3:hr>147</ns3:hr>
            <ns3:cad>0</ns3:cad>
          </ns3:TrackPointExtension>
        </extensions>
      </trkpt>
      <trkpt lat="35.969011299312114715576171875" lon="-81.11274543218314647674560546875">
        <ele>490.20001220703125</ele>
        <time>2026-02-15T14:03:41.000Z</time>
        <extensions>
          <ns3:TrackPointExtension>
            <ns3:hr>150</ns3:hr>
            <ns3:cad>0</ns3:cad>
          </ns3:TrackPointExtension>
        </extensions>
      </trkpt>
      <trkpt lat="35.969013981521129608154296875" lon="-81.11274962313473224639892578125">
        <ele>490.399993896484375</ele>
        <time>2026-02-15T14:03:44.000Z</time>
        <extensions>
          <ns3:TrackPointExtension>
            <ns3:hr>149</ns3:hr>
            <ns3:cad>0</ns3:cad>
          </ns3:TrackPointExtension>
        </extensions>
      </trkpt>
      <trkpt lat="35.96903015859425067901611328125" lon="-81.11276471056044101715087890625">
        <ele>490.79998779296875</ele>
        <time>2026-02-15T14:03:48.000Z</time>
        <extensions>
          <ns3:TrackPointExtension>
            <ns3:hr>146</ns3:hr>
            <ns3:cad>0</ns3:cad>
          </ns3:TrackPointExtension>
        </extensions>
      </trkpt>
      <trkpt lat="35.96904155798256397247314453125" lon="-81.1127691529691219329833984375">
        <ele>491</ele>
        <time>2026-02-15T14:03:50.000Z</time>
        <extensions>
          <ns3:TrackPointExtension>
            <ns3:hr>146</ns3:hr>
            <ns3:cad>0</ns3:cad>
          </ns3:TrackPointExtension>
        </extensions>
      </trkpt>
      <trkpt lat="35.9690465033054351806640625" lon="-81.1127617768943309783935546875">
        <ele>491.600006103515625</ele>
        <time>2026-02-15T14:03:52.000Z</time>
        <extensions>
          <ns3:TrackPointExtension>
            <ns3:hr>145</ns3:hr>
            <ns3:cad>0</ns3:cad>
          </ns3:TrackPointExtension>
        </extensions>
      </trkpt>
      <trkpt lat="35.9690704755485057830810546875" lon="-81.11277200281620025634765625">
        <ele>491.79998779296875</ele>
        <time>2026-02-15T14:03:56.000Z</time>
        <extensions>
          <ns3:TrackPointExtension>
            <ns3:hr>145</ns3:hr>
            <ns3:cad>0</ns3:cad>
          </ns3:TrackPointExtension>
        </extensions>
      </trkpt>
      <trkpt lat="35.96908899955451488494873046875" lon="-81.1127887666225433349609375">
        <ele>491.600006103515625</ele>
        <time>2026-02-15T14:04:00.000Z</time>
        <extensions>
          <ns3:TrackPointExtension>
            <ns3:hr>148</ns3:hr>
            <ns3:cad>0</ns3:cad>
          </ns3:TrackPointExtension>
        </extensions>
      </trkpt>
      <trkpt lat="35.9690785221755504608154296875" lon="-81.11277963034808635711669921875">
        <ele>491.600006103515625</ele>
        <time>2026-02-15T14:04:02.000Z</time>
        <extensions>
          <ns3:TrackPointExtension>
            <ns3:hr>151</ns3:hr>
            <ns3:cad>0</ns3:cad>
          </ns3:TrackPointExtension>
        </extensions>
      </trkpt>
      <trkpt lat="35.96907424740493297576904296875" lon="-81.11279480159282684326171875">
        <ele>490.600006103515625</ele>
        <time>2026-02-15T14:04:07.000Z</time>
        <extensions>
          <ns3:TrackPointExtension>
            <ns3:hr>150</ns3:hr>
            <ns3:cad>0</ns3:cad>
          </ns3:TrackPointExtension>
        </extensions>
      </trkpt>
      <trkpt lat="35.9690758399665355682373046875" lon="-81.11280293203890323638916015625">
        <ele>490.399993896484375</ele>
        <time>2026-02-15T14:04:08.000Z</time>
        <extensions>
          <ns3:TrackPointExtension>
            <ns3:hr>147</ns3:hr>
            <ns3:cad>0</ns3:cad>
          </ns3:TrackPointExtension>
        </extensions>
      </trkpt>
      <trkpt lat="35.96908480860292911529541015625" lon="-81.11281986348330974578857421875">
        <ele>490.20001220703125</ele>
        <time>2026-02-15T14:04:11.000Z</time>
        <extensions>
          <ns3:TrackPointExtension>
            <ns3:hr>144</ns3:hr>
            <ns3:cad>0</ns3:cad>
          </ns3:TrackPointExtension>
        </extensions>
      </trkpt>
      <trkpt lat="35.96908271312713623046875" lon="-81.11281760036945343017578125">
        <ele>490.600006103515625</ele>
        <time>2026-02-15T14:04:14.000Z</time>
        <extensions>
          <ns3:TrackPointExtension>
            <ns3:hr>144</ns3:hr>
            <ns3:cad>0</ns3:cad>
          </ns3:TrackPointExtension>
        </extensions>
      </trkpt>
      <trkpt lat="35.96906888298690319061279296875" lon="-81.11278130672872066497802734375">
        <ele>491.20001220703125</ele>
        <time>2026-02-15T14:04:21.000Z</time>
        <extensions>
          <ns3:TrackPointExtension>
            <ns3:hr>143</ns3:hr>
            <ns3:cad>0</ns3:cad>
          </ns3:TrackPointExtension>
        </extensions>
      </trkpt>
      <trkpt lat="35.96906502731144428253173828125" lon="-81.1127684824168682098388671875">
        <ele>490.79998779296875</ele>
        <time>2026-02-15T14:04:28.000Z</time>
        <extensions>
          <ns3:TrackPointExtension>
            <ns3:hr>141</ns3:hr>
            <ns3:cad>0</ns3:cad>
          </ns3:TrackPointExtension>
        </extensions>
      </trkpt>
      <trkpt lat="35.96903502009809017181396484375" lon="-81.112768985331058502197265625">
        <ele>489.79998779296875</ele>
        <time>2026-02-15T14:04:34.000Z</time>
        <extensions>
          <ns3:TrackPointExtension>
            <ns3:hr>140</ns3:hr>
            <ns3:cad>0</ns3:cad>
          </ns3:TrackPointExtension>
        </extensions>
      </trkpt>
      <trkpt lat="35.96902814693748950958251953125" lon="-81.11276588402688503265380859375">
        <ele>489.20001220703125</ele>
        <time>2026-02-15T14:04:37.000Z</time>
        <extensions>
          <ns3:TrackPointExtension>
            <ns3:hr>140</ns3:hr>
            <ns3:cad>0</ns3:cad>
          </ns3:TrackPointExtension>
        </extensions>
      </trkpt>
      <trkpt lat="35.96901808865368366241455078125" lon="-81.11276328563690185546875">
        <ele>489</ele>
        <time>2026-02-15T14:04:39.000Z</time>
        <extensions>
          <ns3:TrackPointExtension>
            <ns3:hr>141</ns3:hr>
            <ns3:cad>0</ns3:cad>
          </ns3:TrackPointExtension>
        </extensions>
      </trkpt>
      <trkpt lat="35.9690128080546855926513671875" lon="-81.11275783739984035491943359375">
        <ele>488.79998779296875</ele>
        <time>2026-02-15T14:04:46.000Z</time>
        <extensions>
          <ns3:TrackPointExtension>
            <ns3:hr>139</ns3:hr>
            <ns3:cad>0</ns3:cad>
          </ns3:TrackPointExtension>
        </extensions>
      </trkpt>
      <trkpt lat="35.9690496884286403656005859375" lon="-81.11277074553072452545166015625">
        <ele>489.399993896484375</ele>
        <time>2026-02-15T14:04:51.000Z</time>
        <extensions>
          <ns3:TrackPointExtension>
            <ns3:hr>140</ns3:hr>
            <ns3:cad>0</ns3:cad>
          </ns3:TrackPointExtension>
        </extensions>
      </trkpt>
      <trkpt lat="35.96904222853481769561767578125" lon="-81.1127688176929950714111328125">
        <ele>490.20001220703125</ele>
        <time>2026-02-15T14:04:57.000Z</time>
        <extensions>
          <ns3:TrackPointExtension>
            <ns3:hr>140</ns3:hr>
            <ns3:cad>0</ns3:cad>
          </ns3:TrackPointExtension>
        </extensions>
      </trkpt>
      <trkpt lat="35.96901096403598785400390625" lon="-81.1127631179988384246826171875">
        <ele>489.20001220703125</ele>
        <time>2026-02-15T14:05:04.000Z</time>
        <extensions>
          <ns3:TrackPointExtension>
            <ns3:hr>140</ns3:hr>
            <ns3:cad>0</ns3:cad>
          </ns3:TrackPointExtension>
        </extensions>
      </trkpt>
      <trkpt lat="35.968986488878726959228515625" lon="-81.11273537389934062957763671875">
        <ele>488.20001220703125</ele>
        <time>2026-02-15T14:05:09.000Z</time>
        <extensions>
          <ns3:TrackPointExtension>
            <ns3:hr>139</ns3:hr>
            <ns3:cad>0</ns3:cad>
          </ns3:TrackPointExtension>
        </extensions>
      </trkpt>
      <trkpt lat="35.968975089490413665771484375" lon="-81.11273051239550113677978515625">
        <ele>487.79998779296875</ele>
        <time>2026-02-15T14:05:15.000Z</time>
        <extensions>
          <ns3:TrackPointExtension>
            <ns3:hr>139</ns3:hr>
            <ns3:cad>0</ns3:cad>
          </ns3:TrackPointExtension>
        </extensions>
      </trkpt>
      <trkpt lat="35.968948937952518463134765625" lon="-81.1127191968262195587158203125">
        <ele>487</ele>
        <time>2026-02-15T14:05:22.000Z</time>
        <extensions>
          <ns3:TrackPointExtension>
            <ns3:hr>138</ns3:hr>
            <ns3:cad>0</ns3:cad>
          </ns3:TrackPointExtension>
        </extensions>
      </trkpt>
      <trkpt lat="35.9689363650977611541748046875" lon="-81.11275565810501575469970703125">
        <ele>486</ele>
        <time>2026-02-15T14:05:26.000Z</time>
        <extensions>
          <ns3:TrackPointExtension>
            <ns3:hr>139</ns3:hr>
            <ns3:cad>0</ns3:cad>
          </ns3:TrackPointExtension>
        </extensions>
      </trkpt>
      <trkpt lat="35.96894323825836181640625" lon="-81.11277024261653423309326171875">
        <ele>486</ele>
        <time>2026-02-15T14:05:28.000Z</time>
        <extensions>
          <ns3:TrackPointExtension>
            <ns3:hr>140</ns3:hr>
            <ns3:cad>0</ns3:cad>
          </ns3:TrackPointExtension>
        </extensions>
      </trkpt>
      <trkpt lat="35.968919433653354644775390625" lon="-81.11277736723423004150390625">
        <ele>485.20001220703125</ele>
        <time>2026-02-15T14:05:33.000Z</time>
        <extensions>
          <ns3:TrackPointExtension>
            <ns3:hr>140</ns3:hr>
            <ns3:cad>0</ns3:cad>
          </ns3:TrackPointExtension>
        </extensions>
      </trkpt>
      <trkpt lat="35.96891842782497406005859375" lon="-81.11278004944324493408203125">
        <ele>485</ele>
        <time>2026-02-15T14:05:34.000Z</time>
        <extensions>
          <ns3:TrackPointExtension>
            <ns3:hr>140</ns3:hr>
            <ns3:cad>0</ns3:cad>
          </ns3:TrackPointExtension>
        </extensions>
      </trkpt>
      <trkpt lat="35.9689139015972614288330078125" lon="-81.1127550713717937469482421875">
        <ele>484</ele>
        <time>2026-02-15T14:05:39.000Z</time>
        <extensions>
          <ns3:TrackPointExtension>
            <ns3:hr>140</ns3:hr>
            <ns3:cad>0</ns3:cad>
          </ns3:TrackPointExtension>
        </extensions>
      </trkpt>
      <trkpt lat="35.96888833679258823394775390625" lon="-81.11276152543723583221435546875">
        <ele>483.79998779296875</ele>
        <time>2026-02-15T14:05:43.000Z</time>
        <extensions>
          <ns3:TrackPointExtension>
            <ns3:hr>139</ns3:hr>
            <ns3:cad>0</ns3:cad>
          </ns3:TrackPointExtension>
        </extensions>
      </trkpt>
      <trkpt lat="35.96888112835586071014404296875" lon="-81.1127728410065174102783203125">
        <ele>483.600006103515625</ele>
        <time>2026-02-15T14:05:44.000Z</time>
        <extensions>
          <ns3:TrackPointExtension>
            <ns3:hr>139</ns3:hr>
            <ns3:cad>0</ns3:cad>
          </ns3:TrackPointExtension>
        </extensions>
      </trkpt>
      <trkpt lat="35.968903340399265289306640625" lon="-81.11283771693706512451171875">
        <ele>482.79998779296875</ele>
        <time>2026-02-15T14:05:49.000Z</time>
        <extensions>
          <ns3:TrackPointExtension>
            <ns3:hr>137</ns3:hr>
            <ns3:cad>41</ns3:cad>
          </ns3:TrackPointExtension>
        </extensions>
      </trkpt>
      <trkpt lat="35.96892287023365497589111328125" lon="-81.11286110244691371917724609375">
        <ele>482.79998779296875</ele>
        <time>2026-02-15T14:05:52.000Z</time>
        <extensions>
          <ns3:TrackPointExtension>
            <ns3:hr>137</ns3:hr>
            <ns3:cad>0</ns3:cad>
          </ns3:TrackPointExtension>
        </extensions>
      </trkpt>
      <trkpt lat="35.9689284861087799072265625" lon="-81.1128751002252101898193359375">
        <ele>482.600006103515625</ele>
        <time>2026-02-15T14:05:54.000Z</time>
        <extensions>
          <ns3:TrackPointExtension>
            <ns3:hr>137</ns3:hr>
            <ns3:cad>0</ns3:cad>
          </ns3:TrackPointExtension>
        </extensions>
      </trkpt>
      <trkpt lat="35.96894114278256893157958984375" lon="-81.11288809217512607574462890625">
        <ele>482.399993896484375</ele>
        <time>2026-02-15T14:05:56.000Z</time>
        <extensions>
          <ns3:TrackPointExtension>
            <ns3:hr>137</ns3:hr>
            <ns3:cad>50</ns3:cad>
          </ns3:TrackPointExtension>
        </extensions>
      </trkpt>
      <trkpt lat="35.96897282637655735015869140625" lon="-81.1128901876509189605712890625">
        <ele>483.399993896484375</ele>
        <time>2026-02-15T14:06:04.000Z</time>
        <extensions>
          <ns3:TrackPointExtension>
            <ns3:hr>137</ns3:hr>
            <ns3:cad>0</ns3:cad>
          </ns3:TrackPointExtension>
        </extensions>
      </trkpt>
      <trkpt lat="35.9689735807478427886962890625" lon="-81.11288473941385746002197265625">
        <ele>483.79998779296875</ele>
        <time>2026-02-15T14:06:07.000Z</time>
        <extensions>
          <ns3:TrackPointExtension>
            <ns3:hr>136</ns3:hr>
            <ns3:cad>0</ns3:cad>
          </ns3:TrackPointExtension>
        </extensions>
      </trkpt>
      <trkpt lat="35.96898003481328487396240234375" lon="-81.112870238721370697021484375">
        <ele>484.20001220703125</ele>
        <time>2026-02-15T14:06:11.000Z</time>
        <extensions>
          <ns3:TrackPointExtension>
            <ns3:hr>137</ns3:hr>
            <ns3:cad>0</ns3:cad>
          </ns3:TrackPointExtension>
        </extensions>
      </trkpt>
      <trkpt lat="35.969000570476055145263671875" lon="-81.1128437519073486328125">
        <ele>484.79998779296875</ele>
        <time>2026-02-15T14:06:15.000Z</time>
        <extensions>
          <ns3:TrackPointExtension>
            <ns3:hr>137</ns3:hr>
            <ns3:cad>0</ns3:cad>
          </ns3:TrackPointExtension>
        </extensions>
      </trkpt>
      <trkpt lat="35.969014652073383331298828125" lon="-81.11285774968564510345458984375">
        <ele>485.20001220703125</ele>
        <time>2026-02-15T14:06:18.000Z</time>
        <extensions>
          <ns3:TrackPointExtension>
            <ns3:hr>139</ns3:hr>
            <ns3:cad>0</ns3:cad>
          </ns3:TrackPointExtension>
        </extensions>
      </trkpt>
      <trkpt lat="35.96901993267238140106201171875" lon="-81.11285892315208911895751953125">
        <ele>485.399993896484375</ele>
        <time>2026-02-15T14:06:20.000Z</time>
        <extensions>
          <ns3:TrackPointExtension>
            <ns3:hr>142</ns3:hr>
            <ns3:cad>0</ns3:cad>
          </ns3:TrackPointExtension>
        </extensions>
      </trkpt>
      <trkpt lat="35.969032086431980133056640625" lon="-81.11285154707729816436767578125">
        <ele>486</ele>
        <time>2026-02-15T14:06:23.000Z</time>
        <extensions>
          <ns3:TrackPointExtension>
            <ns3:hr>144</ns3:hr>
            <ns3:cad>0</ns3:cad>
          </ns3:TrackPointExtension>
        </extensions>
      </trkpt>
      <trkpt lat="35.9690384566783905029296875" lon="-81.1128477752208709716796875">
        <ele>486.20001220703125</ele>
        <time>2026-02-15T14:06:24.000Z</time>
        <extensions>
          <ns3:TrackPointExtension>
            <ns3:hr>144</ns3:hr>
            <ns3:cad>0</ns3:cad>
          </ns3:TrackPointExtension>
        </extensions>
      </trkpt>
      <trkpt lat="35.96906418912112712860107421875" lon="-81.1128523014485836029052734375">
        <ele>487</ele>
        <time>2026-02-15T14:06:29.000Z</time>
        <extensions>
          <ns3:TrackPointExtension>
            <ns3:hr>147</ns3:hr>
            <ns3:cad>0</ns3:cad>
          </ns3:TrackPointExtension>
        </extensions>
      </trkpt>
      <trkpt lat="35.9690734930336475372314453125" lon="-81.11285540275275707244873046875">
        <ele>487.600006103515625</ele>
        <time>2026-02-15T14:06:31.000Z</time>
        <extensions>
          <ns3:TrackPointExtension>
            <ns3:hr>149</ns3:hr>
            <ns3:cad>0</ns3:cad>
          </ns3:TrackPointExtension>
        </extensions>
      </trkpt>
      <trkpt lat="35.96907776780426502227783203125" lon="-81.11286244355142116546630859375">
        <ele>488.20001220703125</ele>
        <time>2026-02-15T14:06:33.000Z</time>
        <extensions>
          <ns3:TrackPointExtension>
            <ns3:hr>151</ns3:hr>
            <ns3:cad>0</ns3:cad>
          </ns3:TrackPointExtension>
        </extensions>
      </trkpt>
      <trkpt lat="35.969081707298755645751953125" lon="-81.1128583364188671112060546875">
        <ele>488.79998779296875</ele>
        <time>2026-02-15T14:06:38.000Z</time>
        <extensions>
          <ns3:TrackPointExtension>
            <ns3:hr>154</ns3:hr>
            <ns3:cad>0</ns3:cad>
          </ns3:TrackPointExtension>
        </extensions>
      </trkpt>
      <trkpt lat="35.96908564679324626922607421875" lon="-81.1128472723066806793212890625">
        <ele>489.20001220703125</ele>
        <time>2026-02-15T14:06:42.000Z</time>
        <extensions>
          <ns3:TrackPointExtension>
            <ns3:hr>156</ns3:hr>
            <ns3:cad>0</ns3:cad>
          </ns3:TrackPointExtension>
        </extensions>
      </trkpt>
      <trkpt lat="35.9690852276980876922607421875" lon="-81.11283645965158939361572265625">
        <ele>489.600006103515625</ele>
        <time>2026-02-15T14:06:44.000Z</time>
        <extensions>
          <ns3:TrackPointExtension>
            <ns3:hr>156</ns3:hr>
            <ns3:cad>0</ns3:cad>
          </ns3:TrackPointExtension>
        </extensions>
      </trkpt>
      <trkpt lat="35.96908363513648509979248046875" lon="-81.112830340862274169921875">
        <ele>490.20001220703125</ele>
        <time>2026-02-15T14:06:47.000Z</time>
        <extensions>
          <ns3:TrackPointExtension>
            <ns3:hr>155</ns3:hr>
            <ns3:cad>0</ns3:cad>
          </ns3:TrackPointExtension>
        </extensions>
      </trkpt>
      <trkpt lat="35.9690760076045989990234375" lon="-81.1128308437764644622802734375">
        <ele>490.399993896484375</ele>
        <time>2026-02-15T14:06:51.000Z</time>
        <extensions>
          <ns3:TrackPointExtension>
            <ns3:hr>157</ns3:hr>
            <ns3:cad>0</ns3:cad>
          </ns3:TrackPointExtension>
        </extensions>
      </trkpt>
      <trkpt lat="35.9690932743251323699951171875" lon="-81.112837381660938262939453125">
        <ele>490.600006103515625</ele>
        <time>2026-02-15T14:06:55.000Z</time>
        <extensions>
          <ns3:TrackPointExtension>
            <ns3:hr>160</ns3:hr>
            <ns3:cad>0</ns3:cad>
          </ns3:TrackPointExtension>
        </extensions>
      </trkpt>
      <trkpt lat="35.9691040031611919403076171875" lon="-81.11283863894641399383544921875">
        <ele>490.600006103515625</ele>
        <time>2026-02-15T14:06:58.000Z</time>
        <extensions>
          <ns3:TrackPointExtension>
            <ns3:hr>161</ns3:hr>
            <ns3:cad>0</ns3:cad>
          </ns3:TrackPointExtension>
        </extensions>
      </trkpt>
      <trkpt lat="35.96912227571010589599609375" lon="-81.11284785903990268707275390625">
        <ele>490.79998779296875</ele>
        <time>2026-02-15T14:07:00.000Z</time>
        <extensions>
          <ns3:TrackPointExtension>
            <ns3:hr>156</ns3:hr>
            <ns3:cad>0</ns3:cad>
          </ns3:TrackPointExtension>
        </extensions>
      </trkpt>
      <trkpt lat="35.96912956796586513519287109375" lon="-81.11285112798213958740234375">
        <ele>490.79998779296875</ele>
        <time>2026-02-15T14:07:01.000Z</time>
        <extensions>
          <ns3:TrackPointExtension>
            <ns3:hr>152</ns3:hr>
            <ns3:cad>0</ns3:cad>
          </ns3:TrackPointExtension>
        </extensions>
      </trkpt>
      <trkpt lat="35.9691328369081020355224609375" lon="-81.11285439692437648773193359375">
        <ele>490.79998779296875</ele>
        <time>2026-02-15T14:07:02.000Z</time>
        <extensions>
          <ns3:TrackPointExtension>
            <ns3:hr>152</ns3:hr>
            <ns3:cad>0</ns3:cad>
          </ns3:TrackPointExtension>
        </extensions>
      </trkpt>
      <trkpt lat="35.96914373338222503662109375" lon="-81.11285112798213958740234375">
        <ele>490.600006103515625</ele>
        <time>2026-02-15T14:07:04.000Z</time>
        <extensions>
          <ns3:TrackPointExtension>
            <ns3:hr>152</ns3:hr>
            <ns3:cad>0</ns3:cad>
          </ns3:TrackPointExtension>
        </extensions>
      </trkpt>
      <trkpt lat="35.9691536240279674530029296875" lon="-81.11285607330501079559326171875">
        <ele>490.399993896484375</ele>
        <time>2026-02-15T14:07:11.000Z</time>
        <extensions>
          <ns3:TrackPointExtension>
            <ns3:hr>151</ns3:hr>
            <ns3:cad>0</ns3:cad>
          </ns3:TrackPointExtension>
        </extensions>
      </trkpt>
      <trkpt lat="35.9691779315471649169921875" lon="-81.11286110244691371917724609375">
        <ele>491.20001220703125</ele>
        <time>2026-02-15T14:07:16.000Z</time>
        <extensions>
          <ns3:TrackPointExtension>
            <ns3:hr>151</ns3:hr>
            <ns3:cad>64</ns3:cad>
          </ns3:TrackPointExtension>
        </extensions>
      </trkpt>
      <trkpt lat="35.969178937375545501708984375" lon="-81.11286378465592861175537109375">
        <ele>491.399993896484375</ele>
        <time>2026-02-15T14:07:17.000Z</time>
        <extensions>
          <ns3:TrackPointExtension>
            <ns3:hr>151</ns3:hr>
            <ns3:cad>0</ns3:cad>
          </ns3:TrackPointExtension>
        </extensions>
      </trkpt>
      <trkpt lat="35.96919494681060314178466796875" lon="-81.11288440413773059844970703125">
        <ele>491.20001220703125</ele>
        <time>2026-02-15T14:07:25.000Z</time>
        <extensions>
          <ns3:TrackPointExtension>
            <ns3:hr>149</ns3:hr>
            <ns3:cad>0</ns3:cad>
          </ns3:TrackPointExtension>
        </extensions>
      </trkpt>
      <trkpt lat="35.96921673975884914398193359375" lon="-81.1128975637257099151611328125">
        <ele>490.79998779296875</ele>
        <time>2026-02-15T14:07:32.000Z</time>
        <extensions>
          <ns3:TrackPointExtension>
            <ns3:hr>149</ns3:hr>
            <ns3:cad>0</ns3:cad>
          </ns3:TrackPointExtension>
        </extensions>
      </trkpt>
      <trkpt lat="35.9692307375371456146240234375" lon="-81.11291022039949893951416015625">
        <ele>491.20001220703125</ele>
        <time>2026-02-15T14:07:37.000Z</time>
        <extensions>
          <ns3:TrackPointExtension>
            <ns3:hr>147</ns3:hr>
            <ns3:cad>0</ns3:cad>
          </ns3:TrackPointExtension>
        </extensions>
      </trkpt>
      <trkpt lat="35.96924222074449062347412109375" lon="-81.11289949156343936920166015625">
        <ele>491.20001220703125</ele>
        <time>2026-02-15T14:07:41.000Z</time>
        <extensions>
          <ns3:TrackPointExtension>
            <ns3:hr>144</ns3:hr>
            <ns3:cad>0</ns3:cad>
          </ns3:TrackPointExtension>
        </extensions>
      </trkpt>
      <trkpt lat="35.96924557350575923919677734375" lon="-81.11288859508931636810302734375">
        <ele>491.399993896484375</ele>
        <time>2026-02-15T14:07:42.000Z</time>
        <extensions>
          <ns3:TrackPointExtension>
            <ns3:hr>144</ns3:hr>
            <ns3:cad>0</ns3:cad>
          </ns3:TrackPointExtension>
        </extensions>
      </trkpt>
      <trkpt lat="35.9692490100860595703125" lon="-81.1128328554332256317138671875">
        <ele>492.600006103515625</ele>
        <time>2026-02-15T14:07:48.000Z</time>
        <extensions>
          <ns3:TrackPointExtension>
            <ns3:hr>143</ns3:hr>
            <ns3:cad>0</ns3:cad>
          </ns3:TrackPointExtension>
        </extensions>
      </trkpt>
      <trkpt lat="35.9692461602389812469482421875" lon="-81.1128077097237110137939453125">
        <ele>493.600006103515625</ele>
        <time>2026-02-15T14:07:52.000Z</time>
        <extensions>
          <ns3:TrackPointExtension>
            <ns3:hr>142</ns3:hr>
            <ns3:cad>0</ns3:cad>
          </ns3:TrackPointExtension>
        </extensions>
      </trkpt>
      <trkpt lat="35.96924859099090099334716796875" lon="-81.11278180964291095733642578125">
        <ele>493.600006103515625</ele>
        <time>2026-02-15T14:07:57.000Z</time>
        <extensions>
          <ns3:TrackPointExtension>
            <ns3:hr>142</ns3:hr>
            <ns3:cad>0</ns3:cad>
          </ns3:TrackPointExtension>
        </extensions>
      </trkpt>
      <trkpt lat="35.9692423045635223388671875" lon="-81.11277929507195949554443359375">
        <ele>493.600006103515625</ele>
        <time>2026-02-15T14:08:02.000Z</time>
        <extensions>
          <ns3:TrackPointExtension>
            <ns3:hr>141</ns3:hr>
            <ns3:cad>0</ns3:cad>
          </ns3:TrackPointExtension>
        </extensions>
      </trkpt>
      <trkpt lat="35.96922562457621097564697265625" lon="-81.11276387237012386322021484375">
        <ele>494.399993896484375</ele>
        <time>2026-02-15T14:08:09.000Z</time>
        <extensions>
          <ns3:TrackPointExtension>
            <ns3:hr>142</ns3:hr>
            <ns3:cad>73</ns3:cad>
          </ns3:TrackPointExtension>
        </extensions>
      </trkpt>
      <trkpt lat="35.9692208468914031982421875" lon="-81.1127621121704578399658203125">
        <ele>494.79998779296875</ele>
        <time>2026-02-15T14:08:12.000Z</time>
        <extensions>
          <ns3:TrackPointExtension>
            <ns3:hr>141</ns3:hr>
            <ns3:cad>0</ns3:cad>
          </ns3:TrackPointExtension>
        </extensions>
      </trkpt>
      <trkpt lat="35.9692020714282989501953125" lon="-81.11274358816444873809814453125">
        <ele>495</ele>
        <time>2026-02-15T14:08:15.000Z</time>
        <extensions>
          <ns3:TrackPointExtension>
            <ns3:hr>141</ns3:hr>
            <ns3:cad>41</ns3:cad>
          </ns3:TrackPointExtension>
        </extensions>
      </trkpt>
      <trkpt lat="35.9691784344613552093505859375" lon="-81.112722717225551605224609375">
        <ele>495.20001220703125</ele>
        <time>2026-02-15T14:08:19.000Z</time>
        <extensions>
          <ns3:TrackPointExtension>
            <ns3:hr>145</ns3:hr>
            <ns3:cad>0</ns3:cad>
          </ns3:TrackPointExtension>
        </extensions>
      </trkpt>
      <trkpt lat="35.9691616706550121307373046875" lon="-81.1127108149230480194091796875">
        <ele>495.20001220703125</ele>
        <time>2026-02-15T14:08:23.000Z</time>
        <extensions>
          <ns3:TrackPointExtension>
            <ns3:hr>147</ns3:hr>
            <ns3:cad>0</ns3:cad>
          </ns3:TrackPointExtension>
        </extensions>
      </trkpt>
      <trkpt lat="35.969160832464694976806640625" lon="-81.112725399434566497802734375">
        <ele>494.79998779296875</ele>
        <time>2026-02-15T14:08:32.000Z</time>
        <extensions>
          <ns3:TrackPointExtension>
            <ns3:hr>145</ns3:hr>
            <ns3:cad>0</ns3:cad>
          </ns3:TrackPointExtension>
        </extensions>
      </trkpt>
      <trkpt lat="35.9691086970269680023193359375" lon="-81.11273176968097686767578125">
        <ele>493.600006103515625</ele>
        <time>2026-02-15T14:08:38.000Z</time>
        <extensions>
          <ns3:TrackPointExtension>
            <ns3:hr>145</ns3:hr>
            <ns3:cad>0</ns3:cad>
          </ns3:TrackPointExtension>
        </extensions>
      </trkpt>
      <trkpt lat="35.969105847179889678955078125" lon="-81.11273604445159435272216796875">
        <ele>493.600006103515625</ele>
        <time>2026-02-15T14:08:39.000Z</time>
        <extensions>
          <ns3:TrackPointExtension>
            <ns3:hr>145</ns3:hr>
            <ns3:cad>0</ns3:cad>
          </ns3:TrackPointExtension>
        </extensions>
      </trkpt>
      <trkpt lat="35.96908816136419773101806640625" lon="-81.11271894536912441253662109375">
        <ele>493.399993896484375</ele>
        <time>2026-02-15T14:08:47.000Z</time>
        <extensions>
          <ns3:TrackPointExtension>
            <ns3:hr>145</ns3:hr>
            <ns3:cad>0</ns3:cad>
          </ns3:TrackPointExtension>
        </extensions>
      </trkpt>
      <trkpt lat="35.9690952859818935394287109375" lon="-81.11269824206829071044921875">
        <ele>494.399993896484375</ele>
        <time>2026-02-15T14:08:52.000Z</time>
        <extensions>
          <ns3:TrackPointExtension>
            <ns3:hr>142</ns3:hr>
            <ns3:cad>0</ns3:cad>
          </ns3:TrackPointExtension>
        </extensions>
      </trkpt>
      <trkpt lat="35.96909151412546634674072265625" lon="-81.1126917041838169097900390625">
        <ele>494.399993896484375</ele>
        <time>2026-02-15T14:08:53.000Z</time>
        <extensions>
          <ns3:TrackPointExtension>
            <ns3:hr>142</ns3:hr>
            <ns3:cad>0</ns3:cad>
          </ns3:TrackPointExtension>
        </extensions>
      </trkpt>
      <trkpt lat="35.96907374449074268341064453125" lon="-81.11265608109533786773681640625">
        <ele>494.20001220703125</ele>
        <time>2026-02-15T14:08:58.000Z</time>
        <extensions>
          <ns3:TrackPointExtension>
            <ns3:hr>139</ns3:hr>
            <ns3:cad>43</ns3:cad>
          </ns3:TrackPointExtension>
        </extensions>
      </trkpt>
      <trkpt lat="35.969072990119457244873046875" lon="-81.11263965256512165069580078125">
        <ele>494</ele>
        <time>2026-02-15T14:09:02.000Z</time>
        <extensions>
          <ns3:TrackPointExtension>
            <ns3:hr>137</ns3:hr>
            <ns3:cad>43</ns3:cad>
          </ns3:TrackPointExtension>
        </extensions>
      </trkpt>
      <trkpt lat="35.96906653605401515960693359375" lon="-81.11264233477413654327392578125">
        <ele>493.399993896484375</ele>
        <time>2026-02-15T14:09:05.000Z</time>
        <extensions>
          <ns3:TrackPointExtension>
            <ns3:hr>134</ns3:hr>
            <ns3:cad>0</ns3:cad>
          </ns3:TrackPointExtension>
        </extensions>
      </trkpt>
      <trkpt lat="35.9690567292273044586181640625" lon="-81.11260780133306980133056640625">
        <ele>493.600006103515625</ele>
        <time>2026-02-15T14:09:09.000Z</time>
        <extensions>
          <ns3:TrackPointExtension>
            <ns3:hr>134</ns3:hr>
            <ns3:cad>0</ns3:cad>
          </ns3:TrackPointExtension>
        </extensions>
      </trkpt>
      <trkpt lat="35.9690530411899089813232421875" lon="-81.1126196198165416717529296875">
        <ele>493</ele>
        <time>2026-02-15T14:09:15.000Z</time>
        <extensions>
          <ns3:TrackPointExtension>
            <ns3:hr>132</ns3:hr>
            <ns3:cad>0</ns3:cad>
          </ns3:TrackPointExtension>
        </extensions>
      </trkpt>
      <trkpt lat="35.9690540470182895660400390625" lon="-81.11258047632873058319091796875">
        <ele>493</ele>
        <time>2026-02-15T14:09:20.000Z</time>
        <extensions>
          <ns3:TrackPointExtension>
            <ns3:hr>135</ns3:hr>
            <ns3:cad>0</ns3:cad>
          </ns3:TrackPointExtension>
        </extensions>
      </trkpt>
      <trkpt lat="35.9690545499324798583984375" lon="-81.11256740055978298187255859375">
        <ele>493.399993896484375</ele>
        <time>2026-02-15T14:09:22.000Z</time>
        <extensions>
          <ns3:TrackPointExtension>
            <ns3:hr>139</ns3:hr>
            <ns3:cad>0</ns3:cad>
          </ns3:TrackPointExtension>
        </extensions>
      </trkpt>
      <trkpt lat="35.96904507838189601898193359375" lon="-81.11253186129033565521240234375">
        <ele>493.79998779296875</ele>
        <time>2026-02-15T14:09:29.000Z</time>
        <extensions>
          <ns3:TrackPointExtension>
            <ns3:hr>141</ns3:hr>
            <ns3:cad>0</ns3:cad>
          </ns3:TrackPointExtension>
        </extensions>
      </trkpt>
      <trkpt lat="35.96903200261294841766357421875" lon="-81.11249841749668121337890625">
        <ele>493.600006103515625</ele>
        <time>2026-02-15T14:09:35.000Z</time>
        <extensions>
          <ns3:TrackPointExtension>
            <ns3:hr>141</ns3:hr>
            <ns3:cad>0</ns3:cad>
          </ns3:TrackPointExtension>
        </extensions>
      </trkpt>
      <trkpt lat="35.968998558819293975830078125" lon="-81.11244720406830310821533203125">
        <ele>492.79998779296875</ele>
        <time>2026-02-15T14:09:43.000Z</time>
        <extensions>
          <ns3:TrackPointExtension>
            <ns3:hr>141</ns3:hr>
            <ns3:cad>79</ns3:cad>
          </ns3:TrackPointExtension>
        </extensions>
      </trkpt>
      <trkpt lat="35.96899093128740787506103515625" lon="-81.1124456115067005157470703125">
        <ele>492.600006103515625</ele>
        <time>2026-02-15T14:09:44.000Z</time>
        <extensions>
          <ns3:TrackPointExtension>
            <ns3:hr>141</ns3:hr>
            <ns3:cad>79</ns3:cad>
          </ns3:TrackPointExtension>
        </extensions>
      </trkpt>
      <trkpt lat="35.96895807422697544097900390625" lon="-81.11244385130703449249267578125">
        <ele>491.79998779296875</ele>
        <time>2026-02-15T14:09:49.000Z</time>
        <extensions>
          <ns3:TrackPointExtension>
            <ns3:hr>139</ns3:hr>
            <ns3:cad>0</ns3:cad>
          </ns3:TrackPointExtension>
        </extensions>
      </trkpt>
      <trkpt lat="35.968955643475055694580078125" lon="-81.11243228428065776824951171875">
        <ele>491.600006103515625</ele>
        <time>2026-02-15T14:09:51.000Z</time>
        <extensions>
          <ns3:TrackPointExtension>
            <ns3:hr>139</ns3:hr>
            <ns3:cad>0</ns3:cad>
          </ns3:TrackPointExtension>
        </extensions>
      </trkpt>
      <trkpt lat="35.9689501114189624786376953125" lon="-81.11240328289568424224853515625">
        <ele>491.600006103515625</ele>
        <time>2026-02-15T14:09:55.000Z</time>
        <extensions>
          <ns3:TrackPointExtension>
            <ns3:hr>138</ns3:hr>
            <ns3:cad>0</ns3:cad>
          </ns3:TrackPointExtension>
        </extensions>
      </trkpt>
      <trkpt lat="35.9689209423959255218505859375" lon="-81.11241661012172698974609375">
        <ele>490.600006103515625</ele>
        <time>2026-02-15T14:10:00.000Z</time>
        <extensions>
          <ns3:TrackPointExtension>
            <ns3:hr>136</ns3:hr>
            <ns3:cad>0</ns3:cad>
          </ns3:TrackPointExtension>
        </extensions>
      </trkpt>
      <trkpt lat="35.96891750581562519073486328125" lon="-81.1124213039875030517578125">
        <ele>489.399993896484375</ele>
        <time>2026-02-15T14:10:04.000Z</time>
        <extensions>
          <ns3:TrackPointExtension>
            <ns3:hr>136</ns3:hr>
            <ns3:cad>0</ns3:cad>
          </ns3:TrackPointExtension>
        </extensions>
      </trkpt>
      <trkpt lat="35.9689330123364925384521484375" lon="-81.112411580979824066162109375">
        <ele>490</ele>
        <time>2026-02-15T14:10:07.000Z</time>
        <extensions>
          <ns3:TrackPointExtension>
            <ns3:hr>134</ns3:hr>
            <ns3:cad>0</ns3:cad>
          </ns3:TrackPointExtension>
        </extensions>
      </trkpt>
      <trkpt lat="35.96893762238323688507080078125" lon="-81.11240495927631855010986328125">
        <ele>490.79998779296875</ele>
        <time>2026-02-15T14:10:09.000Z</time>
        <extensions>
          <ns3:TrackPointExtension>
            <ns3:hr>132</ns3:hr>
            <ns3:cad>0</ns3:cad>
          </ns3:TrackPointExtension>
        </extensions>
      </trkpt>
      <trkpt lat="35.96893242560327053070068359375" lon="-81.11238316632807254791259765625">
        <ele>491.600006103515625</ele>
        <time>2026-02-15T14:10:12.000Z</time>
        <extensions>
          <ns3:TrackPointExtension>
            <ns3:hr>129</ns3:hr>
            <ns3:cad>0</ns3:cad>
          </ns3:TrackPointExtension>
        </extensions>
      </trkpt>
      <trkpt lat="35.9689313359558582305908203125" lon="-81.11237545497715473175048828125">
        <ele>491.79998779296875</ele>
        <time>2026-02-15T14:10:13.000Z</time>
        <extensions>
          <ns3:TrackPointExtension>
            <ns3:hr>129</ns3:hr>
            <ns3:cad>16</ns3:cad>
          </ns3:TrackPointExtension>
        </extensions>
      </trkpt>
      <trkpt lat="35.96891633234918117523193359375" lon="-81.11233656294643878936767578125">
        <ele>492.600006103515625</ele>
        <time>2026-02-15T14:10:18.000Z</time>
        <extensions>
          <ns3:TrackPointExtension>
            <ns3:hr>131</ns3:hr>
            <ns3:cad>0</ns3:cad>
          </ns3:TrackPointExtension>
        </extensions>
      </trkpt>
      <trkpt lat="35.96892069093883037567138671875" lon="-81.11232264898717403411865234375">
        <ele>492.79998779296875</ele>
        <time>2026-02-15T14:10:21.000Z</time>
        <extensions>
          <ns3:TrackPointExtension>
            <ns3:hr>133</ns3:hr>
            <ns3:cad>61</ns3:cad>
          </ns3:TrackPointExtension>
        </extensions>
      </trkpt>
      <trkpt lat="35.96891918219625949859619140625" lon="-81.112303622066974639892578125">
        <ele>493.600006103515625</ele>
        <time>2026-02-15T14:10:24.000Z</time>
        <extensions>
          <ns3:TrackPointExtension>
            <ns3:hr>135</ns3:hr>
            <ns3:cad>0</ns3:cad>
          </ns3:TrackPointExtension>
        </extensions>
      </trkpt>
      <trkpt lat="35.96891817636787891387939453125" lon="-81.11230102367699146270751953125">
        <ele>493.79998779296875</ele>
        <time>2026-02-15T14:10:25.000Z</time>
        <extensions>
          <ns3:TrackPointExtension>
            <ns3:hr>135</ns3:hr>
            <ns3:cad>0</ns3:cad>
          </ns3:TrackPointExtension>
        </extensions>
      </trkpt>
      <trkpt lat="35.96890912391245365142822265625" lon="-81.1122830025851726531982421875">
        <ele>493.20001220703125</ele>
        <time>2026-02-15T14:10:30.000Z</time>
        <extensions>
          <ns3:TrackPointExtension>
            <ns3:hr>138</ns3:hr>
            <ns3:cad>0</ns3:cad>
          </ns3:TrackPointExtension>
        </extensions>
      </trkpt>
      <trkpt lat="35.96890778280794620513916015625" lon="-81.1122612096369266510009765625">
        <ele>492.79998779296875</ele>
        <time>2026-02-15T14:10:34.000Z</time>
        <extensions>
          <ns3:TrackPointExtension>
            <ns3:hr>141</ns3:hr>
            <ns3:cad>0</ns3:cad>
          </ns3:TrackPointExtension>
        </extensions>
      </trkpt>
      <trkpt lat="35.968906693160533905029296875" lon="-81.11226229928433895111083984375">
        <ele>492.79998779296875</ele>
        <time>2026-02-15T14:10:35.000Z</time>
        <extensions>
          <ns3:TrackPointExtension>
            <ns3:hr>142</ns3:hr>
            <ns3:cad>0</ns3:cad>
          </ns3:TrackPointExtension>
        </extensions>
      </trkpt>
      <trkpt lat="35.9689085371792316436767578125" lon="-81.11226774752140045166015625">
        <ele>492.600006103515625</ele>
        <time>2026-02-15T14:10:38.000Z</time>
        <extensions>
          <ns3:TrackPointExtension>
            <ns3:hr>146</ns3:hr>
            <ns3:cad>0</ns3:cad>
          </ns3:TrackPointExtension>
        </extensions>
      </trkpt>
      <trkpt lat="35.9689313359558582305908203125" lon="-81.1122477985918521881103515625">
        <ele>493.399993896484375</ele>
        <time>2026-02-15T14:10:42.000Z</time>
        <extensions>
          <ns3:TrackPointExtension>
            <ns3:hr>148</ns3:hr>
            <ns3:cad>0</ns3:cad>
          </ns3:TrackPointExtension>
        </extensions>
      </trkpt>
      <trkpt lat="35.96894248388707637786865234375" lon="-81.11224503256380558013916015625">
        <ele>494</ele>
        <time>2026-02-15T14:10:44.000Z</time>
        <extensions>
          <ns3:TrackPointExtension>
            <ns3:hr>148</ns3:hr>
            <ns3:cad>0</ns3:cad>
          </ns3:TrackPointExtension>
        </extensions>
      </trkpt>
      <trkpt lat="35.9689702279865741729736328125" lon="-81.1122711002826690673828125">
        <ele>495</ele>
        <time>2026-02-15T14:10:49.000Z</time>
        <extensions>
          <ns3:TrackPointExtension>
            <ns3:hr>147</ns3:hr>
            <ns3:cad>0</ns3:cad>
          </ns3:TrackPointExtension>
        </extensions>
      </trkpt>
      <trkpt lat="35.96897215582430362701416015625" lon="-81.1122779734432697296142578125">
        <ele>495.20001220703125</ele>
        <time>2026-02-15T14:10:50.000Z</time>
        <extensions>
          <ns3:TrackPointExtension>
            <ns3:hr>147</ns3:hr>
            <ns3:cad>60</ns3:cad>
          </ns3:TrackPointExtension>
        </extensions>
      </trkpt>
      <trkpt lat="35.96898087300360202789306640625" lon="-81.1123104952275753021240234375">
        <ele>495.399993896484375</ele>
        <time>2026-02-15T14:10:55.000Z</time>
        <extensions>
          <ns3:TrackPointExtension>
            <ns3:hr>147</ns3:hr>
            <ns3:cad>0</ns3:cad>
          </ns3:TrackPointExtension>
        </extensions>
      </trkpt>
      <trkpt lat="35.9690089523792266845703125" lon="-81.11233857460319995880126953125">
        <ele>496</ele>
        <time>2026-02-15T14:11:03.000Z</time>
        <extensions>
          <ns3:TrackPointExtension>
            <ns3:hr>148</ns3:hr>
            <ns3:cad>0</ns3:cad>
          </ns3:TrackPointExtension>
        </extensions>
      </trkpt>
      <trkpt lat="35.9690181724727153778076171875" lon="-81.1123487167060375213623046875">
        <ele>496.20001220703125</ele>
        <time>2026-02-15T14:11:05.000Z</time>
        <extensions>
          <ns3:TrackPointExtension>
            <ns3:hr>148</ns3:hr>
            <ns3:cad>0</ns3:cad>
          </ns3:TrackPointExtension>
        </extensions>
      </trkpt>
      <trkpt lat="35.969026051461696624755859375" lon="-81.1123622953891754150390625">
        <ele>496.600006103515625</ele>
        <time>2026-02-15T14:11:10.000Z</time>
        <extensions>
          <ns3:TrackPointExtension>
            <ns3:hr>148</ns3:hr>
            <ns3:cad>61</ns3:cad>
          </ns3:TrackPointExtension>
        </extensions>
      </trkpt>
      <trkpt lat="35.96907089464366436004638671875" lon="-81.11240319907665252685546875">
        <ele>496.399993896484375</ele>
        <time>2026-02-15T14:11:17.000Z</time>
        <extensions>
          <ns3:TrackPointExtension>
            <ns3:hr>148</ns3:hr>
            <ns3:cad>0</ns3:cad>
          </ns3:TrackPointExtension>
        </extensions>
      </trkpt>
      <trkpt lat="35.96908363513648509979248046875" lon="-81.1124067194759845733642578125">
        <ele>496.79998779296875</ele>
        <time>2026-02-15T14:11:23.000Z</time>
        <extensions>
          <ns3:TrackPointExtension>
            <ns3:hr>150</ns3:hr>
            <ns3:cad>0</ns3:cad>
          </ns3:TrackPointExtension>
        </extensions>
      </trkpt>
      <trkpt lat="35.96910660155117511749267578125" lon="-81.11240294761955738067626953125">
        <ele>497.20001220703125</ele>
        <time>2026-02-15T14:11:28.000Z</time>
        <extensions>
          <ns3:TrackPointExtension>
            <ns3:hr>151</ns3:hr>
            <ns3:cad>46</ns3:cad>
          </ns3:TrackPointExtension>
        </extensions>
      </trkpt>
      <trkpt lat="35.96911154687404632568359375" lon="-81.11239255405962467193603515625">
        <ele>497.399993896484375</ele>
        <time>2026-02-15T14:11:30.000Z</time>
        <extensions>
          <ns3:TrackPointExtension>
            <ns3:hr>151</ns3:hr>
            <ns3:cad>0</ns3:cad>
          </ns3:TrackPointExtension>
        </extensions>
      </trkpt>
      <trkpt lat="35.96910291351377964019775390625" lon="-81.11240043304860591888427734375">
        <ele>497.79998779296875</ele>
        <time>2026-02-15T14:11:38.000Z</time>
        <extensions>
          <ns3:TrackPointExtension>
            <ns3:hr>150</ns3:hr>
            <ns3:cad>0</ns3:cad>
          </ns3:TrackPointExtension>
        </extensions>
      </trkpt>
      <trkpt lat="35.969112552702426910400390625" lon="-81.11240613274276256561279296875">
        <ele>497.600006103515625</ele>
        <time>2026-02-15T14:11:45.000Z</time>
        <extensions>
          <ns3:TrackPointExtension>
            <ns3:hr>149</ns3:hr>
            <ns3:cad>0</ns3:cad>
          </ns3:TrackPointExtension>
        </extensions>
      </trkpt>
      <trkpt lat="35.9690952859818935394287109375" lon="-81.1124144308269023895263671875">
        <ele>497.20001220703125</ele>
        <time>2026-02-15T14:11:52.000Z</time>
        <extensions>
          <ns3:TrackPointExtension>
            <ns3:hr>148</ns3:hr>
            <ns3:cad>0</ns3:cad>
          </ns3:TrackPointExtension>
        </extensions>
      </trkpt>
      <trkpt lat="35.96909553743898868560791015625" lon="-81.11242038197815418243408203125">
        <ele>497.399993896484375</ele>
        <time>2026-02-15T14:11:58.000Z</time>
        <extensions>
          <ns3:TrackPointExtension>
            <ns3:hr>146</ns3:hr>
            <ns3:cad>0</ns3:cad>
          </ns3:TrackPointExtension>
        </extensions>
      </trkpt>
      <trkpt lat="35.96910811029374599456787109375" lon="-81.1124446056783199310302734375">
        <ele>497.600006103515625</ele>
        <time>2026-02-15T14:12:04.000Z</time>
        <extensions>
          <ns3:TrackPointExtension>
            <ns3:hr>145</ns3:hr>
            <ns3:cad>0</ns3:cad>
          </ns3:TrackPointExtension>
        </extensions>
      </trkpt>
      <trkpt lat="35.96910341642796993255615234375" lon="-81.11243966035544872283935546875">
        <ele>497.600006103515625</ele>
        <time>2026-02-15T14:12:08.000Z</time>
        <extensions>
          <ns3:TrackPointExtension>
            <ns3:hr>145</ns3:hr>
            <ns3:cad>0</ns3:cad>
          </ns3:TrackPointExtension>
        </extensions>
      </trkpt>
      <trkpt lat="35.969091765582561492919921875" lon="-81.112484671175479888916015625">
        <ele>497.20001220703125</ele>
        <time>2026-02-15T14:12:13.000Z</time>
        <extensions>
          <ns3:TrackPointExtension>
            <ns3:hr>144</ns3:hr>
            <ns3:cad>0</ns3:cad>
          </ns3:TrackPointExtension>
        </extensions>
      </trkpt>
      <trkpt lat="35.96909989602863788604736328125" lon="-81.11253001727163791656494140625">
        <ele>497.399993896484375</ele>
        <time>2026-02-15T14:12:19.000Z</time>
        <extensions>
          <ns3:TrackPointExtension>
            <ns3:hr>145</ns3:hr>
            <ns3:cad>0</ns3:cad>
          </ns3:TrackPointExtension>
        </extensions>
      </trkpt>
      <trkpt lat="35.9691254608333110809326171875" lon="-81.11255315132439136505126953125">
        <ele>497.20001220703125</ele>
        <time>2026-02-15T14:12:26.000Z</time>
        <extensions>
          <ns3:TrackPointExtension>
            <ns3:hr>147</ns3:hr>
            <ns3:cad>0</ns3:cad>
          </ns3:TrackPointExtension>
        </extensions>
      </trkpt>
      <trkpt lat="35.96915714442729949951171875" lon="-81.11256086267530918121337890625">
        <ele>498.20001220703125</ele>
        <time>2026-02-15T14:12:33.000Z</time>
        <extensions>
          <ns3:TrackPointExtension>
            <ns3:hr>147</ns3:hr>
            <ns3:cad>0</ns3:cad>
          </ns3:TrackPointExtension>
        </extensions>
      </trkpt>
      <trkpt lat="35.96915848553180694580078125" lon="-81.1125612817704677581787109375">
        <ele>498.600006103515625</ele>
        <time>2026-02-15T14:12:34.000Z</time>
        <extensions>
          <ns3:TrackPointExtension>
            <ns3:hr>147</ns3:hr>
            <ns3:cad>0</ns3:cad>
          </ns3:TrackPointExtension>
        </extensions>
      </trkpt>
      <trkpt lat="35.96916141919791698455810546875" lon="-81.11257410608232021331787109375">
        <ele>499.20001220703125</ele>
        <time>2026-02-15T14:12:38.000Z</time>
        <extensions>
          <ns3:TrackPointExtension>
            <ns3:hr>147</ns3:hr>
            <ns3:cad>0</ns3:cad>
          </ns3:TrackPointExtension>
        </extensions>
      </trkpt>
      <trkpt lat="35.96916292794048786163330078125" lon="-81.11258089542388916015625">
        <ele>499</ele>
        <time>2026-02-15T14:12:44.000Z</time>
        <extensions>
          <ns3:TrackPointExtension>
            <ns3:hr>147</ns3:hr>
            <ns3:cad>0</ns3:cad>
          </ns3:TrackPointExtension>
        </extensions>
      </trkpt>
      <trkpt lat="35.96915605477988719940185546875" lon="-81.11261568032205104827880859375">
        <ele>498.20001220703125</ele>
        <time>2026-02-15T14:12:51.000Z</time>
        <extensions>
          <ns3:TrackPointExtension>
            <ns3:hr>145</ns3:hr>
            <ns3:cad>0</ns3:cad>
          </ns3:TrackPointExtension>
        </extensions>
      </trkpt>
      <trkpt lat="35.96914415247738361358642578125" lon="-81.1126072145998477935791015625">
        <ele>498</ele>
        <time>2026-02-15T14:12:54.000Z</time>
        <extensions>
          <ns3:TrackPointExtension>
            <ns3:hr>149</ns3:hr>
            <ns3:cad>71</ns3:cad>
          </ns3:TrackPointExtension>
        </extensions>
      </trkpt>
      <trkpt lat="35.96913828514516353607177734375" lon="-81.11260545440018177032470703125">
        <ele>497.600006103515625</ele>
        <time>2026-02-15T14:12:58.000Z</time>
        <extensions>
          <ns3:TrackPointExtension>
            <ns3:hr>148</ns3:hr>
            <ns3:cad>0</ns3:cad>
          </ns3:TrackPointExtension>
        </extensions>
      </trkpt>
      <trkpt lat="35.96917231567203998565673828125" lon="-81.112624816596508026123046875">
        <ele>498.20001220703125</ele>
        <time>2026-02-15T14:13:04.000Z</time>
        <extensions>
          <ns3:TrackPointExtension>
            <ns3:hr>146</ns3:hr>
            <ns3:cad>0</ns3:cad>
          </ns3:TrackPointExtension>
        </extensions>
      </trkpt>
      <trkpt lat="35.9691982157528400421142578125" lon="-81.11266496591269969940185546875">
        <ele>497.79998779296875</ele>
        <time>2026-02-15T14:13:10.000Z</time>
        <extensions>
          <ns3:TrackPointExtension>
            <ns3:hr>143</ns3:hr>
            <ns3:cad>0</ns3:cad>
          </ns3:TrackPointExtension>
        </extensions>
      </trkpt>
      <trkpt lat="35.96920081414282321929931640625" lon="-81.11267385073006153106689453125">
        <ele>497.600006103515625</ele>
        <time>2026-02-15T14:13:11.000Z</time>
        <extensions>
          <ns3:TrackPointExtension>
            <ns3:hr>142</ns3:hr>
            <ns3:cad>0</ns3:cad>
          </ns3:TrackPointExtension>
        </extensions>
      </trkpt>
      <trkpt lat="35.969208441674709320068359375" lon="-81.112685836851596832275390625">
        <ele>497.399993896484375</ele>
        <time>2026-02-15T14:13:12.000Z</time>
        <extensions>
          <ns3:TrackPointExtension>
            <ns3:hr>142</ns3:hr>
            <ns3:cad>0</ns3:cad>
          </ns3:TrackPointExtension>
        </extensions>
      </trkpt>
      <trkpt lat="35.96922797150909900665283203125" lon="-81.1127020977437496185302734375">
        <ele>497.20001220703125</ele>
        <time>2026-02-15T14:13:17.000Z</time>
        <extensions>
          <ns3:TrackPointExtension>
            <ns3:hr>142</ns3:hr>
            <ns3:cad>0</ns3:cad>
          </ns3:TrackPointExtension>
        </extensions>
      </trkpt>
      <trkpt lat="35.9692471660673618316650390625" lon="-81.11270352266728878021240234375">
        <ele>497.399993896484375</ele>
        <time>2026-02-15T14:13:25.000Z</time>
        <extensions>
          <ns3:TrackPointExtension>
            <ns3:hr>142</ns3:hr>
            <ns3:cad>0</ns3:cad>
          </ns3:TrackPointExtension>
        </extensions>
      </trkpt>
      <trkpt lat="35.969283878803253173828125" lon="-81.11271567642688751220703125">
        <ele>497.79998779296875</ele>
        <time>2026-02-15T14:13:32.000Z</time>
        <extensions>
          <ns3:TrackPointExtension>
            <ns3:hr>142</ns3:hr>
            <ns3:cad>65</ns3:cad>
          </ns3:TrackPointExtension>
        </extensions>
      </trkpt>
      <trkpt lat="35.9693044982850551605224609375" lon="-81.11274249851703643798828125">
        <ele>497.79998779296875</ele>
        <time>2026-02-15T14:13:38.000Z</time>
        <extensions>
          <ns3:TrackPointExtension>
            <ns3:hr>142</ns3:hr>
            <ns3:cad>0</ns3:cad>
          </ns3:TrackPointExtension>
        </extensions>
      </trkpt>
      <trkpt lat="35.9693122096359729766845703125" lon="-81.11273520626127719879150390625">
        <ele>497.399993896484375</ele>
        <time>2026-02-15T14:13:45.000Z</time>
        <extensions>
          <ns3:TrackPointExtension>
            <ns3:hr>139</ns3:hr>
            <ns3:cad>0</ns3:cad>
          </ns3:TrackPointExtension>
        </extensions>
      </trkpt>
      <trkpt lat="35.9693101979792118072509765625" lon="-81.112740822136402130126953125">
        <ele>497.399993896484375</ele>
        <time>2026-02-15T14:13:48.000Z</time>
        <extensions>
          <ns3:TrackPointExtension>
            <ns3:hr>136</ns3:hr>
            <ns3:cad>0</ns3:cad>
          </ns3:TrackPointExtension>
        </extensions>
      </trkpt>
      <trkpt lat="35.96932989545166492462158203125" lon="-81.11276320181787014007568359375">
        <ele>497.20001220703125</ele>
        <time>2026-02-15T14:13:52.000Z</time>
        <extensions>
          <ns3:TrackPointExtension>
            <ns3:hr>134</ns3:hr>
            <ns3:cad>0</ns3:cad>
          </ns3:TrackPointExtension>
        </extensions>
      </trkpt>
      <trkpt lat="35.96936912275850772857666015625" lon="-81.11274274997413158416748046875">
        <ele>497.79998779296875</ele>
        <time>2026-02-15T14:13:57.000Z</time>
        <extensions>
          <ns3:TrackPointExtension>
            <ns3:hr>134</ns3:hr>
            <ns3:cad>76</ns3:cad>
          </ns3:TrackPointExtension>
        </extensions>
      </trkpt>
      <trkpt lat="35.9693725593388080596923828125" lon="-81.11272481270134449005126953125">
        <ele>498.399993896484375</ele>
        <time>2026-02-15T14:14:01.000Z</time>
        <extensions>
          <ns3:TrackPointExtension>
            <ns3:hr>134</ns3:hr>
            <ns3:cad>76</ns3:cad>
          </ns3:TrackPointExtension>
        </extensions>
      </trkpt>
      <trkpt lat="35.9693656861782073974609375" lon="-81.1127181909978389739990234375">
        <ele>498.600006103515625</ele>
        <time>2026-02-15T14:14:02.000Z</time>
        <extensions>
          <ns3:TrackPointExtension>
            <ns3:hr>134</ns3:hr>
            <ns3:cad>0</ns3:cad>
          </ns3:TrackPointExtension>
        </extensions>
      </trkpt>
      <trkpt lat="35.96935671754181385040283203125" lon="-81.112706623971462249755859375">
        <ele>498.79998779296875</ele>
        <time>2026-02-15T14:14:04.000Z</time>
        <extensions>
          <ns3:TrackPointExtension>
            <ns3:hr>135</ns3:hr>
            <ns3:cad>0</ns3:cad>
          </ns3:TrackPointExtension>
        </extensions>
      </trkpt>
      <trkpt lat="35.96935956738889217376708984375" lon="-81.11267116852104663848876953125">
        <ele>499.399993896484375</ele>
        <time>2026-02-15T14:14:10.000Z</time>
        <extensions>
          <ns3:TrackPointExtension>
            <ns3:hr>136</ns3:hr>
            <ns3:cad>0</ns3:cad>
          </ns3:TrackPointExtension>
        </extensions>
      </trkpt>
      <trkpt lat="35.969360657036304473876953125" lon="-81.11267066560685634613037109375">
        <ele>499.600006103515625</ele>
        <time>2026-02-15T14:14:11.000Z</time>
        <extensions>
          <ns3:TrackPointExtension>
            <ns3:hr>136</ns3:hr>
            <ns3:cad>0</ns3:cad>
          </ns3:TrackPointExtension>
        </extensions>
      </trkpt>
      <trkpt lat="35.9693574719130992889404296875" lon="-81.11264434643089771270751953125">
        <ele>500.600006103515625</ele>
        <time>2026-02-15T14:14:16.000Z</time>
        <extensions>
          <ns3:TrackPointExtension>
            <ns3:hr>137</ns3:hr>
            <ns3:cad>0</ns3:cad>
          </ns3:TrackPointExtension>
        </extensions>
      </trkpt>
      <trkpt lat="35.96935437060892581939697265625" lon="-81.11264904029667377471923828125">
        <ele>500.600006103515625</ele>
        <time>2026-02-15T14:14:18.000Z</time>
        <extensions>
          <ns3:TrackPointExtension>
            <ns3:hr>137</ns3:hr>
            <ns3:cad>0</ns3:cad>
          </ns3:TrackPointExtension>
        </extensions>
      </trkpt>
      <trkpt lat="35.969388149678707122802734375" lon="-81.11264317296445369720458984375">
        <ele>500.600006103515625</ele>
        <time>2026-02-15T14:14:25.000Z</time>
        <extensions>
          <ns3:TrackPointExtension>
            <ns3:hr>139</ns3:hr>
            <ns3:cad>75</ns3:cad>
          </ns3:TrackPointExtension>
        </extensions>
      </trkpt>
      <trkpt lat="35.9694151394069194793701171875" lon="-81.11264535225927829742431640625">
        <ele>500.399993896484375</ele>
        <time>2026-02-15T14:14:31.000Z</time>
        <extensions>
          <ns3:TrackPointExtension>
            <ns3:hr>141</ns3:hr>
            <ns3:cad>0</ns3:cad>
          </ns3:TrackPointExtension>
        </extensions>
      </trkpt>
      <trkpt lat="35.96944103948771953582763671875" lon="-81.1126546561717987060546875">
        <ele>501.600006103515625</ele>
        <time>2026-02-15T14:14:39.000Z</time>
        <extensions>
          <ns3:TrackPointExtension>
            <ns3:hr>142</ns3:hr>
            <ns3:cad>0</ns3:cad>
          </ns3:TrackPointExtension>
        </extensions>
      </trkpt>
      <trkpt lat="35.96943969838321208953857421875" lon="-81.11269212327897548675537109375">
        <ele>501.20001220703125</ele>
        <time>2026-02-15T14:14:46.000Z</time>
        <extensions>
          <ns3:TrackPointExtension>
            <ns3:hr>140</ns3:hr>
            <ns3:cad>0</ns3:cad>
          </ns3:TrackPointExtension>
        </extensions>
      </trkpt>
      <trkpt lat="35.969484709203243255615234375" lon="-81.1127054505050182342529296875">
        <ele>501</ele>
        <time>2026-02-15T14:14:51.000Z</time>
        <extensions>
          <ns3:TrackPointExtension>
            <ns3:hr>140</ns3:hr>
            <ns3:cad>0</ns3:cad>
          </ns3:TrackPointExtension>
        </extensions>
      </trkpt>
      <trkpt lat="35.96951580606400966644287109375" lon="-81.1127000860869884490966796875">
        <ele>501</ele>
        <time>2026-02-15T14:14:58.000Z</time>
        <extensions>
          <ns3:TrackPointExtension>
            <ns3:hr>141</ns3:hr>
            <ns3:cad>0</ns3:cad>
          </ns3:TrackPointExtension>
        </extensions>
      </trkpt>
      <trkpt lat="35.96952251158654689788818359375" lon="-81.11263453960418701171875">
        <ele>502</ele>
        <time>2026-02-15T14:15:04.000Z</time>
        <extensions>
          <ns3:TrackPointExtension>
            <ns3:hr>144</ns3:hr>
            <ns3:cad>77</ns3:cad>
          </ns3:TrackPointExtension>
        </extensions>
      </trkpt>
      <trkpt lat="35.96951111219823360443115234375" lon="-81.11261232756078243255615234375">
        <ele>502.600006103515625</ele>
        <time>2026-02-15T14:15:07.000Z</time>
        <extensions>
          <ns3:TrackPointExtension>
            <ns3:hr>144</ns3:hr>
            <ns3:cad>44</ns3:cad>
          </ns3:TrackPointExtension>
        </extensions>
      </trkpt>
      <trkpt lat="35.969503484666347503662109375" lon="-81.11259455792605876922607421875">
        <ele>502.79998779296875</ele>
        <time>2026-02-15T14:15:10.000Z</time>
        <extensions>
          <ns3:TrackPointExtension>
            <ns3:hr>144</ns3:hr>
            <ns3:cad>0</ns3:cad>
          </ns3:TrackPointExtension>
        </extensions>
      </trkpt>
      <trkpt lat="35.9695039875805377960205078125" lon="-81.1126021854579448699951171875">
        <ele>502.79998779296875</ele>
        <time>2026-02-15T14:15:17.000Z</time>
        <extensions>
          <ns3:TrackPointExtension>
            <ns3:hr>145</ns3:hr>
            <ns3:cad>0</ns3:cad>
          </ns3:TrackPointExtension>
        </extensions>
      </trkpt>
      <trkpt lat="35.96949619241058826446533203125" lon="-81.11261417157948017120361328125">
        <ele>502.600006103515625</ele>
        <time>2026-02-15T14:15:25.000Z</time>
        <extensions>
          <ns3:TrackPointExtension>
            <ns3:hr>142</ns3:hr>
            <ns3:cad>0</ns3:cad>
          </ns3:TrackPointExtension>
        </extensions>
      </trkpt>
      <trkpt lat="35.96948479302227497100830078125" lon="-81.112607382237911224365234375">
        <ele>502.600006103515625</ele>
        <time>2026-02-15T14:15:29.000Z</time>
        <extensions>
          <ns3:TrackPointExtension>
            <ns3:hr>140</ns3:hr>
            <ns3:cad>0</ns3:cad>
          </ns3:TrackPointExtension>
        </extensions>
      </trkpt>
      <trkpt lat="35.96947766840457916259765625" lon="-81.11262808553874492645263671875">
        <ele>502.399993896484375</ele>
        <time>2026-02-15T14:15:38.000Z</time>
        <extensions>
          <ns3:TrackPointExtension>
            <ns3:hr>137</ns3:hr>
            <ns3:cad>0</ns3:cad>
          </ns3:TrackPointExtension>
        </extensions>
      </trkpt>
      <trkpt lat="35.96947825513780117034912109375" lon="-81.11262858845293521881103515625">
        <ele>502.399993896484375</ele>
        <time>2026-02-15T14:15:46.000Z</time>
        <extensions>
          <ns3:TrackPointExtension>
            <ns3:hr>136</ns3:hr>
            <ns3:cad>0</ns3:cad>
          </ns3:TrackPointExtension>
        </extensions>
      </trkpt>
      <trkpt lat="35.96947456710040569305419921875" lon="-81.11263009719550609588623046875">
        <ele>501.79998779296875</ele>
        <time>2026-02-15T14:15:52.000Z</time>
        <extensions>
          <ns3:TrackPointExtension>
            <ns3:hr>133</ns3:hr>
            <ns3:cad>0</ns3:cad>
          </ns3:TrackPointExtension>
        </extensions>
      </trkpt>
      <trkpt lat="35.96946920268237590789794921875" lon="-81.11262858845293521881103515625">
        <ele>501.79998779296875</ele>
        <time>2026-02-15T14:15:54.000Z</time>
        <extensions>
          <ns3:TrackPointExtension>
            <ns3:hr>133</ns3:hr>
            <ns3:cad>0</ns3:cad>
          </ns3:TrackPointExtension>
        </extensions>
      </trkpt>
      <trkpt lat="35.96947825513780117034912109375" lon="-81.11262858845293521881103515625">
        <ele>502.20001220703125</ele>
        <time>2026-02-15T14:16:04.000Z</time>
        <extensions>
          <ns3:TrackPointExtension>
            <ns3:hr>130</ns3:hr>
            <ns3:cad>0</ns3:cad>
          </ns3:TrackPointExtension>
        </extensions>
      </trkpt>
      <trkpt lat="35.96947825513780117034912109375" lon="-81.11262858845293521881103515625">
        <ele>502.20001220703125</ele>
        <time>2026-02-15T14:16:06.000Z</time>
        <extensions>
          <ns3:TrackPointExtension>
            <ns3:hr>130</ns3:hr>
            <ns3:cad>0</ns3:cad>
          </ns3:TrackPointExtension>
        </extensions>
      </trkpt>
      <trkpt lat="35.96947473473846912384033203125" lon="-81.11261283047497272491455078125">
        <ele>501.600006103515625</ele>
        <time>2026-02-15T14:16:13.000Z</time>
        <extensions>
          <ns3:TrackPointExtension>
            <ns3:hr>128</ns3:hr>
            <ns3:cad>0</ns3:cad>
          </ns3:TrackPointExtension>
        </extensions>
      </trkpt>
      <trkpt lat="35.969478003680706024169921875" lon="-81.1126144230365753173828125">
        <ele>501.79998779296875</ele>
        <time>2026-02-15T14:16:16.000Z</time>
        <extensions>
          <ns3:TrackPointExtension>
            <ns3:hr>128</ns3:hr>
            <ns3:cad>0</ns3:cad>
          </ns3:TrackPointExtension>
        </extensions>
      </trkpt>
      <trkpt lat="35.9694825299084186553955078125" lon="-81.11261601559817790985107421875">
        <ele>501.79998779296875</ele>
        <time>2026-02-15T14:16:25.000Z</time>
        <extensions>
          <ns3:TrackPointExtension>
            <ns3:hr>129</ns3:hr>
            <ns3:cad>0</ns3:cad>
          </ns3:TrackPointExtension>
        </extensions>
      </trkpt>
      <trkpt lat="35.96948144026100635528564453125" lon="-81.11262791790068149566650390625">
        <ele>502</ele>
        <time>2026-02-15T14:16:30.000Z</time>
        <extensions>
          <ns3:TrackPointExtension>
            <ns3:hr>129</ns3:hr>
            <ns3:cad>0</ns3:cad>
          </ns3:TrackPointExtension>
        </extensions>
      </trkpt>
      <trkpt lat="35.96950708888471126556396484375" lon="-81.11264183185994625091552734375">
        <ele>501.20001220703125</ele>
        <time>2026-02-15T14:16:38.000Z</time>
        <extensions>
          <ns3:TrackPointExtension>
            <ns3:hr>129</ns3:hr>
            <ns3:cad>0</ns3:cad>
          </ns3:TrackPointExtension>
        </extensions>
      </trkpt>
      <trkpt lat="35.96948764286935329437255859375" lon="-81.11267535947263240814208984375">
        <ele>501.399993896484375</ele>
        <time>2026-02-15T14:16:47.000Z</time>
        <extensions>
          <ns3:TrackPointExtension>
            <ns3:hr>129</ns3:hr>
            <ns3:cad>0</ns3:cad>
          </ns3:TrackPointExtension>
        </extensions>
      </trkpt>
      <trkpt lat="35.96950340084731578826904296875" lon="-81.112692542374134063720703125">
        <ele>500.600006103515625</ele>
        <time>2026-02-15T14:16:56.000Z</time>
        <extensions>
          <ns3:TrackPointExtension>
            <ns3:hr>129</ns3:hr>
            <ns3:cad>0</ns3:cad>
          </ns3:TrackPointExtension>
        </extensions>
      </trkpt>
      <trkpt lat="35.969500802457332611083984375" lon="-81.11269245855510234832763671875">
        <ele>500.20001220703125</ele>
        <time>2026-02-15T14:17:02.000Z</time>
        <extensions>
          <ns3:TrackPointExtension>
            <ns3:hr>129</ns3:hr>
            <ns3:cad>41</ns3:cad>
          </ns3:TrackPointExtension>
        </extensions>
      </trkpt>
      <trkpt lat="35.96948864869773387908935546875" lon="-81.11270360648632049560546875">
        <ele>499.399993896484375</ele>
        <time>2026-02-15T14:17:05.000Z</time>
        <extensions>
          <ns3:TrackPointExtension>
            <ns3:hr>128</ns3:hr>
            <ns3:cad>0</ns3:cad>
          </ns3:TrackPointExtension>
        </extensions>
      </trkpt>
      <trkpt lat="35.969467274844646453857421875" lon="-81.11272213049232959747314453125">
        <ele>498.600006103515625</ele>
        <time>2026-02-15T14:17:09.000Z</time>
        <extensions>
          <ns3:TrackPointExtension>
            <ns3:hr>127</ns3:hr>
            <ns3:cad>47</ns3:cad>
          </ns3:TrackPointExtension>
        </extensions>
      </trkpt>
      <trkpt lat="35.96946551464498043060302734375" lon="-81.11272464506328105926513671875">
        <ele>498.399993896484375</ele>
        <time>2026-02-15T14:17:10.000Z</time>
        <extensions>
          <ns3:TrackPointExtension>
            <ns3:hr>127</ns3:hr>
            <ns3:cad>47</ns3:cad>
          </ns3:TrackPointExtension>
        </extensions>
      </trkpt>
      <trkpt lat="35.96943802200257778167724609375" lon="-81.112746186554431915283203125">
        <ele>497.600006103515625</ele>
        <time>2026-02-15T14:17:15.000Z</time>
        <extensions>
          <ns3:TrackPointExtension>
            <ns3:hr>126</ns3:hr>
            <ns3:cad>0</ns3:cad>
          </ns3:TrackPointExtension>
        </extensions>
      </trkpt>
      <trkpt lat="35.969436429440975189208984375" lon="-81.11275448463857173919677734375">
        <ele>497.399993896484375</ele>
        <time>2026-02-15T14:17:17.000Z</time>
        <extensions>
          <ns3:TrackPointExtension>
            <ns3:hr>127</ns3:hr>
            <ns3:cad>0</ns3:cad>
          </ns3:TrackPointExtension>
        </extensions>
      </trkpt>
      <trkpt lat="35.96946199424564838409423828125" lon="-81.1127919517457485198974609375">
        <ele>496.79998779296875</ele>
        <time>2026-02-15T14:17:21.000Z</time>
        <extensions>
          <ns3:TrackPointExtension>
            <ns3:hr>126</ns3:hr>
            <ns3:cad>0</ns3:cad>
          </ns3:TrackPointExtension>
        </extensions>
      </trkpt>
      <trkpt lat="35.96949116326868534088134765625" lon="-81.112795807421207427978515625">
        <ele>497</ele>
        <time>2026-02-15T14:17:29.000Z</time>
        <extensions>
          <ns3:TrackPointExtension>
            <ns3:hr>126</ns3:hr>
            <ns3:cad>0</ns3:cad>
          </ns3:TrackPointExtension>
        </extensions>
      </trkpt>
      <trkpt lat="35.96949644386768341064453125" lon="-81.11281299032270908355712890625">
        <ele>496.600006103515625</ele>
        <time>2026-02-15T14:17:33.000Z</time>
        <extensions>
          <ns3:TrackPointExtension>
            <ns3:hr>123</ns3:hr>
            <ns3:cad>0</ns3:cad>
          </ns3:TrackPointExtension>
        </extensions>
      </trkpt>
      <trkpt lat="35.969484038650989532470703125" lon="-81.11282003112137317657470703125">
        <ele>496.20001220703125</ele>
        <time>2026-02-15T14:17:35.000Z</time>
        <extensions>
          <ns3:TrackPointExtension>
            <ns3:hr>122</ns3:hr>
            <ns3:cad>0</ns3:cad>
          </ns3:TrackPointExtension>
        </extensions>
      </trkpt>
      <trkpt lat="35.9694801829755306243896484375" lon="-81.1128308437764644622802734375">
        <ele>496</ele>
        <time>2026-02-15T14:17:36.000Z</time>
        <extensions>
          <ns3:TrackPointExtension>
            <ns3:hr>123</ns3:hr>
            <ns3:cad>0</ns3:cad>
          </ns3:TrackPointExtension>
        </extensions>
      </trkpt>
      <trkpt lat="35.969480015337467193603515625" lon="-81.11287568695843219757080078125">
        <ele>495</ele>
        <time>2026-02-15T14:17:40.000Z</time>
        <extensions>
          <ns3:TrackPointExtension>
            <ns3:hr>122</ns3:hr>
            <ns3:cad>46</ns3:cad>
          </ns3:TrackPointExtension>
        </extensions>
      </trkpt>
      <trkpt lat="35.96949853934347629547119140625" lon="-81.11290535889565944671630859375">
        <ele>494.399993896484375</ele>
        <time>2026-02-15T14:17:43.000Z</time>
        <extensions>
          <ns3:TrackPointExtension>
            <ns3:hr>122</ns3:hr>
            <ns3:cad>46</ns3:cad>
          </ns3:TrackPointExtension>
        </extensions>
      </trkpt>
      <trkpt lat="35.96950960345566272735595703125" lon="-81.1129092983901500701904296875">
        <ele>494.399993896484375</ele>
        <time>2026-02-15T14:17:44.000Z</time>
        <extensions>
          <ns3:TrackPointExtension>
            <ns3:hr>122</ns3:hr>
            <ns3:cad>49</ns3:cad>
          </ns3:TrackPointExtension>
        </extensions>
      </trkpt>
      <trkpt lat="35.96952485851943492889404296875" lon="-81.1129022575914859771728515625">
        <ele>494.20001220703125</ele>
        <time>2026-02-15T14:17:48.000Z</time>
        <extensions>
          <ns3:TrackPointExtension>
            <ns3:hr>123</ns3:hr>
            <ns3:cad>44</ns3:cad>
          </ns3:TrackPointExtension>
        </extensions>
      </trkpt>
      <trkpt lat="35.96953491680324077606201171875" lon="-81.11290519125759601593017578125">
        <ele>494.399993896484375</ele>
        <time>2026-02-15T14:17:56.000Z</time>
        <extensions>
          <ns3:TrackPointExtension>
            <ns3:hr>122</ns3:hr>
            <ns3:cad>0</ns3:cad>
          </ns3:TrackPointExtension>
        </extensions>
      </trkpt>
      <trkpt lat="35.9695190750062465667724609375" lon="-81.11289798282086849212646484375">
        <ele>494.20001220703125</ele>
        <time>2026-02-15T14:18:06.000Z</time>
        <extensions>
          <ns3:TrackPointExtension>
            <ns3:hr>122</ns3:hr>
            <ns3:cad>0</ns3:cad>
          </ns3:TrackPointExtension>
        </extensions>
      </trkpt>
      <trkpt lat="35.969493426382541656494140625" lon="-81.112827323377132415771484375">
        <ele>494.79998779296875</ele>
        <time>2026-02-15T14:18:12.000Z</time>
        <extensions>
          <ns3:TrackPointExtension>
            <ns3:hr>124</ns3:hr>
            <ns3:cad>47</ns3:cad>
          </ns3:TrackPointExtension>
        </extensions>
      </trkpt>
      <trkpt lat="35.9694808535277843475341796875" lon="-81.11278331838548183441162109375">
        <ele>495.79998779296875</ele>
        <time>2026-02-15T14:18:16.000Z</time>
        <extensions>
          <ns3:TrackPointExtension>
            <ns3:hr>126</ns3:hr>
            <ns3:cad>46</ns3:cad>
          </ns3:TrackPointExtension>
        </extensions>
      </trkpt>
      <trkpt lat="35.9694530256092548370361328125" lon="-81.1127567477524280548095703125">
        <ele>496</ele>
        <time>2026-02-15T14:18:19.000Z</time>
        <extensions>
          <ns3:TrackPointExtension>
            <ns3:hr>126</ns3:hr>
            <ns3:cad>44</ns3:cad>
          </ns3:TrackPointExtension>
        </extensions>
      </trkpt>
      <trkpt lat="35.969431400299072265625" lon="-81.11272229813039302825927734375">
        <ele>496.600006103515625</ele>
        <time>2026-02-15T14:18:23.000Z</time>
        <extensions>
          <ns3:TrackPointExtension>
            <ns3:hr>129</ns3:hr>
            <ns3:cad>44</ns3:cad>
          </ns3:TrackPointExtension>
        </extensions>
      </trkpt>
      <trkpt lat="35.96942209638655185699462890625" lon="-81.11270519904792308807373046875">
        <ele>496.79998779296875</ele>
        <time>2026-02-15T14:18:25.000Z</time>
        <extensions>
          <ns3:TrackPointExtension>
            <ns3:hr>133</ns3:hr>
            <ns3:cad>44</ns3:cad>
          </ns3:TrackPointExtension>
        </extensions>
      </trkpt>
      <trkpt lat="35.969418324530124664306640625" lon="-81.11269547604024410247802734375">
        <ele>497</ele>
        <time>2026-02-15T14:18:26.000Z</time>
        <extensions>
          <ns3:TrackPointExtension>
            <ns3:hr>134</ns3:hr>
            <ns3:cad>44</ns3:cad>
          </ns3:TrackPointExtension>
        </extensions>
      </trkpt>
      <trkpt lat="35.969407595694065093994140625" lon="-81.11267569474875926971435546875">
        <ele>497.20001220703125</ele>
        <time>2026-02-15T14:18:28.000Z</time>
        <extensions>
          <ns3:TrackPointExtension>
            <ns3:hr>136</ns3:hr>
            <ns3:cad>44</ns3:cad>
          </ns3:TrackPointExtension>
        </extensions>
      </trkpt>
      <trkpt lat="35.969402901828289031982421875" lon="-81.112657003104686737060546875">
        <ele>497.600006103515625</ele>
        <time>2026-02-15T14:18:31.000Z</time>
        <extensions>
          <ns3:TrackPointExtension>
            <ns3:hr>139</ns3:hr>
            <ns3:cad>45</ns3:cad>
          </ns3:TrackPointExtension>
        </extensions>
      </trkpt>
      <trkpt lat="35.969400219619274139404296875" lon="-81.11264971084892749786376953125">
        <ele>497.79998779296875</ele>
        <time>2026-02-15T14:18:32.000Z</time>
        <extensions>
          <ns3:TrackPointExtension>
            <ns3:hr>139</ns3:hr>
            <ns3:cad>45</ns3:cad>
          </ns3:TrackPointExtension>
        </extensions>
      </trkpt>
      <trkpt lat="35.9693889878690242767333984375" lon="-81.1126293428242206573486328125">
        <ele>497.79998779296875</ele>
        <time>2026-02-15T14:18:36.000Z</time>
        <extensions>
          <ns3:TrackPointExtension>
            <ns3:hr>142</ns3:hr>
            <ns3:cad>0</ns3:cad>
          </ns3:TrackPointExtension>
        </extensions>
      </trkpt>
      <trkpt lat="35.96937448717653751373291015625" lon="-81.11261785961687564849853515625">
        <ele>498.20001220703125</ele>
        <time>2026-02-15T14:18:38.000Z</time>
        <extensions>
          <ns3:TrackPointExtension>
            <ns3:hr>143</ns3:hr>
            <ns3:cad>0</ns3:cad>
          </ns3:TrackPointExtension>
        </extensions>
      </trkpt>
      <trkpt lat="35.9693497605621814727783203125" lon="-81.11258064396679401397705078125">
        <ele>499</ele>
        <time>2026-02-15T14:18:47.000Z</time>
        <extensions>
          <ns3:TrackPointExtension>
            <ns3:hr>145</ns3:hr>
            <ns3:cad>0</ns3:cad>
          </ns3:TrackPointExtension>
        </extensions>
      </trkpt>
      <trkpt lat="35.9693531133234500885009765625" lon="-81.11257477663457393646240234375">
        <ele>499.20001220703125</ele>
        <time>2026-02-15T14:18:48.000Z</time>
        <extensions>
          <ns3:TrackPointExtension>
            <ns3:hr>145</ns3:hr>
            <ns3:cad>0</ns3:cad>
          </ns3:TrackPointExtension>
        </extensions>
      </trkpt>
      <trkpt lat="35.96937834285199642181396484375" lon="-81.11253169365227222442626953125">
        <ele>499.79998779296875</ele>
        <time>2026-02-15T14:18:54.000Z</time>
        <extensions>
          <ns3:TrackPointExtension>
            <ns3:hr>145</ns3:hr>
            <ns3:cad>0</ns3:cad>
          </ns3:TrackPointExtension>
        </extensions>
      </trkpt>
      <trkpt lat="35.969385802745819091796875" lon="-81.112529598176479339599609375">
        <ele>499.600006103515625</ele>
        <time>2026-02-15T14:19:01.000Z</time>
        <extensions>
          <ns3:TrackPointExtension>
            <ns3:hr>146</ns3:hr>
            <ns3:cad>0</ns3:cad>
          </ns3:TrackPointExtension>
        </extensions>
      </trkpt>
      <trkpt lat="35.969356633722782135009765625" lon="-81.112549044191837310791015625">
        <ele>500</ele>
        <time>2026-02-15T14:19:08.000Z</time>
        <extensions>
          <ns3:TrackPointExtension>
            <ns3:hr>144</ns3:hr>
            <ns3:cad>0</ns3:cad>
          </ns3:TrackPointExtension>
        </extensions>
      </trkpt>
      <trkpt lat="35.96934397704899311065673828125" lon="-81.112578548491001129150390625">
        <ele>498.79998779296875</ele>
        <time>2026-02-15T14:19:14.000Z</time>
        <extensions>
          <ns3:TrackPointExtension>
            <ns3:hr>144</ns3:hr>
            <ns3:cad>0</ns3:cad>
          </ns3:TrackPointExtension>
        </extensions>
      </trkpt>
      <trkpt lat="35.9693249501287937164306640625" lon="-81.11259237863123416900634765625">
        <ele>498.20001220703125</ele>
        <time>2026-02-15T14:19:18.000Z</time>
        <extensions>
          <ns3:TrackPointExtension>
            <ns3:hr>144</ns3:hr>
            <ns3:cad>0</ns3:cad>
          </ns3:TrackPointExtension>
        </extensions>
      </trkpt>
      <trkpt lat="35.96931011416018009185791015625" lon="-81.11259497702121734619140625">
        <ele>498</ele>
        <time>2026-02-15T14:19:20.000Z</time>
        <extensions>
          <ns3:TrackPointExtension>
            <ns3:hr>144</ns3:hr>
            <ns3:cad>0</ns3:cad>
          </ns3:TrackPointExtension>
        </extensions>
      </trkpt>
      <trkpt lat="35.96928530372679233551025390625" lon="-81.11255868338048458099365234375">
        <ele>497.79998779296875</ele>
        <time>2026-02-15T14:19:26.000Z</time>
        <extensions>
          <ns3:TrackPointExtension>
            <ns3:hr>142</ns3:hr>
            <ns3:cad>0</ns3:cad>
          </ns3:TrackPointExtension>
        </extensions>
      </trkpt>
      <trkpt lat="35.96922679804265499114990234375" lon="-81.1125368066132068634033203125">
        <ele>497.20001220703125</ele>
        <time>2026-02-15T14:19:34.000Z</time>
        <extensions>
          <ns3:TrackPointExtension>
            <ns3:hr>142</ns3:hr>
            <ns3:cad>0</ns3:cad>
          </ns3:TrackPointExtension>
        </extensions>
      </trkpt>
      <trkpt lat="35.96922193653881549835205078125" lon="-81.11253404058516025543212890625">
        <ele>497.20001220703125</ele>
        <time>2026-02-15T14:19:35.000Z</time>
        <extensions>
          <ns3:TrackPointExtension>
            <ns3:hr>142</ns3:hr>
            <ns3:cad>49</ns3:cad>
          </ns3:TrackPointExtension>
        </extensions>
      </trkpt>
      <trkpt lat="35.969198048114776611328125" lon="-81.11250973306596279144287109375">
        <ele>496.600006103515625</ele>
        <time>2026-02-15T14:19:41.000Z</time>
        <extensions>
          <ns3:TrackPointExtension>
            <ns3:hr>141</ns3:hr>
            <ns3:cad>0</ns3:cad>
          </ns3:TrackPointExtension>
        </extensions>
      </trkpt>
      <trkpt lat="35.96919176168739795684814453125" lon="-81.11246681772172451019287109375">
        <ele>497.20001220703125</ele>
        <time>2026-02-15T14:19:48.000Z</time>
        <extensions>
          <ns3:TrackPointExtension>
            <ns3:hr>139</ns3:hr>
            <ns3:cad>0</ns3:cad>
          </ns3:TrackPointExtension>
        </extensions>
      </trkpt>
      <trkpt lat="35.9691707231104373931884765625" lon="-81.1124352179467678070068359375">
        <ele>497</ele>
        <time>2026-02-15T14:19:54.000Z</time>
        <extensions>
          <ns3:TrackPointExtension>
            <ns3:hr>137</ns3:hr>
            <ns3:cad>79</ns3:cad>
          </ns3:TrackPointExtension>
        </extensions>
      </trkpt>
      <trkpt lat="35.96914247609674930572509765625" lon="-81.1124127544462680816650390625">
        <ele>496.399993896484375</ele>
        <time>2026-02-15T14:20:01.000Z</time>
        <extensions>
          <ns3:TrackPointExtension>
            <ns3:hr>137</ns3:hr>
            <ns3:cad>0</ns3:cad>
          </ns3:TrackPointExtension>
        </extensions>
      </trkpt>
      <trkpt lat="35.96913836896419525146484375" lon="-81.1123959906399250030517578125">
        <ele>496</ele>
        <time>2026-02-15T14:20:03.000Z</time>
        <extensions>
          <ns3:TrackPointExtension>
            <ns3:hr>136</ns3:hr>
            <ns3:cad>44</ns3:cad>
          </ns3:TrackPointExtension>
        </extensions>
      </trkpt>
      <trkpt lat="35.96910911612212657928466796875" lon="-81.11234276555478572845458984375">
        <ele>496.399993896484375</ele>
        <time>2026-02-15T14:20:08.000Z</time>
        <extensions>
          <ns3:TrackPointExtension>
            <ns3:hr>134</ns3:hr>
            <ns3:cad>0</ns3:cad>
          </ns3:TrackPointExtension>
        </extensions>
      </trkpt>
      <trkpt lat="35.96911464817821979522705078125" lon="-81.11230370588600635528564453125">
        <ele>496.79998779296875</ele>
        <time>2026-02-15T14:20:13.000Z</time>
        <extensions>
          <ns3:TrackPointExtension>
            <ns3:hr>133</ns3:hr>
            <ns3:cad>49</ns3:cad>
          </ns3:TrackPointExtension>
        </extensions>
      </trkpt>
      <trkpt lat="35.96911816857755184173583984375" lon="-81.112292222678661346435546875">
        <ele>497</ele>
        <time>2026-02-15T14:20:14.000Z</time>
        <extensions>
          <ns3:TrackPointExtension>
            <ns3:hr>133</ns3:hr>
            <ns3:cad>49</ns3:cad>
          </ns3:TrackPointExtension>
        </extensions>
      </trkpt>
      <trkpt lat="35.96911917440593242645263671875" lon="-81.11228090710937976837158203125">
        <ele>497.20001220703125</ele>
        <time>2026-02-15T14:20:15.000Z</time>
        <extensions>
          <ns3:TrackPointExtension>
            <ns3:hr>133</ns3:hr>
            <ns3:cad>44</ns3:cad>
          </ns3:TrackPointExtension>
        </extensions>
      </trkpt>
      <trkpt lat="35.96911825239658355712890625" lon="-81.11227177083492279052734375">
        <ele>497.399993896484375</ele>
        <time>2026-02-15T14:20:16.000Z</time>
        <extensions>
          <ns3:TrackPointExtension>
            <ns3:hr>133</ns3:hr>
            <ns3:cad>44</ns3:cad>
          </ns3:TrackPointExtension>
        </extensions>
      </trkpt>
      <trkpt lat="35.96910458989441394805908203125" lon="-81.1122415959835052490234375">
        <ele>497.79998779296875</ele>
        <time>2026-02-15T14:20:20.000Z</time>
        <extensions>
          <ns3:TrackPointExtension>
            <ns3:hr>133</ns3:hr>
            <ns3:cad>0</ns3:cad>
          </ns3:TrackPointExtension>
        </extensions>
      </trkpt>
      <trkpt lat="35.96910324878990650177001953125" lon="-81.11219935119152069091796875">
        <ele>498</ele>
        <time>2026-02-15T14:20:25.000Z</time>
        <extensions>
          <ns3:TrackPointExtension>
            <ns3:hr>132</ns3:hr>
            <ns3:cad>0</ns3:cad>
          </ns3:TrackPointExtension>
        </extensions>
      </trkpt>
      <trkpt lat="35.9691066853702068328857421875" lon="-81.11218325793743133544921875">
        <ele>498.399993896484375</ele>
        <time>2026-02-15T14:20:27.000Z</time>
        <extensions>
          <ns3:TrackPointExtension>
            <ns3:hr>134</ns3:hr>
            <ns3:cad>0</ns3:cad>
          </ns3:TrackPointExtension>
        </extensions>
      </trkpt>
      <trkpt lat="35.9691164083778858184814453125" lon="-81.11216641031205654144287109375">
        <ele>499.20001220703125</ele>
        <time>2026-02-15T14:20:31.000Z</time>
        <extensions>
          <ns3:TrackPointExtension>
            <ns3:hr>135</ns3:hr>
            <ns3:cad>0</ns3:cad>
          </ns3:TrackPointExtension>
        </extensions>
      </trkpt>
      <trkpt lat="35.96912705339491367340087890625" lon="-81.11215400509536266326904296875">
        <ele>499.600006103515625</ele>
        <time>2026-02-15T14:20:33.000Z</time>
        <extensions>
          <ns3:TrackPointExtension>
            <ns3:hr>136</ns3:hr>
            <ns3:cad>0</ns3:cad>
          </ns3:TrackPointExtension>
        </extensions>
      </trkpt>
      <trkpt lat="35.9691296517848968505859375" lon="-81.1121291108429431915283203125">
        <ele>499.79998779296875</ele>
        <time>2026-02-15T14:20:36.000Z</time>
        <extensions>
          <ns3:TrackPointExtension>
            <ns3:hr>137</ns3:hr>
            <ns3:cad>0</ns3:cad>
          </ns3:TrackPointExtension>
        </extensions>
      </trkpt>
      <trkpt lat="35.96911347471177577972412109375" lon="-81.11209114082157611846923828125">
        <ele>500.399993896484375</ele>
        <time>2026-02-15T14:20:42.000Z</time>
        <extensions>
          <ns3:TrackPointExtension>
            <ns3:hr>139</ns3:hr>
            <ns3:cad>0</ns3:cad>
          </ns3:TrackPointExtension>
        </extensions>
      </trkpt>
      <trkpt lat="35.9691100381314754486083984375" lon="-81.112071610987186431884765625">
        <ele>500.600006103515625</ele>
        <time>2026-02-15T14:20:44.000Z</time>
        <extensions>
          <ns3:TrackPointExtension>
            <ns3:hr>140</ns3:hr>
            <ns3:cad>0</ns3:cad>
          </ns3:TrackPointExtension>
        </extensions>
      </trkpt>
      <trkpt lat="35.96911079250276088714599609375" lon="-81.112051494419574737548828125">
        <ele>500.79998779296875</ele>
        <time>2026-02-15T14:20:48.000Z</time>
        <extensions>
          <ns3:TrackPointExtension>
            <ns3:hr>141</ns3:hr>
            <ns3:cad>0</ns3:cad>
          </ns3:TrackPointExtension>
        </extensions>
      </trkpt>
      <trkpt lat="35.96910215914249420166015625" lon="-81.112049482762813568115234375">
        <ele>500</ele>
        <time>2026-02-15T14:20:55.000Z</time>
        <extensions>
          <ns3:TrackPointExtension>
            <ns3:hr>140</ns3:hr>
            <ns3:cad>0</ns3:cad>
          </ns3:TrackPointExtension>
        </extensions>
      </trkpt>
      <trkpt lat="35.9691063500940799713134765625" lon="-81.1120791547000408172607421875">
        <ele>500.79998779296875</ele>
        <time>2026-02-15T14:21:06.000Z</time>
        <extensions>
          <ns3:TrackPointExtension>
            <ns3:hr>140</ns3:hr>
            <ns3:cad>0</ns3:cad>
          </ns3:TrackPointExtension>
        </extensions>
      </trkpt>
      <trkpt lat="35.9691502712666988372802734375" lon="-81.112119220197200775146484375">
        <ele>501</ele>
        <time>2026-02-15T14:21:12.000Z</time>
        <extensions>
          <ns3:TrackPointExtension>
            <ns3:hr>141</ns3:hr>
            <ns3:cad>0</ns3:cad>
          </ns3:TrackPointExtension>
        </extensions>
      </trkpt>
      <trkpt lat="35.96917927265167236328125" lon="-81.11207337118685245513916015625">
        <ele>501.399993896484375</ele>
        <time>2026-02-15T14:21:17.000Z</time>
        <extensions>
          <ns3:TrackPointExtension>
            <ns3:hr>144</ns3:hr>
            <ns3:cad>0</ns3:cad>
          </ns3:TrackPointExtension>
        </extensions>
      </trkpt>
      <trkpt lat="35.96918337978422641754150390625" lon="-81.112072952091693878173828125">
        <ele>501.399993896484375</ele>
        <time>2026-02-15T14:21:18.000Z</time>
        <extensions>
          <ns3:TrackPointExtension>
            <ns3:hr>144</ns3:hr>
            <ns3:cad>0</ns3:cad>
          </ns3:TrackPointExtension>
        </extensions>
      </trkpt>
      <trkpt lat="35.9691901691257953643798828125" lon="-81.11207085661590099334716796875">
        <ele>501.79998779296875</ele>
        <time>2026-02-15T14:21:20.000Z</time>
        <extensions>
          <ns3:TrackPointExtension>
            <ns3:hr>145</ns3:hr>
            <ns3:cad>0</ns3:cad>
          </ns3:TrackPointExtension>
        </extensions>
      </trkpt>
      <trkpt lat="35.9691864810883998870849609375" lon="-81.11211888492107391357421875">
        <ele>502.20001220703125</ele>
        <time>2026-02-15T14:21:27.000Z</time>
        <extensions>
          <ns3:TrackPointExtension>
            <ns3:hr>145</ns3:hr>
            <ns3:cad>73</ns3:cad>
          </ns3:TrackPointExtension>
        </extensions>
      </trkpt>
      <trkpt lat="35.9692074358463287353515625" lon="-81.11215165816247463226318359375">
        <ele>502.20001220703125</ele>
        <time>2026-02-15T14:21:30.000Z</time>
        <extensions>
          <ns3:TrackPointExtension>
            <ns3:hr>145</ns3:hr>
            <ns3:cad>73</ns3:cad>
          </ns3:TrackPointExtension>
        </extensions>
      </trkpt>
      <trkpt lat="35.96921657212078571319580078125" lon="-81.112146042287349700927734375">
        <ele>502</ele>
        <time>2026-02-15T14:21:32.000Z</time>
        <extensions>
          <ns3:TrackPointExtension>
            <ns3:hr>145</ns3:hr>
            <ns3:cad>0</ns3:cad>
          </ns3:TrackPointExtension>
        </extensions>
      </trkpt>
      <trkpt lat="35.96919159404933452606201171875" lon="-81.11216372810304164886474609375">
        <ele>502.20001220703125</ele>
        <time>2026-02-15T14:21:38.000Z</time>
        <extensions>
          <ns3:TrackPointExtension>
            <ns3:hr>146</ns3:hr>
            <ns3:cad>0</ns3:cad>
          </ns3:TrackPointExtension>
        </extensions>
      </trkpt>
      <trkpt lat="35.96919427625834941864013671875" lon="-81.112205721437931060791015625">
        <ele>501.20001220703125</ele>
        <time>2026-02-15T14:21:44.000Z</time>
        <extensions>
          <ns3:TrackPointExtension>
            <ns3:hr>144</ns3:hr>
            <ns3:cad>0</ns3:cad>
          </ns3:TrackPointExtension>
        </extensions>
      </trkpt>
      <trkpt lat="35.969231240451335906982421875" lon="-81.11224117688834667205810546875">
        <ele>501.600006103515625</ele>
        <time>2026-02-15T14:21:51.000Z</time>
        <extensions>
          <ns3:TrackPointExtension>
            <ns3:hr>142</ns3:hr>
            <ns3:cad>0</ns3:cad>
          </ns3:TrackPointExtension>
        </extensions>
      </trkpt>
      <trkpt lat="35.96923199482262134552001953125" lon="-81.1122638918459415435791015625">
        <ele>501.600006103515625</ele>
        <time>2026-02-15T14:21:55.000Z</time>
        <extensions>
          <ns3:TrackPointExtension>
            <ns3:hr>139</ns3:hr>
            <ns3:cad>0</ns3:cad>
          </ns3:TrackPointExtension>
        </extensions>
      </trkpt>
      <trkpt lat="35.9692304022610187530517578125" lon="-81.1122752912342548370361328125">
        <ele>501.399993896484375</ele>
        <time>2026-02-15T14:21:57.000Z</time>
        <extensions>
          <ns3:TrackPointExtension>
            <ns3:hr>137</ns3:hr>
            <ns3:cad>0</ns3:cad>
          </ns3:TrackPointExtension>
        </extensions>
      </trkpt>
      <trkpt lat="35.9692357666790485382080078125" lon="-81.112292893230915069580078125">
        <ele>501.399993896484375</ele>
        <time>2026-02-15T14:22:00.000Z</time>
        <extensions>
          <ns3:TrackPointExtension>
            <ns3:hr>134</ns3:hr>
            <ns3:cad>0</ns3:cad>
          </ns3:TrackPointExtension>
        </extensions>
      </trkpt>
      <trkpt lat="35.96925529651343822479248046875" lon="-81.1123011074960231781005859375">
        <ele>501.79998779296875</ele>
        <time>2026-02-15T14:22:04.000Z</time>
        <extensions>
          <ns3:TrackPointExtension>
            <ns3:hr>133</ns3:hr>
            <ns3:cad>0</ns3:cad>
          </ns3:TrackPointExtension>
        </extensions>
      </trkpt>
      <trkpt lat="35.96927776001393795013427734375" lon="-81.1123059689998626708984375">
        <ele>502.399993896484375</ele>
        <time>2026-02-15T14:22:10.000Z</time>
        <extensions>
          <ns3:TrackPointExtension>
            <ns3:hr>135</ns3:hr>
            <ns3:cad>0</ns3:cad>
          </ns3:TrackPointExtension>
        </extensions>
      </trkpt>
      <trkpt lat="35.96928060986101627349853515625" lon="-81.11235751770436763763427734375">
        <ele>502</ele>
        <time>2026-02-15T14:22:18.000Z</time>
        <extensions>
          <ns3:TrackPointExtension>
            <ns3:hr>137</ns3:hr>
            <ns3:cad>0</ns3:cad>
          </ns3:TrackPointExtension>
        </extensions>
      </trkpt>
      <trkpt lat="35.96928698010742664337158203125" lon="-81.11238165758550167083740234375">
        <ele>501.20001220703125</ele>
        <time>2026-02-15T14:22:25.000Z</time>
        <extensions>
          <ns3:TrackPointExtension>
            <ns3:hr>136</ns3:hr>
            <ns3:cad>0</ns3:cad>
          </ns3:TrackPointExtension>
        </extensions>
      </trkpt>
      <trkpt lat="35.96929351799190044403076171875" lon="-81.11238786019384860992431640625">
        <ele>501.79998779296875</ele>
        <time>2026-02-15T14:22:31.000Z</time>
        <extensions>
          <ns3:TrackPointExtension>
            <ns3:hr>135</ns3:hr>
            <ns3:cad>17</ns3:cad>
          </ns3:TrackPointExtension>
        </extensions>
      </trkpt>
      <trkpt lat="35.96930332481861114501953125" lon="-81.112395487725734710693359375">
        <ele>501.399993896484375</ele>
        <time>2026-02-15T14:22:38.000Z</time>
        <extensions>
          <ns3:TrackPointExtension>
            <ns3:hr>135</ns3:hr>
            <ns3:cad>0</ns3:cad>
          </ns3:TrackPointExtension>
        </extensions>
      </trkpt>
      <trkpt lat="35.96929938532412052154541015625" lon="-81.112390123307704925537109375">
        <ele>501.79998779296875</ele>
        <time>2026-02-15T14:22:47.000Z</time>
        <extensions>
          <ns3:TrackPointExtension>
            <ns3:hr>134</ns3:hr>
            <ns3:cad>0</ns3:cad>
          </ns3:TrackPointExtension>
        </extensions>
      </trkpt>
      <trkpt lat="35.9693038277328014373779296875" lon="-81.112393476068973541259765625">
        <ele>502</ele>
        <time>2026-02-15T14:22:52.000Z</time>
        <extensions>
          <ns3:TrackPointExtension>
            <ns3:hr>132</ns3:hr>
            <ns3:cad>0</ns3:cad>
          </ns3:TrackPointExtension>
        </extensions>
      </trkpt>
      <trkpt lat="35.9693200886249542236328125" lon="-81.1124130897223949432373046875">
        <ele>502</ele>
        <time>2026-02-15T14:22:56.000Z</time>
        <extensions>
          <ns3:TrackPointExtension>
            <ns3:hr>131</ns3:hr>
            <ns3:cad>0</ns3:cad>
          </ns3:TrackPointExtension>
        </extensions>
      </trkpt>
      <trkpt lat="35.969313047826290130615234375" lon="-81.11242574639618396759033203125">
        <ele>501.79998779296875</ele>
        <time>2026-02-15T14:23:02.000Z</time>
        <extensions>
          <ns3:TrackPointExtension>
            <ns3:hr>131</ns3:hr>
            <ns3:cad>0</ns3:cad>
          </ns3:TrackPointExtension>
        </extensions>
      </trkpt>
      <trkpt lat="35.96932956017553806304931640625" lon="-81.11246229149401187896728515625">
        <ele>501</ele>
        <time>2026-02-15T14:23:07.000Z</time>
        <extensions>
          <ns3:TrackPointExtension>
            <ns3:hr>131</ns3:hr>
            <ns3:cad>0</ns3:cad>
          </ns3:TrackPointExtension>
        </extensions>
      </trkpt>
      <trkpt lat="35.96936878748238086700439453125" lon="-81.11246262677013874053955078125">
        <ele>501.600006103515625</ele>
        <time>2026-02-15T14:23:13.000Z</time>
        <extensions>
          <ns3:TrackPointExtension>
            <ns3:hr>130</ns3:hr>
            <ns3:cad>0</ns3:cad>
          </ns3:TrackPointExtension>
        </extensions>
      </trkpt>
      <trkpt lat="35.96941036172211170196533203125" lon="-81.11245692707598209381103515625">
        <ele>502.600006103515625</ele>
        <time>2026-02-15T14:23:20.000Z</time>
        <extensions>
          <ns3:TrackPointExtension>
            <ns3:hr>130</ns3:hr>
            <ns3:cad>0</ns3:cad>
          </ns3:TrackPointExtension>
        </extensions>
      </trkpt>
      <trkpt lat="35.96944816410541534423828125" lon="-81.11247905530035495758056640625">
        <ele>502.399993896484375</ele>
        <time>2026-02-15T14:23:27.000Z</time>
        <extensions>
          <ns3:TrackPointExtension>
            <ns3:hr>131</ns3:hr>
            <ns3:cad>0</ns3:cad>
          </ns3:TrackPointExtension>
        </extensions>
      </trkpt>
      <trkpt lat="35.9694738127291202545166015625" lon="-81.11247436143457889556884765625">
        <ele>502.79998779296875</ele>
        <time>2026-02-15T14:23:30.000Z</time>
        <extensions>
          <ns3:TrackPointExtension>
            <ns3:hr>130</ns3:hr>
            <ns3:cad>0</ns3:cad>
          </ns3:TrackPointExtension>
        </extensions>
      </trkpt>
      <trkpt lat="35.9694992937147617340087890625" lon="-81.11247855238616466522216796875">
        <ele>503.399993896484375</ele>
        <time>2026-02-15T14:23:35.000Z</time>
        <extensions>
          <ns3:TrackPointExtension>
            <ns3:hr>131</ns3:hr>
            <ns3:cad>0</ns3:cad>
          </ns3:TrackPointExtension>
        </extensions>
      </trkpt>
      <trkpt lat="35.96953022293746471405029296875" lon="-81.112502105534076690673828125">
        <ele>503.399993896484375</ele>
        <time>2026-02-15T14:23:40.000Z</time>
        <extensions>
          <ns3:TrackPointExtension>
            <ns3:hr>134</ns3:hr>
            <ns3:cad>0</ns3:cad>
          </ns3:TrackPointExtension>
        </extensions>
      </trkpt>
      <trkpt lat="35.96953265368938446044921875" lon="-81.11250487156212329864501953125">
        <ele>503.399993896484375</ele>
        <time>2026-02-15T14:23:41.000Z</time>
        <extensions>
          <ns3:TrackPointExtension>
            <ns3:hr>134</ns3:hr>
            <ns3:cad>0</ns3:cad>
          </ns3:TrackPointExtension>
        </extensions>
      </trkpt>
      <trkpt lat="35.96956743858754634857177734375" lon="-81.11248911358416080474853515625">
        <ele>503.399993896484375</ele>
        <time>2026-02-15T14:23:49.000Z</time>
        <extensions>
          <ns3:TrackPointExtension>
            <ns3:hr>136</ns3:hr>
            <ns3:cad>0</ns3:cad>
          </ns3:TrackPointExtension>
        </extensions>
      </trkpt>
      <trkpt lat="35.96955469809472560882568359375" lon="-81.11246044747531414031982421875">
        <ele>503.79998779296875</ele>
        <time>2026-02-15T14:23:53.000Z</time>
        <extensions>
          <ns3:TrackPointExtension>
            <ns3:hr>134</ns3:hr>
            <ns3:cad>0</ns3:cad>
          </ns3:TrackPointExtension>
        </extensions>
      </trkpt>
      <trkpt lat="35.96953055821359157562255859375" lon="-81.1124094016849994659423828125">
        <ele>504.399993896484375</ele>
        <time>2026-02-15T14:23:58.000Z</time>
        <extensions>
          <ns3:TrackPointExtension>
            <ns3:hr>135</ns3:hr>
            <ns3:cad>0</ns3:cad>
          </ns3:TrackPointExtension>
        </extensions>
      </trkpt>
      <trkpt lat="35.969492085278034210205078125" lon="-81.1123537458479404449462890625">
        <ele>504.399993896484375</ele>
        <time>2026-02-15T14:24:06.000Z</time>
        <extensions>
          <ns3:TrackPointExtension>
            <ns3:hr>136</ns3:hr>
            <ns3:cad>0</ns3:cad>
          </ns3:TrackPointExtension>
        </extensions>
      </trkpt>
      <trkpt lat="35.96947641111910343170166015625" lon="-81.1123413406312465667724609375">
        <ele>504.600006103515625</ele>
        <time>2026-02-15T14:24:12.000Z</time>
        <extensions>
          <ns3:TrackPointExtension>
            <ns3:hr>138</ns3:hr>
            <ns3:cad>0</ns3:cad>
          </ns3:TrackPointExtension>
        </extensions>
      </trkpt>
      <trkpt lat="35.96946266479790210723876953125" lon="-81.11233371309936046600341796875">
        <ele>504.79998779296875</ele>
        <time>2026-02-15T14:24:14.000Z</time>
        <extensions>
          <ns3:TrackPointExtension>
            <ns3:hr>138</ns3:hr>
            <ns3:cad>0</ns3:cad>
          </ns3:TrackPointExtension>
        </extensions>
      </trkpt>
      <trkpt lat="35.96941203810274600982666015625" lon="-81.1123027838766574859619140625">
        <ele>504.79998779296875</ele>
        <time>2026-02-15T14:24:21.000Z</time>
        <extensions>
          <ns3:TrackPointExtension>
            <ns3:hr>138</ns3:hr>
            <ns3:cad>41</ns3:cad>
          </ns3:TrackPointExtension>
        </extensions>
      </trkpt>
      <trkpt lat="35.96937884576618671417236328125" lon="-81.11227990128099918365478515625">
        <ele>504.79998779296875</ele>
        <time>2026-02-15T14:24:29.000Z</time>
        <extensions>
          <ns3:TrackPointExtension>
            <ns3:hr>136</ns3:hr>
            <ns3:cad>0</ns3:cad>
          </ns3:TrackPointExtension>
        </extensions>
      </trkpt>
      <trkpt lat="35.969369374215602874755859375" lon="-81.11227688379585742950439453125">
        <ele>504.399993896484375</ele>
        <time>2026-02-15T14:24:35.000Z</time>
        <extensions>
          <ns3:TrackPointExtension>
            <ns3:hr>137</ns3:hr>
            <ns3:cad>0</ns3:cad>
          </ns3:TrackPointExtension>
        </extensions>
      </trkpt>
      <trkpt lat="35.96933509223163127899169921875" lon="-81.11225978471338748931884765625">
        <ele>504.20001220703125</ele>
        <time>2026-02-15T14:24:40.000Z</time>
        <extensions>
          <ns3:TrackPointExtension>
            <ns3:hr>134</ns3:hr>
            <ns3:cad>0</ns3:cad>
          </ns3:TrackPointExtension>
        </extensions>
      </trkpt>
      <trkpt lat="35.969321429729461669921875" lon="-81.112249307334423065185546875">
        <ele>504.20001220703125</ele>
        <time>2026-02-15T14:24:42.000Z</time>
        <extensions>
          <ns3:TrackPointExtension>
            <ns3:hr>133</ns3:hr>
            <ns3:cad>0</ns3:cad>
          </ns3:TrackPointExtension>
        </extensions>
      </trkpt>
      <trkpt lat="35.96930332481861114501953125" lon="-81.1122122593224048614501953125">
        <ele>504</ele>
        <time>2026-02-15T14:24:47.000Z</time>
        <extensions>
          <ns3:TrackPointExtension>
            <ns3:hr>130</ns3:hr>
            <ns3:cad>0</ns3:cad>
          </ns3:TrackPointExtension>
        </extensions>
      </trkpt>
      <trkpt lat="35.9692998044192790985107421875" lon="-81.1122079007327556610107421875">
        <ele>504.20001220703125</ele>
        <time>2026-02-15T14:24:49.000Z</time>
        <extensions>
          <ns3:TrackPointExtension>
            <ns3:hr>130</ns3:hr>
            <ns3:cad>43</ns3:cad>
          </ns3:TrackPointExtension>
        </extensions>
      </trkpt>
      <trkpt lat="35.96931296400725841522216796875" lon="-81.11215182580053806304931640625">
        <ele>504.79998779296875</ele>
        <time>2026-02-15T14:24:55.000Z</time>
        <extensions>
          <ns3:TrackPointExtension>
            <ns3:hr>129</ns3:hr>
            <ns3:cad>41</ns3:cad>
          </ns3:TrackPointExtension>
        </extensions>
      </trkpt>
      <trkpt lat="35.96930122934281826019287109375" lon="-81.11214646138250827789306640625">
        <ele>505.20001220703125</ele>
        <time>2026-02-15T14:24:57.000Z</time>
        <extensions>
          <ns3:TrackPointExtension>
            <ns3:hr>129</ns3:hr>
            <ns3:cad>41</ns3:cad>
          </ns3:TrackPointExtension>
        </extensions>
      </trkpt>
      <trkpt lat="35.96928320825099945068359375" lon="-81.11213254742324352264404296875">
        <ele>505</ele>
        <time>2026-02-15T14:25:00.000Z</time>
        <extensions>
          <ns3:TrackPointExtension>
            <ns3:hr>132</ns3:hr>
            <ns3:cad>41</ns3:cad>
          </ns3:TrackPointExtension>
        </extensions>
      </trkpt>
      <trkpt lat="35.96927977167069911956787109375" lon="-81.11212500371038913726806640625">
        <ele>504.79998779296875</ele>
        <time>2026-02-15T14:25:01.000Z</time>
        <extensions>
          <ns3:TrackPointExtension>
            <ns3:hr>133</ns3:hr>
            <ns3:cad>0</ns3:cad>
          </ns3:TrackPointExtension>
        </extensions>
      </trkpt>
      <trkpt lat="35.96928630955517292022705078125" lon="-81.1120794899761676788330078125">
        <ele>505</ele>
        <time>2026-02-15T14:25:08.000Z</time>
        <extensions>
          <ns3:TrackPointExtension>
            <ns3:hr>135</ns3:hr>
            <ns3:cad>0</ns3:cad>
          </ns3:TrackPointExtension>
        </extensions>
      </trkpt>
      <trkpt lat="35.9692696295678615570068359375" lon="-81.11204302869737148284912109375">
        <ele>504.79998779296875</ele>
        <time>2026-02-15T14:25:14.000Z</time>
        <extensions>
          <ns3:TrackPointExtension>
            <ns3:hr>132</ns3:hr>
            <ns3:cad>70</ns3:cad>
          </ns3:TrackPointExtension>
        </extensions>
      </trkpt>
      <trkpt lat="35.96926099620759487152099609375" lon="-81.1120318807661533355712890625">
        <ele>504.600006103515625</ele>
        <time>2026-02-15T14:25:16.000Z</time>
        <extensions>
          <ns3:TrackPointExtension>
            <ns3:hr>131</ns3:hr>
            <ns3:cad>70</ns3:cad>
          </ns3:TrackPointExtension>
        </extensions>
      </trkpt>
      <trkpt lat="35.9692589007318019866943359375" lon="-81.1120323836803436279296875">
        <ele>504.20001220703125</ele>
        <time>2026-02-15T14:25:22.000Z</time>
        <extensions>
          <ns3:TrackPointExtension>
            <ns3:hr>130</ns3:hr>
            <ns3:cad>0</ns3:cad>
          </ns3:TrackPointExtension>
        </extensions>
      </trkpt>
      <trkpt lat="35.96924222074449062347412109375" lon="-81.11199642531573772430419921875">
        <ele>504.399993896484375</ele>
        <time>2026-02-15T14:25:28.000Z</time>
        <extensions>
          <ns3:TrackPointExtension>
            <ns3:hr>129</ns3:hr>
            <ns3:cad>0</ns3:cad>
          </ns3:TrackPointExtension>
        </extensions>
      </trkpt>
      <trkpt lat="35.969224534928798675537109375" lon="-81.1119836010038852691650390625">
        <ele>504.600006103515625</ele>
        <time>2026-02-15T14:25:33.000Z</time>
        <extensions>
          <ns3:TrackPointExtension>
            <ns3:hr>126</ns3:hr>
            <ns3:cad>0</ns3:cad>
          </ns3:TrackPointExtension>
        </extensions>
      </trkpt>
      <trkpt lat="35.9692208468914031982421875" lon="-81.11197764985263347625732421875">
        <ele>504.600006103515625</ele>
        <time>2026-02-15T14:25:34.000Z</time>
        <extensions>
          <ns3:TrackPointExtension>
            <ns3:hr>126</ns3:hr>
            <ns3:cad>0</ns3:cad>
          </ns3:TrackPointExtension>
        </extensions>
      </trkpt>
      <trkpt lat="35.9691905044019222259521484375" lon="-81.11192082054913043975830078125">
        <ele>504.399993896484375</ele>
        <time>2026-02-15T14:25:40.000Z</time>
        <extensions>
          <ns3:TrackPointExtension>
            <ns3:hr>125</ns3:hr>
            <ns3:cad>0</ns3:cad>
          </ns3:TrackPointExtension>
        </extensions>
      </trkpt>
      <trkpt lat="35.96920232288539409637451171875" lon="-81.11188729293644428253173828125">
        <ele>505.600006103515625</ele>
        <time>2026-02-15T14:25:45.000Z</time>
        <extensions>
          <ns3:TrackPointExtension>
            <ns3:hr>125</ns3:hr>
            <ns3:cad>75</ns3:cad>
          </ns3:TrackPointExtension>
        </extensions>
      </trkpt>
      <trkpt lat="35.96920735202729701995849609375" lon="-81.1118883825838565826416015625">
        <ele>506</ele>
        <time>2026-02-15T14:25:47.000Z</time>
        <extensions>
          <ns3:TrackPointExtension>
            <ns3:hr>128</ns3:hr>
            <ns3:cad>75</ns3:cad>
          </ns3:TrackPointExtension>
        </extensions>
      </trkpt>
      <trkpt lat="35.96921187825500965118408203125" lon="-81.111896596848964691162109375">
        <ele>506.20001220703125</ele>
        <time>2026-02-15T14:25:48.000Z</time>
        <extensions>
          <ns3:TrackPointExtension>
            <ns3:hr>129</ns3:hr>
            <ns3:cad>75</ns3:cad>
          </ns3:TrackPointExtension>
        </extensions>
      </trkpt>
      <trkpt lat="35.96922260709106922149658203125" lon="-81.11193406395614147186279296875">
        <ele>506.399993896484375</ele>
        <time>2026-02-15T14:25:52.000Z</time>
        <extensions>
          <ns3:TrackPointExtension>
            <ns3:hr>131</ns3:hr>
            <ns3:cad>45</ns3:cad>
          </ns3:TrackPointExtension>
        </extensions>
      </trkpt>
      <trkpt lat="35.96925563178956508636474609375" lon="-81.11195954494178295135498046875">
        <ele>506</ele>
        <time>2026-02-15T14:25:59.000Z</time>
        <extensions>
          <ns3:TrackPointExtension>
            <ns3:hr>133</ns3:hr>
            <ns3:cad>47</ns3:cad>
          </ns3:TrackPointExtension>
        </extensions>
      </trkpt>
      <trkpt lat="35.9692816995084285736083984375" lon="-81.11196474172174930572509765625">
        <ele>506</ele>
        <time>2026-02-15T14:26:05.000Z</time>
        <extensions>
          <ns3:TrackPointExtension>
            <ns3:hr>133</ns3:hr>
            <ns3:cad>0</ns3:cad>
          </ns3:TrackPointExtension>
        </extensions>
      </trkpt>
      <trkpt lat="35.96931162290275096893310546875" lon="-81.111991815268993377685546875">
        <ele>506.600006103515625</ele>
        <time>2026-02-15T14:26:12.000Z</time>
        <extensions>
          <ns3:TrackPointExtension>
            <ns3:hr>131</ns3:hr>
            <ns3:cad>0</ns3:cad>
          </ns3:TrackPointExtension>
        </extensions>
      </trkpt>
      <trkpt lat="35.96932352520525455474853515625" lon="-81.11204646527767181396484375">
        <ele>506.600006103515625</ele>
        <time>2026-02-15T14:26:18.000Z</time>
        <extensions>
          <ns3:TrackPointExtension>
            <ns3:hr>131</ns3:hr>
            <ns3:cad>78</ns3:cad>
          </ns3:TrackPointExtension>
        </extensions>
      </trkpt>
      <trkpt lat="35.96932017244398593902587890625" lon="-81.11205878667533397674560546875">
        <ele>506</ele>
        <time>2026-02-15T14:26:25.000Z</time>
        <extensions>
          <ns3:TrackPointExtension>
            <ns3:hr>130</ns3:hr>
            <ns3:cad>0</ns3:cad>
          </ns3:TrackPointExtension>
        </extensions>
      </trkpt>
      <trkpt lat="35.9693289734423160552978515625" lon="-81.11207873560488224029541015625">
        <ele>506.399993896484375</ele>
        <time>2026-02-15T14:26:32.000Z</time>
        <extensions>
          <ns3:TrackPointExtension>
            <ns3:hr>129</ns3:hr>
            <ns3:cad>0</ns3:cad>
          </ns3:TrackPointExtension>
        </extensions>
      </trkpt>
      <trkpt lat="35.96935621462762355804443359375" lon="-81.1121048033237457275390625">
        <ele>506.600006103515625</ele>
        <time>2026-02-15T14:26:37.000Z</time>
        <extensions>
          <ns3:TrackPointExtension>
            <ns3:hr>129</ns3:hr>
            <ns3:cad>0</ns3:cad>
          </ns3:TrackPointExtension>
        </extensions>
      </trkpt>
      <trkpt lat="35.96937440335750579833984375" lon="-81.11213774420320987701416015625">
        <ele>506.399993896484375</ele>
        <time>2026-02-15T14:26:44.000Z</time>
        <extensions>
          <ns3:TrackPointExtension>
            <ns3:hr>128</ns3:hr>
            <ns3:cad>0</ns3:cad>
          </ns3:TrackPointExtension>
        </extensions>
      </trkpt>
      <trkpt lat="35.96940516494214534759521484375" lon="-81.1121599562466144561767578125">
        <ele>506.600006103515625</ele>
        <time>2026-02-15T14:26:49.000Z</time>
        <extensions>
          <ns3:TrackPointExtension>
            <ns3:hr>127</ns3:hr>
            <ns3:cad>59</ns3:cad>
          </ns3:TrackPointExtension>
        </extensions>
      </trkpt>
      <trkpt lat="35.96942125819623470306396484375" lon="-81.11221142113208770751953125">
        <ele>505.79998779296875</ele>
        <time>2026-02-15T14:26:56.000Z</time>
        <extensions>
          <ns3:TrackPointExtension>
            <ns3:hr>126</ns3:hr>
            <ns3:cad>0</ns3:cad>
          </ns3:TrackPointExtension>
        </extensions>
      </trkpt>
      <trkpt lat="35.969444476068019866943359375" lon="-81.1122518219053745269775390625">
        <ele>505.399993896484375</ele>
        <time>2026-02-15T14:27:02.000Z</time>
        <extensions>
          <ns3:TrackPointExtension>
            <ns3:hr>125</ns3:hr>
            <ns3:cad>0</ns3:cad>
          </ns3:TrackPointExtension>
        </extensions>
      </trkpt>
      <trkpt lat="35.96948579885065555572509765625" lon="-81.1122729443013668060302734375">
        <ele>505.79998779296875</ele>
        <time>2026-02-15T14:27:08.000Z</time>
        <extensions>
          <ns3:TrackPointExtension>
            <ns3:hr>125</ns3:hr>
            <ns3:cad>44</ns3:cad>
          </ns3:TrackPointExtension>
        </extensions>
      </trkpt>
      <trkpt lat="35.96954380162060260772705078125" lon="-81.1122799851000308990478515625">
        <ele>506</ele>
        <time>2026-02-15T14:27:15.000Z</time>
        <extensions>
          <ns3:TrackPointExtension>
            <ns3:hr>124</ns3:hr>
            <ns3:cad>0</ns3:cad>
          </ns3:TrackPointExtension>
        </extensions>
      </trkpt>
      <trkpt lat="35.96956307999789714813232421875" lon="-81.11223480664193630218505859375">
        <ele>506.79998779296875</ele>
        <time>2026-02-15T14:27:21.000Z</time>
        <extensions>
          <ns3:TrackPointExtension>
            <ns3:hr>125</ns3:hr>
            <ns3:cad>41</ns3:cad>
          </ns3:TrackPointExtension>
        </extensions>
      </trkpt>
      <trkpt lat="35.96957012079656124114990234375" lon="-81.1122058890759944915771484375">
        <ele>507</ele>
        <time>2026-02-15T14:27:24.000Z</time>
        <extensions>
          <ns3:TrackPointExtension>
            <ns3:hr>125</ns3:hr>
            <ns3:cad>68</ns3:cad>
          </ns3:TrackPointExtension>
        </extensions>
      </trkpt>
      <trkpt lat="35.96954916603863239288330078125" lon="-81.11216054297983646392822265625">
        <ele>507.399993896484375</ele>
        <time>2026-02-15T14:27:28.000Z</time>
        <extensions>
          <ns3:TrackPointExtension>
            <ns3:hr>126</ns3:hr>
            <ns3:cad>0</ns3:cad>
          </ns3:TrackPointExtension>
        </extensions>
      </trkpt>
      <trkpt lat="35.9694828651845455169677734375" lon="-81.11210639588534832000732421875">
        <ele>507.600006103515625</ele>
        <time>2026-02-15T14:27:35.000Z</time>
        <extensions>
          <ns3:TrackPointExtension>
            <ns3:hr>128</ns3:hr>
            <ns3:cad>47</ns3:cad>
          </ns3:TrackPointExtension>
        </extensions>
      </trkpt>
      <trkpt lat="35.9694369323551654815673828125" lon="-81.1120942421257495880126953125">
        <ele>507.399993896484375</ele>
        <time>2026-02-15T14:27:38.000Z</time>
        <extensions>
          <ns3:TrackPointExtension>
            <ns3:hr>131</ns3:hr>
            <ns3:cad>48</ns3:cad>
          </ns3:TrackPointExtension>
        </extensions>
      </trkpt>
      <trkpt lat="35.9694020636379718780517578125" lon="-81.1120821721851825714111328125">
        <ele>507.20001220703125</ele>
        <time>2026-02-15T14:27:41.000Z</time>
        <extensions>
          <ns3:TrackPointExtension>
            <ns3:hr>132</ns3:hr>
            <ns3:cad>47</ns3:cad>
          </ns3:TrackPointExtension>
        </extensions>
      </trkpt>
      <trkpt lat="35.96936610527336597442626953125" lon="-81.112039089202880859375">
        <ele>506.79998779296875</ele>
        <time>2026-02-15T14:27:47.000Z</time>
        <extensions>
          <ns3:TrackPointExtension>
            <ns3:hr>134</ns3:hr>
            <ns3:cad>48</ns3:cad>
          </ns3:TrackPointExtension>
        </extensions>
      </trkpt>
      <trkpt lat="35.96934397704899311065673828125" lon="-81.11199391074478626251220703125">
        <ele>506.79998779296875</ele>
        <time>2026-02-15T14:27:53.000Z</time>
        <extensions>
          <ns3:TrackPointExtension>
            <ns3:hr>135</ns3:hr>
            <ns3:cad>0</ns3:cad>
          </ns3:TrackPointExtension>
        </extensions>
      </trkpt>
      <trkpt lat="35.96934732981026172637939453125" lon="-81.11198485828936100006103515625">
        <ele>506.79998779296875</ele>
        <time>2026-02-15T14:27:54.000Z</time>
        <extensions>
          <ns3:TrackPointExtension>
            <ns3:hr>135</ns3:hr>
            <ns3:cad>0</ns3:cad>
          </ns3:TrackPointExtension>
        </extensions>
      </trkpt>
      <trkpt lat="35.9693631716072559356689453125" lon="-81.11192652024328708648681640625">
        <ele>507.79998779296875</ele>
        <time>2026-02-15T14:28:00.000Z</time>
        <extensions>
          <ns3:TrackPointExtension>
            <ns3:hr>129</ns3:hr>
            <ns3:cad>79</ns3:cad>
          </ns3:TrackPointExtension>
        </extensions>
      </trkpt>
      <trkpt lat="35.96936166286468505859375" lon="-81.111918054521083831787109375">
        <ele>507.79998779296875</ele>
        <time>2026-02-15T14:28:01.000Z</time>
        <extensions>
          <ns3:TrackPointExtension>
            <ns3:hr>125</ns3:hr>
            <ns3:cad>42</ns3:cad>
          </ns3:TrackPointExtension>
        </extensions>
      </trkpt>
      <trkpt lat="35.96936057321727275848388671875" lon="-81.11190506257116794586181640625">
        <ele>508</ele>
        <time>2026-02-15T14:28:02.000Z</time>
        <extensions>
          <ns3:TrackPointExtension>
            <ns3:hr>123</ns3:hr>
            <ns3:cad>42</ns3:cad>
          </ns3:TrackPointExtension>
        </extensions>
      </trkpt>
      <trkpt lat="35.969355292618274688720703125" lon="-81.1118816770613193511962890625">
        <ele>508.20001220703125</ele>
        <time>2026-02-15T14:28:04.000Z</time>
        <extensions>
          <ns3:TrackPointExtension>
            <ns3:hr>122</ns3:hr>
            <ns3:cad>40</ns3:cad>
          </ns3:TrackPointExtension>
        </extensions>
      </trkpt>
      <trkpt lat="35.969353280961513519287109375" lon="-81.11187019385397434234619140625">
        <ele>508.600006103515625</ele>
        <time>2026-02-15T14:28:07.000Z</time>
        <extensions>
          <ns3:TrackPointExtension>
            <ns3:hr>122</ns3:hr>
            <ns3:cad>41</ns3:cad>
          </ns3:TrackPointExtension>
        </extensions>
      </trkpt>
      <trkpt lat="35.9693859703838825225830078125" lon="-81.11184337176382541656494140625">
        <ele>509.20001220703125</ele>
        <time>2026-02-15T14:28:11.000Z</time>
        <extensions>
          <ns3:TrackPointExtension>
            <ns3:hr>124</ns3:hr>
            <ns3:cad>79</ns3:cad>
          </ns3:TrackPointExtension>
        </extensions>
      </trkpt>
      <trkpt lat="35.969390831887722015380859375" lon="-81.111843287944793701171875">
        <ele>509.399993896484375</ele>
        <time>2026-02-15T14:28:12.000Z</time>
        <extensions>
          <ns3:TrackPointExtension>
            <ns3:hr>125</ns3:hr>
            <ns3:cad>79</ns3:cad>
          </ns3:TrackPointExtension>
        </extensions>
      </trkpt>
      <trkpt lat="35.96940617077052593231201171875" lon="-81.11184337176382541656494140625">
        <ele>509.79998779296875</ele>
        <time>2026-02-15T14:28:14.000Z</time>
        <extensions>
          <ns3:TrackPointExtension>
            <ns3:hr>126</ns3:hr>
            <ns3:cad>43</ns3:cad>
          </ns3:TrackPointExtension>
        </extensions>
      </trkpt>
      <trkpt lat="35.9694127924740314483642578125" lon="-81.11185493879020214080810546875">
        <ele>510.20001220703125</ele>
        <time>2026-02-15T14:28:16.000Z</time>
        <extensions>
          <ns3:TrackPointExtension>
            <ns3:hr>126</ns3:hr>
            <ns3:cad>41</ns3:cad>
          </ns3:TrackPointExtension>
        </extensions>
      </trkpt>
      <trkpt lat="35.9694201685488224029541015625" lon="-81.11186466179788112640380859375">
        <ele>510.20001220703125</ele>
        <time>2026-02-15T14:28:17.000Z</time>
        <extensions>
          <ns3:TrackPointExtension>
            <ns3:hr>127</ns3:hr>
            <ns3:cad>41</ns3:cad>
          </ns3:TrackPointExtension>
        </extensions>
      </trkpt>
      <trkpt lat="35.969428718090057373046875" lon="-81.111879162490367889404296875">
        <ele>510.20001220703125</ele>
        <time>2026-02-15T14:28:18.000Z</time>
        <extensions>
          <ns3:TrackPointExtension>
            <ns3:hr>127</ns3:hr>
            <ns3:cad>41</ns3:cad>
          </ns3:TrackPointExtension>
        </extensions>
      </trkpt>
      <trkpt lat="35.96948998980224132537841796875" lon="-81.11191411502659320831298828125">
        <ele>510.399993896484375</ele>
        <time>2026-02-15T14:28:24.000Z</time>
        <extensions>
          <ns3:TrackPointExtension>
            <ns3:hr>128</ns3:hr>
            <ns3:cad>46</ns3:cad>
          </ns3:TrackPointExtension>
        </extensions>
      </trkpt>
      <trkpt lat="35.96950390376150608062744140625" lon="-81.11190053634345531463623046875">
        <ele>510.79998779296875</ele>
        <time>2026-02-15T14:28:26.000Z</time>
        <extensions>
          <ns3:TrackPointExtension>
            <ns3:hr>130</ns3:hr>
            <ns3:cad>46</ns3:cad>
          </ns3:TrackPointExtension>
        </extensions>
      </trkpt>
      <trkpt lat="35.96951999701559543609619140625" lon="-81.11186969093978404998779296875">
        <ele>511.20001220703125</ele>
        <time>2026-02-15T14:28:29.000Z</time>
        <extensions>
          <ns3:TrackPointExtension>
            <ns3:hr>131</ns3:hr>
            <ns3:cad>46</ns3:cad>
          </ns3:TrackPointExtension>
        </extensions>
      </trkpt>
      <trkpt lat="35.9695204161107540130615234375" lon="-81.11185728572309017181396484375">
        <ele>511.399993896484375</ele>
        <time>2026-02-15T14:28:30.000Z</time>
        <extensions>
          <ns3:TrackPointExtension>
            <ns3:hr>132</ns3:hr>
            <ns3:cad>45</ns3:cad>
          </ns3:TrackPointExtension>
        </extensions>
      </trkpt>
      <trkpt lat="35.96953156404197216033935546875" lon="-81.11181269399821758270263671875">
        <ele>512.4000244140625</ele>
        <time>2026-02-15T14:28:35.000Z</time>
        <extensions>
          <ns3:TrackPointExtension>
            <ns3:hr>133</ns3:hr>
            <ns3:cad>41</ns3:cad>
          </ns3:TrackPointExtension>
        </extensions>
      </trkpt>
      <trkpt lat="35.9695405326783657073974609375" lon="-81.1117971874773502349853515625">
        <ele>512.5999755859375</ele>
        <time>2026-02-15T14:28:37.000Z</time>
        <extensions>
          <ns3:TrackPointExtension>
            <ns3:hr>134</ns3:hr>
            <ns3:cad>41</ns3:cad>
          </ns3:TrackPointExtension>
        </extensions>
      </trkpt>
      <trkpt lat="35.96957380883395671844482421875" lon="-81.11174027435481548309326171875">
        <ele>513.5999755859375</ele>
        <time>2026-02-15T14:28:43.000Z</time>
        <extensions>
          <ns3:TrackPointExtension>
            <ns3:hr>134</ns3:hr>
            <ns3:cad>44</ns3:cad>
          </ns3:TrackPointExtension>
        </extensions>
      </trkpt>
      <trkpt lat="35.96958051435649394989013671875" lon="-81.11172216944396495819091796875">
        <ele>514.20001220703125</ele>
        <time>2026-02-15T14:28:45.000Z</time>
        <extensions>
          <ns3:TrackPointExtension>
            <ns3:hr>135</ns3:hr>
            <ns3:cad>44</ns3:cad>
          </ns3:TrackPointExtension>
        </extensions>
      </trkpt>
      <trkpt lat="35.9695827774703502655029296875" lon="-81.1117051541805267333984375">
        <ele>514.5999755859375</ele>
        <time>2026-02-15T14:28:47.000Z</time>
        <extensions>
          <ns3:TrackPointExtension>
            <ns3:hr>135</ns3:hr>
            <ns3:cad>43</ns3:cad>
          </ns3:TrackPointExtension>
        </extensions>
      </trkpt>
      <trkpt lat="35.96957716159522533416748046875" lon="-81.11163801513612270355224609375">
        <ele>515</ele>
        <time>2026-02-15T14:28:53.000Z</time>
        <extensions>
          <ns3:TrackPointExtension>
            <ns3:hr>135</ns3:hr>
            <ns3:cad>0</ns3:cad>
          </ns3:TrackPointExtension>
        </extensions>
      </trkpt>
      <trkpt lat="35.9695963561534881591796875" lon="-81.11161136068403720855712890625">
        <ele>515.4000244140625</ele>
        <time>2026-02-15T14:28:56.000Z</time>
        <extensions>
          <ns3:TrackPointExtension>
            <ns3:hr>137</ns3:hr>
            <ns3:cad>40</ns3:cad>
          </ns3:TrackPointExtension>
        </extensions>
      </trkpt>
      <trkpt lat="35.969605743885040283203125" lon="-81.11159996129572391510009765625">
        <ele>515.5999755859375</ele>
        <time>2026-02-15T14:28:57.000Z</time>
        <extensions>
          <ns3:TrackPointExtension>
            <ns3:hr>137</ns3:hr>
            <ns3:cad>42</ns3:cad>
          </ns3:TrackPointExtension>
        </extensions>
      </trkpt>
      <trkpt lat="35.96961387433111667633056640625" lon="-81.11159727908670902252197265625">
        <ele>516</ele>
        <time>2026-02-15T14:28:58.000Z</time>
        <extensions>
          <ns3:TrackPointExtension>
            <ns3:hr>137</ns3:hr>
            <ns3:cad>42</ns3:cad>
          </ns3:TrackPointExtension>
        </extensions>
      </trkpt>
      <trkpt lat="35.96964262425899505615234375" lon="-81.11157079227268695831298828125">
        <ele>516.79998779296875</ele>
        <time>2026-02-15T14:29:02.000Z</time>
        <extensions>
          <ns3:TrackPointExtension>
            <ns3:hr>140</ns3:hr>
            <ns3:cad>0</ns3:cad>
          </ns3:TrackPointExtension>
        </extensions>
      </trkpt>
      <trkpt lat="35.96964807249605655670166015625" lon="-81.11153508536517620086669921875">
        <ele>517.4000244140625</ele>
        <time>2026-02-15T14:29:05.000Z</time>
        <extensions>
          <ns3:TrackPointExtension>
            <ns3:hr>141</ns3:hr>
            <ns3:cad>48</ns3:cad>
          </ns3:TrackPointExtension>
        </extensions>
      </trkpt>
      <trkpt lat="35.96963482908904552459716796875" lon="-81.1115008033812046051025390625">
        <ele>517.79998779296875</ele>
        <time>2026-02-15T14:29:08.000Z</time>
        <extensions>
          <ns3:TrackPointExtension>
            <ns3:hr>141</ns3:hr>
            <ns3:cad>48</ns3:cad>
          </ns3:TrackPointExtension>
        </extensions>
      </trkpt>
      <trkpt lat="35.96961622126400470733642578125" lon="-81.11146115697920322418212890625">
        <ele>518</ele>
        <time>2026-02-15T14:29:11.000Z</time>
        <extensions>
          <ns3:TrackPointExtension>
            <ns3:hr>142</ns3:hr>
            <ns3:cad>0</ns3:cad>
          </ns3:TrackPointExtension>
        </extensions>
      </trkpt>
      <trkpt lat="35.96911196596920490264892578125" lon="-81.11300795339047908782958984375">
        <ele>481.79998779296875</ele>
        <time>2026-02-15T14:35:50.000Z</time>
        <extensions>
          <ns3:TrackPointExtension>
            <ns3:hr>122</ns3:hr>
            <ns3:cad>0</ns3:cad>
          </ns3:TrackPointExtension>
        </extensions>
      </trkpt>
      <trkpt lat="35.969111882150173187255859375" lon="-81.11300342716276645660400390625">
        <ele>481.600006103515625</ele>
        <time>2026-02-15T14:35:51.000Z</time>
        <extensions>
          <ns3:TrackPointExtension>
            <ns3:hr>122</ns3:hr>
            <ns3:cad>0</ns3:cad>
          </ns3:TrackPointExtension>
        </extensions>
      </trkpt>
      <trkpt lat="35.96911020576953887939453125" lon="-81.11301365308463573455810546875">
        <ele>481.20001220703125</ele>
        <time>2026-02-15T14:35:54.000Z</time>
        <extensions>
          <ns3:TrackPointExtension>
            <ns3:hr>127</ns3:hr>
            <ns3:cad>0</ns3:cad>
          </ns3:TrackPointExtension>
        </extensions>
      </trkpt>
      <trkpt lat="35.96910878084599971771240234375" lon="-81.11301340162754058837890625">
        <ele>481</ele>
        <time>2026-02-15T14:35:55.000Z</time>
        <extensions>
          <ns3:TrackPointExtension>
            <ns3:hr>127</ns3:hr>
            <ns3:cad>0</ns3:cad>
          </ns3:TrackPointExtension>
        </extensions>
      </trkpt>
      <trkpt lat="35.96911246888339519500732421875" lon="-81.11300409771502017974853515625">
        <ele>480.79998779296875</ele>
        <time>2026-02-15T14:35:57.000Z</time>
        <extensions>
          <ns3:TrackPointExtension>
            <ns3:hr>126</ns3:hr>
            <ns3:cad>0</ns3:cad>
          </ns3:TrackPointExtension>
        </extensions>
      </trkpt>
      <trkpt lat="35.9691046737134456634521484375" lon="-81.1129897646605968475341796875">
        <ele>480.600006103515625</ele>
        <time>2026-02-15T14:35:59.000Z</time>
        <extensions>
          <ns3:TrackPointExtension>
            <ns3:hr>125</ns3:hr>
            <ns3:cad>0</ns3:cad>
          </ns3:TrackPointExtension>
        </extensions>
      </trkpt>
      <trkpt lat="35.9690867364406585693359375" lon="-81.1130145750939846038818359375">
        <ele>479.600006103515625</ele>
        <time>2026-02-15T14:36:03.000Z</time>
        <extensions>
          <ns3:TrackPointExtension>
            <ns3:hr>125</ns3:hr>
            <ns3:cad>0</ns3:cad>
          </ns3:TrackPointExtension>
        </extensions>
      </trkpt>
      <trkpt lat="35.96909536980092525482177734375" lon="-81.11302471719682216644287109375">
        <ele>479.399993896484375</ele>
        <time>2026-02-15T14:36:04.000Z</time>
        <extensions>
          <ns3:TrackPointExtension>
            <ns3:hr>125</ns3:hr>
            <ns3:cad>0</ns3:cad>
          </ns3:TrackPointExtension>
        </extensions>
      </trkpt>
      <trkpt lat="35.96909637562930583953857421875" lon="-81.11302287317812442779541015625">
        <ele>479.399993896484375</ele>
        <time>2026-02-15T14:36:07.000Z</time>
        <extensions>
          <ns3:TrackPointExtension>
            <ns3:hr>125</ns3:hr>
            <ns3:cad>0</ns3:cad>
          </ns3:TrackPointExtension>
        </extensions>
      </trkpt>
      <trkpt lat="35.9690681286156177520751953125" lon="-81.1129904352128505706787109375">
        <ele>479.79998779296875</ele>
        <time>2026-02-15T14:36:13.000Z</time>
        <extensions>
          <ns3:TrackPointExtension>
            <ns3:hr>125</ns3:hr>
            <ns3:cad>0</ns3:cad>
          </ns3:TrackPointExtension>
        </extensions>
      </trkpt>
      <trkpt lat="35.96902437508106231689453125" lon="-81.112963445484638214111328125">
        <ele>479.600006103515625</ele>
        <time>2026-02-15T14:36:19.000Z</time>
        <extensions>
          <ns3:TrackPointExtension>
            <ns3:hr>124</ns3:hr>
            <ns3:cad>0</ns3:cad>
          </ns3:TrackPointExtension>
        </extensions>
      </trkpt>
      <trkpt lat="35.9689903445541858673095703125" lon="-81.11295162700116634368896484375">
        <ele>478.20001220703125</ele>
        <time>2026-02-15T14:36:24.000Z</time>
        <extensions>
          <ns3:TrackPointExtension>
            <ns3:hr>123</ns3:hr>
            <ns3:cad>0</ns3:cad>
          </ns3:TrackPointExtension>
        </extensions>
      </trkpt>
      <trkpt lat="35.96898472867906093597412109375" lon="-81.11295145936310291290283203125">
        <ele>478</ele>
        <time>2026-02-15T14:36:25.000Z</time>
        <extensions>
          <ns3:TrackPointExtension>
            <ns3:hr>123</ns3:hr>
            <ns3:cad>0</ns3:cad>
          </ns3:TrackPointExtension>
        </extensions>
      </trkpt>
      <trkpt lat="35.96896142698824405670166015625" lon="-81.11294575966894626617431640625">
        <ele>477.600006103515625</ele>
        <time>2026-02-15T14:36:29.000Z</time>
        <extensions>
          <ns3:TrackPointExtension>
            <ns3:hr>128</ns3:hr>
            <ns3:cad>71</ns3:cad>
          </ns3:TrackPointExtension>
        </extensions>
      </trkpt>
      <trkpt lat="35.96895254217088222503662109375" lon="-81.1129475198686122894287109375">
        <ele>477.20001220703125</ele>
        <time>2026-02-15T14:36:32.000Z</time>
        <extensions>
          <ns3:TrackPointExtension>
            <ns3:hr>129</ns3:hr>
            <ns3:cad>0</ns3:cad>
          </ns3:TrackPointExtension>
        </extensions>
      </trkpt>
      <trkpt lat="35.9689472615718841552734375" lon="-81.11294005997478961944580078125">
        <ele>477</ele>
        <time>2026-02-15T14:36:33.000Z</time>
        <extensions>
          <ns3:TrackPointExtension>
            <ns3:hr>131</ns3:hr>
            <ns3:cad>0</ns3:cad>
          </ns3:TrackPointExtension>
        </extensions>
      </trkpt>
      <trkpt lat="35.96894793212413787841796875" lon="-81.1129585839807987213134765625">
        <ele>476.79998779296875</ele>
        <time>2026-02-15T14:36:38.000Z</time>
        <extensions>
          <ns3:TrackPointExtension>
            <ns3:hr>130</ns3:hr>
            <ns3:cad>0</ns3:cad>
          </ns3:TrackPointExtension>
        </extensions>
      </trkpt>
      <trkpt lat="35.96894650720059871673583984375" lon="-81.1129914410412311553955078125">
        <ele>476</ele>
        <time>2026-02-15T14:36:42.000Z</time>
        <extensions>
          <ns3:TrackPointExtension>
            <ns3:hr>129</ns3:hr>
            <ns3:cad>0</ns3:cad>
          </ns3:TrackPointExtension>
        </extensions>
      </trkpt>
      <trkpt lat="35.9689367003738880157470703125" lon="-81.11299320124089717864990234375">
        <ele>475.600006103515625</ele>
        <time>2026-02-15T14:36:44.000Z</time>
        <extensions>
          <ns3:TrackPointExtension>
            <ns3:hr>129</ns3:hr>
            <ns3:cad>53</ns3:cad>
          </ns3:TrackPointExtension>
        </extensions>
      </trkpt>
      <trkpt lat="35.9688978083431720733642578125" lon="-81.11298901028931140899658203125">
        <ele>475.20001220703125</ele>
        <time>2026-02-15T14:36:49.000Z</time>
        <extensions>
          <ns3:TrackPointExtension>
            <ns3:hr>127</ns3:hr>
            <ns3:cad>53</ns3:cad>
          </ns3:TrackPointExtension>
        </extensions>
      </trkpt>
      <trkpt lat="35.968885235488414764404296875" lon="-81.11298180185258388519287109375">
        <ele>475</ele>
        <time>2026-02-15T14:36:51.000Z</time>
        <extensions>
          <ns3:TrackPointExtension>
            <ns3:hr>126</ns3:hr>
            <ns3:cad>53</ns3:cad>
          </ns3:TrackPointExtension>
        </extensions>
      </trkpt>
      <trkpt lat="35.96884374506771564483642578125" lon="-81.11297207884490489959716796875">
        <ele>474.600006103515625</ele>
        <time>2026-02-15T14:36:56.000Z</time>
        <extensions>
          <ns3:TrackPointExtension>
            <ns3:hr>125</ns3:hr>
            <ns3:cad>0</ns3:cad>
          </ns3:TrackPointExtension>
        </extensions>
      </trkpt>
      <trkpt lat="35.96883125603199005126953125" lon="-81.11297090537846088409423828125">
        <ele>474.20001220703125</ele>
        <time>2026-02-15T14:37:02.000Z</time>
        <extensions>
          <ns3:TrackPointExtension>
            <ns3:hr>124</ns3:hr>
            <ns3:cad>0</ns3:cad>
          </ns3:TrackPointExtension>
        </extensions>
      </trkpt>
      <trkpt lat="35.96881122328341007232666015625" lon="-81.1129632778465747833251953125">
        <ele>473.79998779296875</ele>
        <time>2026-02-15T14:37:05.000Z</time>
        <extensions>
          <ns3:TrackPointExtension>
            <ns3:hr>123</ns3:hr>
            <ns3:cad>0</ns3:cad>
          </ns3:TrackPointExtension>
        </extensions>
      </trkpt>
      <trkpt lat="35.9688042663037776947021484375" lon="-81.1129609309136867523193359375">
        <ele>473.600006103515625</ele>
        <time>2026-02-15T14:37:07.000Z</time>
        <extensions>
          <ns3:TrackPointExtension>
            <ns3:hr>123</ns3:hr>
            <ns3:cad>0</ns3:cad>
          </ns3:TrackPointExtension>
        </extensions>
      </trkpt>
      <trkpt lat="35.9687818028032779693603515625" lon="-81.11296101473271846771240234375">
        <ele>473.20001220703125</ele>
        <time>2026-02-15T14:37:15.000Z</time>
        <extensions>
          <ns3:TrackPointExtension>
            <ns3:hr>122</ns3:hr>
            <ns3:cad>0</ns3:cad>
          </ns3:TrackPointExtension>
        </extensions>
      </trkpt>
      <trkpt lat="35.9687502868473529815673828125" lon="-81.1129485256969928741455078125">
        <ele>472.79998779296875</ele>
        <time>2026-02-15T14:37:20.000Z</time>
        <extensions>
          <ns3:TrackPointExtension>
            <ns3:hr>121</ns3:hr>
            <ns3:cad>0</ns3:cad>
          </ns3:TrackPointExtension>
        </extensions>
      </trkpt>
      <trkpt lat="35.96874274313449859619140625" lon="-81.11295062117278575897216796875">
        <ele>472.399993896484375</ele>
        <time>2026-02-15T14:37:22.000Z</time>
        <extensions>
          <ns3:TrackPointExtension>
            <ns3:hr>120</ns3:hr>
            <ns3:cad>0</ns3:cad>
          </ns3:TrackPointExtension>
        </extensions>
      </trkpt>
      <trkpt lat="35.96873193047940731048583984375" lon="-81.11294324509799480438232421875">
        <ele>472</ele>
        <time>2026-02-15T14:37:29.000Z</time>
        <extensions>
          <ns3:TrackPointExtension>
            <ns3:hr>120</ns3:hr>
            <ns3:cad>0</ns3:cad>
          </ns3:TrackPointExtension>
        </extensions>
      </trkpt>
      <trkpt lat="35.96869337372481822967529296875" lon="-81.11291692592203617095947265625">
        <ele>471.79998779296875</ele>
        <time>2026-02-15T14:37:36.000Z</time>
        <extensions>
          <ns3:TrackPointExtension>
            <ns3:hr>119</ns3:hr>
            <ns3:cad>0</ns3:cad>
          </ns3:TrackPointExtension>
        </extensions>
      </trkpt>
      <trkpt lat="35.9686872549355030059814453125" lon="-81.11291407607495784759521484375">
        <ele>471.600006103515625</ele>
        <time>2026-02-15T14:37:37.000Z</time>
        <extensions>
          <ns3:TrackPointExtension>
            <ns3:hr>120</ns3:hr>
            <ns3:cad>0</ns3:cad>
          </ns3:TrackPointExtension>
        </extensions>
      </trkpt>
      <trkpt lat="35.96867292188107967376708984375" lon="-81.1129094660282135009765625">
        <ele>471.600006103515625</ele>
        <time>2026-02-15T14:37:42.000Z</time>
        <extensions>
          <ns3:TrackPointExtension>
            <ns3:hr>121</ns3:hr>
            <ns3:cad>0</ns3:cad>
          </ns3:TrackPointExtension>
        </extensions>
      </trkpt>
      <trkpt lat="35.96865599043667316436767578125" lon="-81.1128915287554264068603515625">
        <ele>472.20001220703125</ele>
        <time>2026-02-15T14:37:48.000Z</time>
        <extensions>
          <ns3:TrackPointExtension>
            <ns3:hr>121</ns3:hr>
            <ns3:cad>0</ns3:cad>
          </ns3:TrackPointExtension>
        </extensions>
      </trkpt>
      <trkpt lat="35.96864609979093074798583984375" lon="-81.11284844577312469482421875">
        <ele>472.600006103515625</ele>
        <time>2026-02-15T14:37:52.000Z</time>
        <extensions>
          <ns3:TrackPointExtension>
            <ns3:hr>121</ns3:hr>
            <ns3:cad>0</ns3:cad>
          </ns3:TrackPointExtension>
        </extensions>
      </trkpt>
      <trkpt lat="35.9686272405087947845458984375" lon="-81.11281081102788448333740234375">
        <ele>473.20001220703125</ele>
        <time>2026-02-15T14:37:57.000Z</time>
        <extensions>
          <ns3:TrackPointExtension>
            <ns3:hr>120</ns3:hr>
            <ns3:cad>0</ns3:cad>
          </ns3:TrackPointExtension>
        </extensions>
      </trkpt>
      <trkpt lat="35.96862195990979671478271484375" lon="-81.1127953045070171356201171875">
        <ele>473.79998779296875</ele>
        <time>2026-02-15T14:38:00.000Z</time>
        <extensions>
          <ns3:TrackPointExtension>
            <ns3:hr>119</ns3:hr>
            <ns3:cad>0</ns3:cad>
          </ns3:TrackPointExtension>
        </extensions>
      </trkpt>
      <trkpt lat="35.9686282463371753692626953125" lon="-81.1128087155520915985107421875">
        <ele>474.399993896484375</ele>
        <time>2026-02-15T14:38:04.000Z</time>
        <extensions>
          <ns3:TrackPointExtension>
            <ns3:hr>119</ns3:hr>
            <ns3:cad>0</ns3:cad>
          </ns3:TrackPointExtension>
        </extensions>
      </trkpt>
      <trkpt lat="35.9686299227178096771240234375" lon="-81.11279614269733428955078125">
        <ele>474.79998779296875</ele>
        <time>2026-02-15T14:38:14.000Z</time>
        <extensions>
          <ns3:TrackPointExtension>
            <ns3:hr>120</ns3:hr>
            <ns3:cad>0</ns3:cad>
          </ns3:TrackPointExtension>
        </extensions>
      </trkpt>
      <trkpt lat="35.9686299227178096771240234375" lon="-81.11279614269733428955078125">
        <ele>475</ele>
        <time>2026-02-15T14:38:17.000Z</time>
        <extensions>
          <ns3:TrackPointExtension>
            <ns3:hr>123</ns3:hr>
            <ns3:cad>0</ns3:cad>
          </ns3:TrackPointExtension>
        </extensions>
      </trkpt>
      <trkpt lat="35.96860871650278568267822265625" lon="-81.1128469370305538177490234375">
        <ele>474.79998779296875</ele>
        <time>2026-02-15T14:38:24.000Z</time>
        <extensions>
          <ns3:TrackPointExtension>
            <ns3:hr>124</ns3:hr>
            <ns3:cad>0</ns3:cad>
          </ns3:TrackPointExtension>
        </extensions>
      </trkpt>
      <trkpt lat="35.96861064434051513671875" lon="-81.11288004554808139801025390625">
        <ele>474</ele>
        <time>2026-02-15T14:38:31.000Z</time>
        <extensions>
          <ns3:TrackPointExtension>
            <ns3:hr>124</ns3:hr>
            <ns3:cad>0</ns3:cad>
          </ns3:TrackPointExtension>
        </extensions>
      </trkpt>
      <trkpt lat="35.96862162463366985321044921875" lon="-81.11289060674607753753662109375">
        <ele>473.79998779296875</ele>
        <time>2026-02-15T14:38:33.000Z</time>
        <extensions>
          <ns3:TrackPointExtension>
            <ns3:hr>124</ns3:hr>
            <ns3:cad>0</ns3:cad>
          </ns3:TrackPointExtension>
        </extensions>
      </trkpt>
      <trkpt lat="35.96864677034318447113037109375" lon="-81.1129220388829708099365234375">
        <ele>473.600006103515625</ele>
        <time>2026-02-15T14:38:39.000Z</time>
        <extensions>
          <ns3:TrackPointExtension>
            <ns3:hr>124</ns3:hr>
            <ns3:cad>0</ns3:cad>
          </ns3:TrackPointExtension>
        </extensions>
      </trkpt>
      <trkpt lat="35.9686768613755702972412109375" lon="-81.1129699833691120147705078125">
        <ele>473.399993896484375</ele>
        <time>2026-02-15T14:38:45.000Z</time>
        <extensions>
          <ns3:TrackPointExtension>
            <ns3:hr>125</ns3:hr>
            <ns3:cad>69</ns3:cad>
          </ns3:TrackPointExtension>
        </extensions>
      </trkpt>
      <trkpt lat="35.9686629474163055419921875" lon="-81.11298867501318454742431640625">
        <ele>473</ele>
        <time>2026-02-15T14:38:52.000Z</time>
        <extensions>
          <ns3:TrackPointExtension>
            <ns3:hr>123</ns3:hr>
            <ns3:cad>0</ns3:cad>
          </ns3:TrackPointExtension>
        </extensions>
      </trkpt>
      <trkpt lat="35.9686495363712310791015625" lon="-81.11298800446093082427978515625">
        <ele>472.600006103515625</ele>
        <time>2026-02-15T14:38:54.000Z</time>
        <extensions>
          <ns3:TrackPointExtension>
            <ns3:hr>123</ns3:hr>
            <ns3:cad>0</ns3:cad>
          </ns3:TrackPointExtension>
        </extensions>
      </trkpt>
      <trkpt lat="35.96866085194051265716552734375" lon="-81.11298859119415283203125">
        <ele>471.600006103515625</ele>
        <time>2026-02-15T14:39:00.000Z</time>
        <extensions>
          <ns3:TrackPointExtension>
            <ns3:hr>122</ns3:hr>
            <ns3:cad>0</ns3:cad>
          </ns3:TrackPointExtension>
        </extensions>
      </trkpt>
      <trkpt lat="35.96865515224635601043701171875" lon="-81.11298699863255023956298828125">
        <ele>471.20001220703125</ele>
        <time>2026-02-15T14:39:10.000Z</time>
        <extensions>
          <ns3:TrackPointExtension>
            <ns3:hr>121</ns3:hr>
            <ns3:cad>0</ns3:cad>
          </ns3:TrackPointExtension>
        </extensions>
      </trkpt>
      <trkpt lat="35.968655236065387725830078125" lon="-81.112961433827877044677734375">
        <ele>471.20001220703125</ele>
        <time>2026-02-15T14:39:16.000Z</time>
        <extensions>
          <ns3:TrackPointExtension>
            <ns3:hr>119</ns3:hr>
            <ns3:cad>0</ns3:cad>
          </ns3:TrackPointExtension>
        </extensions>
      </trkpt>
      <trkpt lat="35.96867543645203113555908203125" lon="-81.11296780407428741455078125">
        <ele>472.600006103515625</ele>
        <time>2026-02-15T14:39:24.000Z</time>
        <extensions>
          <ns3:TrackPointExtension>
            <ns3:hr>116</ns3:hr>
            <ns3:cad>0</ns3:cad>
          </ns3:TrackPointExtension>
        </extensions>
      </trkpt>
      <trkpt lat="35.96869136206805706024169921875" lon="-81.11299420706927776336669921875">
        <ele>473</ele>
        <time>2026-02-15T14:39:30.000Z</time>
        <extensions>
          <ns3:TrackPointExtension>
            <ns3:hr>116</ns3:hr>
            <ns3:cad>0</ns3:cad>
          </ns3:TrackPointExtension>
        </extensions>
      </trkpt>
      <trkpt lat="35.9687274880707263946533203125" lon="-81.1130474321544170379638671875">
        <ele>473</ele>
        <time>2026-02-15T14:39:36.000Z</time>
        <extensions>
          <ns3:TrackPointExtension>
            <ns3:hr>115</ns3:hr>
            <ns3:cad>0</ns3:cad>
          </ns3:TrackPointExtension>
        </extensions>
      </trkpt>
      <trkpt lat="35.96875204704701900482177734375" lon="-81.113061346113681793212890625">
        <ele>473.399993896484375</ele>
        <time>2026-02-15T14:39:43.000Z</time>
        <extensions>
          <ns3:TrackPointExtension>
            <ns3:hr>113</ns3:hr>
            <ns3:cad>0</ns3:cad>
          </ns3:TrackPointExtension>
        </extensions>
      </trkpt>
      <trkpt lat="35.96876394934952259063720703125" lon="-81.11308422870934009552001953125">
        <ele>473.399993896484375</ele>
        <time>2026-02-15T14:39:48.000Z</time>
        <extensions>
          <ns3:TrackPointExtension>
            <ns3:hr>110</ns3:hr>
            <ns3:cad>0</ns3:cad>
          </ns3:TrackPointExtension>
        </extensions>
      </trkpt>
      <trkpt lat="35.96877149306237697601318359375" lon="-81.11309512518346309661865234375">
        <ele>473.600006103515625</ele>
        <time>2026-02-15T14:39:50.000Z</time>
        <extensions>
          <ns3:TrackPointExtension>
            <ns3:hr>108</ns3:hr>
            <ns3:cad>0</ns3:cad>
          </ns3:TrackPointExtension>
        </extensions>
      </trkpt>
      <trkpt lat="35.9687747620046138763427734375" lon="-81.11310367472469806671142578125">
        <ele>473.399993896484375</ele>
        <time>2026-02-15T14:39:52.000Z</time>
        <extensions>
          <ns3:TrackPointExtension>
            <ns3:hr>105</ns3:hr>
            <ns3:cad>0</ns3:cad>
          </ns3:TrackPointExtension>
        </extensions>
      </trkpt>
      <trkpt lat="35.96879647113382816314697265625" lon="-81.11312932334840297698974609375">
        <ele>473.399993896484375</ele>
        <time>2026-02-15T14:39:57.000Z</time>
        <extensions>
          <ns3:TrackPointExtension>
            <ns3:hr>104</ns3:hr>
            <ns3:cad>77</ns3:cad>
          </ns3:TrackPointExtension>
        </extensions>
      </trkpt>
      <trkpt lat="35.968801416456699371337890625" lon="-81.1131325922906398773193359375">
        <ele>473.399993896484375</ele>
        <time>2026-02-15T14:39:58.000Z</time>
        <extensions>
          <ns3:TrackPointExtension>
            <ns3:hr>107</ns3:hr>
            <ns3:cad>77</ns3:cad>
          </ns3:TrackPointExtension>
        </extensions>
      </trkpt>
      <trkpt lat="35.96881004981696605682373046875" lon="-81.11313250847160816192626953125">
        <ele>473.79998779296875</ele>
        <time>2026-02-15T14:40:00.000Z</time>
        <extensions>
          <ns3:TrackPointExtension>
            <ns3:hr>109</ns3:hr>
            <ns3:cad>0</ns3:cad>
          </ns3:TrackPointExtension>
        </extensions>
      </trkpt>
      <trkpt lat="35.968826226890087127685546875" lon="-81.1131352744996547698974609375">
        <ele>474.20001220703125</ele>
        <time>2026-02-15T14:40:03.000Z</time>
        <extensions>
          <ns3:TrackPointExtension>
            <ns3:hr>112</ns3:hr>
            <ns3:cad>0</ns3:cad>
          </ns3:TrackPointExtension>
        </extensions>
      </trkpt>
      <trkpt lat="35.96883117221295833587646484375" lon="-81.11314608715474605560302734375">
        <ele>474.20001220703125</ele>
        <time>2026-02-15T14:40:06.000Z</time>
        <extensions>
          <ns3:TrackPointExtension>
            <ns3:hr>115</ns3:hr>
            <ns3:cad>0</ns3:cad>
          </ns3:TrackPointExtension>
        </extensions>
      </trkpt>
      <trkpt lat="35.968855731189250946044921875" lon="-81.1131560616195201873779296875">
        <ele>474.399993896484375</ele>
        <time>2026-02-15T14:40:09.000Z</time>
        <extensions>
          <ns3:TrackPointExtension>
            <ns3:hr>115</ns3:hr>
            <ns3:cad>77</ns3:cad>
          </ns3:TrackPointExtension>
        </extensions>
      </trkpt>
      <trkpt lat="35.96887283027172088623046875" lon="-81.11316788010299205780029296875">
        <ele>474.600006103515625</ele>
        <time>2026-02-15T14:40:12.000Z</time>
        <extensions>
          <ns3:TrackPointExtension>
            <ns3:hr>112</ns3:hr>
            <ns3:cad>77</ns3:cad>
          </ns3:TrackPointExtension>
        </extensions>
      </trkpt>
      <trkpt lat="35.96890878863632678985595703125" lon="-81.11319436691701412200927734375">
        <ele>474.79998779296875</ele>
        <time>2026-02-15T14:40:18.000Z</time>
        <extensions>
          <ns3:TrackPointExtension>
            <ns3:hr>114</ns3:hr>
            <ns3:cad>0</ns3:cad>
          </ns3:TrackPointExtension>
        </extensions>
      </trkpt>
      <trkpt lat="35.96894164569675922393798828125" lon="-81.11322605051100254058837890625">
        <ele>474.399993896484375</ele>
        <time>2026-02-15T14:40:25.000Z</time>
        <extensions>
          <ns3:TrackPointExtension>
            <ns3:hr>113</ns3:hr>
            <ns3:cad>46</ns3:cad>
          </ns3:TrackPointExtension>
        </extensions>
      </trkpt>
      <trkpt lat="35.96897073090076446533203125" lon="-81.1132271401584148406982421875">
        <ele>475</ele>
        <time>2026-02-15T14:40:31.000Z</time>
        <extensions>
          <ns3:TrackPointExtension>
            <ns3:hr>112</ns3:hr>
            <ns3:cad>0</ns3:cad>
          </ns3:TrackPointExtension>
        </extensions>
      </trkpt>
      <trkpt lat="35.9689735807478427886962890625" lon="-81.11322672106325626373291015625">
        <ele>475</ele>
        <time>2026-02-15T14:40:32.000Z</time>
        <extensions>
          <ns3:TrackPointExtension>
            <ns3:hr>112</ns3:hr>
            <ns3:cad>62</ns3:cad>
          </ns3:TrackPointExtension>
        </extensions>
      </trkpt>
      <trkpt lat="35.96901364624500274658203125" lon="-81.11321934498846530914306640625">
        <ele>475.20001220703125</ele>
        <time>2026-02-15T14:40:40.000Z</time>
        <extensions>
          <ns3:TrackPointExtension>
            <ns3:hr>110</ns3:hr>
            <ns3:cad>0</ns3:cad>
          </ns3:TrackPointExtension>
        </extensions>
      </trkpt>
      <trkpt lat="35.9690218605101108551025390625" lon="-81.11323007382452487945556640625">
        <ele>476</ele>
        <time>2026-02-15T14:40:47.000Z</time>
        <extensions>
          <ns3:TrackPointExtension>
            <ns3:hr>111</ns3:hr>
            <ns3:cad>0</ns3:cad>
          </ns3:TrackPointExtension>
        </extensions>
      </trkpt>
      <trkpt lat="35.9690624289214611053466796875" lon="-81.11326016485691070556640625">
        <ele>476</ele>
        <time>2026-02-15T14:40:55.000Z</time>
        <extensions>
          <ns3:TrackPointExtension>
            <ns3:hr>113</ns3:hr>
            <ns3:cad>0</ns3:cad>
          </ns3:TrackPointExtension>
        </extensions>
      </trkpt>
      <trkpt lat="35.96909972839057445526123046875" lon="-81.1132791079580783843994140625">
        <ele>476.600006103515625</ele>
        <time>2026-02-15T14:41:00.000Z</time>
        <extensions>
          <ns3:TrackPointExtension>
            <ns3:hr>113</ns3:hr>
            <ns3:cad>0</ns3:cad>
          </ns3:TrackPointExtension>
        </extensions>
      </trkpt>
      <trkpt lat="35.96910878084599971771240234375" lon="-81.113285310566425323486328125">
        <ele>476.600006103515625</ele>
        <time>2026-02-15T14:41:07.000Z</time>
        <extensions>
          <ns3:TrackPointExtension>
            <ns3:hr>113</ns3:hr>
            <ns3:cad>0</ns3:cad>
          </ns3:TrackPointExtension>
        </extensions>
      </trkpt>
      <trkpt lat="35.96910878084599971771240234375" lon="-81.113285310566425323486328125">
        <ele>476.600006103515625</ele>
        <time>2026-02-15T14:41:08.000Z</time>
        <extensions>
          <ns3:TrackPointExtension>
            <ns3:hr>119</ns3:hr>
            <ns3:cad>0</ns3:cad>
          </ns3:TrackPointExtension>
        </extensions>
      </trkpt>
      <trkpt lat="35.96910878084599971771240234375" lon="-81.113285310566425323486328125">
        <ele>476.600006103515625</ele>
        <time>2026-02-15T14:41:09.000Z</time>
        <extensions>
          <ns3:TrackPointExtension>
            <ns3:hr>127</ns3:hr>
            <ns3:cad>0</ns3:cad>
          </ns3:TrackPointExtension>
        </extensions>
      </trkpt>
      <trkpt lat="35.96910811029374599456787109375" lon="-81.113285310566425323486328125">
        <ele>476.399993896484375</ele>
        <time>2026-02-15T14:41:10.000Z</time>
        <extensions>
          <ns3:TrackPointExtension>
            <ns3:hr>131</ns3:hr>
            <ns3:cad>0</ns3:cad>
          </ns3:TrackPointExtension>
        </extensions>
      </trkpt>
      <trkpt lat="35.9691150672733783721923828125" lon="-81.11332277767360210418701171875">
        <ele>475.20001220703125</ele>
        <time>2026-02-15T14:41:15.000Z</time>
        <extensions>
          <ns3:TrackPointExtension>
            <ns3:hr>133</ns3:hr>
            <ns3:cad>0</ns3:cad>
          </ns3:TrackPointExtension>
        </extensions>
      </trkpt>
      <trkpt lat="35.96912018023431301116943359375" lon="-81.11333987675607204437255859375">
        <ele>475</ele>
        <time>2026-02-15T14:41:19.000Z</time>
        <extensions>
          <ns3:TrackPointExtension>
            <ns3:hr>133</ns3:hr>
            <ns3:cad>0</ns3:cad>
          </ns3:TrackPointExtension>
        </extensions>
      </trkpt>
      <trkpt lat="35.9691194258630275726318359375" lon="-81.11335135996341705322265625">
        <ele>475.20001220703125</ele>
        <time>2026-02-15T14:41:22.000Z</time>
        <extensions>
          <ns3:TrackPointExtension>
            <ns3:hr>134</ns3:hr>
            <ns3:cad>0</ns3:cad>
          </ns3:TrackPointExtension>
        </extensions>
      </trkpt>
      <trkpt lat="35.9691234491765499114990234375" lon="-81.11335412599146366119384765625">
        <ele>475</ele>
        <time>2026-02-15T14:41:27.000Z</time>
        <extensions>
          <ns3:TrackPointExtension>
            <ns3:hr>133</ns3:hr>
            <ns3:cad>0</ns3:cad>
          </ns3:TrackPointExtension>
        </extensions>
      </trkpt>
      <trkpt lat="35.96918170340359210968017578125" lon="-81.11335177905857563018798828125">
        <ele>475.399993896484375</ele>
        <time>2026-02-15T14:41:34.000Z</time>
        <extensions>
          <ns3:TrackPointExtension>
            <ns3:hr>132</ns3:hr>
            <ns3:cad>0</ns3:cad>
          </ns3:TrackPointExtension>
        </extensions>
      </trkpt>
      <trkpt lat="35.96919561736285686492919921875" lon="-81.1133444868028163909912109375">
        <ele>476</ele>
        <time>2026-02-15T14:41:40.000Z</time>
        <extensions>
          <ns3:TrackPointExtension>
            <ns3:hr>131</ns3:hr>
            <ns3:cad>0</ns3:cad>
          </ns3:TrackPointExtension>
        </extensions>
      </trkpt>
      <trkpt lat="35.969207771122455596923828125" lon="-81.11333216540515422821044921875">
        <ele>476</ele>
        <time>2026-02-15T14:41:43.000Z</time>
        <extensions>
          <ns3:TrackPointExtension>
            <ns3:hr>134</ns3:hr>
            <ns3:cad>0</ns3:cad>
          </ns3:TrackPointExtension>
        </extensions>
      </trkpt>
      <trkpt lat="35.9692154824733734130859375" lon="-81.1133280582726001739501953125">
        <ele>476.20001220703125</ele>
        <time>2026-02-15T14:41:44.000Z</time>
        <extensions>
          <ns3:TrackPointExtension>
            <ns3:hr>135</ns3:hr>
            <ns3:cad>0</ns3:cad>
          </ns3:TrackPointExtension>
        </extensions>
      </trkpt>
      <trkpt lat="35.96922763623297214508056640625" lon="-81.11332344822585582733154296875">
        <ele>477</ele>
        <time>2026-02-15T14:41:46.000Z</time>
        <extensions>
          <ns3:TrackPointExtension>
            <ns3:hr>137</ns3:hr>
            <ns3:cad>0</ns3:cad>
          </ns3:TrackPointExtension>
        </extensions>
      </trkpt>
      <trkpt lat="35.96924875862896442413330078125" lon="-81.113329231739044189453125">
        <ele>478.20001220703125</ele>
        <time>2026-02-15T14:41:50.000Z</time>
        <extensions>
          <ns3:TrackPointExtension>
            <ns3:hr>135</ns3:hr>
            <ns3:cad>69</ns3:cad>
          </ns3:TrackPointExtension>
        </extensions>
      </trkpt>
      <trkpt lat="35.9692961163818836212158203125" lon="-81.11334507353603839874267578125">
        <ele>478.600006103515625</ele>
        <time>2026-02-15T14:41:57.000Z</time>
        <extensions>
          <ns3:TrackPointExtension>
            <ns3:hr>133</ns3:hr>
            <ns3:cad>0</ns3:cad>
          </ns3:TrackPointExtension>
        </extensions>
      </trkpt>
      <trkpt lat="35.96931933425366878509521484375" lon="-81.1133600771427154541015625">
        <ele>479.399993896484375</ele>
        <time>2026-02-15T14:42:01.000Z</time>
        <extensions>
          <ns3:TrackPointExtension>
            <ns3:hr>131</ns3:hr>
            <ns3:cad>0</ns3:cad>
          </ns3:TrackPointExtension>
        </extensions>
      </trkpt>
      <trkpt lat="35.96931933425366878509521484375" lon="-81.11336586065590381622314453125">
        <ele>479.600006103515625</ele>
        <time>2026-02-15T14:42:03.000Z</time>
        <extensions>
          <ns3:TrackPointExtension>
            <ns3:hr>131</ns3:hr>
            <ns3:cad>0</ns3:cad>
          </ns3:TrackPointExtension>
        </extensions>
      </trkpt>
      <trkpt lat="35.96935722045600414276123046875" lon="-81.113360412418842315673828125">
        <ele>479.79998779296875</ele>
        <time>2026-02-15T14:42:08.000Z</time>
        <extensions>
          <ns3:TrackPointExtension>
            <ns3:hr>130</ns3:hr>
            <ns3:cad>0</ns3:cad>
          </ns3:TrackPointExtension>
        </extensions>
      </trkpt>
      <trkpt lat="35.96936233341693878173828125" lon="-81.113357059657573699951171875">
        <ele>480.399993896484375</ele>
        <time>2026-02-15T14:42:11.000Z</time>
        <extensions>
          <ns3:TrackPointExtension>
            <ns3:hr>132</ns3:hr>
            <ns3:cad>0</ns3:cad>
          </ns3:TrackPointExtension>
        </extensions>
      </trkpt>
      <trkpt lat="35.9693822823464870452880859375" lon="-81.1133592389523983001708984375">
        <ele>480.600006103515625</ele>
        <time>2026-02-15T14:42:15.000Z</time>
        <extensions>
          <ns3:TrackPointExtension>
            <ns3:hr>132</ns3:hr>
            <ns3:cad>0</ns3:cad>
          </ns3:TrackPointExtension>
        </extensions>
      </trkpt>
      <trkpt lat="35.969423018395900726318359375" lon="-81.11332319676876068115234375">
        <ele>481.600006103515625</ele>
        <time>2026-02-15T14:42:22.000Z</time>
        <extensions>
          <ns3:TrackPointExtension>
            <ns3:hr>132</ns3:hr>
            <ns3:cad>0</ns3:cad>
          </ns3:TrackPointExtension>
        </extensions>
      </trkpt>
      <trkpt lat="35.96942000091075897216796875" lon="-81.1133139766752719879150390625">
        <ele>482</ele>
        <time>2026-02-15T14:42:24.000Z</time>
        <extensions>
          <ns3:TrackPointExtension>
            <ns3:hr>129</ns3:hr>
            <ns3:cad>0</ns3:cad>
          </ns3:TrackPointExtension>
        </extensions>
      </trkpt>
      <trkpt lat="35.9694231860339641571044921875" lon="-81.11329637467861175537109375">
        <ele>482.600006103515625</ele>
        <time>2026-02-15T14:42:27.000Z</time>
        <extensions>
          <ns3:TrackPointExtension>
            <ns3:hr>129</ns3:hr>
            <ns3:cad>0</ns3:cad>
          </ns3:TrackPointExtension>
        </extensions>
      </trkpt>
      <trkpt lat="35.969425700604915618896484375" lon="-81.11328019760549068450927734375">
        <ele>483</ele>
        <time>2026-02-15T14:42:29.000Z</time>
        <extensions>
          <ns3:TrackPointExtension>
            <ns3:hr>129</ns3:hr>
            <ns3:cad>0</ns3:cad>
          </ns3:TrackPointExtension>
        </extensions>
      </trkpt>
      <trkpt lat="35.96944305114448070526123046875" lon="-81.1132445745170116424560546875">
        <ele>484</ele>
        <time>2026-02-15T14:42:32.000Z</time>
        <extensions>
          <ns3:TrackPointExtension>
            <ns3:hr>129</ns3:hr>
            <ns3:cad>0</ns3:cad>
          </ns3:TrackPointExtension>
        </extensions>
      </trkpt>
      <trkpt lat="35.9694513492286205291748046875" lon="-81.1132204346358776092529296875">
        <ele>484.79998779296875</ele>
        <time>2026-02-15T14:42:35.000Z</time>
        <extensions>
          <ns3:TrackPointExtension>
            <ns3:hr>129</ns3:hr>
            <ns3:cad>0</ns3:cad>
          </ns3:TrackPointExtension>
        </extensions>
      </trkpt>
      <trkpt lat="35.9694510139524936676025390625" lon="-81.11321951262652873992919921875">
        <ele>484.79998779296875</ele>
        <time>2026-02-15T14:42:38.000Z</time>
        <extensions>
          <ns3:TrackPointExtension>
            <ns3:hr>126</ns3:hr>
            <ns3:cad>43</ns3:cad>
          </ns3:TrackPointExtension>
        </extensions>
      </trkpt>
      <trkpt lat="35.969455540180206298828125" lon="-81.1132388748228549957275390625">
        <ele>484.79998779296875</ele>
        <time>2026-02-15T14:42:42.000Z</time>
        <extensions>
          <ns3:TrackPointExtension>
            <ns3:hr>128</ns3:hr>
            <ns3:cad>0</ns3:cad>
          </ns3:TrackPointExtension>
        </extensions>
      </trkpt>
      <trkpt lat="35.9694473259150981903076171875" lon="-81.1132472567260265350341796875">
        <ele>485</ele>
        <time>2026-02-15T14:42:44.000Z</time>
        <extensions>
          <ns3:TrackPointExtension>
            <ns3:hr>130</ns3:hr>
            <ns3:cad>0</ns3:cad>
          </ns3:TrackPointExtension>
        </extensions>
      </trkpt>
      <trkpt lat="35.96946383826434612274169921875" lon="-81.11325521953403949737548828125">
        <ele>485</ele>
        <time>2026-02-15T14:42:47.000Z</time>
        <extensions>
          <ns3:TrackPointExtension>
            <ns3:hr>130</ns3:hr>
            <ns3:cad>0</ns3:cad>
          </ns3:TrackPointExtension>
        </extensions>
      </trkpt>
      <trkpt lat="35.969488732516765594482421875" lon="-81.11324432305991649627685546875">
        <ele>485.399993896484375</ele>
        <time>2026-02-15T14:42:51.000Z</time>
        <extensions>
          <ns3:TrackPointExtension>
            <ns3:hr>133</ns3:hr>
            <ns3:cad>53</ns3:cad>
          </ns3:TrackPointExtension>
        </extensions>
      </trkpt>
      <trkpt lat="35.9694892354309558868408203125" lon="-81.11324314959347248077392578125">
        <ele>485.600006103515625</ele>
        <time>2026-02-15T14:42:53.000Z</time>
        <extensions>
          <ns3:TrackPointExtension>
            <ns3:hr>133</ns3:hr>
            <ns3:cad>55</ns3:cad>
          </ns3:TrackPointExtension>
        </extensions>
      </trkpt>
      <trkpt lat="35.96951832063496112823486328125" lon="-81.11325002275407314300537109375">
        <ele>486</ele>
        <time>2026-02-15T14:42:57.000Z</time>
        <extensions>
          <ns3:TrackPointExtension>
            <ns3:hr>133</ns3:hr>
            <ns3:cad>55</ns3:cad>
          </ns3:TrackPointExtension>
        </extensions>
      </trkpt>
      <trkpt lat="35.96952200867235660552978515625" lon="-81.11325220204889774322509765625">
        <ele>486</ele>
        <time>2026-02-15T14:42:58.000Z</time>
        <extensions>
          <ns3:TrackPointExtension>
            <ns3:hr>133</ns3:hr>
            <ns3:cad>55</ns3:cad>
          </ns3:TrackPointExtension>
        </extensions>
      </trkpt>
      <trkpt lat="35.969547741115093231201171875" lon="-81.11322387121617794036865234375">
        <ele>486.20001220703125</ele>
        <time>2026-02-15T14:43:04.000Z</time>
        <extensions>
          <ns3:TrackPointExtension>
            <ns3:hr>133</ns3:hr>
            <ns3:cad>78</ns3:cad>
          </ns3:TrackPointExtension>
        </extensions>
      </trkpt>
      <trkpt lat="35.96956157125532627105712890625" lon="-81.1131926067173480987548828125">
        <ele>487</ele>
        <time>2026-02-15T14:43:07.000Z</time>
        <extensions>
          <ns3:TrackPointExtension>
            <ns3:hr>134</ns3:hr>
            <ns3:cad>78</ns3:cad>
          </ns3:TrackPointExtension>
        </extensions>
      </trkpt>
      <trkpt lat="35.96957364119589328765869140625" lon="-81.1131902597844600677490234375">
        <ele>487.600006103515625</ele>
        <time>2026-02-15T14:43:09.000Z</time>
        <extensions>
          <ns3:TrackPointExtension>
            <ns3:hr>134</ns3:hr>
            <ns3:cad>78</ns3:cad>
          </ns3:TrackPointExtension>
        </extensions>
      </trkpt>
      <trkpt lat="35.96958084963262081146240234375" lon="-81.11319101415574550628662109375">
        <ele>487.600006103515625</ele>
        <time>2026-02-15T14:43:10.000Z</time>
        <extensions>
          <ns3:TrackPointExtension>
            <ns3:hr>135</ns3:hr>
            <ns3:cad>0</ns3:cad>
          </ns3:TrackPointExtension>
        </extensions>
      </trkpt>
      <trkpt lat="35.96958621405065059661865234375" lon="-81.1131750047206878662109375">
        <ele>487.79998779296875</ele>
        <time>2026-02-15T14:43:13.000Z</time>
        <extensions>
          <ns3:TrackPointExtension>
            <ns3:hr>138</ns3:hr>
            <ns3:cad>0</ns3:cad>
          </ns3:TrackPointExtension>
        </extensions>
      </trkpt>
      <trkpt lat="35.96959442831575870513916015625" lon="-81.11318347044289112091064453125">
        <ele>488</ele>
        <time>2026-02-15T14:43:16.000Z</time>
        <extensions>
          <ns3:TrackPointExtension>
            <ns3:hr>135</ns3:hr>
            <ns3:cad>0</ns3:cad>
          </ns3:TrackPointExtension>
        </extensions>
      </trkpt>
      <trkpt lat="35.96959660761058330535888671875" lon="-81.1131910979747772216796875">
        <ele>488</ele>
        <time>2026-02-15T14:43:18.000Z</time>
        <extensions>
          <ns3:TrackPointExtension>
            <ns3:hr>132</ns3:hr>
            <ns3:cad>0</ns3:cad>
          </ns3:TrackPointExtension>
        </extensions>
      </trkpt>
      <trkpt lat="35.9695961885154247283935546875" lon="-81.1132050119340419769287109375">
        <ele>487.600006103515625</ele>
        <time>2026-02-15T14:43:21.000Z</time>
        <extensions>
          <ns3:TrackPointExtension>
            <ns3:hr>129</ns3:hr>
            <ns3:cad>0</ns3:cad>
          </ns3:TrackPointExtension>
        </extensions>
      </trkpt>
      <trkpt lat="35.96959778107702732086181640625" lon="-81.113208197057247161865234375">
        <ele>487.600006103515625</ele>
        <time>2026-02-15T14:43:22.000Z</time>
        <extensions>
          <ns3:TrackPointExtension>
            <ns3:hr>128</ns3:hr>
            <ns3:cad>0</ns3:cad>
          </ns3:TrackPointExtension>
        </extensions>
      </trkpt>
      <trkpt lat="35.96961437724530696868896484375" lon="-81.1132170818746089935302734375">
        <ele>487</ele>
        <time>2026-02-15T14:43:27.000Z</time>
        <extensions>
          <ns3:TrackPointExtension>
            <ns3:hr>131</ns3:hr>
            <ns3:cad>71</ns3:cad>
          </ns3:TrackPointExtension>
        </extensions>
      </trkpt>
      <trkpt lat="35.96962787210941314697265625" lon="-81.11321917735040187835693359375">
        <ele>486.600006103515625</ele>
        <time>2026-02-15T14:43:29.000Z</time>
        <extensions>
          <ns3:TrackPointExtension>
            <ns3:hr>131</ns3:hr>
            <ns3:cad>0</ns3:cad>
          </ns3:TrackPointExtension>
        </extensions>
      </trkpt>
      <trkpt lat="35.96963868476450443267822265625" lon="-81.11322387121617794036865234375">
        <ele>486.600006103515625</ele>
        <time>2026-02-15T14:43:35.000Z</time>
        <extensions>
          <ns3:TrackPointExtension>
            <ns3:hr>132</ns3:hr>
            <ns3:cad>0</ns3:cad>
          </ns3:TrackPointExtension>
        </extensions>
      </trkpt>
      <trkpt lat="35.96964555792510509490966796875" lon="-81.11322487704455852508544921875">
        <ele>486.79998779296875</ele>
        <time>2026-02-15T14:43:40.000Z</time>
        <extensions>
          <ns3:TrackPointExtension>
            <ns3:hr>131</ns3:hr>
            <ns3:cad>0</ns3:cad>
          </ns3:TrackPointExtension>
        </extensions>
      </trkpt>
      <trkpt lat="35.9696454741060733795166015625" lon="-81.1132231168448925018310546875">
        <ele>486.79998779296875</ele>
        <time>2026-02-15T14:43:46.000Z</time>
        <extensions>
          <ns3:TrackPointExtension>
            <ns3:hr>133</ns3:hr>
            <ns3:cad>0</ns3:cad>
          </ns3:TrackPointExtension>
        </extensions>
      </trkpt>
      <trkpt lat="35.96964555792510509490966796875" lon="-81.11322462558746337890625">
        <ele>487.399993896484375</ele>
        <time>2026-02-15T14:43:48.000Z</time>
        <extensions>
          <ns3:TrackPointExtension>
            <ns3:hr>136</ns3:hr>
            <ns3:cad>0</ns3:cad>
          </ns3:TrackPointExtension>
        </extensions>
      </trkpt>
      <trkpt lat="35.96965561620891094207763671875" lon="-81.1131993122398853302001953125">
        <ele>488</ele>
        <time>2026-02-15T14:43:53.000Z</time>
        <extensions>
          <ns3:TrackPointExtension>
            <ns3:hr>136</ns3:hr>
            <ns3:cad>0</ns3:cad>
          </ns3:TrackPointExtension>
        </extensions>
      </trkpt>
      <trkpt lat="35.969649665057659149169921875" lon="-81.1131937801837921142578125">
        <ele>488.20001220703125</ele>
        <time>2026-02-15T14:43:54.000Z</time>
        <extensions>
          <ns3:TrackPointExtension>
            <ns3:hr>136</ns3:hr>
            <ns3:cad>0</ns3:cad>
          </ns3:TrackPointExtension>
        </extensions>
      </trkpt>
      <trkpt lat="35.96962384879589080810546875" lon="-81.11315413378179073333740234375">
        <ele>489</ele>
        <time>2026-02-15T14:43:59.000Z</time>
        <extensions>
          <ns3:TrackPointExtension>
            <ns3:hr>135</ns3:hr>
            <ns3:cad>0</ns3:cad>
          </ns3:TrackPointExtension>
        </extensions>
      </trkpt>
      <trkpt lat="35.969620160758495330810546875" lon="-81.11314608715474605560302734375">
        <ele>489.399993896484375</ele>
        <time>2026-02-15T14:44:01.000Z</time>
        <extensions>
          <ns3:TrackPointExtension>
            <ns3:hr>135</ns3:hr>
            <ns3:cad>0</ns3:cad>
          </ns3:TrackPointExtension>
        </extensions>
      </trkpt>
      <trkpt lat="35.9696226753294467926025390625" lon="-81.1131227016448974609375">
        <ele>490.20001220703125</ele>
        <time>2026-02-15T14:44:04.000Z</time>
        <extensions>
          <ns3:TrackPointExtension>
            <ns3:hr>135</ns3:hr>
            <ns3:cad>0</ns3:cad>
          </ns3:TrackPointExtension>
        </extensions>
      </trkpt>
      <trkpt lat="35.96962653100490570068359375" lon="-81.11311934888362884521484375">
        <ele>490.600006103515625</ele>
        <time>2026-02-15T14:44:05.000Z</time>
        <extensions>
          <ns3:TrackPointExtension>
            <ns3:hr>135</ns3:hr>
            <ns3:cad>0</ns3:cad>
          </ns3:TrackPointExtension>
        </extensions>
      </trkpt>
      <trkpt lat="35.96963164396584033966064453125" lon="-81.11309261061251163482666015625">
        <ele>491.399993896484375</ele>
        <time>2026-02-15T14:44:08.000Z</time>
        <extensions>
          <ns3:TrackPointExtension>
            <ns3:hr>135</ns3:hr>
            <ns3:cad>0</ns3:cad>
          </ns3:TrackPointExtension>
        </extensions>
      </trkpt>
      <trkpt lat="35.96963164396584033966064453125" lon="-81.11307953484356403350830078125">
        <ele>491.79998779296875</ele>
        <time>2026-02-15T14:44:10.000Z</time>
        <extensions>
          <ns3:TrackPointExtension>
            <ns3:hr>135</ns3:hr>
            <ns3:cad>0</ns3:cad>
          </ns3:TrackPointExtension>
        </extensions>
      </trkpt>
      <trkpt lat="35.96962141804397106170654296875" lon="-81.1130605079233646392822265625">
        <ele>492.79998779296875</ele>
        <time>2026-02-15T14:44:14.000Z</time>
        <extensions>
          <ns3:TrackPointExtension>
            <ns3:hr>137</ns3:hr>
            <ns3:cad>0</ns3:cad>
          </ns3:TrackPointExtension>
        </extensions>
      </trkpt>
      <trkpt lat="35.9696243517100811004638671875" lon="-81.113063357770442962646484375">
        <ele>493</ele>
        <time>2026-02-15T14:44:15.000Z</time>
        <extensions>
          <ns3:TrackPointExtension>
            <ns3:hr>138</ns3:hr>
            <ns3:cad>0</ns3:cad>
          </ns3:TrackPointExtension>
        </extensions>
      </trkpt>
      <trkpt lat="35.96966165117919445037841796875" lon="-81.11306545324623584747314453125">
        <ele>492.79998779296875</ele>
        <time>2026-02-15T14:44:20.000Z</time>
        <extensions>
          <ns3:TrackPointExtension>
            <ns3:hr>140</ns3:hr>
            <ns3:cad>0</ns3:cad>
          </ns3:TrackPointExtension>
        </extensions>
      </trkpt>
      <trkpt lat="35.9696756489574909210205078125" lon="-81.113062016665935516357421875">
        <ele>493.20001220703125</ele>
        <time>2026-02-15T14:44:25.000Z</time>
        <extensions>
          <ns3:TrackPointExtension>
            <ns3:hr>141</ns3:hr>
            <ns3:cad>0</ns3:cad>
          </ns3:TrackPointExtension>
        </extensions>
      </trkpt>
      <trkpt lat="35.9696996212005615234375" lon="-81.11306972801685333251953125">
        <ele>492.79998779296875</ele>
        <time>2026-02-15T14:44:30.000Z</time>
        <extensions>
          <ns3:TrackPointExtension>
            <ns3:hr>144</ns3:hr>
            <ns3:cad>0</ns3:cad>
          </ns3:TrackPointExtension>
        </extensions>
      </trkpt>
      <trkpt lat="35.9697116911411285400390625" lon="-81.1130662076175212860107421875">
        <ele>492.79998779296875</ele>
        <time>2026-02-15T14:44:32.000Z</time>
        <extensions>
          <ns3:TrackPointExtension>
            <ns3:hr>144</ns3:hr>
            <ns3:cad>0</ns3:cad>
          </ns3:TrackPointExtension>
        </extensions>
      </trkpt>
      <trkpt lat="35.9697212465107440948486328125" lon="-81.1130715720355510711669921875">
        <ele>493.399993896484375</ele>
        <time>2026-02-15T14:44:38.000Z</time>
        <extensions>
          <ns3:TrackPointExtension>
            <ns3:hr>142</ns3:hr>
            <ns3:cad>0</ns3:cad>
          </ns3:TrackPointExtension>
        </extensions>
      </trkpt>
      <trkpt lat="35.96973155625164508819580078125" lon="-81.1130945384502410888671875">
        <ele>492.600006103515625</ele>
        <time>2026-02-15T14:44:43.000Z</time>
        <extensions>
          <ns3:TrackPointExtension>
            <ns3:hr>143</ns3:hr>
            <ns3:cad>0</ns3:cad>
          </ns3:TrackPointExtension>
        </extensions>
      </trkpt>
      <trkpt lat="35.96974723041057586669921875" lon="-81.1131067760288715362548828125">
        <ele>492</ele>
        <time>2026-02-15T14:44:49.000Z</time>
        <extensions>
          <ns3:TrackPointExtension>
            <ns3:hr>143</ns3:hr>
            <ns3:cad>0</ns3:cad>
          </ns3:TrackPointExtension>
        </extensions>
      </trkpt>
      <trkpt lat="35.96975502558052539825439453125" lon="-81.113112308084964752197265625">
        <ele>491.79998779296875</ele>
        <time>2026-02-15T14:44:51.000Z</time>
        <extensions>
          <ns3:TrackPointExtension>
            <ns3:hr>142</ns3:hr>
            <ns3:cad>48</ns3:cad>
          </ns3:TrackPointExtension>
        </extensions>
      </trkpt>
      <trkpt lat="35.9697832725942134857177734375" lon="-81.1131164990365505218505859375">
        <ele>491.600006103515625</ele>
        <time>2026-02-15T14:44:58.000Z</time>
        <extensions>
          <ns3:TrackPointExtension>
            <ns3:hr>139</ns3:hr>
            <ns3:cad>0</ns3:cad>
          </ns3:TrackPointExtension>
        </extensions>
      </trkpt>
      <trkpt lat="35.96979592926800251007080078125" lon="-81.1130896769464015960693359375">
        <ele>492.20001220703125</ele>
        <time>2026-02-15T14:45:05.000Z</time>
        <extensions>
          <ns3:TrackPointExtension>
            <ns3:hr>138</ns3:hr>
            <ns3:cad>0</ns3:cad>
          </ns3:TrackPointExtension>
        </extensions>
      </trkpt>
      <trkpt lat="35.96981084905564785003662109375" lon="-81.1130937002599239349365234375">
        <ele>492.20001220703125</ele>
        <time>2026-02-15T14:45:10.000Z</time>
        <extensions>
          <ns3:TrackPointExtension>
            <ns3:hr>135</ns3:hr>
            <ns3:cad>66</ns3:cad>
          </ns3:TrackPointExtension>
        </extensions>
      </trkpt>
      <trkpt lat="35.96979911439120769500732421875" lon="-81.11308582127094268798828125">
        <ele>492.399993896484375</ele>
        <time>2026-02-15T14:45:13.000Z</time>
        <extensions>
          <ns3:TrackPointExtension>
            <ns3:hr>134</ns3:hr>
            <ns3:cad>0</ns3:cad>
          </ns3:TrackPointExtension>
        </extensions>
      </trkpt>
      <trkpt lat="35.9697896428406238555908203125" lon="-81.1130703985691070556640625">
        <ele>493</ele>
        <time>2026-02-15T14:45:20.000Z</time>
        <extensions>
          <ns3:TrackPointExtension>
            <ns3:hr>133</ns3:hr>
            <ns3:cad>0</ns3:cad>
          </ns3:TrackPointExtension>
        </extensions>
      </trkpt>
      <trkpt lat="35.9697634913027286529541015625" lon="-81.11300803720951080322265625">
        <ele>494</ele>
        <time>2026-02-15T14:45:27.000Z</time>
        <extensions>
          <ns3:TrackPointExtension>
            <ns3:hr>133</ns3:hr>
            <ns3:cad>0</ns3:cad>
          </ns3:TrackPointExtension>
        </extensions>
      </trkpt>
      <trkpt lat="35.96976734697818756103515625" lon="-81.11303812824189662933349609375">
        <ele>493.79998779296875</ele>
        <time>2026-02-15T14:45:35.000Z</time>
        <extensions>
          <ns3:TrackPointExtension>
            <ns3:hr>131</ns3:hr>
            <ns3:cad>0</ns3:cad>
          </ns3:TrackPointExtension>
        </extensions>
      </trkpt>
      <trkpt lat="35.96973909996449947357177734375" lon="-81.1130543053150177001953125">
        <ele>493.20001220703125</ele>
        <time>2026-02-15T14:45:44.000Z</time>
        <extensions>
          <ns3:TrackPointExtension>
            <ns3:hr>129</ns3:hr>
            <ns3:cad>0</ns3:cad>
          </ns3:TrackPointExtension>
        </extensions>
      </trkpt>
      <trkpt lat="35.96973759122192859649658203125" lon="-81.11304617486894130706787109375">
        <ele>493</ele>
        <time>2026-02-15T14:45:46.000Z</time>
        <extensions>
          <ns3:TrackPointExtension>
            <ns3:hr>129</ns3:hr>
            <ns3:cad>0</ns3:cad>
          </ns3:TrackPointExtension>
        </extensions>
      </trkpt>
      <trkpt lat="35.969716049730777740478515625" lon="-81.11301750876009464263916015625">
        <ele>493.79998779296875</ele>
        <time>2026-02-15T14:45:50.000Z</time>
        <extensions>
          <ns3:TrackPointExtension>
            <ns3:hr>127</ns3:hr>
            <ns3:cad>0</ns3:cad>
          </ns3:TrackPointExtension>
        </extensions>
      </trkpt>
      <trkpt lat="35.96970406360924243927001953125" lon="-81.1129937879741191864013671875">
        <ele>494</ele>
        <time>2026-02-15T14:45:53.000Z</time>
        <extensions>
          <ns3:TrackPointExtension>
            <ns3:hr>125</ns3:hr>
            <ns3:cad>0</ns3:cad>
          </ns3:TrackPointExtension>
        </extensions>
      </trkpt>
      <trkpt lat="35.96971244551241397857666015625" lon="-81.1129736714065074920654296875">
        <ele>494.79998779296875</ele>
        <time>2026-02-15T14:45:56.000Z</time>
        <extensions>
          <ns3:TrackPointExtension>
            <ns3:hr>124</ns3:hr>
            <ns3:cad>0</ns3:cad>
          </ns3:TrackPointExtension>
        </extensions>
      </trkpt>
      <trkpt lat="35.96971948631107807159423828125" lon="-81.11297308467328548431396484375">
        <ele>495.20001220703125</ele>
        <time>2026-02-15T14:45:57.000Z</time>
        <extensions>
          <ns3:TrackPointExtension>
            <ns3:hr>124</ns3:hr>
            <ns3:cad>0</ns3:cad>
          </ns3:TrackPointExtension>
        </extensions>
      </trkpt>
      <trkpt lat="35.9697510860860347747802734375" lon="-81.112992949783802032470703125">
        <ele>495.600006103515625</ele>
        <time>2026-02-15T14:46:04.000Z</time>
        <extensions>
          <ns3:TrackPointExtension>
            <ns3:hr>127</ns3:hr>
            <ns3:cad>0</ns3:cad>
          </ns3:TrackPointExtension>
        </extensions>
      </trkpt>
      <trkpt lat="35.9697829373180866241455078125" lon="-81.113021112978458404541015625">
        <ele>495.20001220703125</ele>
        <time>2026-02-15T14:46:10.000Z</time>
        <extensions>
          <ns3:TrackPointExtension>
            <ns3:hr>127</ns3:hr>
            <ns3:cad>0</ns3:cad>
          </ns3:TrackPointExtension>
        </extensions>
      </trkpt>
      <trkpt lat="35.96983834169805049896240234375" lon="-81.1129998229444026947021484375">
        <ele>495.20001220703125</ele>
        <time>2026-02-15T14:46:17.000Z</time>
        <extensions>
          <ns3:TrackPointExtension>
            <ns3:hr>127</ns3:hr>
            <ns3:cad>0</ns3:cad>
          </ns3:TrackPointExtension>
        </extensions>
      </trkpt>
      <trkpt lat="35.96987220458686351776123046875" lon="-81.113017089664936065673828125">
        <ele>494.79998779296875</ele>
        <time>2026-02-15T14:46:24.000Z</time>
        <extensions>
          <ns3:TrackPointExtension>
            <ns3:hr>127</ns3:hr>
            <ns3:cad>0</ns3:cad>
          </ns3:TrackPointExtension>
        </extensions>
      </trkpt>
      <trkpt lat="35.9699478931725025177001953125" lon="-81.11299588344991207122802734375">
        <ele>494.600006103515625</ele>
        <time>2026-02-15T14:46:32.000Z</time>
        <extensions>
          <ns3:TrackPointExtension>
            <ns3:hr>125</ns3:hr>
            <ns3:cad>79</ns3:cad>
          </ns3:TrackPointExtension>
        </extensions>
      </trkpt>
      <trkpt lat="35.96995367668569087982177734375" lon="-81.112980879843235015869140625">
        <ele>494.600006103515625</ele>
        <time>2026-02-15T14:46:34.000Z</time>
        <extensions>
          <ns3:TrackPointExtension>
            <ns3:hr>124</ns3:hr>
            <ns3:cad>79</ns3:cad>
          </ns3:TrackPointExtension>
        </extensions>
      </trkpt>
      <trkpt lat="35.969980917870998382568359375" lon="-81.112969815731048583984375">
        <ele>495.79998779296875</ele>
        <time>2026-02-15T14:46:39.000Z</time>
        <extensions>
          <ns3:TrackPointExtension>
            <ns3:hr>123</ns3:hr>
            <ns3:cad>74</ns3:cad>
          </ns3:TrackPointExtension>
        </extensions>
      </trkpt>
      <trkpt lat="35.96998837776482105255126953125" lon="-81.11296788789331912994384765625">
        <ele>495.79998779296875</ele>
        <time>2026-02-15T14:46:40.000Z</time>
        <extensions>
          <ns3:TrackPointExtension>
            <ns3:hr>122</ns3:hr>
            <ns3:cad>74</ns3:cad>
          </ns3:TrackPointExtension>
        </extensions>
      </trkpt>
      <trkpt lat="35.9700642339885234832763671875" lon="-81.11295229755342006683349609375">
        <ele>496.20001220703125</ele>
        <time>2026-02-15T14:46:47.000Z</time>
        <extensions>
          <ns3:TrackPointExtension>
            <ns3:hr>124</ns3:hr>
            <ns3:cad>48</ns3:cad>
          </ns3:TrackPointExtension>
        </extensions>
      </trkpt>
      <trkpt lat="35.9700737893581390380859375" lon="-81.11292916350066661834716796875">
        <ele>496.600006103515625</ele>
        <time>2026-02-15T14:46:49.000Z</time>
        <extensions>
          <ns3:TrackPointExtension>
            <ns3:hr>124</ns3:hr>
            <ns3:cad>48</ns3:cad>
          </ns3:TrackPointExtension>
        </extensions>
      </trkpt>
      <trkpt lat="35.9700722806155681610107421875" lon="-81.11289563588798046112060546875">
        <ele>497.399993896484375</ele>
        <time>2026-02-15T14:46:52.000Z</time>
        <extensions>
          <ns3:TrackPointExtension>
            <ns3:hr>126</ns3:hr>
            <ns3:cad>44</ns3:cad>
          </ns3:TrackPointExtension>
        </extensions>
      </trkpt>
      <trkpt lat="35.9700618870556354522705078125" lon="-81.1128462664783000946044921875">
        <ele>498.600006103515625</ele>
        <time>2026-02-15T14:46:56.000Z</time>
        <extensions>
          <ns3:TrackPointExtension>
            <ns3:hr>128</ns3:hr>
            <ns3:cad>0</ns3:cad>
          </ns3:TrackPointExtension>
        </extensions>
      </trkpt>
      <trkpt lat="35.9700431115925312042236328125" lon="-81.11281349323689937591552734375">
        <ele>499.20001220703125</ele>
        <time>2026-02-15T14:46:59.000Z</time>
        <extensions>
          <ns3:TrackPointExtension>
            <ns3:hr>129</ns3:hr>
            <ns3:cad>46</ns3:cad>
          </ns3:TrackPointExtension>
        </extensions>
      </trkpt>
      <trkpt lat="35.97003498114645481109619140625" lon="-81.1127792112529277801513671875">
        <ele>499.79998779296875</ele>
        <time>2026-02-15T14:47:02.000Z</time>
        <extensions>
          <ns3:TrackPointExtension>
            <ns3:hr>132</ns3:hr>
            <ns3:cad>46</ns3:cad>
          </ns3:TrackPointExtension>
        </extensions>
      </trkpt>
      <trkpt lat="35.97002827562391757965087890625" lon="-81.11275582574307918548583984375">
        <ele>501</ele>
        <time>2026-02-15T14:47:05.000Z</time>
        <extensions>
          <ns3:TrackPointExtension>
            <ns3:hr>134</ns3:hr>
            <ns3:cad>47</ns3:cad>
          </ns3:TrackPointExtension>
        </extensions>
      </trkpt>
      <trkpt lat="35.97002626396715641021728515625" lon="-81.1127565801143646240234375">
        <ele>501.20001220703125</ele>
        <time>2026-02-15T14:47:06.000Z</time>
        <extensions>
          <ns3:TrackPointExtension>
            <ns3:hr>134</ns3:hr>
            <ns3:cad>0</ns3:cad>
          </ns3:TrackPointExtension>
        </extensions>
      </trkpt>
      <trkpt lat="35.97004654817283153533935546875" lon="-81.11275968141853809356689453125">
        <ele>501.399993896484375</ele>
        <time>2026-02-15T14:47:13.000Z</time>
        <extensions>
          <ns3:TrackPointExtension>
            <ns3:hr>136</ns3:hr>
            <ns3:cad>0</ns3:cad>
          </ns3:TrackPointExtension>
        </extensions>
      </trkpt>
      <trkpt lat="35.97007236443459987640380859375" lon="-81.11271793954074382781982421875">
        <ele>502</ele>
        <time>2026-02-15T14:47:17.000Z</time>
        <extensions>
          <ns3:TrackPointExtension>
            <ns3:hr>136</ns3:hr>
            <ns3:cad>65</ns3:cad>
          </ns3:TrackPointExtension>
        </extensions>
      </trkpt>
      <trkpt lat="35.97006867639720439910888671875" lon="-81.112691201269626617431640625">
        <ele>502.600006103515625</ele>
        <time>2026-02-15T14:47:20.000Z</time>
        <extensions>
          <ns3:TrackPointExtension>
            <ns3:hr>135</ns3:hr>
            <ns3:cad>0</ns3:cad>
          </ns3:TrackPointExtension>
        </extensions>
      </trkpt>
      <trkpt lat="35.97005878575146198272705078125" lon="-81.11266630701720714569091796875">
        <ele>503.20001220703125</ele>
        <time>2026-02-15T14:47:23.000Z</time>
        <extensions>
          <ns3:TrackPointExtension>
            <ns3:hr>136</ns3:hr>
            <ns3:cad>67</ns3:cad>
          </ns3:TrackPointExtension>
        </extensions>
      </trkpt>
      <trkpt lat="35.97005057148635387420654296875" lon="-81.11265893094241619110107421875">
        <ele>503.399993896484375</ele>
        <time>2026-02-15T14:47:24.000Z</time>
        <extensions>
          <ns3:TrackPointExtension>
            <ns3:hr>136</ns3:hr>
            <ns3:cad>67</ns3:cad>
          </ns3:TrackPointExtension>
        </extensions>
      </trkpt>
      <trkpt lat="35.9700193069875240325927734375" lon="-81.11264468170702457427978515625">
        <ele>503.600006103515625</ele>
        <time>2026-02-15T14:47:27.000Z</time>
        <extensions>
          <ns3:TrackPointExtension>
            <ns3:hr>136</ns3:hr>
            <ns3:cad>0</ns3:cad>
          </ns3:TrackPointExtension>
        </extensions>
      </trkpt>
      <trkpt lat="35.96999390982091426849365234375" lon="-81.11261182464659214019775390625">
        <ele>504.20001220703125</ele>
        <time>2026-02-15T14:47:32.000Z</time>
        <extensions>
          <ns3:TrackPointExtension>
            <ns3:hr>135</ns3:hr>
            <ns3:cad>43</ns3:cad>
          </ns3:TrackPointExtension>
        </extensions>
      </trkpt>
      <trkpt lat="35.96999038942158222198486328125" lon="-81.1125968210399150848388671875">
        <ele>504.399993896484375</ele>
        <time>2026-02-15T14:47:34.000Z</time>
        <extensions>
          <ns3:TrackPointExtension>
            <ns3:hr>134</ns3:hr>
            <ns3:cad>44</ns3:cad>
          </ns3:TrackPointExtension>
        </extensions>
      </trkpt>
      <trkpt lat="35.969999022781848907470703125" lon="-81.1125927977263927459716796875">
        <ele>504.79998779296875</ele>
        <time>2026-02-15T14:47:36.000Z</time>
        <extensions>
          <ns3:TrackPointExtension>
            <ns3:hr>134</ns3:hr>
            <ns3:cad>44</ns3:cad>
          </ns3:TrackPointExtension>
        </extensions>
      </trkpt>
      <trkpt lat="35.97000463865697383880615234375" lon="-81.11258961260318756103515625">
        <ele>505.399993896484375</ele>
        <time>2026-02-15T14:47:39.000Z</time>
        <extensions>
          <ns3:TrackPointExtension>
            <ns3:hr>132</ns3:hr>
            <ns3:cad>41</ns3:cad>
          </ns3:TrackPointExtension>
        </extensions>
      </trkpt>
      <trkpt lat="35.9699948318302631378173828125" lon="-81.11258433200418949127197265625">
        <ele>505.600006103515625</ele>
        <time>2026-02-15T14:47:41.000Z</time>
        <extensions>
          <ns3:TrackPointExtension>
            <ns3:hr>132</ns3:hr>
            <ns3:cad>0</ns3:cad>
          </ns3:TrackPointExtension>
        </extensions>
      </trkpt>
      <trkpt lat="35.9699924848973751068115234375" lon="-81.11257796175777912139892578125">
        <ele>505.600006103515625</ele>
        <time>2026-02-15T14:47:42.000Z</time>
        <extensions>
          <ns3:TrackPointExtension>
            <ns3:hr>132</ns3:hr>
            <ns3:cad>0</ns3:cad>
          </ns3:TrackPointExtension>
        </extensions>
      </trkpt>
      <trkpt lat="35.96995719708502292633056640625" lon="-81.11251048743724822998046875">
        <ele>506.399993896484375</ele>
        <time>2026-02-15T14:47:48.000Z</time>
        <extensions>
          <ns3:TrackPointExtension>
            <ns3:hr>133</ns3:hr>
            <ns3:cad>48</ns3:cad>
          </ns3:TrackPointExtension>
        </extensions>
      </trkpt>
      <trkpt lat="35.9699529223144054412841796875" lon="-81.112506128847599029541015625">
        <ele>506.600006103515625</ele>
        <time>2026-02-15T14:47:49.000Z</time>
        <extensions>
          <ns3:TrackPointExtension>
            <ns3:hr>134</ns3:hr>
            <ns3:cad>48</ns3:cad>
          </ns3:TrackPointExtension>
        </extensions>
      </trkpt>
      <trkpt lat="35.96989684738218784332275390625" lon="-81.1124623753130435943603515625">
        <ele>507.399993896484375</ele>
        <time>2026-02-15T14:47:56.000Z</time>
        <extensions>
          <ns3:TrackPointExtension>
            <ns3:hr>134</ns3:hr>
            <ns3:cad>41</ns3:cad>
          </ns3:TrackPointExtension>
        </extensions>
      </trkpt>
      <trkpt lat="35.96988829784095287322998046875" lon="-81.11245977692306041717529296875">
        <ele>507.399993896484375</ele>
        <time>2026-02-15T14:47:57.000Z</time>
        <extensions>
          <ns3:TrackPointExtension>
            <ns3:hr>131</ns3:hr>
            <ns3:cad>41</ns3:cad>
          </ns3:TrackPointExtension>
        </extensions>
      </trkpt>
      <trkpt lat="35.9698788262903690338134765625" lon="-81.1124583519995212554931640625">
        <ele>507.399993896484375</ele>
        <time>2026-02-15T14:47:58.000Z</time>
        <extensions>
          <ns3:TrackPointExtension>
            <ns3:hr>128</ns3:hr>
            <ns3:cad>41</ns3:cad>
          </ns3:TrackPointExtension>
        </extensions>
      </trkpt>
      <trkpt lat="35.96982224844396114349365234375" lon="-81.11245742999017238616943359375">
        <ele>507</ele>
        <time>2026-02-15T14:48:04.000Z</time>
        <extensions>
          <ns3:TrackPointExtension>
            <ns3:hr>127</ns3:hr>
            <ns3:cad>44</ns3:cad>
          </ns3:TrackPointExtension>
        </extensions>
      </trkpt>
      <trkpt lat="35.96982099115848541259765625" lon="-81.1124534904956817626953125">
        <ele>506.79998779296875</ele>
        <time>2026-02-15T14:48:13.000Z</time>
        <extensions>
          <ns3:TrackPointExtension>
            <ns3:hr>128</ns3:hr>
            <ns3:cad>0</ns3:cad>
          </ns3:TrackPointExtension>
        </extensions>
      </trkpt>
      <trkpt lat="35.96985728479921817779541015625" lon="-81.11248659901320934295654296875">
        <ele>507.399993896484375</ele>
        <time>2026-02-15T14:48:20.000Z</time>
        <extensions>
          <ns3:TrackPointExtension>
            <ns3:hr>129</ns3:hr>
            <ns3:cad>0</ns3:cad>
          </ns3:TrackPointExtension>
        </extensions>
      </trkpt>
      <trkpt lat="35.969919897615909576416015625" lon="-81.1125267483294010162353515625">
        <ele>507.20001220703125</ele>
        <time>2026-02-15T14:48:26.000Z</time>
        <extensions>
          <ns3:TrackPointExtension>
            <ns3:hr>129</ns3:hr>
            <ns3:cad>47</ns3:cad>
          </ns3:TrackPointExtension>
        </extensions>
      </trkpt>
      <trkpt lat="35.96996926702558994293212890625" lon="-81.112571172416210174560546875">
        <ele>506.79998779296875</ele>
        <time>2026-02-15T14:48:33.000Z</time>
        <extensions>
          <ns3:TrackPointExtension>
            <ns3:hr>131</ns3:hr>
            <ns3:cad>48</ns3:cad>
          </ns3:TrackPointExtension>
        </extensions>
      </trkpt>
      <trkpt lat="35.96997798420488834381103515625" lon="-81.11258952878415584564208984375">
        <ele>506.20001220703125</ele>
        <time>2026-02-15T14:48:35.000Z</time>
        <extensions>
          <ns3:TrackPointExtension>
            <ns3:hr>132</ns3:hr>
            <ns3:cad>51</ns3:cad>
          </ns3:TrackPointExtension>
        </extensions>
      </trkpt>
      <trkpt lat="35.9700186364352703094482421875" lon="-81.11261107027530670166015625">
        <ele>505.399993896484375</ele>
        <time>2026-02-15T14:48:39.000Z</time>
        <extensions>
          <ns3:TrackPointExtension>
            <ns3:hr>134</ns3:hr>
            <ns3:cad>58</ns3:cad>
          </ns3:TrackPointExtension>
        </extensions>
      </trkpt>
      <trkpt lat="35.9700630605220794677734375" lon="-81.11260008998215198516845703125">
        <ele>506</ele>
        <time>2026-02-15T14:48:44.000Z</time>
        <extensions>
          <ns3:TrackPointExtension>
            <ns3:hr>136</ns3:hr>
            <ns3:cad>48</ns3:cad>
          </ns3:TrackPointExtension>
        </extensions>
      </trkpt>
      <trkpt lat="35.9701113402843475341796875" lon="-81.1125941388309001922607421875">
        <ele>506</ele>
        <time>2026-02-15T14:48:50.000Z</time>
        <extensions>
          <ns3:TrackPointExtension>
            <ns3:hr>136</ns3:hr>
            <ns3:cad>77</ns3:cad>
          </ns3:TrackPointExtension>
        </extensions>
      </trkpt>
      <trkpt lat="35.97016506828367710113525390625" lon="-81.11261869780719280242919921875">
        <ele>505.600006103515625</ele>
        <time>2026-02-15T14:48:56.000Z</time>
        <extensions>
          <ns3:TrackPointExtension>
            <ns3:hr>136</ns3:hr>
            <ns3:cad>50</ns3:cad>
          </ns3:TrackPointExtension>
        </extensions>
      </trkpt>
      <trkpt lat="35.970188789069652557373046875" lon="-81.1126437596976757049560546875">
        <ele>505</ele>
        <time>2026-02-15T14:48:59.000Z</time>
        <extensions>
          <ns3:TrackPointExtension>
            <ns3:hr>136</ns3:hr>
            <ns3:cad>48</ns3:cad>
          </ns3:TrackPointExtension>
        </extensions>
      </trkpt>
      <trkpt lat="35.97021435387432575225830078125" lon="-81.11264786683022975921630859375">
        <ele>504.600006103515625</ele>
        <time>2026-02-15T14:49:02.000Z</time>
        <extensions>
          <ns3:TrackPointExtension>
            <ns3:hr>135</ns3:hr>
            <ns3:cad>48</ns3:cad>
          </ns3:TrackPointExtension>
        </extensions>
      </trkpt>
      <trkpt lat="35.9702596999704837799072265625" lon="-81.112672425806522369384765625">
        <ele>504</ele>
        <time>2026-02-15T14:49:10.000Z</time>
        <extensions>
          <ns3:TrackPointExtension>
            <ns3:hr>134</ns3:hr>
            <ns3:cad>0</ns3:cad>
          </ns3:TrackPointExtension>
        </extensions>
      </trkpt>
      <trkpt lat="35.97026095725595951080322265625" lon="-81.1126761138439178466796875">
        <ele>503.79998779296875</ele>
        <time>2026-02-15T14:49:11.000Z</time>
        <extensions>
          <ns3:TrackPointExtension>
            <ns3:hr>133</ns3:hr>
            <ns3:cad>0</ns3:cad>
          </ns3:TrackPointExtension>
        </extensions>
      </trkpt>
      <trkpt lat="35.97026581875979900360107421875" lon="-81.11266446299850940704345703125">
        <ele>503.600006103515625</ele>
        <time>2026-02-15T14:49:17.000Z</time>
        <extensions>
          <ns3:TrackPointExtension>
            <ns3:hr>132</ns3:hr>
            <ns3:cad>0</ns3:cad>
          </ns3:TrackPointExtension>
        </extensions>
      </trkpt>
      <trkpt lat="35.97025425173342227935791015625" lon="-81.11263252794742584228515625">
        <ele>504</ele>
        <time>2026-02-15T14:49:23.000Z</time>
        <extensions>
          <ns3:TrackPointExtension>
            <ns3:hr>130</ns3:hr>
            <ns3:cad>0</ns3:cad>
          </ns3:TrackPointExtension>
        </extensions>
      </trkpt>
      <trkpt lat="35.97022533416748046875" lon="-81.11262406222522258758544921875">
        <ele>504.20001220703125</ele>
        <time>2026-02-15T14:49:30.000Z</time>
        <extensions>
          <ns3:TrackPointExtension>
            <ns3:hr>128</ns3:hr>
            <ns3:cad>0</ns3:cad>
          </ns3:TrackPointExtension>
        </extensions>
      </trkpt>
      <trkpt lat="35.97020312212407588958740234375" lon="-81.11268617212772369384765625">
        <ele>503</ele>
        <time>2026-02-15T14:49:37.000Z</time>
        <extensions>
          <ns3:TrackPointExtension>
            <ns3:hr>128</ns3:hr>
            <ns3:cad>0</ns3:cad>
          </ns3:TrackPointExtension>
        </extensions>
      </trkpt>
      <trkpt lat="35.97015132196247577667236328125" lon="-81.11271358095109462738037109375">
        <ele>502</ele>
        <time>2026-02-15T14:49:45.000Z</time>
        <extensions>
          <ns3:TrackPointExtension>
            <ns3:hr>128</ns3:hr>
            <ns3:cad>0</ns3:cad>
          </ns3:TrackPointExtension>
        </extensions>
      </trkpt>
      <trkpt lat="35.970142520964145660400390625" lon="-81.1127134971320629119873046875">
        <ele>502</ele>
        <time>2026-02-15T14:49:46.000Z</time>
        <extensions>
          <ns3:TrackPointExtension>
            <ns3:hr>127</ns3:hr>
            <ns3:cad>0</ns3:cad>
          </ns3:TrackPointExtension>
        </extensions>
      </trkpt>
      <trkpt lat="35.97008342854678630828857421875" lon="-81.1127165146172046661376953125">
        <ele>501.79998779296875</ele>
        <time>2026-02-15T14:49:53.000Z</time>
        <extensions>
          <ns3:TrackPointExtension>
            <ns3:hr>125</ns3:hr>
            <ns3:cad>0</ns3:cad>
          </ns3:TrackPointExtension>
        </extensions>
      </trkpt>
      <trkpt lat="35.970064736902713775634765625" lon="-81.11276135779917240142822265625">
        <ele>501.20001220703125</ele>
        <time>2026-02-15T14:50:00.000Z</time>
        <extensions>
          <ns3:TrackPointExtension>
            <ns3:hr>124</ns3:hr>
            <ns3:cad>0</ns3:cad>
          </ns3:TrackPointExtension>
        </extensions>
      </trkpt>
      <trkpt lat="35.97007269971072673797607421875" lon="-81.11277066171169281005859375">
        <ele>500.79998779296875</ele>
        <time>2026-02-15T14:50:02.000Z</time>
        <extensions>
          <ns3:TrackPointExtension>
            <ns3:hr>124</ns3:hr>
            <ns3:cad>0</ns3:cad>
          </ns3:TrackPointExtension>
        </extensions>
      </trkpt>
      <trkpt lat="35.97007622011005878448486328125" lon="-81.1127963103353977203369140625">
        <ele>500.399993896484375</ele>
        <time>2026-02-15T14:50:05.000Z</time>
        <extensions>
          <ns3:TrackPointExtension>
            <ns3:hr>123</ns3:hr>
            <ns3:cad>0</ns3:cad>
          </ns3:TrackPointExtension>
        </extensions>
      </trkpt>
      <trkpt lat="35.97008560784161090850830078125" lon="-81.11281131394207477569580078125">
        <ele>499.79998779296875</ele>
        <time>2026-02-15T14:50:09.000Z</time>
        <extensions>
          <ns3:TrackPointExtension>
            <ns3:hr>122</ns3:hr>
            <ns3:cad>0</ns3:cad>
          </ns3:TrackPointExtension>
        </extensions>
      </trkpt>
      <trkpt lat="35.97009030170738697052001953125" lon="-81.112823970615863800048828125">
        <ele>499.600006103515625</ele>
        <time>2026-02-15T14:50:11.000Z</time>
        <extensions>
          <ns3:TrackPointExtension>
            <ns3:hr>122</ns3:hr>
            <ns3:cad>0</ns3:cad>
          </ns3:TrackPointExtension>
        </extensions>
      </trkpt>
      <trkpt lat="35.97011896781623363494873046875" lon="-81.11287258565425872802734375">
        <ele>498.79998779296875</ele>
        <time>2026-02-15T14:50:16.000Z</time>
        <extensions>
          <ns3:TrackPointExtension>
            <ns3:hr>121</ns3:hr>
            <ns3:cad>0</ns3:cad>
          </ns3:TrackPointExtension>
        </extensions>
      </trkpt>
      <trkpt lat="35.97012944519519805908203125" lon="-81.11288825981318950653076171875">
        <ele>498.600006103515625</ele>
        <time>2026-02-15T14:50:18.000Z</time>
        <extensions>
          <ns3:TrackPointExtension>
            <ns3:hr>118</ns3:hr>
            <ns3:cad>0</ns3:cad>
          </ns3:TrackPointExtension>
        </extensions>
      </trkpt>
      <trkpt lat="35.9701560996472835540771484375" lon="-81.11291022039949893951416015625">
        <ele>498</ele>
        <time>2026-02-15T14:50:22.000Z</time>
        <extensions>
          <ns3:TrackPointExtension>
            <ns3:hr>117</ns3:hr>
            <ns3:cad>0</ns3:cad>
          </ns3:TrackPointExtension>
        </extensions>
      </trkpt>
      <trkpt lat="35.97015894949436187744140625" lon="-81.1129136569797992706298828125">
        <ele>497.79998779296875</ele>
        <time>2026-02-15T14:50:24.000Z</time>
        <extensions>
          <ns3:TrackPointExtension>
            <ns3:hr>122</ns3:hr>
            <ns3:cad>41</ns3:cad>
          </ns3:TrackPointExtension>
        </extensions>
      </trkpt>
      <trkpt lat="35.97015216015279293060302734375" lon="-81.11291726119816303253173828125">
        <ele>497.399993896484375</ele>
        <time>2026-02-15T14:50:26.000Z</time>
        <extensions>
          <ns3:TrackPointExtension>
            <ns3:hr>125</ns3:hr>
            <ns3:cad>43</ns3:cad>
          </ns3:TrackPointExtension>
        </extensions>
      </trkpt>
      <trkpt lat="35.97014411352574825286865234375" lon="-81.11293754540383815765380859375">
        <ele>496.79998779296875</ele>
        <time>2026-02-15T14:50:29.000Z</time>
        <extensions>
          <ns3:TrackPointExtension>
            <ns3:hr>125</ns3:hr>
            <ns3:cad>46</ns3:cad>
          </ns3:TrackPointExtension>
        </extensions>
      </trkpt>
      <trkpt lat="35.97014009021222591400146484375" lon="-81.1129470169544219970703125">
        <ele>496.600006103515625</ele>
        <time>2026-02-15T14:50:30.000Z</time>
        <extensions>
          <ns3:TrackPointExtension>
            <ns3:hr>125</ns3:hr>
            <ns3:cad>46</ns3:cad>
          </ns3:TrackPointExtension>
        </extensions>
      </trkpt>
      <trkpt lat="35.970159955322742462158203125" lon="-81.11300510354340076446533203125">
        <ele>495.600006103515625</ele>
        <time>2026-02-15T14:50:36.000Z</time>
        <extensions>
          <ns3:TrackPointExtension>
            <ns3:hr>124</ns3:hr>
            <ns3:cad>47</ns3:cad>
          </ns3:TrackPointExtension>
        </extensions>
      </trkpt>
      <trkpt lat="35.97018552012741565704345703125" lon="-81.1130491085350513458251953125">
        <ele>494.600006103515625</ele>
        <time>2026-02-15T14:50:42.000Z</time>
        <extensions>
          <ns3:TrackPointExtension>
            <ns3:hr>124</ns3:hr>
            <ns3:cad>0</ns3:cad>
          </ns3:TrackPointExtension>
        </extensions>
      </trkpt>
      <trkpt lat="35.97018669359385967254638671875" lon="-81.1130521260201930999755859375">
        <ele>494.399993896484375</ele>
        <time>2026-02-15T14:50:43.000Z</time>
        <extensions>
          <ns3:TrackPointExtension>
            <ns3:hr>124</ns3:hr>
            <ns3:cad>0</ns3:cad>
          </ns3:TrackPointExtension>
        </extensions>
      </trkpt>
      <trkpt lat="35.9701939858496189117431640625" lon="-81.11305120401084423065185546875">
        <ele>493.20001220703125</ele>
        <time>2026-02-15T14:50:46.000Z</time>
        <extensions>
          <ns3:TrackPointExtension>
            <ns3:hr>123</ns3:hr>
            <ns3:cad>0</ns3:cad>
          </ns3:TrackPointExtension>
        </extensions>
      </trkpt>
      <trkpt lat="35.970165990293025970458984375" lon="-81.1130652017891407012939453125">
        <ele>493</ele>
        <time>2026-02-15T14:50:51.000Z</time>
        <extensions>
          <ns3:TrackPointExtension>
            <ns3:hr>122</ns3:hr>
            <ns3:cad>0</ns3:cad>
          </ns3:TrackPointExtension>
        </extensions>
      </trkpt>
      <trkpt lat="35.97016607411205768585205078125" lon="-81.113122366368770599365234375">
        <ele>492.20001220703125</ele>
        <time>2026-02-15T14:50:57.000Z</time>
        <extensions>
          <ns3:TrackPointExtension>
            <ns3:hr>122</ns3:hr>
            <ns3:cad>0</ns3:cad>
          </ns3:TrackPointExtension>
        </extensions>
      </trkpt>
      <trkpt lat="35.97017579711973667144775390625" lon="-81.11312781460583209991455078125">
        <ele>492</ele>
        <time>2026-02-15T14:50:58.000Z</time>
        <extensions>
          <ns3:TrackPointExtension>
            <ns3:hr>122</ns3:hr>
            <ns3:cad>0</ns3:cad>
          </ns3:TrackPointExtension>
        </extensions>
      </trkpt>
      <trkpt lat="35.97018652595579624176025390625" lon="-81.11315824091434478759765625">
        <ele>491.20001220703125</ele>
        <time>2026-02-15T14:51:02.000Z</time>
        <extensions>
          <ns3:TrackPointExtension>
            <ns3:hr>121</ns3:hr>
            <ns3:cad>0</ns3:cad>
          </ns3:TrackPointExtension>
        </extensions>
      </trkpt>
      <trkpt lat="35.97019507549703121185302734375" lon="-81.11317022703588008880615234375">
        <ele>491</ele>
        <time>2026-02-15T14:51:05.000Z</time>
        <extensions>
          <ns3:TrackPointExtension>
            <ns3:hr>121</ns3:hr>
            <ns3:cad>0</ns3:cad>
          </ns3:TrackPointExtension>
        </extensions>
      </trkpt>
      <trkpt lat="35.97019557841122150421142578125" lon="-81.11316050402820110321044921875">
        <ele>490.399993896484375</ele>
        <time>2026-02-15T14:51:08.000Z</time>
        <extensions>
          <ns3:TrackPointExtension>
            <ns3:hr>121</ns3:hr>
            <ns3:cad>0</ns3:cad>
          </ns3:TrackPointExtension>
        </extensions>
      </trkpt>
      <trkpt lat="35.97018635831773281097412109375" lon="-81.11317835748195648193359375">
        <ele>490</ele>
        <time>2026-02-15T14:51:15.000Z</time>
        <extensions>
          <ns3:TrackPointExtension>
            <ns3:hr>120</ns3:hr>
            <ns3:cad>0</ns3:cad>
          </ns3:TrackPointExtension>
        </extensions>
      </trkpt>
      <trkpt lat="35.97018736414611339569091796875" lon="-81.113185398280620574951171875">
        <ele>490.20001220703125</ele>
        <time>2026-02-15T14:51:29.000Z</time>
        <extensions>
          <ns3:TrackPointExtension>
            <ns3:hr>123</ns3:hr>
            <ns3:cad>0</ns3:cad>
          </ns3:TrackPointExtension>
        </extensions>
      </trkpt>
      <trkpt lat="35.97018736414611339569091796875" lon="-81.113185398280620574951171875">
        <ele>490.20001220703125</ele>
        <time>2026-02-15T14:51:30.000Z</time>
        <extensions>
          <ns3:TrackPointExtension>
            <ns3:hr>123</ns3:hr>
            <ns3:cad>0</ns3:cad>
          </ns3:TrackPointExtension>
        </extensions>
      </trkpt>
      <trkpt lat="35.97019423730671405792236328125" lon="-81.113146506249904632568359375">
        <ele>490.399993896484375</ele>
        <time>2026-02-15T14:51:42.000Z</time>
        <extensions>
          <ns3:TrackPointExtension>
            <ns3:hr>122</ns3:hr>
            <ns3:cad>0</ns3:cad>
          </ns3:TrackPointExtension>
        </extensions>
      </trkpt>
      <trkpt lat="35.970187447965145111083984375" lon="-81.11313410103321075439453125">
        <ele>490.600006103515625</ele>
        <time>2026-02-15T14:51:43.000Z</time>
        <extensions>
          <ns3:TrackPointExtension>
            <ns3:hr>123</ns3:hr>
            <ns3:cad>0</ns3:cad>
          </ns3:TrackPointExtension>
        </extensions>
      </trkpt>
      <trkpt lat="35.97011829726397991180419921875" lon="-81.1131335981190204620361328125">
        <ele>490.600006103515625</ele>
        <time>2026-02-15T14:51:52.000Z</time>
        <extensions>
          <ns3:TrackPointExtension>
            <ns3:hr>123</ns3:hr>
            <ns3:cad>0</ns3:cad>
          </ns3:TrackPointExtension>
        </extensions>
      </trkpt>
      <trkpt lat="35.9700940735638141632080078125" lon="-81.113123707473278045654296875">
        <ele>491</ele>
        <time>2026-02-15T14:51:59.000Z</time>
        <extensions>
          <ns3:TrackPointExtension>
            <ns3:hr>121</ns3:hr>
            <ns3:cad>41</ns3:cad>
          </ns3:TrackPointExtension>
        </extensions>
      </trkpt>
      <trkpt lat="35.97007177770137786865234375" lon="-81.1131148226559162139892578125">
        <ele>491.600006103515625</ele>
        <time>2026-02-15T14:52:07.000Z</time>
        <extensions>
          <ns3:TrackPointExtension>
            <ns3:hr>121</ns3:hr>
            <ns3:cad>0</ns3:cad>
          </ns3:TrackPointExtension>
        </extensions>
      </trkpt>
      <trkpt lat="35.97002978436648845672607421875" lon="-81.1131289042532444000244140625">
        <ele>491.20001220703125</ele>
        <time>2026-02-15T14:52:15.000Z</time>
        <extensions>
          <ns3:TrackPointExtension>
            <ns3:hr>120</ns3:hr>
            <ns3:cad>0</ns3:cad>
          </ns3:TrackPointExtension>
        </extensions>
      </trkpt>
      <trkpt lat="35.97000715322792530059814453125" lon="-81.1131362803280353546142578125">
        <ele>490.600006103515625</ele>
        <time>2026-02-15T14:52:22.000Z</time>
        <extensions>
          <ns3:TrackPointExtension>
            <ns3:hr>119</ns3:hr>
            <ns3:cad>0</ns3:cad>
          </ns3:TrackPointExtension>
        </extensions>
      </trkpt>
      <trkpt lat="35.9699747152626514434814453125" lon="-81.11314943991601467132568359375">
        <ele>490.399993896484375</ele>
        <time>2026-02-15T14:52:30.000Z</time>
        <extensions>
          <ns3:TrackPointExtension>
            <ns3:hr>118</ns3:hr>
            <ns3:cad>0</ns3:cad>
          </ns3:TrackPointExtension>
        </extensions>
      </trkpt>
      <trkpt lat="35.9699328057467937469482421875" lon="-81.11314139328896999359130859375">
        <ele>490.399993896484375</ele>
        <time>2026-02-15T14:52:37.000Z</time>
        <extensions>
          <ns3:TrackPointExtension>
            <ns3:hr>117</ns3:hr>
            <ns3:cad>0</ns3:cad>
          </ns3:TrackPointExtension>
        </extensions>
      </trkpt>
      <trkpt lat="35.96988041885197162628173828125" lon="-81.11314139328896999359130859375">
        <ele>490.600006103515625</ele>
        <time>2026-02-15T14:52:43.000Z</time>
        <extensions>
          <ns3:TrackPointExtension>
            <ns3:hr>116</ns3:hr>
            <ns3:cad>50</ns3:cad>
          </ns3:TrackPointExtension>
        </extensions>
      </trkpt>
      <trkpt lat="35.96983901225030422210693359375" lon="-81.11313150264322757720947265625">
        <ele>490.79998779296875</ele>
        <time>2026-02-15T14:52:51.000Z</time>
        <extensions>
          <ns3:TrackPointExtension>
            <ns3:hr>116</ns3:hr>
            <ns3:cad>0</ns3:cad>
          </ns3:TrackPointExtension>
        </extensions>
      </trkpt>
      <trkpt lat="35.96981638111174106597900390625" lon="-81.11311607994139194488525390625">
        <ele>490.79998779296875</ele>
        <time>2026-02-15T14:52:58.000Z</time>
        <extensions>
          <ns3:TrackPointExtension>
            <ns3:hr>115</ns3:hr>
            <ns3:cad>70</ns3:cad>
          </ns3:TrackPointExtension>
        </extensions>
      </trkpt>
      <trkpt lat="35.9697986952960491180419921875" lon="-81.1131037585437297821044921875">
        <ele>492</ele>
        <time>2026-02-15T14:53:03.000Z</time>
        <extensions>
          <ns3:TrackPointExtension>
            <ns3:hr>114</ns3:hr>
            <ns3:cad>0</ns3:cad>
          </ns3:TrackPointExtension>
        </extensions>
      </trkpt>
      <trkpt lat="35.96979777328670024871826171875" lon="-81.11310468055307865142822265625">
        <ele>492.20001220703125</ele>
        <time>2026-02-15T14:53:04.000Z</time>
        <extensions>
          <ns3:TrackPointExtension>
            <ns3:hr>114</ns3:hr>
            <ns3:cad>0</ns3:cad>
          </ns3:TrackPointExtension>
        </extensions>
      </trkpt>
      <trkpt lat="35.96976659260690212249755859375" lon="-81.1131064407527446746826171875">
        <ele>491.600006103515625</ele>
        <time>2026-02-15T14:53:12.000Z</time>
        <extensions>
          <ns3:TrackPointExtension>
            <ns3:hr>112</ns3:hr>
            <ns3:cad>0</ns3:cad>
          </ns3:TrackPointExtension>
        </extensions>
      </trkpt>
      <trkpt lat="35.96974865533411502838134765625" lon="-81.113097555935382843017578125">
        <ele>491</ele>
        <time>2026-02-15T14:53:17.000Z</time>
        <extensions>
          <ns3:TrackPointExtension>
            <ns3:hr>112</ns3:hr>
            <ns3:cad>0</ns3:cad>
          </ns3:TrackPointExtension>
        </extensions>
      </trkpt>
      <trkpt lat="35.96974144689738750457763671875" lon="-81.11309797503054141998291015625">
        <ele>491</ele>
        <time>2026-02-15T14:53:18.000Z</time>
        <extensions>
          <ns3:TrackPointExtension>
            <ns3:hr>115</ns3:hr>
            <ns3:cad>0</ns3:cad>
          </ns3:TrackPointExtension>
        </extensions>
      </trkpt>
      <trkpt lat="35.9697277843952178955078125" lon="-81.11311532557010650634765625">
        <ele>490.79998779296875</ele>
        <time>2026-02-15T14:53:20.000Z</time>
        <extensions>
          <ns3:TrackPointExtension>
            <ns3:hr>114</ns3:hr>
            <ns3:cad>50</ns3:cad>
          </ns3:TrackPointExtension>
        </extensions>
      </trkpt>
      <trkpt lat="35.96972468309104442596435546875" lon="-81.11314357258379459381103515625">
        <ele>490</ele>
        <time>2026-02-15T14:53:25.000Z</time>
        <extensions>
          <ns3:TrackPointExtension>
            <ns3:hr>111</ns3:hr>
            <ns3:cad>0</ns3:cad>
          </ns3:TrackPointExtension>
        </extensions>
      </trkpt>
      <trkpt lat="35.9697215817868709564208984375" lon="-81.11313871107995510101318359375">
        <ele>490</ele>
        <time>2026-02-15T14:53:31.000Z</time>
        <extensions>
          <ns3:TrackPointExtension>
            <ns3:hr>109</ns3:hr>
            <ns3:cad>0</ns3:cad>
          </ns3:TrackPointExtension>
        </extensions>
      </trkpt>
      <trkpt lat="35.9697302989661693572998046875" lon="-81.113118343055248260498046875">
        <ele>490</ele>
        <time>2026-02-15T14:53:40.000Z</time>
        <extensions>
          <ns3:TrackPointExtension>
            <ns3:hr>112</ns3:hr>
            <ns3:cad>0</ns3:cad>
          </ns3:TrackPointExtension>
        </extensions>
      </trkpt>
      <trkpt lat="35.9697249345481395721435546875" lon="-81.1131232045590877532958984375">
        <ele>490</ele>
        <time>2026-02-15T14:53:42.000Z</time>
        <extensions>
          <ns3:TrackPointExtension>
            <ns3:hr>113</ns3:hr>
            <ns3:cad>0</ns3:cad>
          </ns3:TrackPointExtension>
        </extensions>
      </trkpt>
      <trkpt lat="35.96972904168069362640380859375" lon="-81.11313787288963794708251953125">
        <ele>490.20001220703125</ele>
        <time>2026-02-15T14:53:53.000Z</time>
        <extensions>
          <ns3:TrackPointExtension>
            <ns3:hr>112</ns3:hr>
            <ns3:cad>0</ns3:cad>
          </ns3:TrackPointExtension>
        </extensions>
      </trkpt>
      <trkpt lat="35.96971931867301464080810546875" lon="-81.1131406389176845550537109375">
        <ele>489.79998779296875</ele>
        <time>2026-02-15T14:53:58.000Z</time>
        <extensions>
          <ns3:TrackPointExtension>
            <ns3:hr>113</ns3:hr>
            <ns3:cad>0</ns3:cad>
          </ns3:TrackPointExtension>
        </extensions>
      </trkpt>
      <trkpt lat="35.96970942802727222442626953125" lon="-81.11315949819982051849365234375">
        <ele>489.399993896484375</ele>
        <time>2026-02-15T14:54:05.000Z</time>
        <extensions>
          <ns3:TrackPointExtension>
            <ns3:hr>115</ns3:hr>
            <ns3:cad>0</ns3:cad>
          </ns3:TrackPointExtension>
        </extensions>
      </trkpt>
      <trkpt lat="35.96971244551241397857666015625" lon="-81.1131734959781169891357421875">
        <ele>488.79998779296875</ele>
        <time>2026-02-15T14:54:08.000Z</time>
        <extensions>
          <ns3:TrackPointExtension>
            <ns3:hr>116</ns3:hr>
            <ns3:cad>0</ns3:cad>
          </ns3:TrackPointExtension>
        </extensions>
      </trkpt>
      <trkpt lat="35.96970909275114536285400390625" lon="-81.11317642964422702789306640625">
        <ele>488.399993896484375</ele>
        <time>2026-02-15T14:54:11.000Z</time>
        <extensions>
          <ns3:TrackPointExtension>
            <ns3:hr>116</ns3:hr>
            <ns3:cad>0</ns3:cad>
          </ns3:TrackPointExtension>
        </extensions>
      </trkpt>
      <trkpt lat="35.96968092955648899078369140625" lon="-81.1131899245083332061767578125">
        <ele>487.600006103515625</ele>
        <time>2026-02-15T14:54:17.000Z</time>
        <extensions>
          <ns3:TrackPointExtension>
            <ns3:hr>115</ns3:hr>
            <ns3:cad>62</ns3:cad>
          </ns3:TrackPointExtension>
        </extensions>
      </trkpt>
      <trkpt lat="35.96966047771275043487548828125" lon="-81.113198809325695037841796875">
        <ele>486.79998779296875</ele>
        <time>2026-02-15T14:54:24.000Z</time>
        <extensions>
          <ns3:TrackPointExtension>
            <ns3:hr>113</ns3:hr>
            <ns3:cad>0</ns3:cad>
          </ns3:TrackPointExtension>
        </extensions>
      </trkpt>
      <trkpt lat="35.96963482908904552459716796875" lon="-81.113190762698650360107421875">
        <ele>487</ele>
        <time>2026-02-15T14:54:30.000Z</time>
        <extensions>
          <ns3:TrackPointExtension>
            <ns3:hr>113</ns3:hr>
            <ns3:cad>0</ns3:cad>
          </ns3:TrackPointExtension>
        </extensions>
      </trkpt>
      <trkpt lat="35.9696089290082454681396484375" lon="-81.1132009886205196380615234375">
        <ele>486.600006103515625</ele>
        <time>2026-02-15T14:54:33.000Z</time>
        <extensions>
          <ns3:TrackPointExtension>
            <ns3:hr>113</ns3:hr>
            <ns3:cad>42</ns3:cad>
          </ns3:TrackPointExtension>
        </extensions>
      </trkpt>
      <trkpt lat="35.96960909664630889892578125" lon="-81.1132073588669300079345703125">
        <ele>485.79998779296875</ele>
        <time>2026-02-15T14:54:36.000Z</time>
        <extensions>
          <ns3:TrackPointExtension>
            <ns3:hr>113</ns3:hr>
            <ns3:cad>42</ns3:cad>
          </ns3:TrackPointExtension>
        </extensions>
      </trkpt>
      <trkpt lat="35.9696206636726856231689453125" lon="-81.11323761753737926483154296875">
        <ele>485.399993896484375</ele>
        <time>2026-02-15T14:54:40.000Z</time>
        <extensions>
          <ns3:TrackPointExtension>
            <ns3:hr>113</ns3:hr>
            <ns3:cad>0</ns3:cad>
          </ns3:TrackPointExtension>
        </extensions>
      </trkpt>
      <trkpt lat="35.96962653100490570068359375" lon="-81.11324449069797992706298828125">
        <ele>485.20001220703125</ele>
        <time>2026-02-15T14:54:41.000Z</time>
        <extensions>
          <ns3:TrackPointExtension>
            <ns3:hr>112</ns3:hr>
            <ns3:cad>0</ns3:cad>
          </ns3:TrackPointExtension>
        </extensions>
      </trkpt>
      <trkpt lat="35.969656370580196380615234375" lon="-81.11328606493771076202392578125">
        <ele>484.600006103515625</ele>
        <time>2026-02-15T14:54:47.000Z</time>
        <extensions>
          <ns3:TrackPointExtension>
            <ns3:hr>113</ns3:hr>
            <ns3:cad>0</ns3:cad>
          </ns3:TrackPointExtension>
        </extensions>
      </trkpt>
      <trkpt lat="35.969675481319427490234375" lon="-81.11330064944922924041748046875">
        <ele>484.399993896484375</ele>
        <time>2026-02-15T14:54:50.000Z</time>
        <extensions>
          <ns3:TrackPointExtension>
            <ns3:hr>112</ns3:hr>
            <ns3:cad>0</ns3:cad>
          </ns3:TrackPointExtension>
        </extensions>
      </trkpt>
      <trkpt lat="35.96970188431441783905029296875" lon="-81.11326821148395538330078125">
        <ele>484.600006103515625</ele>
        <time>2026-02-15T14:54:54.000Z</time>
        <extensions>
          <ns3:TrackPointExtension>
            <ns3:hr>113</ns3:hr>
            <ns3:cad>0</ns3:cad>
          </ns3:TrackPointExtension>
        </extensions>
      </trkpt>
      <trkpt lat="35.9697272814810276031494140625" lon="-81.1132566444575786590576171875">
        <ele>485.399993896484375</ele>
        <time>2026-02-15T14:54:58.000Z</time>
        <extensions>
          <ns3:TrackPointExtension>
            <ns3:hr>113</ns3:hr>
            <ns3:cad>48</ns3:cad>
          </ns3:TrackPointExtension>
        </extensions>
      </trkpt>
      <trkpt lat="35.969724766910076141357421875" lon="-81.1132408864796161651611328125">
        <ele>485.79998779296875</ele>
        <time>2026-02-15T14:55:00.000Z</time>
        <extensions>
          <ns3:TrackPointExtension>
            <ns3:hr>113</ns3:hr>
            <ns3:cad>48</ns3:cad>
          </ns3:TrackPointExtension>
        </extensions>
      </trkpt>
      <trkpt lat="35.96971780993044376373291015625" lon="-81.1132435686886310577392578125">
        <ele>486</ele>
        <time>2026-02-15T14:55:02.000Z</time>
        <extensions>
          <ns3:TrackPointExtension>
            <ns3:hr>113</ns3:hr>
            <ns3:cad>75</ns3:cad>
          </ns3:TrackPointExtension>
        </extensions>
      </trkpt>
      <trkpt lat="35.96973960287868976593017578125" lon="-81.11326913349330425262451171875">
        <ele>485.79998779296875</ele>
        <time>2026-02-15T14:55:05.000Z</time>
        <extensions>
          <ns3:TrackPointExtension>
            <ns3:hr>112</ns3:hr>
            <ns3:cad>0</ns3:cad>
          </ns3:TrackPointExtension>
        </extensions>
      </trkpt>
      <trkpt lat="35.96973407082259654998779296875" lon="-81.113276593387126922607421875">
        <ele>485.600006103515625</ele>
        <time>2026-02-15T14:55:07.000Z</time>
        <extensions>
          <ns3:TrackPointExtension>
            <ns3:hr>110</ns3:hr>
            <ns3:cad>0</ns3:cad>
          </ns3:TrackPointExtension>
        </extensions>
      </trkpt>
      <trkpt lat="35.96972870640456676483154296875" lon="-81.11330199055373668670654296875">
        <ele>485.399993896484375</ele>
        <time>2026-02-15T14:55:10.000Z</time>
        <extensions>
          <ns3:TrackPointExtension>
            <ns3:hr>109</ns3:hr>
            <ns3:cad>47</ns3:cad>
          </ns3:TrackPointExtension>
        </extensions>
      </trkpt>
      <trkpt lat="35.9697678498923778533935546875" lon="-81.1133359372615814208984375">
        <ele>485</ele>
        <time>2026-02-15T14:55:17.000Z</time>
        <extensions>
          <ns3:TrackPointExtension>
            <ns3:hr>109</ns3:hr>
            <ns3:cad>46</ns3:cad>
          </ns3:TrackPointExtension>
        </extensions>
      </trkpt>
      <trkpt lat="35.9698002040386199951171875" lon="-81.113334596157073974609375">
        <ele>485.20001220703125</ele>
        <time>2026-02-15T14:55:23.000Z</time>
        <extensions>
          <ns3:TrackPointExtension>
            <ns3:hr>116</ns3:hr>
            <ns3:cad>0</ns3:cad>
          </ns3:TrackPointExtension>
        </extensions>
      </trkpt>
      <trkpt lat="35.96980481408536434173583984375" lon="-81.113331578671932220458984375">
        <ele>485.20001220703125</ele>
        <time>2026-02-15T14:55:24.000Z</time>
        <extensions>
          <ns3:TrackPointExtension>
            <ns3:hr>121</ns3:hr>
            <ns3:cad>0</ns3:cad>
          </ns3:TrackPointExtension>
        </extensions>
      </trkpt>
      <trkpt lat="35.96981839276850223541259765625" lon="-81.113318502902984619140625">
        <ele>485.399993896484375</ele>
        <time>2026-02-15T14:55:27.000Z</time>
        <extensions>
          <ns3:TrackPointExtension>
            <ns3:hr>124</ns3:hr>
            <ns3:cad>0</ns3:cad>
          </ns3:TrackPointExtension>
        </extensions>
      </trkpt>
      <trkpt lat="35.96982124261558055877685546875" lon="-81.11331674270331859588623046875">
        <ele>485.399993896484375</ele>
        <time>2026-02-15T14:55:30.000Z</time>
        <extensions>
          <ns3:TrackPointExtension>
            <ns3:hr>124</ns3:hr>
            <ns3:cad>0</ns3:cad>
          </ns3:TrackPointExtension>
        </extensions>
      </trkpt>
      <trkpt lat="35.9698670916259288787841796875" lon="-81.1133441515266895294189453125">
        <ele>485</ele>
        <time>2026-02-15T14:55:36.000Z</time>
        <extensions>
          <ns3:TrackPointExtension>
            <ns3:hr>125</ns3:hr>
            <ns3:cad>46</ns3:cad>
          </ns3:TrackPointExtension>
        </extensions>
      </trkpt>
      <trkpt lat="35.96990137360990047454833984375" lon="-81.1133615858852863311767578125">
        <ele>484.399993896484375</ele>
        <time>2026-02-15T14:55:42.000Z</time>
        <extensions>
          <ns3:TrackPointExtension>
            <ns3:hr>123</ns3:hr>
            <ns3:cad>0</ns3:cad>
          </ns3:TrackPointExtension>
        </extensions>
      </trkpt>
      <trkpt lat="35.9699079953134059906005859375" lon="-81.11336418427526950836181640625">
        <ele>484</ele>
        <time>2026-02-15T14:55:44.000Z</time>
        <extensions>
          <ns3:TrackPointExtension>
            <ns3:hr>123</ns3:hr>
            <ns3:cad>72</ns3:cad>
          </ns3:TrackPointExtension>
        </extensions>
      </trkpt>
      <trkpt lat="35.9699458815157413482666015625" lon="-81.1133766733109951019287109375">
        <ele>483.399993896484375</ele>
        <time>2026-02-15T14:55:51.000Z</time>
        <extensions>
          <ns3:TrackPointExtension>
            <ns3:hr>121</ns3:hr>
            <ns3:cad>0</ns3:cad>
          </ns3:TrackPointExtension>
        </extensions>
      </trkpt>
      <trkpt lat="35.96995082683861255645751953125" lon="-81.11337910406291484832763671875">
        <ele>483.20001220703125</ele>
        <time>2026-02-15T14:55:52.000Z</time>
        <extensions>
          <ns3:TrackPointExtension>
            <ns3:hr>121</ns3:hr>
            <ns3:cad>0</ns3:cad>
          </ns3:TrackPointExtension>
        </extensions>
      </trkpt>
      <trkpt lat="35.96997044049203395843505859375" lon="-81.11339838244020938873291015625">
        <ele>483</ele>
        <time>2026-02-15T14:56:00.000Z</time>
        <extensions>
          <ns3:TrackPointExtension>
            <ns3:hr>122</ns3:hr>
            <ns3:cad>0</ns3:cad>
          </ns3:TrackPointExtension>
        </extensions>
      </trkpt>
      <trkpt lat="35.969997346401214599609375" lon="-81.1134138889610767364501953125">
        <ele>483</ele>
        <time>2026-02-15T14:56:08.000Z</time>
        <extensions>
          <ns3:TrackPointExtension>
            <ns3:hr>121</ns3:hr>
            <ns3:cad>0</ns3:cad>
          </ns3:TrackPointExtension>
        </extensions>
      </trkpt>
      <trkpt lat="35.9700105898082256317138671875" lon="-81.113428808748722076416015625">
        <ele>482</ele>
        <time>2026-02-15T14:56:14.000Z</time>
        <extensions>
          <ns3:TrackPointExtension>
            <ns3:hr>122</ns3:hr>
            <ns3:cad>0</ns3:cad>
          </ns3:TrackPointExtension>
        </extensions>
      </trkpt>
      <trkpt lat="35.9700263477861881256103515625" lon="-81.1134512722492218017578125">
        <ele>480.79998779296875</ele>
        <time>2026-02-15T14:56:19.000Z</time>
        <extensions>
          <ns3:TrackPointExtension>
            <ns3:hr>122</ns3:hr>
            <ns3:cad>0</ns3:cad>
          </ns3:TrackPointExtension>
        </extensions>
      </trkpt>
      <trkpt lat="35.9700323827564716339111328125" lon="-81.11345596611499786376953125">
        <ele>480.600006103515625</ele>
        <time>2026-02-15T14:56:20.000Z</time>
        <extensions>
          <ns3:TrackPointExtension>
            <ns3:hr>122</ns3:hr>
            <ns3:cad>0</ns3:cad>
          </ns3:TrackPointExtension>
        </extensions>
      </trkpt>
      <trkpt lat="35.97006381489336490631103515625" lon="-81.113454289734363555908203125">
        <ele>480.399993896484375</ele>
        <time>2026-02-15T14:56:26.000Z</time>
        <extensions>
          <ns3:TrackPointExtension>
            <ns3:hr>122</ns3:hr>
            <ns3:cad>0</ns3:cad>
          </ns3:TrackPointExtension>
        </extensions>
      </trkpt>
      <trkpt lat="35.97009248100221157073974609375" lon="-81.1134775914251804351806640625">
        <ele>479.79998779296875</ele>
        <time>2026-02-15T14:56:32.000Z</time>
        <extensions>
          <ns3:TrackPointExtension>
            <ns3:hr>121</ns3:hr>
            <ns3:cad>56</ns3:cad>
          </ns3:TrackPointExtension>
        </extensions>
      </trkpt>
      <trkpt lat="35.97009901888668537139892578125" lon="-81.11347901634871959686279296875">
        <ele>479.600006103515625</ele>
        <time>2026-02-15T14:56:33.000Z</time>
        <extensions>
          <ns3:TrackPointExtension>
            <ns3:hr>121</ns3:hr>
            <ns3:cad>56</ns3:cad>
          </ns3:TrackPointExtension>
        </extensions>
      </trkpt>
      <trkpt lat="35.97012408077716827392578125" lon="-81.11349812708795070648193359375">
        <ele>478.79998779296875</ele>
        <time>2026-02-15T14:56:40.000Z</time>
        <extensions>
          <ns3:TrackPointExtension>
            <ns3:hr>119</ns3:hr>
            <ns3:cad>46</ns3:cad>
          </ns3:TrackPointExtension>
        </extensions>
      </trkpt>
      <trkpt lat="35.9701185487210750579833984375" lon="-81.113500893115997314453125">
        <ele>478.79998779296875</ele>
        <time>2026-02-15T14:56:41.000Z</time>
        <extensions>
          <ns3:TrackPointExtension>
            <ns3:hr>120</ns3:hr>
            <ns3:cad>46</ns3:cad>
          </ns3:TrackPointExtension>
        </extensions>
      </trkpt>
      <trkpt lat="35.97011863254010677337646484375" lon="-81.11351572908461093902587890625">
        <ele>477.600006103515625</ele>
        <time>2026-02-15T14:56:45.000Z</time>
        <extensions>
          <ns3:TrackPointExtension>
            <ns3:hr>120</ns3:hr>
            <ns3:cad>0</ns3:cad>
          </ns3:TrackPointExtension>
        </extensions>
      </trkpt>
      <trkpt lat="35.9701376594603061676025390625" lon="-81.1135081015527248382568359375">
        <ele>478.20001220703125</ele>
        <time>2026-02-15T14:56:50.000Z</time>
        <extensions>
          <ns3:TrackPointExtension>
            <ns3:hr>119</ns3:hr>
            <ns3:cad>0</ns3:cad>
          </ns3:TrackPointExtension>
        </extensions>
      </trkpt>
      <trkpt lat="35.97017462365329265594482421875" lon="-81.113527379930019378662109375">
        <ele>477.600006103515625</ele>
        <time>2026-02-15T14:56:58.000Z</time>
        <extensions>
          <ns3:TrackPointExtension>
            <ns3:hr>120</ns3:hr>
            <ns3:cad>0</ns3:cad>
          </ns3:TrackPointExtension>
        </extensions>
      </trkpt>
      <trkpt lat="35.970212258398532867431640625" lon="-81.11352033913135528564453125">
        <ele>477.600006103515625</ele>
        <time>2026-02-15T14:57:05.000Z</time>
        <extensions>
          <ns3:TrackPointExtension>
            <ns3:hr>119</ns3:hr>
            <ns3:cad>0</ns3:cad>
          </ns3:TrackPointExtension>
        </extensions>
      </trkpt>
      <trkpt lat="35.9702379070222377777099609375" lon="-81.11349326558411121368408203125">
        <ele>478.399993896484375</ele>
        <time>2026-02-15T14:57:10.000Z</time>
        <extensions>
          <ns3:TrackPointExtension>
            <ns3:hr>122</ns3:hr>
            <ns3:cad>43</ns3:cad>
          </ns3:TrackPointExtension>
        </extensions>
      </trkpt>
      <trkpt lat="35.9702516533434391021728515625" lon="-81.113488487899303436279296875">
        <ele>478.399993896484375</ele>
        <time>2026-02-15T14:57:12.000Z</time>
        <extensions>
          <ns3:TrackPointExtension>
            <ns3:hr>123</ns3:hr>
            <ns3:cad>43</ns3:cad>
          </ns3:TrackPointExtension>
        </extensions>
      </trkpt>
      <trkpt lat="35.97028241492807865142822265625" lon="-81.11349963583052158355712890625">
        <ele>477.79998779296875</ele>
        <time>2026-02-15T14:57:19.000Z</time>
        <extensions>
          <ns3:TrackPointExtension>
            <ns3:hr>125</ns3:hr>
            <ns3:cad>0</ns3:cad>
          </ns3:TrackPointExtension>
        </extensions>
      </trkpt>
      <trkpt lat="35.97032834775745868682861328125" lon="-81.11351631581783294677734375">
        <ele>477.399993896484375</ele>
        <time>2026-02-15T14:57:27.000Z</time>
        <extensions>
          <ns3:TrackPointExtension>
            <ns3:hr>126</ns3:hr>
            <ns3:cad>73</ns3:cad>
          </ns3:TrackPointExtension>
        </extensions>
      </trkpt>
      <trkpt lat="35.97033035941421985626220703125" lon="-81.1135121248662471771240234375">
        <ele>476.20001220703125</ele>
        <time>2026-02-15T14:57:32.000Z</time>
        <extensions>
          <ns3:TrackPointExtension>
            <ns3:hr>125</ns3:hr>
            <ns3:cad>73</ns3:cad>
          </ns3:TrackPointExtension>
        </extensions>
      </trkpt>
      <trkpt lat="35.970329605042934417724609375" lon="-81.11350969411432743072509765625">
        <ele>475.79998779296875</ele>
        <time>2026-02-15T14:57:35.000Z</time>
        <extensions>
          <ns3:TrackPointExtension>
            <ns3:hr>125</ns3:hr>
            <ns3:cad>0</ns3:cad>
          </ns3:TrackPointExtension>
        </extensions>
      </trkpt>
      <trkpt lat="35.97034460864961147308349609375" lon="-81.1135161481797695159912109375">
        <ele>476</ele>
        <time>2026-02-15T14:57:41.000Z</time>
        <extensions>
          <ns3:TrackPointExtension>
            <ns3:hr>125</ns3:hr>
            <ns3:cad>0</ns3:cad>
          </ns3:TrackPointExtension>
        </extensions>
      </trkpt>
      <trkpt lat="35.9703612886369228363037109375" lon="-81.11352662555873394012451171875">
        <ele>476.20001220703125</ele>
        <time>2026-02-15T14:57:45.000Z</time>
        <extensions>
          <ns3:TrackPointExtension>
            <ns3:hr>122</ns3:hr>
            <ns3:cad>0</ns3:cad>
          </ns3:TrackPointExtension>
        </extensions>
      </trkpt>
      <trkpt lat="35.97038987092673778533935546875" lon="-81.11353299580514430999755859375">
        <ele>475.600006103515625</ele>
        <time>2026-02-15T14:57:49.000Z</time>
        <extensions>
          <ns3:TrackPointExtension>
            <ns3:hr>120</ns3:hr>
            <ns3:cad>0</ns3:cad>
          </ns3:TrackPointExtension>
        </extensions>
      </trkpt>
      <trkpt lat="35.9704021923243999481201171875" lon="-81.11354238353669643402099609375">
        <ele>475.20001220703125</ele>
        <time>2026-02-15T14:57:52.000Z</time>
        <extensions>
          <ns3:TrackPointExtension>
            <ns3:hr>119</ns3:hr>
            <ns3:cad>0</ns3:cad>
          </ns3:TrackPointExtension>
        </extensions>
      </trkpt>
      <trkpt lat="35.97041987814009189605712890625" lon="-81.1135543696582317352294921875">
        <ele>474.600006103515625</ele>
        <time>2026-02-15T14:57:55.000Z</time>
        <extensions>
          <ns3:TrackPointExtension>
            <ns3:hr>118</ns3:hr>
            <ns3:cad>0</ns3:cad>
          </ns3:TrackPointExtension>
        </extensions>
      </trkpt>
      <trkpt lat="35.97043178044259548187255859375" lon="-81.11355780623853206634521484375">
        <ele>474</ele>
        <time>2026-02-15T14:57:57.000Z</time>
        <extensions>
          <ns3:TrackPointExtension>
            <ns3:hr>118</ns3:hr>
            <ns3:cad>0</ns3:cad>
          </ns3:TrackPointExtension>
        </extensions>
      </trkpt>
      <trkpt lat="35.97044535912573337554931640625" lon="-81.11355177126824855804443359375">
        <ele>473.20001220703125</ele>
        <time>2026-02-15T14:58:02.000Z</time>
        <extensions>
          <ns3:TrackPointExtension>
            <ns3:hr>118</ns3:hr>
            <ns3:cad>0</ns3:cad>
          </ns3:TrackPointExtension>
        </extensions>
      </trkpt>
      <trkpt lat="35.97047737799584865570068359375" lon="-81.11355059780180454254150390625">
        <ele>473.79998779296875</ele>
        <time>2026-02-15T14:58:10.000Z</time>
        <extensions>
          <ns3:TrackPointExtension>
            <ns3:hr>118</ns3:hr>
            <ns3:cad>0</ns3:cad>
          </ns3:TrackPointExtension>
        </extensions>
      </trkpt>
      <trkpt lat="35.97047871910035610198974609375" lon="-81.113542802631855010986328125">
        <ele>473.79998779296875</ele>
        <time>2026-02-15T14:58:16.000Z</time>
        <extensions>
          <ns3:TrackPointExtension>
            <ns3:hr>118</ns3:hr>
            <ns3:cad>0</ns3:cad>
          </ns3:TrackPointExtension>
        </extensions>
      </trkpt>
      <trkpt lat="35.970455668866634368896484375" lon="-81.11351237632334232330322265625">
        <ele>474.79998779296875</ele>
        <time>2026-02-15T14:58:23.000Z</time>
        <extensions>
          <ns3:TrackPointExtension>
            <ns3:hr>117</ns3:hr>
            <ns3:cad>0</ns3:cad>
          </ns3:TrackPointExtension>
        </extensions>
      </trkpt>
      <trkpt lat="35.97047033719718456268310546875" lon="-81.11353785730898380279541015625">
        <ele>474.600006103515625</ele>
        <time>2026-02-15T14:58:30.000Z</time>
        <extensions>
          <ns3:TrackPointExtension>
            <ns3:hr>117</ns3:hr>
            <ns3:cad>0</ns3:cad>
          </ns3:TrackPointExtension>
        </extensions>
      </trkpt>
      <trkpt lat="35.970503278076648712158203125" lon="-81.113544814288616180419921875">
        <ele>473.79998779296875</ele>
        <time>2026-02-15T14:58:36.000Z</time>
        <extensions>
          <ns3:TrackPointExtension>
            <ns3:hr>116</ns3:hr>
            <ns3:cad>0</ns3:cad>
          </ns3:TrackPointExtension>
        </extensions>
      </trkpt>
      <trkpt lat="35.97053772769868373870849609375" lon="-81.113526709377765655517578125">
        <ele>473</ele>
        <time>2026-02-15T14:58:42.000Z</time>
        <extensions>
          <ns3:TrackPointExtension>
            <ns3:hr>118</ns3:hr>
            <ns3:cad>0</ns3:cad>
          </ns3:TrackPointExtension>
        </extensions>
      </trkpt>
      <trkpt lat="35.97054183483123779296875" lon="-81.1135201714932918548583984375">
        <ele>473</ele>
        <time>2026-02-15T14:58:43.000Z</time>
        <extensions>
          <ns3:TrackPointExtension>
            <ns3:hr>117</ns3:hr>
            <ns3:cad>0</ns3:cad>
          </ns3:TrackPointExtension>
        </extensions>
      </trkpt>
      <trkpt lat="35.9705617837607860565185546875" lon="-81.1134745739400386810302734375">
        <ele>473.600006103515625</ele>
        <time>2026-02-15T14:58:50.000Z</time>
        <extensions>
          <ns3:TrackPointExtension>
            <ns3:hr>120</ns3:hr>
            <ns3:cad>0</ns3:cad>
          </ns3:TrackPointExtension>
        </extensions>
      </trkpt>
      <trkpt lat="35.97056924365460872650146484375" lon="-81.11347717233002185821533203125">
        <ele>474</ele>
        <time>2026-02-15T14:58:54.000Z</time>
        <extensions>
          <ns3:TrackPointExtension>
            <ns3:hr>121</ns3:hr>
            <ns3:cad>0</ns3:cad>
          </ns3:TrackPointExtension>
        </extensions>
      </trkpt>
      <trkpt lat="35.970579050481319427490234375" lon="-81.11347482539713382720947265625">
        <ele>474.20001220703125</ele>
        <time>2026-02-15T14:58:56.000Z</time>
        <extensions>
          <ns3:TrackPointExtension>
            <ns3:hr>121</ns3:hr>
            <ns3:cad>0</ns3:cad>
          </ns3:TrackPointExtension>
        </extensions>
      </trkpt>
      <trkpt lat="35.97059673629701137542724609375" lon="-81.1134782619774341583251953125">
        <ele>474</ele>
        <time>2026-02-15T14:59:00.000Z</time>
        <extensions>
          <ns3:TrackPointExtension>
            <ns3:hr>121</ns3:hr>
            <ns3:cad>0</ns3:cad>
          </ns3:TrackPointExtension>
        </extensions>
      </trkpt>
      <trkpt lat="35.97061366774141788482666015625" lon="-81.113495193421840667724609375">
        <ele>473.600006103515625</ele>
        <time>2026-02-15T14:59:05.000Z</time>
        <extensions>
          <ns3:TrackPointExtension>
            <ns3:hr>121</ns3:hr>
            <ns3:cad>0</ns3:cad>
          </ns3:TrackPointExtension>
        </extensions>
      </trkpt>
      <trkpt lat="35.97063495777547359466552734375" lon="-81.11350483261048793792724609375">
        <ele>473</ele>
        <time>2026-02-15T14:59:08.000Z</time>
        <extensions>
          <ns3:TrackPointExtension>
            <ns3:hr>120</ns3:hr>
            <ns3:cad>0</ns3:cad>
          </ns3:TrackPointExtension>
        </extensions>
      </trkpt>
      <trkpt lat="35.97064116038382053375244140625" lon="-81.1135181598365306854248046875">
        <ele>472.600006103515625</ele>
        <time>2026-02-15T14:59:11.000Z</time>
        <extensions>
          <ns3:TrackPointExtension>
            <ns3:hr>120</ns3:hr>
            <ns3:cad>0</ns3:cad>
          </ns3:TrackPointExtension>
        </extensions>
      </trkpt>
      <trkpt lat="35.9706437587738037109375" lon="-81.1134896613657474517822265625">
        <ele>473</ele>
        <time>2026-02-15T14:59:18.000Z</time>
        <extensions>
          <ns3:TrackPointExtension>
            <ns3:hr>120</ns3:hr>
            <ns3:cad>0</ns3:cad>
          </ns3:TrackPointExtension>
        </extensions>
      </trkpt>
      <trkpt lat="35.97067988477647304534912109375" lon="-81.11345370300114154815673828125">
        <ele>473.399993896484375</ele>
        <time>2026-02-15T14:59:23.000Z</time>
        <extensions>
          <ns3:TrackPointExtension>
            <ns3:hr>120</ns3:hr>
            <ns3:cad>0</ns3:cad>
          </ns3:TrackPointExtension>
        </extensions>
      </trkpt>
      <trkpt lat="35.9707309305667877197265625" lon="-81.11343878321349620819091796875">
        <ele>473.399993896484375</ele>
        <time>2026-02-15T14:59:30.000Z</time>
        <extensions>
          <ns3:TrackPointExtension>
            <ns3:hr>121</ns3:hr>
            <ns3:cad>0</ns3:cad>
          </ns3:TrackPointExtension>
        </extensions>
      </trkpt>
      <trkpt lat="35.9707582555711269378662109375" lon="-81.11341682262718677520751953125">
        <ele>473</ele>
        <time>2026-02-15T14:59:35.000Z</time>
        <extensions>
          <ns3:TrackPointExtension>
            <ns3:hr>120</ns3:hr>
            <ns3:cad>43</ns3:cad>
          </ns3:TrackPointExtension>
        </extensions>
      </trkpt>
      <trkpt lat="35.97075783647596836090087890625" lon="-81.1134065128862857818603515625">
        <ele>473</ele>
        <time>2026-02-15T14:59:36.000Z</time>
        <extensions>
          <ns3:TrackPointExtension>
            <ns3:hr>119</ns3:hr>
            <ns3:cad>0</ns3:cad>
          </ns3:TrackPointExtension>
        </extensions>
      </trkpt>
      <trkpt lat="35.97079220227897167205810546875" lon="-81.113381870090961456298828125">
        <ele>473.79998779296875</ele>
        <time>2026-02-15T14:59:42.000Z</time>
        <extensions>
          <ns3:TrackPointExtension>
            <ns3:hr>120</ns3:hr>
            <ns3:cad>0</ns3:cad>
          </ns3:TrackPointExtension>
        </extensions>
      </trkpt>
      <trkpt lat="35.970825143158435821533203125" lon="-81.1133682914078235626220703125">
        <ele>473.399993896484375</ele>
        <time>2026-02-15T14:59:50.000Z</time>
        <extensions>
          <ns3:TrackPointExtension>
            <ns3:hr>122</ns3:hr>
            <ns3:cad>0</ns3:cad>
          </ns3:TrackPointExtension>
        </extensions>
      </trkpt>
      <trkpt lat="35.9708276577293872833251953125" lon="-81.113350354135036468505859375">
        <ele>473.79998779296875</ele>
        <time>2026-02-15T14:59:52.000Z</time>
        <extensions>
          <ns3:TrackPointExtension>
            <ns3:hr>128</ns3:hr>
            <ns3:cad>48</ns3:cad>
          </ns3:TrackPointExtension>
        </extensions>
      </trkpt>
      <trkpt lat="35.97082841210067272186279296875" lon="-81.11333887092769145965576171875">
        <ele>474</ele>
        <time>2026-02-15T14:59:53.000Z</time>
        <extensions>
          <ns3:TrackPointExtension>
            <ns3:hr>131</ns3:hr>
            <ns3:cad>48</ns3:cad>
          </ns3:TrackPointExtension>
        </extensions>
      </trkpt>
      <trkpt lat="35.9708216227591037750244140625" lon="-81.11331858672201633453369140625">
        <ele>474.79998779296875</ele>
        <time>2026-02-15T14:59:57.000Z</time>
        <extensions>
          <ns3:TrackPointExtension>
            <ns3:hr>133</ns3:hr>
            <ns3:cad>0</ns3:cad>
          </ns3:TrackPointExtension>
        </extensions>
      </trkpt>
      <trkpt lat="35.97079924307763576507568359375" lon="-81.11330936662852764129638671875">
        <ele>475</ele>
        <time>2026-02-15T14:59:59.000Z</time>
        <extensions>
          <ns3:TrackPointExtension>
            <ns3:hr>133</ns3:hr>
            <ns3:cad>0</ns3:cad>
          </ns3:TrackPointExtension>
        </extensions>
      </trkpt>
      <trkpt lat="35.97077627666294574737548828125" lon="-81.11330903135240077972412109375">
        <ele>475.600006103515625</ele>
        <time>2026-02-15T15:00:03.000Z</time>
        <extensions>
          <ns3:TrackPointExtension>
            <ns3:hr>133</ns3:hr>
            <ns3:cad>0</ns3:cad>
          </ns3:TrackPointExtension>
        </extensions>
      </trkpt>
      <trkpt lat="35.970769822597503662109375" lon="-81.113297380506992340087890625">
        <ele>476.399993896484375</ele>
        <time>2026-02-15T15:00:09.000Z</time>
        <extensions>
          <ns3:TrackPointExtension>
            <ns3:hr>133</ns3:hr>
            <ns3:cad>0</ns3:cad>
          </ns3:TrackPointExtension>
        </extensions>
      </trkpt>
      <trkpt lat="35.9707689844071865081787109375" lon="-81.11329310573637485504150390625">
        <ele>476.600006103515625</ele>
        <time>2026-02-15T15:00:10.000Z</time>
        <extensions>
          <ns3:TrackPointExtension>
            <ns3:hr>134</ns3:hr>
            <ns3:cad>0</ns3:cad>
          </ns3:TrackPointExtension>
        </extensions>
      </trkpt>
      <trkpt lat="35.9707652963697910308837890625" lon="-81.11329235136508941650390625">
        <ele>477.399993896484375</ele>
        <time>2026-02-15T15:00:12.000Z</time>
        <extensions>
          <ns3:TrackPointExtension>
            <ns3:hr>135</ns3:hr>
            <ns3:cad>0</ns3:cad>
          </ns3:TrackPointExtension>
        </extensions>
      </trkpt>
      <trkpt lat="35.97076504491269588470458984375" lon="-81.11329964362084865570068359375">
        <ele>477.79998779296875</ele>
        <time>2026-02-15T15:00:17.000Z</time>
        <extensions>
          <ns3:TrackPointExtension>
            <ns3:hr>135</ns3:hr>
            <ns3:cad>0</ns3:cad>
          </ns3:TrackPointExtension>
        </extensions>
      </trkpt>
      <trkpt lat="35.9707632847130298614501953125" lon="-81.1132713966071605682373046875">
        <ele>478.399993896484375</ele>
        <time>2026-02-15T15:00:20.000Z</time>
        <extensions>
          <ns3:TrackPointExtension>
            <ns3:hr>138</ns3:hr>
            <ns3:cad>0</ns3:cad>
          </ns3:TrackPointExtension>
        </extensions>
      </trkpt>
      <trkpt lat="35.97075917758047580718994140625" lon="-81.1132663674652576446533203125">
        <ele>479</ele>
        <time>2026-02-15T15:00:22.000Z</time>
        <extensions>
          <ns3:TrackPointExtension>
            <ns3:hr>141</ns3:hr>
            <ns3:cad>0</ns3:cad>
          </ns3:TrackPointExtension>
        </extensions>
      </trkpt>
      <trkpt lat="35.97075708210468292236328125" lon="-81.11326611600816249847412109375">
        <ele>479.20001220703125</ele>
        <time>2026-02-15T15:00:23.000Z</time>
        <extensions>
          <ns3:TrackPointExtension>
            <ns3:hr>143</ns3:hr>
            <ns3:cad>0</ns3:cad>
          </ns3:TrackPointExtension>
        </extensions>
      </trkpt>
      <trkpt lat="35.97075414843857288360595703125" lon="-81.11326158978044986724853515625">
        <ele>479.600006103515625</ele>
        <time>2026-02-15T15:00:24.000Z</time>
        <extensions>
          <ns3:TrackPointExtension>
            <ns3:hr>143</ns3:hr>
            <ns3:cad>0</ns3:cad>
          </ns3:TrackPointExtension>
        </extensions>
      </trkpt>
      <trkpt lat="35.9707565791904926300048828125" lon="-81.11322261393070220947265625">
        <ele>480.399993896484375</ele>
        <time>2026-02-15T15:00:28.000Z</time>
        <extensions>
          <ns3:TrackPointExtension>
            <ns3:hr>146</ns3:hr>
            <ns3:cad>66</ns3:cad>
          </ns3:TrackPointExtension>
        </extensions>
      </trkpt>
      <trkpt lat="35.9707606025040149688720703125" lon="-81.11321331001818180084228515625">
        <ele>480.600006103515625</ele>
        <time>2026-02-15T15:00:29.000Z</time>
        <extensions>
          <ns3:TrackPointExtension>
            <ns3:hr>146</ns3:hr>
            <ns3:cad>0</ns3:cad>
          </ns3:TrackPointExtension>
        </extensions>
      </trkpt>
      <trkpt lat="35.97078063525259494781494140625" lon="-81.11319067887961864471435546875">
        <ele>481.20001220703125</ele>
        <time>2026-02-15T15:00:33.000Z</time>
        <extensions>
          <ns3:TrackPointExtension>
            <ns3:hr>149</ns3:hr>
            <ns3:cad>0</ns3:cad>
          </ns3:TrackPointExtension>
        </extensions>
      </trkpt>
      <trkpt lat="35.970785580575466156005859375" lon="-81.11318749375641345977783203125">
        <ele>481.399993896484375</ele>
        <time>2026-02-15T15:00:34.000Z</time>
        <extensions>
          <ns3:TrackPointExtension>
            <ns3:hr>149</ns3:hr>
            <ns3:cad>67</ns3:cad>
          </ns3:TrackPointExtension>
        </extensions>
      </trkpt>
      <trkpt lat="35.97079454921185970306396484375" lon="-81.11316452734172344207763671875">
        <ele>481.600006103515625</ele>
        <time>2026-02-15T15:00:37.000Z</time>
        <extensions>
          <ns3:TrackPointExtension>
            <ns3:hr>151</ns3:hr>
            <ns3:cad>66</ns3:cad>
          </ns3:TrackPointExtension>
        </extensions>
      </trkpt>
      <trkpt lat="35.97080175764858722686767578125" lon="-81.11315966583788394927978515625">
        <ele>481.600006103515625</ele>
        <time>2026-02-15T15:00:38.000Z</time>
        <extensions>
          <ns3:TrackPointExtension>
            <ns3:hr>152</ns3:hr>
            <ns3:cad>66</ns3:cad>
          </ns3:TrackPointExtension>
        </extensions>
      </trkpt>
      <trkpt lat="35.9708085469901561737060546875" lon="-81.11316352151334285736083984375">
        <ele>481.79998779296875</ele>
        <time>2026-02-15T15:00:40.000Z</time>
        <extensions>
          <ns3:TrackPointExtension>
            <ns3:hr>153</ns3:hr>
            <ns3:cad>49</ns3:cad>
          </ns3:TrackPointExtension>
        </extensions>
      </trkpt>
      <trkpt lat="35.9708382189273834228515625" lon="-81.113139130175113677978515625">
        <ele>482.399993896484375</ele>
        <time>2026-02-15T15:00:47.000Z</time>
        <extensions>
          <ns3:TrackPointExtension>
            <ns3:hr>155</ns3:hr>
            <ns3:cad>0</ns3:cad>
          </ns3:TrackPointExtension>
        </extensions>
      </trkpt>
      <trkpt lat="35.9708628617227077484130859375" lon="-81.1131181754171848297119140625">
        <ele>481.79998779296875</ele>
        <time>2026-02-15T15:00:53.000Z</time>
        <extensions>
          <ns3:TrackPointExtension>
            <ns3:hr>154</ns3:hr>
            <ns3:cad>0</ns3:cad>
          </ns3:TrackPointExtension>
        </extensions>
      </trkpt>
      <trkpt lat="35.97089462913572788238525390625" lon="-81.1131081171333789825439453125">
        <ele>480.600006103515625</ele>
        <time>2026-02-15T15:01:00.000Z</time>
        <extensions>
          <ns3:TrackPointExtension>
            <ns3:hr>152</ns3:hr>
            <ns3:cad>0</ns3:cad>
          </ns3:TrackPointExtension>
        </extensions>
      </trkpt>
      <trkpt lat="35.97090049646794795989990234375" lon="-81.11310602165758609771728515625">
        <ele>480.399993896484375</ele>
        <time>2026-02-15T15:01:01.000Z</time>
        <extensions>
          <ns3:TrackPointExtension>
            <ns3:hr>152</ns3:hr>
            <ns3:cad>0</ns3:cad>
          </ns3:TrackPointExtension>
        </extensions>
      </trkpt>
      <trkpt lat="35.97095414064824581146240234375" lon="-81.11310727894306182861328125">
        <ele>479.600006103515625</ele>
        <time>2026-02-15T15:01:10.000Z</time>
        <extensions>
          <ns3:TrackPointExtension>
            <ns3:hr>150</ns3:hr>
            <ns3:cad>0</ns3:cad>
          </ns3:TrackPointExtension>
        </extensions>
      </trkpt>
      <trkpt lat="35.97095564939081668853759765625" lon="-81.11310518346726894378662109375">
        <ele>479.600006103515625</ele>
        <time>2026-02-15T15:01:11.000Z</time>
        <extensions>
          <ns3:TrackPointExtension>
            <ns3:hr>149</ns3:hr>
            <ns3:cad>0</ns3:cad>
          </ns3:TrackPointExtension>
        </extensions>
      </trkpt>
      <trkpt lat="35.97097425721585750579833984375" lon="-81.1130876652896404266357421875">
        <ele>479.600006103515625</ele>
        <time>2026-02-15T15:01:14.000Z</time>
        <extensions>
          <ns3:TrackPointExtension>
            <ns3:hr>147</ns3:hr>
            <ns3:cad>0</ns3:cad>
          </ns3:TrackPointExtension>
        </extensions>
      </trkpt>
      <trkpt lat="35.9709862433373928070068359375" lon="-81.11307065002620220184326171875">
        <ele>480</ele>
        <time>2026-02-15T15:01:16.000Z</time>
        <extensions>
          <ns3:TrackPointExtension>
            <ns3:hr>143</ns3:hr>
            <ns3:cad>0</ns3:cad>
          </ns3:TrackPointExtension>
        </extensions>
      </trkpt>
      <trkpt lat="35.97099051810801029205322265625" lon="-81.1130516231060028076171875">
        <ele>480.399993896484375</ele>
        <time>2026-02-15T15:01:18.000Z</time>
        <extensions>
          <ns3:TrackPointExtension>
            <ns3:hr>139</ns3:hr>
            <ns3:cad>0</ns3:cad>
          </ns3:TrackPointExtension>
        </extensions>
      </trkpt>
      <trkpt lat="35.9709966368973255157470703125" lon="-81.11303888261318206787109375">
        <ele>480.600006103515625</ele>
        <time>2026-02-15T15:01:19.000Z</time>
        <extensions>
          <ns3:TrackPointExtension>
            <ns3:hr>139</ns3:hr>
            <ns3:cad>0</ns3:cad>
          </ns3:TrackPointExtension>
        </extensions>
      </trkpt>
      <trkpt lat="35.9710040129721164703369140625" lon="-81.11300577409565448760986328125">
        <ele>481.399993896484375</ele>
        <time>2026-02-15T15:01:22.000Z</time>
        <extensions>
          <ns3:TrackPointExtension>
            <ns3:hr>138</ns3:hr>
            <ns3:cad>0</ns3:cad>
          </ns3:TrackPointExtension>
        </extensions>
      </trkpt>
      <trkpt lat="35.97101055085659027099609375" lon="-81.1129978112876415252685546875">
        <ele>481.79998779296875</ele>
        <time>2026-02-15T15:01:23.000Z</time>
        <extensions>
          <ns3:TrackPointExtension>
            <ns3:hr>139</ns3:hr>
            <ns3:cad>0</ns3:cad>
          </ns3:TrackPointExtension>
        </extensions>
      </trkpt>
      <trkpt lat="35.97101884894073009490966796875" lon="-81.112964451313018798828125">
        <ele>482.79998779296875</ele>
        <time>2026-02-15T15:01:28.000Z</time>
        <extensions>
          <ns3:TrackPointExtension>
            <ns3:hr>140</ns3:hr>
            <ns3:cad>0</ns3:cad>
          </ns3:TrackPointExtension>
        </extensions>
      </trkpt>
      <trkpt lat="35.971030332148075103759765625" lon="-81.11292178742587566375732421875">
        <ele>483.79998779296875</ele>
        <time>2026-02-15T15:01:33.000Z</time>
        <extensions>
          <ns3:TrackPointExtension>
            <ns3:hr>141</ns3:hr>
            <ns3:cad>40</ns3:cad>
          </ns3:TrackPointExtension>
        </extensions>
      </trkpt>
      <trkpt lat="35.97102890722453594207763671875" lon="-81.11288960091769695281982421875">
        <ele>485</ele>
        <time>2026-02-15T15:01:38.000Z</time>
        <extensions>
          <ns3:TrackPointExtension>
            <ns3:hr>143</ns3:hr>
            <ns3:cad>0</ns3:cad>
          </ns3:TrackPointExtension>
        </extensions>
      </trkpt>
      <trkpt lat="35.97102991305291652679443359375" lon="-81.112881638109683990478515625">
        <ele>485.399993896484375</ele>
        <time>2026-02-15T15:01:39.000Z</time>
        <extensions>
          <ns3:TrackPointExtension>
            <ns3:hr>144</ns3:hr>
            <ns3:cad>0</ns3:cad>
          </ns3:TrackPointExtension>
        </extensions>
      </trkpt>
      <trkpt lat="35.9710331819951534271240234375" lon="-81.11285121180117130279541015625">
        <ele>486.20001220703125</ele>
        <time>2026-02-15T15:01:43.000Z</time>
        <extensions>
          <ns3:TrackPointExtension>
            <ns3:hr>147</ns3:hr>
            <ns3:cad>0</ns3:cad>
          </ns3:TrackPointExtension>
        </extensions>
      </trkpt>
      <trkpt lat="35.97103225998580455780029296875" lon="-81.1128375492990016937255859375">
        <ele>486.79998779296875</ele>
        <time>2026-02-15T15:01:45.000Z</time>
        <extensions>
          <ns3:TrackPointExtension>
            <ns3:hr>149</ns3:hr>
            <ns3:cad>0</ns3:cad>
          </ns3:TrackPointExtension>
        </extensions>
      </trkpt>
      <trkpt lat="35.97103075124323368072509765625" lon="-81.1128258146345615386962890625">
        <ele>487.20001220703125</ele>
        <time>2026-02-15T15:01:47.000Z</time>
        <extensions>
          <ns3:TrackPointExtension>
            <ns3:hr>150</ns3:hr>
            <ns3:cad>0</ns3:cad>
          </ns3:TrackPointExtension>
        </extensions>
      </trkpt>
      <trkpt lat="35.97100677900016307830810546875" lon="-81.112805865705013275146484375">
        <ele>488.399993896484375</ele>
        <time>2026-02-15T15:01:52.000Z</time>
        <extensions>
          <ns3:TrackPointExtension>
            <ns3:hr>149</ns3:hr>
            <ns3:cad>0</ns3:cad>
          </ns3:TrackPointExtension>
        </extensions>
      </trkpt>
      <trkpt lat="35.9709845669567584991455078125" lon="-81.11279756762087345123291015625">
        <ele>488.600006103515625</ele>
        <time>2026-02-15T15:01:54.000Z</time>
        <extensions>
          <ns3:TrackPointExtension>
            <ns3:hr>150</ns3:hr>
            <ns3:cad>0</ns3:cad>
          </ns3:TrackPointExtension>
        </extensions>
      </trkpt>
      <trkpt lat="35.97094676457345485687255859375" lon="-81.11276940442621707916259765625">
        <ele>489.600006103515625</ele>
        <time>2026-02-15T15:01:59.000Z</time>
        <extensions>
          <ns3:TrackPointExtension>
            <ns3:hr>153</ns3:hr>
            <ns3:cad>0</ns3:cad>
          </ns3:TrackPointExtension>
        </extensions>
      </trkpt>
      <trkpt lat="35.9709386341273784637451171875" lon="-81.11276353709399700164794921875">
        <ele>490.20001220703125</ele>
        <time>2026-02-15T15:02:01.000Z</time>
        <extensions>
          <ns3:TrackPointExtension>
            <ns3:hr>154</ns3:hr>
            <ns3:cad>0</ns3:cad>
          </ns3:TrackPointExtension>
        </extensions>
      </trkpt>
      <trkpt lat="35.970929078757762908935546875" lon="-81.11275716684758663177490234375">
        <ele>490.600006103515625</ele>
        <time>2026-02-15T15:02:03.000Z</time>
        <extensions>
          <ns3:TrackPointExtension>
            <ns3:hr>156</ns3:hr>
            <ns3:cad>0</ns3:cad>
          </ns3:TrackPointExtension>
        </extensions>
      </trkpt>
      <trkpt lat="35.97093787975609302520751953125" lon="-81.1127550713717937469482421875">
        <ele>490.79998779296875</ele>
        <time>2026-02-15T15:02:09.000Z</time>
        <extensions>
          <ns3:TrackPointExtension>
            <ns3:hr>159</ns3:hr>
            <ns3:cad>0</ns3:cad>
          </ns3:TrackPointExtension>
        </extensions>
      </trkpt>
      <trkpt lat="35.9709396399557590484619140625" lon="-81.1127493716776371002197265625">
        <ele>491.600006103515625</ele>
        <time>2026-02-15T15:02:14.000Z</time>
        <extensions>
          <ns3:TrackPointExtension>
            <ns3:hr>158</ns3:hr>
            <ns3:cad>43</ns3:cad>
          </ns3:TrackPointExtension>
        </extensions>
      </trkpt>
      <trkpt lat="35.9709493629634380340576171875" lon="-81.11274459399282932281494140625">
        <ele>492.20001220703125</ele>
        <time>2026-02-15T15:02:16.000Z</time>
        <extensions>
          <ns3:TrackPointExtension>
            <ns3:hr>157</ns3:hr>
            <ns3:cad>43</ns3:cad>
          </ns3:TrackPointExtension>
        </extensions>
      </trkpt>
      <trkpt lat="35.97097073681652545928955078125" lon="-81.112733781337738037109375">
        <ele>492.79998779296875</ele>
        <time>2026-02-15T15:02:19.000Z</time>
        <extensions>
          <ns3:TrackPointExtension>
            <ns3:hr>155</ns3:hr>
            <ns3:cad>43</ns3:cad>
          </ns3:TrackPointExtension>
        </extensions>
      </trkpt>
      <trkpt lat="35.97098012454807758331298828125" lon="-81.11272380687296390533447265625">
        <ele>493</ele>
        <time>2026-02-15T15:02:21.000Z</time>
        <extensions>
          <ns3:TrackPointExtension>
            <ns3:hr>153</ns3:hr>
            <ns3:cad>41</ns3:cad>
          </ns3:TrackPointExtension>
        </extensions>
      </trkpt>
      <trkpt lat="35.97100828774273395538330078125" lon="-81.11268223263323307037353515625">
        <ele>493</ele>
        <time>2026-02-15T15:02:28.000Z</time>
        <extensions>
          <ns3:TrackPointExtension>
            <ns3:hr>156</ns3:hr>
            <ns3:cad>0</ns3:cad>
          </ns3:TrackPointExtension>
        </extensions>
      </trkpt>
      <trkpt lat="35.97102421335875988006591796875" lon="-81.1126761138439178466796875">
        <ele>493.20001220703125</ele>
        <time>2026-02-15T15:02:31.000Z</time>
        <extensions>
          <ns3:TrackPointExtension>
            <ns3:hr>159</ns3:hr>
            <ns3:cad>0</ns3:cad>
          </ns3:TrackPointExtension>
        </extensions>
      </trkpt>
      <trkpt lat="35.9710395522415637969970703125" lon="-81.11267318017780780792236328125">
        <ele>493.600006103515625</ele>
        <time>2026-02-15T15:02:33.000Z</time>
        <extensions>
          <ns3:TrackPointExtension>
            <ns3:hr>159</ns3:hr>
            <ns3:cad>0</ns3:cad>
          </ns3:TrackPointExtension>
        </extensions>
      </trkpt>
      <trkpt lat="35.97104541957378387451171875" lon="-81.112673096358776092529296875">
        <ele>493.79998779296875</ele>
        <time>2026-02-15T15:02:34.000Z</time>
        <extensions>
          <ns3:TrackPointExtension>
            <ns3:hr>159</ns3:hr>
            <ns3:cad>0</ns3:cad>
          </ns3:TrackPointExtension>
        </extensions>
      </trkpt>
      <trkpt lat="35.97106553614139556884765625" lon="-81.112656332552433013916015625">
        <ele>494</ele>
        <time>2026-02-15T15:02:39.000Z</time>
        <extensions>
          <ns3:TrackPointExtension>
            <ns3:hr>157</ns3:hr>
            <ns3:cad>0</ns3:cad>
          </ns3:TrackPointExtension>
        </extensions>
      </trkpt>
      <trkpt lat="35.97108758054673671722412109375" lon="-81.1126233078539371490478515625">
        <ele>493.79998779296875</ele>
        <time>2026-02-15T15:02:45.000Z</time>
        <extensions>
          <ns3:TrackPointExtension>
            <ns3:hr>155</ns3:hr>
            <ns3:cad>0</ns3:cad>
          </ns3:TrackPointExtension>
        </extensions>
      </trkpt>
      <trkpt lat="35.97112077288329601287841796875" lon="-81.1125877685844898223876953125">
        <ele>494.600006103515625</ele>
        <time>2026-02-15T15:02:51.000Z</time>
        <extensions>
          <ns3:TrackPointExtension>
            <ns3:hr>155</ns3:hr>
            <ns3:cad>50</ns3:cad>
          </ns3:TrackPointExtension>
        </extensions>
      </trkpt>
      <trkpt lat="35.9711213596165180206298828125" lon="-81.11258265562355518341064453125">
        <ele>494.20001220703125</ele>
        <time>2026-02-15T15:02:59.000Z</time>
        <extensions>
          <ns3:TrackPointExtension>
            <ns3:hr>155</ns3:hr>
            <ns3:cad>0</ns3:cad>
          </ns3:TrackPointExtension>
        </extensions>
      </trkpt>
      <trkpt lat="35.9711542166769504547119140625" lon="-81.112583912909030914306640625">
        <ele>494.600006103515625</ele>
        <time>2026-02-15T15:03:07.000Z</time>
        <extensions>
          <ns3:TrackPointExtension>
            <ns3:hr>152</ns3:hr>
            <ns3:cad>79</ns3:cad>
          </ns3:TrackPointExtension>
        </extensions>
      </trkpt>
      <trkpt lat="35.97116402350366115570068359375" lon="-81.11257041804492473602294921875">
        <ele>494.79998779296875</ele>
        <time>2026-02-15T15:03:10.000Z</time>
        <extensions>
          <ns3:TrackPointExtension>
            <ns3:hr>151</ns3:hr>
            <ns3:cad>0</ns3:cad>
          </ns3:TrackPointExtension>
        </extensions>
      </trkpt>
      <trkpt lat="35.97115530632436275482177734375" lon="-81.11255449242889881134033203125">
        <ele>495</ele>
        <time>2026-02-15T15:03:12.000Z</time>
        <extensions>
          <ns3:TrackPointExtension>
            <ns3:hr>148</ns3:hr>
            <ns3:cad>0</ns3:cad>
          </ns3:TrackPointExtension>
        </extensions>
      </trkpt>
      <trkpt lat="35.97114943899214267730712890625" lon="-81.11254476942121982574462890625">
        <ele>495.20001220703125</ele>
        <time>2026-02-15T15:03:13.000Z</time>
        <extensions>
          <ns3:TrackPointExtension>
            <ns3:hr>148</ns3:hr>
            <ns3:cad>0</ns3:cad>
          </ns3:TrackPointExtension>
        </extensions>
      </trkpt>
      <trkpt lat="35.97113368101418018341064453125" lon="-81.11253102310001850128173828125">
        <ele>496.20001220703125</ele>
        <time>2026-02-15T15:03:16.000Z</time>
        <extensions>
          <ns3:TrackPointExtension>
            <ns3:hr>147</ns3:hr>
            <ns3:cad>0</ns3:cad>
          </ns3:TrackPointExtension>
        </extensions>
      </trkpt>
      <trkpt lat="35.97112898714840412139892578125" lon="-81.11252482049167156219482421875">
        <ele>497</ele>
        <time>2026-02-15T15:03:19.000Z</time>
        <extensions>
          <ns3:TrackPointExtension>
            <ns3:hr>147</ns3:hr>
            <ns3:cad>0</ns3:cad>
          </ns3:TrackPointExtension>
        </extensions>
      </trkpt>
      <trkpt lat="35.971125550568103790283203125" lon="-81.1125257425010204315185546875">
        <ele>497.20001220703125</ele>
        <time>2026-02-15T15:03:20.000Z</time>
        <extensions>
          <ns3:TrackPointExtension>
            <ns3:hr>147</ns3:hr>
            <ns3:cad>0</ns3:cad>
          </ns3:TrackPointExtension>
        </extensions>
      </trkpt>
      <trkpt lat="35.97111909650266170501708984375" lon="-81.11251526512205600738525390625">
        <ele>498</ele>
        <time>2026-02-15T15:03:26.000Z</time>
        <extensions>
          <ns3:TrackPointExtension>
            <ns3:hr>148</ns3:hr>
            <ns3:cad>0</ns3:cad>
          </ns3:TrackPointExtension>
        </extensions>
      </trkpt>
      <trkpt lat="35.97112244926393032073974609375" lon="-81.11250554211437702178955078125">
        <ele>498.20001220703125</ele>
        <time>2026-02-15T15:03:27.000Z</time>
        <extensions>
          <ns3:TrackPointExtension>
            <ns3:hr>148</ns3:hr>
            <ns3:cad>0</ns3:cad>
          </ns3:TrackPointExtension>
        </extensions>
      </trkpt>
      <trkpt lat="35.97115094773471355438232421875" lon="-81.1124617047607898712158203125">
        <ele>499.20001220703125</ele>
        <time>2026-02-15T15:03:32.000Z</time>
        <extensions>
          <ns3:TrackPointExtension>
            <ns3:hr>149</ns3:hr>
            <ns3:cad>0</ns3:cad>
          </ns3:TrackPointExtension>
        </extensions>
      </trkpt>
      <trkpt lat="35.97117483615875244140625" lon="-81.11242256127297878265380859375">
        <ele>499.79998779296875</ele>
        <time>2026-02-15T15:03:38.000Z</time>
        <extensions>
          <ns3:TrackPointExtension>
            <ns3:hr>151</ns3:hr>
            <ns3:cad>0</ns3:cad>
          </ns3:TrackPointExtension>
        </extensions>
      </trkpt>
      <trkpt lat="35.97117559053003787994384765625" lon="-81.11241518519818782806396484375">
        <ele>500</ele>
        <time>2026-02-15T15:03:39.000Z</time>
        <extensions>
          <ns3:TrackPointExtension>
            <ns3:hr>151</ns3:hr>
            <ns3:cad>0</ns3:cad>
          </ns3:TrackPointExtension>
        </extensions>
      </trkpt>
      <trkpt lat="35.97116880118846893310546875" lon="-81.11240328289568424224853515625">
        <ele>500.399993896484375</ele>
        <time>2026-02-15T15:03:41.000Z</time>
        <extensions>
          <ns3:TrackPointExtension>
            <ns3:hr>152</ns3:hr>
            <ns3:cad>0</ns3:cad>
          </ns3:TrackPointExtension>
        </extensions>
      </trkpt>
      <trkpt lat="35.97115497104823589324951171875" lon="-81.11240923404693603515625">
        <ele>501.20001220703125</ele>
        <time>2026-02-15T15:03:45.000Z</time>
        <extensions>
          <ns3:TrackPointExtension>
            <ns3:hr>154</ns3:hr>
            <ns3:cad>53</ns3:cad>
          </ns3:TrackPointExtension>
        </extensions>
      </trkpt>
      <trkpt lat="35.97117776982486248016357421875" lon="-81.1124258302152156829833984375">
        <ele>500</ele>
        <time>2026-02-15T15:03:51.000Z</time>
        <extensions>
          <ns3:TrackPointExtension>
            <ns3:hr>156</ns3:hr>
            <ns3:cad>53</ns3:cad>
          </ns3:TrackPointExtension>
        </extensions>
      </trkpt>
      <trkpt lat="35.97121112979948520660400390625" lon="-81.1124288477003574371337890625">
        <ele>499.20001220703125</ele>
        <time>2026-02-15T15:03:55.000Z</time>
        <extensions>
          <ns3:TrackPointExtension>
            <ns3:hr>158</ns3:hr>
            <ns3:cad>42</ns3:cad>
          </ns3:TrackPointExtension>
        </extensions>
      </trkpt>
      <trkpt lat="35.9712246246635913848876953125" lon="-81.1124311946332454681396484375">
        <ele>498.79998779296875</ele>
        <time>2026-02-15T15:03:57.000Z</time>
        <extensions>
          <ns3:TrackPointExtension>
            <ns3:hr>158</ns3:hr>
            <ns3:cad>0</ns3:cad>
          </ns3:TrackPointExtension>
        </extensions>
      </trkpt>
      <trkpt lat="35.97125924192368984222412109375" lon="-81.1124373972415924072265625">
        <ele>498.20001220703125</ele>
        <time>2026-02-15T15:04:03.000Z</time>
        <extensions>
          <ns3:TrackPointExtension>
            <ns3:hr>157</ns3:hr>
            <ns3:cad>0</ns3:cad>
          </ns3:TrackPointExtension>
        </extensions>
      </trkpt>
      <trkpt lat="35.97126041539013385772705078125" lon="-81.11242826096713542938232421875">
        <ele>498</ele>
        <time>2026-02-15T15:04:09.000Z</time>
        <extensions>
          <ns3:TrackPointExtension>
            <ns3:hr>155</ns3:hr>
            <ns3:cad>0</ns3:cad>
          </ns3:TrackPointExtension>
        </extensions>
      </trkpt>
      <trkpt lat="35.9712621755897998809814453125" lon="-81.112384088337421417236328125">
        <ele>498.399993896484375</ele>
        <time>2026-02-15T15:04:15.000Z</time>
        <extensions>
          <ns3:TrackPointExtension>
            <ns3:hr>152</ns3:hr>
            <ns3:cad>0</ns3:cad>
          </ns3:TrackPointExtension>
        </extensions>
      </trkpt>
      <trkpt lat="35.97130022943019866943359375" lon="-81.1123879440128803253173828125">
        <ele>498.399993896484375</ele>
        <time>2026-02-15T15:04:21.000Z</time>
        <extensions>
          <ns3:TrackPointExtension>
            <ns3:hr>149</ns3:hr>
            <ns3:cad>0</ns3:cad>
          </ns3:TrackPointExtension>
        </extensions>
      </trkpt>
      <trkpt lat="35.97128556109964847564697265625" lon="-81.11238635145127773284912109375">
        <ele>498.399993896484375</ele>
        <time>2026-02-15T15:04:24.000Z</time>
        <extensions>
          <ns3:TrackPointExtension>
            <ns3:hr>146</ns3:hr>
            <ns3:cad>0</ns3:cad>
          </ns3:TrackPointExtension>
        </extensions>
      </trkpt>
      <trkpt lat="35.97129084169864654541015625" lon="-81.11239104531705379486083984375">
        <ele>498.20001220703125</ele>
        <time>2026-02-15T15:04:26.000Z</time>
        <extensions>
          <ns3:TrackPointExtension>
            <ns3:hr>145</ns3:hr>
            <ns3:cad>0</ns3:cad>
          </ns3:TrackPointExtension>
        </extensions>
      </trkpt>
      <trkpt lat="35.9713114611804485321044921875" lon="-81.1124043725430965423583984375">
        <ele>497</ele>
        <time>2026-02-15T15:04:29.000Z</time>
        <extensions>
          <ns3:TrackPointExtension>
            <ns3:hr>144</ns3:hr>
            <ns3:cad>41</ns3:cad>
          </ns3:TrackPointExtension>
        </extensions>
      </trkpt>
      <trkpt lat="35.9713349305093288421630859375" lon="-81.11242909915745258331298828125">
        <ele>496</ele>
        <time>2026-02-15T15:04:32.000Z</time>
        <extensions>
          <ns3:TrackPointExtension>
            <ns3:hr>144</ns3:hr>
            <ns3:cad>41</ns3:cad>
          </ns3:TrackPointExtension>
        </extensions>
      </trkpt>
      <trkpt lat="35.9713409654796123504638671875" lon="-81.11243396066129207611083984375">
        <ele>495.600006103515625</ele>
        <time>2026-02-15T15:04:33.000Z</time>
        <extensions>
          <ns3:TrackPointExtension>
            <ns3:hr>143</ns3:hr>
            <ns3:cad>0</ns3:cad>
          </ns3:TrackPointExtension>
        </extensions>
      </trkpt>
      <trkpt lat="35.97135580144822597503662109375" lon="-81.1124419234693050384521484375">
        <ele>495</ele>
        <time>2026-02-15T15:04:36.000Z</time>
        <extensions>
          <ns3:TrackPointExtension>
            <ns3:hr>146</ns3:hr>
            <ns3:cad>53</ns3:cad>
          </ns3:TrackPointExtension>
        </extensions>
      </trkpt>
      <trkpt lat="35.9713681228458881378173828125" lon="-81.112455166876316070556640625">
        <ele>494.600006103515625</ele>
        <time>2026-02-15T15:04:40.000Z</time>
        <extensions>
          <ns3:TrackPointExtension>
            <ns3:hr>149</ns3:hr>
            <ns3:cad>0</ns3:cad>
          </ns3:TrackPointExtension>
        </extensions>
      </trkpt>
      <trkpt lat="35.97136787138879299163818359375" lon="-81.11244670115411281585693359375">
        <ele>494.79998779296875</ele>
        <time>2026-02-15T15:04:41.000Z</time>
        <extensions>
          <ns3:TrackPointExtension>
            <ns3:hr>150</ns3:hr>
            <ns3:cad>0</ns3:cad>
          </ns3:TrackPointExtension>
        </extensions>
      </trkpt>
      <trkpt lat="35.97138580866158008575439453125" lon="-81.1124234832823276519775390625">
        <ele>495</ele>
        <time>2026-02-15T15:04:47.000Z</time>
        <extensions>
          <ns3:TrackPointExtension>
            <ns3:hr>149</ns3:hr>
            <ns3:cad>0</ns3:cad>
          </ns3:TrackPointExtension>
        </extensions>
      </trkpt>
      <trkpt lat="35.9713922627270221710205078125" lon="-81.1124191246926784515380859375">
        <ele>494.79998779296875</ele>
        <time>2026-02-15T15:04:48.000Z</time>
        <extensions>
          <ns3:TrackPointExtension>
            <ns3:hr>149</ns3:hr>
            <ns3:cad>0</ns3:cad>
          </ns3:TrackPointExtension>
        </extensions>
      </trkpt>
      <trkpt lat="35.9714221023023128509521484375" lon="-81.1124000139534473419189453125">
        <ele>493.79998779296875</ele>
        <time>2026-02-15T15:04:52.000Z</time>
        <extensions>
          <ns3:TrackPointExtension>
            <ns3:hr>148</ns3:hr>
            <ns3:cad>0</ns3:cad>
          </ns3:TrackPointExtension>
        </extensions>
      </trkpt>
      <trkpt lat="35.97142872400581836700439453125" lon="-81.11239205114543437957763671875">
        <ele>493.79998779296875</ele>
        <time>2026-02-15T15:04:54.000Z</time>
        <extensions>
          <ns3:TrackPointExtension>
            <ns3:hr>146</ns3:hr>
            <ns3:cad>0</ns3:cad>
          </ns3:TrackPointExtension>
        </extensions>
      </trkpt>
      <trkpt lat="35.9714363515377044677734375" lon="-81.11239406280219554901123046875">
        <ele>493.79998779296875</ele>
        <time>2026-02-15T15:04:55.000Z</time>
        <extensions>
          <ns3:TrackPointExtension>
            <ns3:hr>146</ns3:hr>
            <ns3:cad>0</ns3:cad>
          </ns3:TrackPointExtension>
        </extensions>
      </trkpt>
      <trkpt lat="35.97143702208995819091796875" lon="-81.11237905919551849365234375">
        <ele>493.399993896484375</ele>
        <time>2026-02-15T15:05:00.000Z</time>
        <extensions>
          <ns3:TrackPointExtension>
            <ns3:hr>143</ns3:hr>
            <ns3:cad>0</ns3:cad>
          </ns3:TrackPointExtension>
        </extensions>
      </trkpt>
      <trkpt lat="35.97144716419279575347900390625" lon="-81.11238668672740459442138671875">
        <ele>492.79998779296875</ele>
        <time>2026-02-15T15:05:02.000Z</time>
        <extensions>
          <ns3:TrackPointExtension>
            <ns3:hr>142</ns3:hr>
            <ns3:cad>0</ns3:cad>
          </ns3:TrackPointExtension>
        </extensions>
      </trkpt>
      <trkpt lat="35.971464179456233978271484375" lon="-81.1123917996883392333984375">
        <ele>491.600006103515625</ele>
        <time>2026-02-15T15:05:07.000Z</time>
        <extensions>
          <ns3:TrackPointExtension>
            <ns3:hr>140</ns3:hr>
            <ns3:cad>0</ns3:cad>
          </ns3:TrackPointExtension>
        </extensions>
      </trkpt>
      <trkpt lat="35.9714757464826107025146484375" lon="-81.11237444914877414703369140625">
        <ele>491.399993896484375</ele>
        <time>2026-02-15T15:05:13.000Z</time>
        <extensions>
          <ns3:TrackPointExtension>
            <ns3:hr>139</ns3:hr>
            <ns3:cad>0</ns3:cad>
          </ns3:TrackPointExtension>
        </extensions>
      </trkpt>
      <trkpt lat="35.97148437984287738800048828125" lon="-81.112340502440929412841796875">
        <ele>492</ele>
        <time>2026-02-15T15:05:18.000Z</time>
        <extensions>
          <ns3:TrackPointExtension>
            <ns3:hr>138</ns3:hr>
            <ns3:cad>0</ns3:cad>
          </ns3:TrackPointExtension>
        </extensions>
      </trkpt>
      <trkpt lat="35.97147591412067413330078125" lon="-81.11237394623458385467529296875">
        <ele>492.20001220703125</ele>
        <time>2026-02-15T15:05:25.000Z</time>
        <extensions>
          <ns3:TrackPointExtension>
            <ns3:hr>137</ns3:hr>
            <ns3:cad>47</ns3:cad>
          </ns3:TrackPointExtension>
        </extensions>
      </trkpt>
      <trkpt lat="35.97147063352167606353759765625" lon="-81.1123591102659702301025390625">
        <ele>492.20001220703125</ele>
        <time>2026-02-15T15:05:27.000Z</time>
        <extensions>
          <ns3:TrackPointExtension>
            <ns3:hr>136</ns3:hr>
            <ns3:cad>47</ns3:cad>
          </ns3:TrackPointExtension>
        </extensions>
      </trkpt>
      <trkpt lat="35.97146510146558284759521484375" lon="-81.11232181079685688018798828125">
        <ele>492.79998779296875</ele>
        <time>2026-02-15T15:05:33.000Z</time>
        <extensions>
          <ns3:TrackPointExtension>
            <ns3:hr>136</ns3:hr>
            <ns3:cad>0</ns3:cad>
          </ns3:TrackPointExtension>
        </extensions>
      </trkpt>
      <trkpt lat="35.97148102708160877227783203125" lon="-81.11231560818850994110107421875">
        <ele>493</ele>
        <time>2026-02-15T15:05:38.000Z</time>
        <extensions>
          <ns3:TrackPointExtension>
            <ns3:hr>136</ns3:hr>
            <ns3:cad>0</ns3:cad>
          </ns3:TrackPointExtension>
        </extensions>
      </trkpt>
      <trkpt lat="35.9714992158114910125732421875" lon="-81.11233136616647243499755859375">
        <ele>492</ele>
        <time>2026-02-15T15:05:46.000Z</time>
        <extensions>
          <ns3:TrackPointExtension>
            <ns3:hr>136</ns3:hr>
            <ns3:cad>0</ns3:cad>
          </ns3:TrackPointExtension>
        </extensions>
      </trkpt>
      <trkpt lat="35.971495695412158966064453125" lon="-81.11232541501522064208984375">
        <ele>492</ele>
        <time>2026-02-15T15:05:54.000Z</time>
        <extensions>
          <ns3:TrackPointExtension>
            <ns3:hr>139</ns3:hr>
            <ns3:cad>0</ns3:cad>
          </ns3:TrackPointExtension>
        </extensions>
      </trkpt>
      <trkpt lat="35.97149737179279327392578125" lon="-81.11231862567365169525146484375">
        <ele>492.600006103515625</ele>
        <time>2026-02-15T15:05:59.000Z</time>
        <extensions>
          <ns3:TrackPointExtension>
            <ns3:hr>142</ns3:hr>
            <ns3:cad>0</ns3:cad>
          </ns3:TrackPointExtension>
        </extensions>
      </trkpt>
      <trkpt lat="35.9714938513934612274169921875" lon="-81.11231267452239990234375">
        <ele>492.79998779296875</ele>
        <time>2026-02-15T15:06:02.000Z</time>
        <extensions>
          <ns3:TrackPointExtension>
            <ns3:hr>143</ns3:hr>
            <ns3:cad>0</ns3:cad>
          </ns3:TrackPointExtension>
        </extensions>
      </trkpt>
      <trkpt lat="35.9714945219457149505615234375" lon="-81.1123006045818328857421875">
        <ele>493</ele>
        <time>2026-02-15T15:06:10.000Z</time>
        <extensions>
          <ns3:TrackPointExtension>
            <ns3:hr>142</ns3:hr>
            <ns3:cad>0</ns3:cad>
          </ns3:TrackPointExtension>
        </extensions>
      </trkpt>
      <trkpt lat="35.97150583751499652862548828125" lon="-81.11228057183325290679931640625">
        <ele>492.79998779296875</ele>
        <time>2026-02-15T15:06:16.000Z</time>
        <extensions>
          <ns3:TrackPointExtension>
            <ns3:hr>140</ns3:hr>
            <ns3:cad>0</ns3:cad>
          </ns3:TrackPointExtension>
        </extensions>
      </trkpt>
      <trkpt lat="35.97150332294404506683349609375" lon="-81.11227269284427165985107421875">
        <ele>494</ele>
        <time>2026-02-15T15:06:21.000Z</time>
        <extensions>
          <ns3:TrackPointExtension>
            <ns3:hr>139</ns3:hr>
            <ns3:cad>53</ns3:cad>
          </ns3:TrackPointExtension>
        </extensions>
      </trkpt>
      <trkpt lat="35.9715007245540618896484375" lon="-81.11227579414844512939453125">
        <ele>494.399993896484375</ele>
        <time>2026-02-15T15:06:23.000Z</time>
        <extensions>
          <ns3:TrackPointExtension>
            <ns3:hr>140</ns3:hr>
            <ns3:cad>0</ns3:cad>
          </ns3:TrackPointExtension>
        </extensions>
      </trkpt>
      <trkpt lat="35.97150541841983795166015625" lon="-81.11227042973041534423828125">
        <ele>495</ele>
        <time>2026-02-15T15:06:29.000Z</time>
        <extensions>
          <ns3:TrackPointExtension>
            <ns3:hr>140</ns3:hr>
            <ns3:cad>0</ns3:cad>
          </ns3:TrackPointExtension>
        </extensions>
      </trkpt>
      <trkpt lat="35.97151086665689945220947265625" lon="-81.11226783134043216705322265625">
        <ele>495.20001220703125</ele>
        <time>2026-02-15T15:06:31.000Z</time>
        <extensions>
          <ns3:TrackPointExtension>
            <ns3:hr>140</ns3:hr>
            <ns3:cad>0</ns3:cad>
          </ns3:TrackPointExtension>
        </extensions>
      </trkpt>
      <trkpt lat="35.9715089388191699981689453125" lon="-81.11226238310337066650390625">
        <ele>496</ele>
        <time>2026-02-15T15:06:33.000Z</time>
        <extensions>
          <ns3:TrackPointExtension>
            <ns3:hr>139</ns3:hr>
            <ns3:cad>0</ns3:cad>
          </ns3:TrackPointExtension>
        </extensions>
      </trkpt>
      <trkpt lat="35.9715075977146625518798828125" lon="-81.112256683409214019775390625">
        <ele>496.20001220703125</ele>
        <time>2026-02-15T15:06:37.000Z</time>
        <extensions>
          <ns3:TrackPointExtension>
            <ns3:hr>140</ns3:hr>
            <ns3:cad>0</ns3:cad>
          </ns3:TrackPointExtension>
        </extensions>
      </trkpt>
      <trkpt lat="35.97151170484721660614013671875" lon="-81.11224167980253696441650390625">
        <ele>496.399993896484375</ele>
        <time>2026-02-15T15:06:41.000Z</time>
        <extensions>
          <ns3:TrackPointExtension>
            <ns3:hr>143</ns3:hr>
            <ns3:cad>51</ns3:cad>
          </ns3:TrackPointExtension>
        </extensions>
      </trkpt>
      <trkpt lat="35.97151271067559719085693359375" lon="-81.1122347228229045867919921875">
        <ele>496.79998779296875</ele>
        <time>2026-02-15T15:06:42.000Z</time>
        <extensions>
          <ns3:TrackPointExtension>
            <ns3:hr>144</ns3:hr>
            <ns3:cad>0</ns3:cad>
          </ns3:TrackPointExtension>
        </extensions>
      </trkpt>
      <trkpt lat="35.971510112285614013671875" lon="-81.11222759820520877838134765625">
        <ele>497.20001220703125</ele>
        <time>2026-02-15T15:06:43.000Z</time>
        <extensions>
          <ns3:TrackPointExtension>
            <ns3:hr>145</ns3:hr>
            <ns3:cad>0</ns3:cad>
          </ns3:TrackPointExtension>
        </extensions>
      </trkpt>
      <trkpt lat="35.97150214947760105133056640625" lon="-81.1122276820242404937744140625">
        <ele>498.600006103515625</ele>
        <time>2026-02-15T15:06:46.000Z</time>
        <extensions>
          <ns3:TrackPointExtension>
            <ns3:hr>148</ns3:hr>
            <ns3:cad>0</ns3:cad>
          </ns3:TrackPointExtension>
        </extensions>
      </trkpt>
      <trkpt lat="35.971491672098636627197265625" lon="-81.11223983578383922576904296875">
        <ele>499</ele>
        <time>2026-02-15T15:06:49.000Z</time>
        <extensions>
          <ns3:TrackPointExtension>
            <ns3:hr>151</ns3:hr>
            <ns3:cad>0</ns3:cad>
          </ns3:TrackPointExtension>
        </extensions>
      </trkpt>
      <trkpt lat="35.9714858047664165496826171875" lon="-81.11225995235145092010498046875">
        <ele>497.79998779296875</ele>
        <time>2026-02-15T15:06:57.000Z</time>
        <extensions>
          <ns3:TrackPointExtension>
            <ns3:hr>151</ns3:hr>
            <ns3:cad>0</ns3:cad>
          </ns3:TrackPointExtension>
        </extensions>
      </trkpt>
      <trkpt lat="35.97149644978344440460205078125" lon="-81.1122655682265758514404296875">
        <ele>497.600006103515625</ele>
        <time>2026-02-15T15:06:59.000Z</time>
        <extensions>
          <ns3:TrackPointExtension>
            <ns3:hr>151</ns3:hr>
            <ns3:cad>0</ns3:cad>
          </ns3:TrackPointExtension>
        </extensions>
      </trkpt>
      <trkpt lat="35.97150097601115703582763671875" lon="-81.1122659035027027130126953125">
        <ele>496.600006103515625</ele>
        <time>2026-02-15T15:07:03.000Z</time>
        <extensions>
          <ns3:TrackPointExtension>
            <ns3:hr>149</ns3:hr>
            <ns3:cad>0</ns3:cad>
          </ns3:TrackPointExtension>
        </extensions>
      </trkpt>
      <trkpt lat="35.97150114364922046661376953125" lon="-81.1122655682265758514404296875">
        <ele>496.399993896484375</ele>
        <time>2026-02-15T15:07:04.000Z</time>
        <extensions>
          <ns3:TrackPointExtension>
            <ns3:hr>148</ns3:hr>
            <ns3:cad>0</ns3:cad>
          </ns3:TrackPointExtension>
        </extensions>
      </trkpt>
      <trkpt lat="35.97151522524654865264892578125" lon="-81.1122625507414340972900390625">
        <ele>495.20001220703125</ele>
        <time>2026-02-15T15:07:09.000Z</time>
        <extensions>
          <ns3:TrackPointExtension>
            <ns3:hr>147</ns3:hr>
            <ns3:cad>0</ns3:cad>
          </ns3:TrackPointExtension>
        </extensions>
      </trkpt>
      <trkpt lat="35.97152343951165676116943359375" lon="-81.11227788962423801422119140625">
        <ele>494.399993896484375</ele>
        <time>2026-02-15T15:07:11.000Z</time>
        <extensions>
          <ns3:TrackPointExtension>
            <ns3:hr>146</ns3:hr>
            <ns3:cad>0</ns3:cad>
          </ns3:TrackPointExtension>
        </extensions>
      </trkpt>
      <trkpt lat="35.9715270437300205230712890625" lon="-81.1122876964509487152099609375">
        <ele>494.20001220703125</ele>
        <time>2026-02-15T15:07:12.000Z</time>
        <extensions>
          <ns3:TrackPointExtension>
            <ns3:hr>146</ns3:hr>
            <ns3:cad>0</ns3:cad>
          </ns3:TrackPointExtension>
        </extensions>
      </trkpt>
      <trkpt lat="35.97154724411666393280029296875" lon="-81.11228761263191699981689453125">
        <ele>494.20001220703125</ele>
        <time>2026-02-15T15:07:17.000Z</time>
        <extensions>
          <ns3:TrackPointExtension>
            <ns3:hr>146</ns3:hr>
            <ns3:cad>0</ns3:cad>
          </ns3:TrackPointExtension>
        </extensions>
      </trkpt>
      <trkpt lat="35.9715629182755947113037109375" lon="-81.11229063011705875396728515625">
        <ele>493</ele>
        <time>2026-02-15T15:07:26.000Z</time>
        <extensions>
          <ns3:TrackPointExtension>
            <ns3:hr>146</ns3:hr>
            <ns3:cad>0</ns3:cad>
          </ns3:TrackPointExtension>
        </extensions>
      </trkpt>
      <trkpt lat="35.971565432846546173095703125" lon="-81.1123078130185604095458984375">
        <ele>492</ele>
        <time>2026-02-15T15:07:29.000Z</time>
        <extensions>
          <ns3:TrackPointExtension>
            <ns3:hr>145</ns3:hr>
            <ns3:cad>0</ns3:cad>
          </ns3:TrackPointExtension>
        </extensions>
      </trkpt>
      <trkpt lat="35.97155847586691379547119140625" lon="-81.11231200397014617919921875">
        <ele>491</ele>
        <time>2026-02-15T15:07:33.000Z</time>
        <extensions>
          <ns3:TrackPointExtension>
            <ns3:hr>144</ns3:hr>
            <ns3:cad>0</ns3:cad>
          </ns3:TrackPointExtension>
        </extensions>
      </trkpt>
      <trkpt lat="35.97154992632567882537841796875" lon="-81.1123235709965229034423828125">
        <ele>491</ele>
        <time>2026-02-15T15:07:37.000Z</time>
        <extensions>
          <ns3:TrackPointExtension>
            <ns3:hr>142</ns3:hr>
            <ns3:cad>58</ns3:cad>
          </ns3:TrackPointExtension>
        </extensions>
      </trkpt>
      <trkpt lat="35.97154875285923480987548828125" lon="-81.112331114709377288818359375">
        <ele>490.79998779296875</ele>
        <time>2026-02-15T15:07:40.000Z</time>
        <extensions>
          <ns3:TrackPointExtension>
            <ns3:hr>142</ns3:hr>
            <ns3:cad>0</ns3:cad>
          </ns3:TrackPointExtension>
        </extensions>
      </trkpt>
      <trkpt lat="35.9715471602976322174072265625" lon="-81.1123373173177242279052734375">
        <ele>490.600006103515625</ele>
        <time>2026-02-15T15:07:41.000Z</time>
        <extensions>
          <ns3:TrackPointExtension>
            <ns3:hr>146</ns3:hr>
            <ns3:cad>0</ns3:cad>
          </ns3:TrackPointExtension>
        </extensions>
      </trkpt>
      <trkpt lat="35.971545316278934478759765625" lon="-81.112345196306705474853515625">
        <ele>490.600006103515625</ele>
        <time>2026-02-15T15:07:42.000Z</time>
        <extensions>
          <ns3:TrackPointExtension>
            <ns3:hr>149</ns3:hr>
            <ns3:cad>0</ns3:cad>
          </ns3:TrackPointExtension>
        </extensions>
      </trkpt>
      <trkpt lat="35.9715463221073150634765625" lon="-81.11234762705862522125244140625">
        <ele>490.399993896484375</ele>
        <time>2026-02-15T15:07:43.000Z</time>
        <extensions>
          <ns3:TrackPointExtension>
            <ns3:hr>149</ns3:hr>
            <ns3:cad>0</ns3:cad>
          </ns3:TrackPointExtension>
        </extensions>
      </trkpt>
      <trkpt lat="35.971556715667247772216796875" lon="-81.11234947107732295989990234375">
        <ele>489.79998779296875</ele>
        <time>2026-02-15T15:07:46.000Z</time>
        <extensions>
          <ns3:TrackPointExtension>
            <ns3:hr>149</ns3:hr>
            <ns3:cad>0</ns3:cad>
          </ns3:TrackPointExtension>
        </extensions>
      </trkpt>
      <trkpt lat="35.97158194519579410552978515625" lon="-81.11236372031271457672119140625">
        <ele>488.79998779296875</ele>
        <time>2026-02-15T15:07:52.000Z</time>
        <extensions>
          <ns3:TrackPointExtension>
            <ns3:hr>148</ns3:hr>
            <ns3:cad>0</ns3:cad>
          </ns3:TrackPointExtension>
        </extensions>
      </trkpt>
      <trkpt lat="35.971592254936695098876953125" lon="-81.11236891709268093109130859375">
        <ele>488.600006103515625</ele>
        <time>2026-02-15T15:07:53.000Z</time>
        <extensions>
          <ns3:TrackPointExtension>
            <ns3:hr>148</ns3:hr>
            <ns3:cad>0</ns3:cad>
          </ns3:TrackPointExtension>
        </extensions>
      </trkpt>
      <trkpt lat="35.9716252796351909637451171875" lon="-81.1123825795948505401611328125">
        <ele>487.600006103515625</ele>
        <time>2026-02-15T15:07:56.000Z</time>
        <extensions>
          <ns3:TrackPointExtension>
            <ns3:hr>148</ns3:hr>
            <ns3:cad>0</ns3:cad>
          </ns3:TrackPointExtension>
        </extensions>
      </trkpt>
      <trkpt lat="35.97162938676774501800537109375" lon="-81.1123819090425968170166015625">
        <ele>487.20001220703125</ele>
        <time>2026-02-15T15:07:57.000Z</time>
        <extensions>
          <ns3:TrackPointExtension>
            <ns3:hr>147</ns3:hr>
            <ns3:cad>0</ns3:cad>
          </ns3:TrackPointExtension>
        </extensions>
      </trkpt>
      <trkpt lat="35.97164950333535671234130859375" lon="-81.1123711802065372467041015625">
        <ele>487.20001220703125</ele>
        <time>2026-02-15T15:08:02.000Z</time>
        <extensions>
          <ns3:TrackPointExtension>
            <ns3:hr>146</ns3:hr>
            <ns3:cad>0</ns3:cad>
          </ns3:TrackPointExtension>
        </extensions>
      </trkpt>
      <trkpt lat="35.9716521017253398895263671875" lon="-81.1123681627213954925537109375">
        <ele>487.20001220703125</ele>
        <time>2026-02-15T15:08:09.000Z</time>
        <extensions>
          <ns3:TrackPointExtension>
            <ns3:hr>147</ns3:hr>
            <ns3:cad>0</ns3:cad>
          </ns3:TrackPointExtension>
        </extensions>
      </trkpt>
      <trkpt lat="35.97167246975004673004150390625" lon="-81.112357266247272491455078125">
        <ele>486.399993896484375</ele>
        <time>2026-02-15T15:08:15.000Z</time>
        <extensions>
          <ns3:TrackPointExtension>
            <ns3:hr>145</ns3:hr>
            <ns3:cad>58</ns3:cad>
          </ns3:TrackPointExtension>
        </extensions>
      </trkpt>
      <trkpt lat="35.9716792590916156768798828125" lon="-81.11235684715211391448974609375">
        <ele>486.20001220703125</ele>
        <time>2026-02-15T15:08:16.000Z</time>
        <extensions>
          <ns3:TrackPointExtension>
            <ns3:hr>145</ns3:hr>
            <ns3:cad>58</ns3:cad>
          </ns3:TrackPointExtension>
        </extensions>
      </trkpt>
      <trkpt lat="35.9716943465173244476318359375" lon="-81.11234712414443492889404296875">
        <ele>485.79998779296875</ele>
        <time>2026-02-15T15:08:20.000Z</time>
        <extensions>
          <ns3:TrackPointExtension>
            <ns3:hr>142</ns3:hr>
            <ns3:cad>0</ns3:cad>
          </ns3:TrackPointExtension>
        </extensions>
      </trkpt>
      <trkpt lat="35.97171689383685588836669921875" lon="-81.1123436875641345977783203125">
        <ele>485.600006103515625</ele>
        <time>2026-02-15T15:08:23.000Z</time>
        <extensions>
          <ns3:TrackPointExtension>
            <ns3:hr>141</ns3:hr>
            <ns3:cad>0</ns3:cad>
          </ns3:TrackPointExtension>
        </extensions>
      </trkpt>
      <trkpt lat="35.97172938287258148193359375" lon="-81.1123353056609630584716796875">
        <ele>485.399993896484375</ele>
        <time>2026-02-15T15:08:27.000Z</time>
        <extensions>
          <ns3:TrackPointExtension>
            <ns3:hr>141</ns3:hr>
            <ns3:cad>0</ns3:cad>
          </ns3:TrackPointExtension>
        </extensions>
      </trkpt>
      <trkpt lat="35.97173516638576984405517578125" lon="-81.11233656294643878936767578125">
        <ele>485.20001220703125</ele>
        <time>2026-02-15T15:08:28.000Z</time>
        <extensions>
          <ns3:TrackPointExtension>
            <ns3:hr>141</ns3:hr>
            <ns3:cad>0</ns3:cad>
          </ns3:TrackPointExtension>
        </extensions>
      </trkpt>
      <trkpt lat="35.97176064737141132354736328125" lon="-81.11232340335845947265625">
        <ele>484.399993896484375</ele>
        <time>2026-02-15T15:08:32.000Z</time>
        <extensions>
          <ns3:TrackPointExtension>
            <ns3:hr>142</ns3:hr>
            <ns3:cad>0</ns3:cad>
          </ns3:TrackPointExtension>
        </extensions>
      </trkpt>
      <trkpt lat="35.971763916313648223876953125" lon="-81.11231929622590541839599609375">
        <ele>484.20001220703125</ele>
        <time>2026-02-15T15:08:34.000Z</time>
        <extensions>
          <ns3:TrackPointExtension>
            <ns3:hr>143</ns3:hr>
            <ns3:cad>0</ns3:cad>
          </ns3:TrackPointExtension>
        </extensions>
      </trkpt>
      <trkpt lat="35.97178839147090911865234375" lon="-81.112337149679660797119140625">
        <ele>484.600006103515625</ele>
        <time>2026-02-15T15:08:40.000Z</time>
        <extensions>
          <ns3:TrackPointExtension>
            <ns3:hr>142</ns3:hr>
            <ns3:cad>0</ns3:cad>
          </ns3:TrackPointExtension>
        </extensions>
      </trkpt>
      <trkpt lat="35.97179333679378032684326171875" lon="-81.112370677292346954345703125">
        <ele>484.20001220703125</ele>
        <time>2026-02-15T15:08:46.000Z</time>
        <extensions>
          <ns3:TrackPointExtension>
            <ns3:hr>142</ns3:hr>
            <ns3:cad>0</ns3:cad>
          </ns3:TrackPointExtension>
        </extensions>
      </trkpt>
      <trkpt lat="35.97179266624152660369873046875" lon="-81.11237159930169582366943359375">
        <ele>483.399993896484375</ele>
        <time>2026-02-15T15:08:51.000Z</time>
        <extensions>
          <ns3:TrackPointExtension>
            <ns3:hr>141</ns3:hr>
            <ns3:cad>0</ns3:cad>
          </ns3:TrackPointExtension>
        </extensions>
      </trkpt>
      <trkpt lat="35.97179853357374668121337890625" lon="-81.11237092874944210052490234375">
        <ele>483.20001220703125</ele>
        <time>2026-02-15T15:08:52.000Z</time>
        <extensions>
          <ns3:TrackPointExtension>
            <ns3:hr>141</ns3:hr>
            <ns3:cad>0</ns3:cad>
          </ns3:TrackPointExtension>
        </extensions>
      </trkpt>
      <trkpt lat="35.97181295044720172882080078125" lon="-81.1123849265277385711669921875">
        <ele>482.20001220703125</ele>
        <time>2026-02-15T15:08:55.000Z</time>
        <extensions>
          <ns3:TrackPointExtension>
            <ns3:hr>141</ns3:hr>
            <ns3:cad>0</ns3:cad>
          </ns3:TrackPointExtension>
        </extensions>
      </trkpt>
      <trkpt lat="35.97182233817875385284423828125" lon="-81.1123748682439327239990234375">
        <ele>481.600006103515625</ele>
        <time>2026-02-15T15:08:57.000Z</time>
        <extensions>
          <ns3:TrackPointExtension>
            <ns3:hr>141</ns3:hr>
            <ns3:cad>0</ns3:cad>
          </ns3:TrackPointExtension>
        </extensions>
      </trkpt>
      <trkpt lat="35.971841029822826385498046875" lon="-81.11236724071204662322998046875">
        <ele>481.399993896484375</ele>
        <time>2026-02-15T15:09:02.000Z</time>
        <extensions>
          <ns3:TrackPointExtension>
            <ns3:hr>140</ns3:hr>
            <ns3:cad>0</ns3:cad>
          </ns3:TrackPointExtension>
        </extensions>
      </trkpt>
      <trkpt lat="35.971855111420154571533203125" lon="-81.11235936172306537628173828125">
        <ele>481</ele>
        <time>2026-02-15T15:09:09.000Z</time>
        <extensions>
          <ns3:TrackPointExtension>
            <ns3:hr>138</ns3:hr>
            <ns3:cad>0</ns3:cad>
          </ns3:TrackPointExtension>
        </extensions>
      </trkpt>
      <trkpt lat="35.97182468511164188385009765625" lon="-81.11237646080553531646728515625">
        <ele>480.20001220703125</ele>
        <time>2026-02-15T15:09:14.000Z</time>
        <extensions>
          <ns3:TrackPointExtension>
            <ns3:hr>137</ns3:hr>
            <ns3:cad>0</ns3:cad>
          </ns3:TrackPointExtension>
        </extensions>
      </trkpt>
      <trkpt lat="35.97181445918977260589599609375" lon="-81.11238283105194568634033203125">
        <ele>480</ele>
        <time>2026-02-15T15:09:15.000Z</time>
        <extensions>
          <ns3:TrackPointExtension>
            <ns3:hr>137</ns3:hr>
            <ns3:cad>0</ns3:cad>
          </ns3:TrackPointExtension>
        </extensions>
      </trkpt>
      <trkpt lat="35.9717919118702411651611328125" lon="-81.1123926378786563873291015625">
        <ele>479.399993896484375</ele>
        <time>2026-02-15T15:09:19.000Z</time>
        <extensions>
          <ns3:TrackPointExtension>
            <ns3:hr>137</ns3:hr>
            <ns3:cad>0</ns3:cad>
          </ns3:TrackPointExtension>
        </extensions>
      </trkpt>
      <trkpt lat="35.9717694483697414398193359375" lon="-81.1124094016849994659423828125">
        <ele>479.20001220703125</ele>
        <time>2026-02-15T15:09:25.000Z</time>
        <extensions>
          <ns3:TrackPointExtension>
            <ns3:hr>136</ns3:hr>
            <ns3:cad>0</ns3:cad>
          </ns3:TrackPointExtension>
        </extensions>
      </trkpt>
      <trkpt lat="35.97175813280045986175537109375" lon="-81.1124124191701412200927734375">
        <ele>478.79998779296875</ele>
        <time>2026-02-15T15:09:27.000Z</time>
        <extensions>
          <ns3:TrackPointExtension>
            <ns3:hr>137</ns3:hr>
            <ns3:cad>0</ns3:cad>
          </ns3:TrackPointExtension>
        </extensions>
      </trkpt>
      <trkpt lat="35.97175561822950839996337890625" lon="-81.11241795122623443603515625">
        <ele>478.600006103515625</ele>
        <time>2026-02-15T15:09:30.000Z</time>
        <extensions>
          <ns3:TrackPointExtension>
            <ns3:hr>136</ns3:hr>
            <ns3:cad>66</ns3:cad>
          </ns3:TrackPointExtension>
        </extensions>
      </trkpt>
      <trkpt lat="35.9717493318021297454833984375" lon="-81.11244150437414646148681640625">
        <ele>477.79998779296875</ele>
        <time>2026-02-15T15:09:34.000Z</time>
        <extensions>
          <ns3:TrackPointExtension>
            <ns3:hr>136</ns3:hr>
            <ns3:cad>0</ns3:cad>
          </ns3:TrackPointExtension>
        </extensions>
      </trkpt>
      <trkpt lat="35.97174924798309803009033203125" lon="-81.11244477331638336181640625">
        <ele>477.600006103515625</ele>
        <time>2026-02-15T15:09:35.000Z</time>
        <extensions>
          <ns3:TrackPointExtension>
            <ns3:hr>136</ns3:hr>
            <ns3:cad>0</ns3:cad>
          </ns3:TrackPointExtension>
        </extensions>
      </trkpt>
      <trkpt lat="35.9717251919209957122802734375" lon="-81.112488694489002227783203125">
        <ele>477</ele>
        <time>2026-02-15T15:09:43.000Z</time>
        <extensions>
          <ns3:TrackPointExtension>
            <ns3:hr>136</ns3:hr>
            <ns3:cad>0</ns3:cad>
          </ns3:TrackPointExtension>
        </extensions>
      </trkpt>
      <trkpt lat="35.97174815833568572998046875" lon="-81.11247402615845203399658203125">
        <ele>477</ele>
        <time>2026-02-15T15:09:51.000Z</time>
        <extensions>
          <ns3:TrackPointExtension>
            <ns3:hr>136</ns3:hr>
            <ns3:cad>0</ns3:cad>
          </ns3:TrackPointExtension>
        </extensions>
      </trkpt>
      <trkpt lat="35.97179467789828777313232421875" lon="-81.112486012279987335205078125">
        <ele>477</ele>
        <time>2026-02-15T15:09:57.000Z</time>
        <extensions>
          <ns3:TrackPointExtension>
            <ns3:hr>139</ns3:hr>
            <ns3:cad>0</ns3:cad>
          </ns3:TrackPointExtension>
        </extensions>
      </trkpt>
      <trkpt lat="35.97180255688726902008056640625" lon="-81.11249095760285854339599609375">
        <ele>477</ele>
        <time>2026-02-15T15:09:59.000Z</time>
        <extensions>
          <ns3:TrackPointExtension>
            <ns3:hr>142</ns3:hr>
            <ns3:cad>0</ns3:cad>
          </ns3:TrackPointExtension>
        </extensions>
      </trkpt>
      <trkpt lat="35.971802137792110443115234375" lon="-81.112504787743091583251953125">
        <ele>476.79998779296875</ele>
        <time>2026-02-15T15:10:02.000Z</time>
        <extensions>
          <ns3:TrackPointExtension>
            <ns3:hr>146</ns3:hr>
            <ns3:cad>0</ns3:cad>
          </ns3:TrackPointExtension>
        </extensions>
      </trkpt>
      <trkpt lat="35.97180574201047420501708984375" lon="-81.11251107417047023773193359375">
        <ele>476.79998779296875</ele>
        <time>2026-02-15T15:10:03.000Z</time>
        <extensions>
          <ns3:TrackPointExtension>
            <ns3:hr>146</ns3:hr>
            <ns3:cad>0</ns3:cad>
          </ns3:TrackPointExtension>
        </extensions>
      </trkpt>
      <trkpt lat="35.97180859185755252838134765625" lon="-81.11251291818916797637939453125">
        <ele>476.600006103515625</ele>
        <time>2026-02-15T15:10:04.000Z</time>
        <extensions>
          <ns3:TrackPointExtension>
            <ns3:hr>146</ns3:hr>
            <ns3:cad>0</ns3:cad>
          </ns3:TrackPointExtension>
        </extensions>
      </trkpt>
      <trkpt lat="35.9718026407063007354736328125" lon="-81.1125284247100353240966796875">
        <ele>475.600006103515625</ele>
        <time>2026-02-15T15:10:07.000Z</time>
        <extensions>
          <ns3:TrackPointExtension>
            <ns3:hr>146</ns3:hr>
            <ns3:cad>0</ns3:cad>
          </ns3:TrackPointExtension>
        </extensions>
      </trkpt>
      <trkpt lat="35.97179937176406383514404296875" lon="-81.1125619523227214813232421875">
        <ele>474.399993896484375</ele>
        <time>2026-02-15T15:10:11.000Z</time>
        <extensions>
          <ns3:TrackPointExtension>
            <ns3:hr>145</ns3:hr>
            <ns3:cad>0</ns3:cad>
          </ns3:TrackPointExtension>
        </extensions>
      </trkpt>
      <trkpt lat="35.97181512974202632904052734375" lon="-81.1125743575394153594970703125">
        <ele>473.20001220703125</ele>
        <time>2026-02-15T15:10:15.000Z</time>
        <extensions>
          <ns3:TrackPointExtension>
            <ns3:hr>143</ns3:hr>
            <ns3:cad>0</ns3:cad>
          </ns3:TrackPointExtension>
        </extensions>
      </trkpt>
      <trkpt lat="35.971827618777751922607421875" lon="-81.1125706695020198822021484375">
        <ele>472.600006103515625</ele>
        <time>2026-02-15T15:10:18.000Z</time>
        <extensions>
          <ns3:TrackPointExtension>
            <ns3:hr>142</ns3:hr>
            <ns3:cad>0</ns3:cad>
          </ns3:TrackPointExtension>
        </extensions>
      </trkpt>
      <trkpt lat="35.97184362821280956268310546875" lon="-81.112555079162120819091796875">
        <ele>472</ele>
        <time>2026-02-15T15:10:22.000Z</time>
        <extensions>
          <ns3:TrackPointExtension>
            <ns3:hr>140</ns3:hr>
            <ns3:cad>0</ns3:cad>
          </ns3:TrackPointExtension>
        </extensions>
      </trkpt>
      <trkpt lat="35.97184429876506328582763671875" lon="-81.1125686578452587127685546875">
        <ele>471.399993896484375</ele>
        <time>2026-02-15T15:10:24.000Z</time>
        <extensions>
          <ns3:TrackPointExtension>
            <ns3:hr>140</ns3:hr>
            <ns3:cad>68</ns3:cad>
          </ns3:TrackPointExtension>
        </extensions>
      </trkpt>
      <trkpt lat="35.9718559496104717254638671875" lon="-81.1125767044723033905029296875">
        <ele>471</ele>
        <time>2026-02-15T15:10:28.000Z</time>
        <extensions>
          <ns3:TrackPointExtension>
            <ns3:hr>138</ns3:hr>
            <ns3:cad>0</ns3:cad>
          </ns3:TrackPointExtension>
        </extensions>
      </trkpt>
      <trkpt lat="35.97187363542616367340087890625" lon="-81.11257008276879787445068359375">
        <ele>470.79998779296875</ele>
        <time>2026-02-15T15:10:31.000Z</time>
        <extensions>
          <ns3:TrackPointExtension>
            <ns3:hr>138</ns3:hr>
            <ns3:cad>0</ns3:cad>
          </ns3:TrackPointExtension>
        </extensions>
      </trkpt>
      <trkpt lat="35.97189526073634624481201171875" lon="-81.11254527233541011810302734375">
        <ele>470.600006103515625</ele>
        <time>2026-02-15T15:10:40.000Z</time>
        <extensions>
          <ns3:TrackPointExtension>
            <ns3:hr>136</ns3:hr>
            <ns3:cad>0</ns3:cad>
          </ns3:TrackPointExtension>
        </extensions>
      </trkpt>
      <trkpt lat="35.9719085879623889923095703125" lon="-81.1124570108950138092041015625">
        <ele>472.399993896484375</ele>
        <time>2026-02-15T15:10:48.000Z</time>
        <extensions>
          <ns3:TrackPointExtension>
            <ns3:hr>136</ns3:hr>
            <ns3:cad>65</ns3:cad>
          </ns3:TrackPointExtension>
        </extensions>
      </trkpt>
      <trkpt lat="35.97190397791564464569091796875" lon="-81.11244536004960536956787109375">
        <ele>473.399993896484375</ele>
        <time>2026-02-15T15:10:50.000Z</time>
        <extensions>
          <ns3:TrackPointExtension>
            <ns3:hr>136</ns3:hr>
            <ns3:cad>65</ns3:cad>
          </ns3:TrackPointExtension>
        </extensions>
      </trkpt>
      <trkpt lat="35.9719028882682323455810546875" lon="-81.112449802458286285400390625">
        <ele>474.399993896484375</ele>
        <time>2026-02-15T15:10:52.000Z</time>
        <extensions>
          <ns3:TrackPointExtension>
            <ns3:hr>136</ns3:hr>
            <ns3:cad>0</ns3:cad>
          </ns3:TrackPointExtension>
        </extensions>
      </trkpt>
      <trkpt lat="35.97190682776272296905517578125" lon="-81.11243815161287784576416015625">
        <ele>475.399993896484375</ele>
        <time>2026-02-15T15:10:55.000Z</time>
        <extensions>
          <ns3:TrackPointExtension>
            <ns3:hr>139</ns3:hr>
            <ns3:cad>0</ns3:cad>
          </ns3:TrackPointExtension>
        </extensions>
      </trkpt>
      <trkpt lat="35.971898697316646575927734375" lon="-81.11241451464593410491943359375">
        <ele>476.79998779296875</ele>
        <time>2026-02-15T15:11:00.000Z</time>
        <extensions>
          <ns3:TrackPointExtension>
            <ns3:hr>140</ns3:hr>
            <ns3:cad>0</ns3:cad>
          </ns3:TrackPointExtension>
        </extensions>
      </trkpt>
      <trkpt lat="35.97189375199377536773681640625" lon="-81.11241166479885578155517578125">
        <ele>477.399993896484375</ele>
        <time>2026-02-15T15:11:02.000Z</time>
        <extensions>
          <ns3:TrackPointExtension>
            <ns3:hr>141</ns3:hr>
            <ns3:cad>0</ns3:cad>
          </ns3:TrackPointExtension>
        </extensions>
      </trkpt>
      <trkpt lat="35.97189727239310741424560546875" lon="-81.1124268360435962677001953125">
        <ele>477.79998779296875</ele>
        <time>2026-02-15T15:11:04.000Z</time>
        <extensions>
          <ns3:TrackPointExtension>
            <ns3:hr>143</ns3:hr>
            <ns3:cad>0</ns3:cad>
          </ns3:TrackPointExtension>
        </extensions>
      </trkpt>
      <trkpt lat="35.9719156287610530853271484375" lon="-81.112444102764129638671875">
        <ele>478</ele>
        <time>2026-02-15T15:11:07.000Z</time>
        <extensions>
          <ns3:TrackPointExtension>
            <ns3:hr>145</ns3:hr>
            <ns3:cad>0</ns3:cad>
          </ns3:TrackPointExtension>
        </extensions>
      </trkpt>
      <trkpt lat="35.9719263575971126556396484375" lon="-81.1124476231634616851806640625">
        <ele>477.399993896484375</ele>
        <time>2026-02-15T15:11:10.000Z</time>
        <extensions>
          <ns3:TrackPointExtension>
            <ns3:hr>148</ns3:hr>
            <ns3:cad>0</ns3:cad>
          </ns3:TrackPointExtension>
        </extensions>
      </trkpt>
      <trkpt lat="35.97193264402449131011962890625" lon="-81.11245256848633289337158203125">
        <ele>476.79998779296875</ele>
        <time>2026-02-15T15:11:13.000Z</time>
        <extensions>
          <ns3:TrackPointExtension>
            <ns3:hr>150</ns3:hr>
            <ns3:cad>0</ns3:cad>
          </ns3:TrackPointExtension>
        </extensions>
      </trkpt>
      <trkpt lat="35.971933901309967041015625" lon="-81.11245407722890377044677734375">
        <ele>476.600006103515625</ele>
        <time>2026-02-15T15:11:14.000Z</time>
        <extensions>
          <ns3:TrackPointExtension>
            <ns3:hr>150</ns3:hr>
            <ns3:cad>0</ns3:cad>
          </ns3:TrackPointExtension>
        </extensions>
      </trkpt>
      <trkpt lat="35.97194186411798000335693359375" lon="-81.1124828271567821502685546875">
        <ele>475.79998779296875</ele>
        <time>2026-02-15T15:11:19.000Z</time>
        <extensions>
          <ns3:TrackPointExtension>
            <ns3:hr>152</ns3:hr>
            <ns3:cad>0</ns3:cad>
          </ns3:TrackPointExtension>
        </extensions>
      </trkpt>
      <trkpt lat="35.97194571979343891143798828125" lon="-81.112488694489002227783203125">
        <ele>475.600006103515625</ele>
        <time>2026-02-15T15:11:20.000Z</time>
        <extensions>
          <ns3:TrackPointExtension>
            <ns3:hr>153</ns3:hr>
            <ns3:cad>0</ns3:cad>
          </ns3:TrackPointExtension>
        </extensions>
      </trkpt>
      <trkpt lat="35.97194672562181949615478515625" lon="-81.11248710192739963531494140625">
        <ele>474.600006103515625</ele>
        <time>2026-02-15T15:11:23.000Z</time>
        <extensions>
          <ns3:TrackPointExtension>
            <ns3:hr>153</ns3:hr>
            <ns3:cad>0</ns3:cad>
          </ns3:TrackPointExtension>
        </extensions>
      </trkpt>
      <trkpt lat="35.97193649969995021820068359375" lon="-81.1124999262392520904541015625">
        <ele>473.600006103515625</ele>
        <time>2026-02-15T15:11:27.000Z</time>
        <extensions>
          <ns3:TrackPointExtension>
            <ns3:hr>151</ns3:hr>
            <ns3:cad>0</ns3:cad>
          </ns3:TrackPointExtension>
        </extensions>
      </trkpt>
      <trkpt lat="35.97192292101681232452392578125" lon="-81.1125124990940093994140625">
        <ele>473</ele>
        <time>2026-02-15T15:11:30.000Z</time>
        <extensions>
          <ns3:TrackPointExtension>
            <ns3:hr>149</ns3:hr>
            <ns3:cad>0</ns3:cad>
          </ns3:TrackPointExtension>
        </extensions>
      </trkpt>
      <trkpt lat="35.97192275337874889373779296875" lon="-81.1125250719487667083740234375">
        <ele>472.600006103515625</ele>
        <time>2026-02-15T15:11:32.000Z</time>
        <extensions>
          <ns3:TrackPointExtension>
            <ns3:hr>148</ns3:hr>
            <ns3:cad>0</ns3:cad>
          </ns3:TrackPointExtension>
        </extensions>
      </trkpt>
      <trkpt lat="35.9719162993133068084716796875" lon="-81.11254124902188777923583984375">
        <ele>472</ele>
        <time>2026-02-15T15:11:34.000Z</time>
        <extensions>
          <ns3:TrackPointExtension>
            <ns3:hr>147</ns3:hr>
            <ns3:cad>0</ns3:cad>
          </ns3:TrackPointExtension>
        </extensions>
      </trkpt>
      <trkpt lat="35.97192996181547641754150390625" lon="-81.112555079162120819091796875">
        <ele>471.399993896484375</ele>
        <time>2026-02-15T15:11:36.000Z</time>
        <extensions>
          <ns3:TrackPointExtension>
            <ns3:hr>145</ns3:hr>
            <ns3:cad>0</ns3:cad>
          </ns3:TrackPointExtension>
        </extensions>
      </trkpt>
      <trkpt lat="35.97194773145020008087158203125" lon="-81.11254594288766384124755859375">
        <ele>470.79998779296875</ele>
        <time>2026-02-15T15:11:39.000Z</time>
        <extensions>
          <ns3:TrackPointExtension>
            <ns3:hr>144</ns3:hr>
            <ns3:cad>0</ns3:cad>
          </ns3:TrackPointExtension>
        </extensions>
      </trkpt>
      <trkpt lat="35.9719528444111347198486328125" lon="-81.112543009221553802490234375">
        <ele>470.399993896484375</ele>
        <time>2026-02-15T15:11:40.000Z</time>
        <extensions>
          <ns3:TrackPointExtension>
            <ns3:hr>143</ns3:hr>
            <ns3:cad>0</ns3:cad>
          </ns3:TrackPointExtension>
        </extensions>
      </trkpt>
      <trkpt lat="35.9719900600612163543701171875" lon="-81.11253194510936737060546875">
        <ele>470.20001220703125</ele>
        <time>2026-02-15T15:11:45.000Z</time>
        <extensions>
          <ns3:TrackPointExtension>
            <ns3:hr>142</ns3:hr>
            <ns3:cad>0</ns3:cad>
          </ns3:TrackPointExtension>
        </extensions>
      </trkpt>
      <trkpt lat="35.972009338438510894775390625" lon="-81.11251560039818286895751953125">
        <ele>470.79998779296875</ele>
        <time>2026-02-15T15:11:51.000Z</time>
        <extensions>
          <ns3:TrackPointExtension>
            <ns3:hr>140</ns3:hr>
            <ns3:cad>0</ns3:cad>
          </ns3:TrackPointExtension>
        </extensions>
      </trkpt>
      <trkpt lat="35.97204211167991161346435546875" lon="-81.1124992556869983673095703125">
        <ele>471.20001220703125</ele>
        <time>2026-02-15T15:11:56.000Z</time>
        <extensions>
          <ns3:TrackPointExtension>
            <ns3:hr>138</ns3:hr>
            <ns3:cad>0</ns3:cad>
          </ns3:TrackPointExtension>
        </extensions>
      </trkpt>
      <trkpt lat="35.97207463346421718597412109375" lon="-81.11247989349067211151123046875">
        <ele>471.20001220703125</ele>
        <time>2026-02-15T15:12:00.000Z</time>
        <extensions>
          <ns3:TrackPointExtension>
            <ns3:hr>137</ns3:hr>
            <ns3:cad>52</ns3:cad>
          </ns3:TrackPointExtension>
        </extensions>
      </trkpt>
      <trkpt lat="35.972127020359039306640625" lon="-81.11246086657047271728515625">
        <ele>471.20001220703125</ele>
        <time>2026-02-15T15:12:05.000Z</time>
        <extensions>
          <ns3:TrackPointExtension>
            <ns3:hr>132</ns3:hr>
            <ns3:cad>48</ns3:cad>
          </ns3:TrackPointExtension>
        </extensions>
      </trkpt>
      <trkpt lat="35.97213598899543285369873046875" lon="-81.1124549992382526397705078125">
        <ele>471.20001220703125</ele>
        <time>2026-02-15T15:12:06.000Z</time>
        <extensions>
          <ns3:TrackPointExtension>
            <ns3:hr>124</ns3:hr>
            <ns3:cad>48</ns3:cad>
          </ns3:TrackPointExtension>
        </extensions>
      </trkpt>
      <trkpt lat="35.9721533395349979400634765625" lon="-81.11244334839284420013427734375">
        <ele>471.399993896484375</ele>
        <time>2026-02-15T15:12:08.000Z</time>
        <extensions>
          <ns3:TrackPointExtension>
            <ns3:hr>122</ns3:hr>
            <ns3:cad>0</ns3:cad>
          </ns3:TrackPointExtension>
        </extensions>
      </trkpt>
      <trkpt lat="35.9721764735877513885498046875" lon="-81.11242599785327911376953125">
        <ele>472.20001220703125</ele>
        <time>2026-02-15T15:12:12.000Z</time>
        <extensions>
          <ns3:TrackPointExtension>
            <ns3:hr>121</ns3:hr>
            <ns3:cad>57</ns3:cad>
          </ns3:TrackPointExtension>
        </extensions>
      </trkpt>
      <trkpt lat="35.97216750495135784149169921875" lon="-81.11240110360085964202880859375">
        <ele>472.600006103515625</ele>
        <time>2026-02-15T15:12:15.000Z</time>
        <extensions>
          <ns3:TrackPointExtension>
            <ns3:hr>121</ns3:hr>
            <ns3:cad>0</ns3:cad>
          </ns3:TrackPointExtension>
        </extensions>
      </trkpt>
      <trkpt lat="35.97215493209660053253173828125" lon="-81.11240051686763763427734375">
        <ele>472.79998779296875</ele>
        <time>2026-02-15T15:12:19.000Z</time>
        <extensions>
          <ns3:TrackPointExtension>
            <ns3:hr>121</ns3:hr>
            <ns3:cad>0</ns3:cad>
          </ns3:TrackPointExtension>
        </extensions>
      </trkpt>
      <trkpt lat="35.9721067361533641815185546875" lon="-81.1123944818973541259765625">
        <ele>472.79998779296875</ele>
        <time>2026-02-15T15:12:25.000Z</time>
        <extensions>
          <ns3:TrackPointExtension>
            <ns3:hr>125</ns3:hr>
            <ns3:cad>0</ns3:cad>
          </ns3:TrackPointExtension>
        </extensions>
      </trkpt>
      <trkpt lat="35.9721003659069538116455078125" lon="-81.112398840487003326416015625">
        <ele>472.600006103515625</ele>
        <time>2026-02-15T15:12:26.000Z</time>
        <extensions>
          <ns3:TrackPointExtension>
            <ns3:hr>132</ns3:hr>
            <ns3:cad>75</ns3:cad>
          </ns3:TrackPointExtension>
        </extensions>
      </trkpt>
      <trkpt lat="35.9720988571643829345703125" lon="-81.112407557666301727294921875">
        <ele>472.600006103515625</ele>
        <time>2026-02-15T15:12:27.000Z</time>
        <extensions>
          <ns3:TrackPointExtension>
            <ns3:hr>148</ns3:hr>
            <ns3:cad>75</ns3:cad>
          </ns3:TrackPointExtension>
        </extensions>
      </trkpt>
      <trkpt lat="35.97209005616605281829833984375" lon="-81.11242004670202732086181640625">
        <ele>472.399993896484375</ele>
        <time>2026-02-15T15:12:28.000Z</time>
        <extensions>
          <ns3:TrackPointExtension>
            <ns3:hr>152</ns3:hr>
            <ns3:cad>51</ns3:cad>
          </ns3:TrackPointExtension>
        </extensions>
      </trkpt>
      <trkpt lat="35.9720829315483570098876953125" lon="-81.1124285124242305755615234375">
        <ele>472.20001220703125</ele>
        <time>2026-02-15T15:12:29.000Z</time>
        <extensions>
          <ns3:TrackPointExtension>
            <ns3:hr>152</ns3:hr>
            <ns3:cad>50</ns3:cad>
          </ns3:TrackPointExtension>
        </extensions>
      </trkpt>
      <trkpt lat="35.97206273116171360015869140625" lon="-81.11245281994342803955078125">
        <ele>471.79998779296875</ele>
        <time>2026-02-15T15:12:32.000Z</time>
        <extensions>
          <ns3:TrackPointExtension>
            <ns3:hr>152</ns3:hr>
            <ns3:cad>50</ns3:cad>
          </ns3:TrackPointExtension>
        </extensions>
      </trkpt>
      <trkpt lat="35.97205501981079578399658203125" lon="-81.11246933229267597198486328125">
        <ele>471.399993896484375</ele>
        <time>2026-02-15T15:12:34.000Z</time>
        <extensions>
          <ns3:TrackPointExtension>
            <ns3:hr>152</ns3:hr>
            <ns3:cad>50</ns3:cad>
          </ns3:TrackPointExtension>
        </extensions>
      </trkpt>
      <trkpt lat="35.972057282924652099609375" lon="-81.11250151880085468292236328125">
        <ele>470.20001220703125</ele>
        <time>2026-02-15T15:12:38.000Z</time>
        <extensions>
          <ns3:TrackPointExtension>
            <ns3:hr>151</ns3:hr>
            <ns3:cad>49</ns3:cad>
          </ns3:TrackPointExtension>
        </extensions>
      </trkpt>
      <trkpt lat="35.97205049358308315277099609375" lon="-81.112508140504360198974609375">
        <ele>469</ele>
        <time>2026-02-15T15:12:41.000Z</time>
        <extensions>
          <ns3:TrackPointExtension>
            <ns3:hr>149</ns3:hr>
            <ns3:cad>49</ns3:cad>
          </ns3:TrackPointExtension>
        </extensions>
      </trkpt>
      <trkpt lat="35.97203808836638927459716796875" lon="-81.11253521405160427093505859375">
        <ele>467.79998779296875</ele>
        <time>2026-02-15T15:12:44.000Z</time>
        <extensions>
          <ns3:TrackPointExtension>
            <ns3:hr>148</ns3:hr>
            <ns3:cad>0</ns3:cad>
          </ns3:TrackPointExtension>
        </extensions>
      </trkpt>
      <trkpt lat="35.97203926183283329010009765625" lon="-81.11254711635410785675048828125">
        <ele>466.399993896484375</ele>
        <time>2026-02-15T15:12:47.000Z</time>
        <extensions>
          <ns3:TrackPointExtension>
            <ns3:hr>148</ns3:hr>
            <ns3:cad>60</ns3:cad>
          </ns3:TrackPointExtension>
        </extensions>
      </trkpt>
      <trkpt lat="35.972016714513301849365234375" lon="-81.1125686578452587127685546875">
        <ele>465.399993896484375</ele>
        <time>2026-02-15T15:12:51.000Z</time>
        <extensions>
          <ns3:TrackPointExtension>
            <ns3:hr>149</ns3:hr>
            <ns3:cad>0</ns3:cad>
          </ns3:TrackPointExtension>
        </extensions>
      </trkpt>
      <trkpt lat="35.972012691199779510498046875" lon="-81.11259539611637592315673828125">
        <ele>464.399993896484375</ele>
        <time>2026-02-15T15:12:55.000Z</time>
        <extensions>
          <ns3:TrackPointExtension>
            <ns3:hr>147</ns3:hr>
            <ns3:cad>0</ns3:cad>
          </ns3:TrackPointExtension>
        </extensions>
      </trkpt>
      <trkpt lat="35.9720168821513652801513671875" lon="-81.11260243691504001617431640625">
        <ele>464</ele>
        <time>2026-02-15T15:12:56.000Z</time>
        <extensions>
          <ns3:TrackPointExtension>
            <ns3:hr>147</ns3:hr>
            <ns3:cad>48</ns3:cad>
          </ns3:TrackPointExtension>
        </extensions>
      </trkpt>
      <trkpt lat="35.972036831080913543701171875" lon="-81.11263328231871128082275390625">
        <ele>463.20001220703125</ele>
        <time>2026-02-15T15:12:59.000Z</time>
        <extensions>
          <ns3:TrackPointExtension>
            <ns3:hr>148</ns3:hr>
            <ns3:cad>48</ns3:cad>
          </ns3:TrackPointExtension>
        </extensions>
      </trkpt>
      <trkpt lat="35.97204848192632198333740234375" lon="-81.1126554943621158599853515625">
        <ele>462</ele>
        <time>2026-02-15T15:13:03.000Z</time>
        <extensions>
          <ns3:TrackPointExtension>
            <ns3:hr>147</ns3:hr>
            <ns3:cad>0</ns3:cad>
          </ns3:TrackPointExtension>
        </extensions>
      </trkpt>
      <trkpt lat="35.97204898484051227569580078125" lon="-81.112685836851596832275390625">
        <ele>460.79998779296875</ele>
        <time>2026-02-15T15:13:07.000Z</time>
        <extensions>
          <ns3:TrackPointExtension>
            <ns3:hr>147</ns3:hr>
            <ns3:cad>0</ns3:cad>
          </ns3:TrackPointExtension>
        </extensions>
      </trkpt>
      <trkpt lat="35.97204320132732391357421875" lon="-81.1126836575567722320556640625">
        <ele>460.399993896484375</ele>
        <time>2026-02-15T15:13:09.000Z</time>
        <extensions>
          <ns3:TrackPointExtension>
            <ns3:hr>147</ns3:hr>
            <ns3:cad>0</ns3:cad>
          </ns3:TrackPointExtension>
        </extensions>
      </trkpt>
      <trkpt lat="35.972034148871898651123046875" lon="-81.1126893572509288787841796875">
        <ele>460</ele>
        <time>2026-02-15T15:13:11.000Z</time>
        <extensions>
          <ns3:TrackPointExtension>
            <ns3:hr>147</ns3:hr>
            <ns3:cad>0</ns3:cad>
          </ns3:TrackPointExtension>
        </extensions>
      </trkpt>
      <trkpt lat="35.97203440032899379730224609375" lon="-81.1126910336315631866455078125">
        <ele>459.79998779296875</ele>
        <time>2026-02-15T15:13:13.000Z</time>
        <extensions>
          <ns3:TrackPointExtension>
            <ns3:hr>146</ns3:hr>
            <ns3:cad>0</ns3:cad>
          </ns3:TrackPointExtension>
        </extensions>
      </trkpt>
      <trkpt lat="35.97203859128057956695556640625" lon="-81.11268558539450168609619140625">
        <ele>460.20001220703125</ele>
        <time>2026-02-15T15:13:19.000Z</time>
        <extensions>
          <ns3:TrackPointExtension>
            <ns3:hr>144</ns3:hr>
            <ns3:cad>0</ns3:cad>
          </ns3:TrackPointExtension>
        </extensions>
      </trkpt>
      <trkpt lat="35.9720344841480255126953125" lon="-81.11266228370368480682373046875">
        <ele>461</ele>
        <time>2026-02-15T15:13:23.000Z</time>
        <extensions>
          <ns3:TrackPointExtension>
            <ns3:hr>144</ns3:hr>
            <ns3:cad>0</ns3:cad>
          </ns3:TrackPointExtension>
        </extensions>
      </trkpt>
      <trkpt lat="35.9720245935022830963134765625" lon="-81.11264719627797603607177734375">
        <ele>462</ele>
        <time>2026-02-15T15:13:25.000Z</time>
        <extensions>
          <ns3:TrackPointExtension>
            <ns3:hr>145</ns3:hr>
            <ns3:cad>0</ns3:cad>
          </ns3:TrackPointExtension>
        </extensions>
      </trkpt>
      <trkpt lat="35.97200087271630764007568359375" lon="-81.11265138722956180572509765625">
        <ele>463.20001220703125</ele>
        <time>2026-02-15T15:13:28.000Z</time>
        <extensions>
          <ns3:TrackPointExtension>
            <ns3:hr>144</ns3:hr>
            <ns3:cad>48</ns3:cad>
          </ns3:TrackPointExtension>
        </extensions>
      </trkpt>
      <trkpt lat="35.9719835221767425537109375" lon="-81.11265809275209903717041015625">
        <ele>464</ele>
        <time>2026-02-15T15:13:31.000Z</time>
        <extensions>
          <ns3:TrackPointExtension>
            <ns3:hr>144</ns3:hr>
            <ns3:cad>0</ns3:cad>
          </ns3:TrackPointExtension>
        </extensions>
      </trkpt>
      <trkpt lat="35.9719712845981121063232421875" lon="-81.112679131329059600830078125">
        <ele>464.399993896484375</ele>
        <time>2026-02-15T15:13:33.000Z</time>
        <extensions>
          <ns3:TrackPointExtension>
            <ns3:hr>144</ns3:hr>
            <ns3:cad>0</ns3:cad>
          </ns3:TrackPointExtension>
        </extensions>
      </trkpt>
      <trkpt lat="35.97197019495069980621337890625" lon="-81.11270436085760593414306640625">
        <ele>464.79998779296875</ele>
        <time>2026-02-15T15:13:36.000Z</time>
        <extensions>
          <ns3:TrackPointExtension>
            <ns3:hr>143</ns3:hr>
            <ns3:cad>0</ns3:cad>
          </ns3:TrackPointExtension>
        </extensions>
      </trkpt>
      <trkpt lat="35.97198394127190113067626953125" lon="-81.11273956485092639923095703125">
        <ele>464.399993896484375</ele>
        <time>2026-02-15T15:13:42.000Z</time>
        <extensions>
          <ns3:TrackPointExtension>
            <ns3:hr>144</ns3:hr>
            <ns3:cad>0</ns3:cad>
          </ns3:TrackPointExtension>
        </extensions>
      </trkpt>
      <trkpt lat="35.97197371535003185272216796875" lon="-81.1127527244389057159423828125">
        <ele>463.399993896484375</ele>
        <time>2026-02-15T15:13:48.000Z</time>
        <extensions>
          <ns3:TrackPointExtension>
            <ns3:hr>143</ns3:hr>
            <ns3:cad>0</ns3:cad>
          </ns3:TrackPointExtension>
        </extensions>
      </trkpt>
      <trkpt lat="35.97196198068559169769287109375" lon="-81.11275993287563323974609375">
        <ele>463</ele>
        <time>2026-02-15T15:13:50.000Z</time>
        <extensions>
          <ns3:TrackPointExtension>
            <ns3:hr>144</ns3:hr>
            <ns3:cad>0</ns3:cad>
          </ns3:TrackPointExtension>
        </extensions>
      </trkpt>
      <trkpt lat="35.97194303758442401885986328125" lon="-81.11277124844491481781005859375">
        <ele>462.20001220703125</ele>
        <time>2026-02-15T15:13:54.000Z</time>
        <extensions>
          <ns3:TrackPointExtension>
            <ns3:hr>143</ns3:hr>
            <ns3:cad>0</ns3:cad>
          </ns3:TrackPointExtension>
        </extensions>
      </trkpt>
      <trkpt lat="35.9719357453286647796630859375" lon="-81.112774349749088287353515625">
        <ele>462</ele>
        <time>2026-02-15T15:13:56.000Z</time>
        <extensions>
          <ns3:TrackPointExtension>
            <ns3:hr>143</ns3:hr>
            <ns3:cad>0</ns3:cad>
          </ns3:TrackPointExtension>
        </extensions>
      </trkpt>
      <trkpt lat="35.9719226695597171783447265625" lon="-81.11278281547129154205322265625">
        <ele>461.600006103515625</ele>
        <time>2026-02-15T15:14:01.000Z</time>
        <extensions>
          <ns3:TrackPointExtension>
            <ns3:hr>141</ns3:hr>
            <ns3:cad>0</ns3:cad>
          </ns3:TrackPointExtension>
        </extensions>
      </trkpt>
      <trkpt lat="35.97190313972532749176025390625" lon="-81.1127979867160320281982421875">
        <ele>461.20001220703125</ele>
        <time>2026-02-15T15:14:05.000Z</time>
        <extensions>
          <ns3:TrackPointExtension>
            <ns3:hr>141</ns3:hr>
            <ns3:cad>19</ns3:cad>
          </ns3:TrackPointExtension>
        </extensions>
      </trkpt>
      <trkpt lat="35.9718975238502025604248046875" lon="-81.11280075274407863616943359375">
        <ele>461.20001220703125</ele>
        <time>2026-02-15T15:14:06.000Z</time>
        <extensions>
          <ns3:TrackPointExtension>
            <ns3:hr>140</ns3:hr>
            <ns3:cad>19</ns3:cad>
          </ns3:TrackPointExtension>
        </extensions>
      </trkpt>
      <trkpt lat="35.97188226878643035888671875" lon="-81.1128006689250469207763671875">
        <ele>461.600006103515625</ele>
        <time>2026-02-15T15:14:13.000Z</time>
        <extensions>
          <ns3:TrackPointExtension>
            <ns3:hr>139</ns3:hr>
            <ns3:cad>0</ns3:cad>
          </ns3:TrackPointExtension>
        </extensions>
      </trkpt>
      <trkpt lat="35.9718804247677326202392578125" lon="-81.1127738468348979949951171875">
        <ele>461.600006103515625</ele>
        <time>2026-02-15T15:14:18.000Z</time>
        <extensions>
          <ns3:TrackPointExtension>
            <ns3:hr>140</ns3:hr>
            <ns3:cad>0</ns3:cad>
          </ns3:TrackPointExtension>
        </extensions>
      </trkpt>
      <trkpt lat="35.9718842804431915283203125" lon="-81.11278231255710124969482421875">
        <ele>462.399993896484375</ele>
        <time>2026-02-15T15:14:22.000Z</time>
        <extensions>
          <ns3:TrackPointExtension>
            <ns3:hr>139</ns3:hr>
            <ns3:cad>0</ns3:cad>
          </ns3:TrackPointExtension>
        </extensions>
      </trkpt>
      <trkpt lat="35.971867181360721588134765625" lon="-81.1127879284322261810302734375">
        <ele>463.20001220703125</ele>
        <time>2026-02-15T15:14:26.000Z</time>
        <extensions>
          <ns3:TrackPointExtension>
            <ns3:hr>139</ns3:hr>
            <ns3:cad>0</ns3:cad>
          </ns3:TrackPointExtension>
        </extensions>
      </trkpt>
      <trkpt lat="35.97186441533267498016357421875" lon="-81.11279505304992198944091796875">
        <ele>463.399993896484375</ele>
        <time>2026-02-15T15:14:27.000Z</time>
        <extensions>
          <ns3:TrackPointExtension>
            <ns3:hr>139</ns3:hr>
            <ns3:cad>0</ns3:cad>
          </ns3:TrackPointExtension>
        </extensions>
      </trkpt>
      <trkpt lat="35.9718552790582180023193359375" lon="-81.1128060333430767059326171875">
        <ele>464.399993896484375</ele>
        <time>2026-02-15T15:14:32.000Z</time>
        <extensions>
          <ns3:TrackPointExtension>
            <ns3:hr>137</ns3:hr>
            <ns3:cad>0</ns3:cad>
          </ns3:TrackPointExtension>
        </extensions>
      </trkpt>
      <trkpt lat="35.9718576259911060333251953125" lon="-81.11280729062855243682861328125">
        <ele>464.399993896484375</ele>
        <time>2026-02-15T15:14:33.000Z</time>
        <extensions>
          <ns3:TrackPointExtension>
            <ns3:hr>137</ns3:hr>
            <ns3:cad>0</ns3:cad>
          </ns3:TrackPointExtension>
        </extensions>
      </trkpt>
      <trkpt lat="35.97186240367591381072998046875" lon="-81.1128330230712890625">
        <ele>465</ele>
        <time>2026-02-15T15:14:40.000Z</time>
        <extensions>
          <ns3:TrackPointExtension>
            <ns3:hr>136</ns3:hr>
            <ns3:cad>0</ns3:cad>
          </ns3:TrackPointExtension>
        </extensions>
      </trkpt>
      <trkpt lat="35.97186089493334293365478515625" lon="-81.11284869723021984100341796875">
        <ele>465.399993896484375</ele>
        <time>2026-02-15T15:14:43.000Z</time>
        <extensions>
          <ns3:TrackPointExtension>
            <ns3:hr>135</ns3:hr>
            <ns3:cad>0</ns3:cad>
          </ns3:TrackPointExtension>
        </extensions>
      </trkpt>
      <trkpt lat="35.9718546085059642791748046875" lon="-81.11285381019115447998046875">
        <ele>466.20001220703125</ele>
        <time>2026-02-15T15:14:48.000Z</time>
        <extensions>
          <ns3:TrackPointExtension>
            <ns3:hr>135</ns3:hr>
            <ns3:cad>0</ns3:cad>
          </ns3:TrackPointExtension>
        </extensions>
      </trkpt>
      <trkpt lat="35.9718562848865985870361328125" lon="-81.1128330230712890625">
        <ele>466.20001220703125</ele>
        <time>2026-02-15T15:14:53.000Z</time>
        <extensions>
          <ns3:TrackPointExtension>
            <ns3:hr>140</ns3:hr>
            <ns3:cad>0</ns3:cad>
          </ns3:TrackPointExtension>
        </extensions>
      </trkpt>
      <trkpt lat="35.97185284830629825592041015625" lon="-81.11283796839416027069091796875">
        <ele>466.20001220703125</ele>
        <time>2026-02-15T15:14:54.000Z</time>
        <extensions>
          <ns3:TrackPointExtension>
            <ns3:hr>148</ns3:hr>
            <ns3:cad>0</ns3:cad>
          </ns3:TrackPointExtension>
        </extensions>
      </trkpt>
      <trkpt lat="35.97185201011598110198974609375" lon="-81.11284249462187290191650390625">
        <ele>466.20001220703125</ele>
        <time>2026-02-15T15:14:55.000Z</time>
        <extensions>
          <ns3:TrackPointExtension>
            <ns3:hr>159</ns3:hr>
            <ns3:cad>0</ns3:cad>
          </ns3:TrackPointExtension>
        </extensions>
      </trkpt>
      <trkpt lat="35.9718499146401882171630859375" lon="-81.11284970305860042572021484375">
        <ele>466</ele>
        <time>2026-02-15T15:14:56.000Z</time>
        <extensions>
          <ns3:TrackPointExtension>
            <ns3:hr>162</ns3:hr>
            <ns3:cad>0</ns3:cad>
          </ns3:TrackPointExtension>
        </extensions>
      </trkpt>
      <trkpt lat="35.97185142338275909423828125" lon="-81.1128445900976657867431640625">
        <ele>465.79998779296875</ele>
        <time>2026-02-15T15:14:57.000Z</time>
        <extensions>
          <ns3:TrackPointExtension>
            <ns3:hr>162</ns3:hr>
            <ns3:cad>0</ns3:cad>
          </ns3:TrackPointExtension>
        </extensions>
      </trkpt>
      <trkpt lat="35.97184832207858562469482421875" lon="-81.1128546483814716339111328125">
        <ele>465.20001220703125</ele>
        <time>2026-02-15T15:15:02.000Z</time>
        <extensions>
          <ns3:TrackPointExtension>
            <ns3:hr>162</ns3:hr>
            <ns3:cad>0</ns3:cad>
          </ns3:TrackPointExtension>
        </extensions>
      </trkpt>
      <trkpt lat="35.97184714861214160919189453125" lon="-81.11285925842821598052978515625">
        <ele>464.399993896484375</ele>
        <time>2026-02-15T15:15:07.000Z</time>
        <extensions>
          <ns3:TrackPointExtension>
            <ns3:hr>162</ns3:hr>
            <ns3:cad>0</ns3:cad>
          </ns3:TrackPointExtension>
        </extensions>
      </trkpt>
      <trkpt lat="35.97184597514569759368896484375" lon="-81.1128719151020050048828125">
        <ele>463.79998779296875</ele>
        <time>2026-02-15T15:15:10.000Z</time>
        <extensions>
          <ns3:TrackPointExtension>
            <ns3:hr>161</ns3:hr>
            <ns3:cad>0</ns3:cad>
          </ns3:TrackPointExtension>
        </extensions>
      </trkpt>
      <trkpt lat="35.9718494117259979248046875" lon="-81.11288976855576038360595703125">
        <ele>463.20001220703125</ele>
        <time>2026-02-15T15:15:13.000Z</time>
        <extensions>
          <ns3:TrackPointExtension>
            <ns3:hr>160</ns3:hr>
            <ns3:cad>0</ns3:cad>
          </ns3:TrackPointExtension>
        </extensions>
      </trkpt>
      <trkpt lat="35.97184647805988788604736328125" lon="-81.11289949156343936920166015625">
        <ele>462.600006103515625</ele>
        <time>2026-02-15T15:15:15.000Z</time>
        <extensions>
          <ns3:TrackPointExtension>
            <ns3:hr>159</ns3:hr>
            <ns3:cad>0</ns3:cad>
          </ns3:TrackPointExtension>
        </extensions>
      </trkpt>
      <trkpt lat="35.97184580750763416290283203125" lon="-81.1129156686365604400634765625">
        <ele>462</ele>
        <time>2026-02-15T15:15:17.000Z</time>
        <extensions>
          <ns3:TrackPointExtension>
            <ns3:hr>158</ns3:hr>
            <ns3:cad>0</ns3:cad>
          </ns3:TrackPointExtension>
        </extensions>
      </trkpt>
      <trkpt lat="35.9718334861099720001220703125" lon="-81.1129203625023365020751953125">
        <ele>461.20001220703125</ele>
        <time>2026-02-15T15:15:22.000Z</time>
        <extensions>
          <ns3:TrackPointExtension>
            <ns3:hr>157</ns3:hr>
            <ns3:cad>0</ns3:cad>
          </ns3:TrackPointExtension>
        </extensions>
      </trkpt>
      <trkpt lat="35.9718324802815914154052734375" lon="-81.112919859588146209716796875">
        <ele>461</ele>
        <time>2026-02-15T15:15:23.000Z</time>
        <extensions>
          <ns3:TrackPointExtension>
            <ns3:hr>155</ns3:hr>
            <ns3:cad>0</ns3:cad>
          </ns3:TrackPointExtension>
        </extensions>
      </trkpt>
      <trkpt lat="35.97183893434703350067138671875" lon="-81.11289747990667819976806640625">
        <ele>461</ele>
        <time>2026-02-15T15:15:28.000Z</time>
        <extensions>
          <ns3:TrackPointExtension>
            <ns3:hr>158</ns3:hr>
            <ns3:cad>0</ns3:cad>
          </ns3:TrackPointExtension>
        </extensions>
      </trkpt>
      <trkpt lat="35.971841700375080108642578125" lon="-81.1128891818225383758544921875">
        <ele>461.20001220703125</ele>
        <time>2026-02-15T15:15:30.000Z</time>
        <extensions>
          <ns3:TrackPointExtension>
            <ns3:hr>158</ns3:hr>
            <ns3:cad>0</ns3:cad>
          </ns3:TrackPointExtension>
        </extensions>
      </trkpt>
      <trkpt lat="35.9718445502221584320068359375" lon="-81.11287451349198818206787109375">
        <ele>461.399993896484375</ele>
        <time>2026-02-15T15:15:33.000Z</time>
        <extensions>
          <ns3:TrackPointExtension>
            <ns3:hr>155</ns3:hr>
            <ns3:cad>0</ns3:cad>
          </ns3:TrackPointExtension>
        </extensions>
      </trkpt>
      <trkpt lat="35.97183742560446262359619140625" lon="-81.112872920930385589599609375">
        <ele>462</ele>
        <time>2026-02-15T15:15:36.000Z</time>
        <extensions>
          <ns3:TrackPointExtension>
            <ns3:hr>153</ns3:hr>
            <ns3:cad>0</ns3:cad>
          </ns3:TrackPointExtension>
        </extensions>
      </trkpt>
      <trkpt lat="35.9718271158635616302490234375" lon="-81.1128871701657772064208984375">
        <ele>463.20001220703125</ele>
        <time>2026-02-15T15:15:39.000Z</time>
        <extensions>
          <ns3:TrackPointExtension>
            <ns3:hr>152</ns3:hr>
            <ns3:cad>0</ns3:cad>
          </ns3:TrackPointExtension>
        </extensions>
      </trkpt>
      <trkpt lat="35.971799455583095550537109375" lon="-81.1129009164869785308837890625">
        <ele>464.399993896484375</ele>
        <time>2026-02-15T15:15:42.000Z</time>
        <extensions>
          <ns3:TrackPointExtension>
            <ns3:hr>153</ns3:hr>
            <ns3:cad>46</ns3:cad>
          </ns3:TrackPointExtension>
        </extensions>
      </trkpt>
      <trkpt lat="35.9717919118702411651611328125" lon="-81.11290351487696170806884765625">
        <ele>464.600006103515625</ele>
        <time>2026-02-15T15:15:43.000Z</time>
        <extensions>
          <ns3:TrackPointExtension>
            <ns3:hr>152</ns3:hr>
            <ns3:cad>46</ns3:cad>
          </ns3:TrackPointExtension>
        </extensions>
      </trkpt>
      <trkpt lat="35.97178763709962368011474609375" lon="-81.1129005812108516693115234375">
        <ele>465.399993896484375</ele>
        <time>2026-02-15T15:15:47.000Z</time>
        <extensions>
          <ns3:TrackPointExtension>
            <ns3:hr>152</ns3:hr>
            <ns3:cad>0</ns3:cad>
          </ns3:TrackPointExtension>
        </extensions>
      </trkpt>
      <trkpt lat="35.9717795066535472869873046875" lon="-81.1129304207861423492431640625">
        <ele>465.600006103515625</ele>
        <time>2026-02-15T15:15:50.000Z</time>
        <extensions>
          <ns3:TrackPointExtension>
            <ns3:hr>151</ns3:hr>
            <ns3:cad>44</ns3:cad>
          </ns3:TrackPointExtension>
        </extensions>
      </trkpt>
      <trkpt lat="35.971762239933013916015625" lon="-81.1129196919500827789306640625">
        <ele>465</ele>
        <time>2026-02-15T15:15:56.000Z</time>
        <extensions>
          <ns3:TrackPointExtension>
            <ns3:hr>150</ns3:hr>
            <ns3:cad>51</ns3:cad>
          </ns3:TrackPointExtension>
        </extensions>
      </trkpt>
      <trkpt lat="35.97175779752433300018310546875" lon="-81.11290737055242061614990234375">
        <ele>465</ele>
        <time>2026-02-15T15:16:04.000Z</time>
        <extensions>
          <ns3:TrackPointExtension>
            <ns3:hr>150</ns3:hr>
            <ns3:cad>0</ns3:cad>
          </ns3:TrackPointExtension>
        </extensions>
      </trkpt>
      <trkpt lat="35.97176215611398220062255859375" lon="-81.1128942109644412994384765625">
        <ele>466.20001220703125</ele>
        <time>2026-02-15T15:16:11.000Z</time>
        <extensions>
          <ns3:TrackPointExtension>
            <ns3:hr>152</ns3:hr>
            <ns3:cad>0</ns3:cad>
          </ns3:TrackPointExtension>
        </extensions>
      </trkpt>
      <trkpt lat="35.97173742949962615966796875" lon="-81.11290351487696170806884765625">
        <ele>466.399993896484375</ele>
        <time>2026-02-15T15:16:14.000Z</time>
        <extensions>
          <ns3:TrackPointExtension>
            <ns3:hr>154</ns3:hr>
            <ns3:cad>0</ns3:cad>
          </ns3:TrackPointExtension>
        </extensions>
      </trkpt>
      <trkpt lat="35.97172024659812450408935546875" lon="-81.1129136569797992706298828125">
        <ele>466.600006103515625</ele>
        <time>2026-02-15T15:16:17.000Z</time>
        <extensions>
          <ns3:TrackPointExtension>
            <ns3:hr>152</ns3:hr>
            <ns3:cad>0</ns3:cad>
          </ns3:TrackPointExtension>
        </extensions>
      </trkpt>
      <trkpt lat="35.97169275395572185516357421875" lon="-81.11291927285492420196533203125">
        <ele>467</ele>
        <time>2026-02-15T15:16:25.000Z</time>
        <extensions>
          <ns3:TrackPointExtension>
            <ns3:hr>150</ns3:hr>
            <ns3:cad>0</ns3:cad>
          </ns3:TrackPointExtension>
        </extensions>
      </trkpt>
      <trkpt lat="35.97168252803385257720947265625" lon="-81.11291441135108470916748046875">
        <ele>467.600006103515625</ele>
        <time>2026-02-15T15:16:30.000Z</time>
        <extensions>
          <ns3:TrackPointExtension>
            <ns3:hr>149</ns3:hr>
            <ns3:cad>0</ns3:cad>
          </ns3:TrackPointExtension>
        </extensions>
      </trkpt>
      <trkpt lat="35.971692167222499847412109375" lon="-81.11288239248096942901611328125">
        <ele>468.79998779296875</ele>
        <time>2026-02-15T15:16:36.000Z</time>
        <extensions>
          <ns3:TrackPointExtension>
            <ns3:hr>150</ns3:hr>
            <ns3:cad>62</ns3:cad>
          </ns3:TrackPointExtension>
        </extensions>
      </trkpt>
      <trkpt lat="35.971677415072917938232421875" lon="-81.11286294646561145782470703125">
        <ele>469.600006103515625</ele>
        <time>2026-02-15T15:16:39.000Z</time>
        <extensions>
          <ns3:TrackPointExtension>
            <ns3:hr>150</ns3:hr>
            <ns3:cad>0</ns3:cad>
          </ns3:TrackPointExtension>
        </extensions>
      </trkpt>
      <trkpt lat="35.971662998199462890625" lon="-81.1128559894859790802001953125">
        <ele>470</ele>
        <time>2026-02-15T15:16:41.000Z</time>
        <extensions>
          <ns3:TrackPointExtension>
            <ns3:hr>152</ns3:hr>
            <ns3:cad>0</ns3:cad>
          </ns3:TrackPointExtension>
        </extensions>
      </trkpt>
      <trkpt lat="35.9716584719717502593994140625" lon="-81.11283662728965282440185546875">
        <ele>471</ele>
        <time>2026-02-15T15:16:46.000Z</time>
        <extensions>
          <ns3:TrackPointExtension>
            <ns3:hr>153</ns3:hr>
            <ns3:cad>0</ns3:cad>
          </ns3:TrackPointExtension>
        </extensions>
      </trkpt>
      <trkpt lat="35.9716562926769256591796875" lon="-81.1128372140228748321533203125">
        <ele>472.20001220703125</ele>
        <time>2026-02-15T15:16:52.000Z</time>
        <extensions>
          <ns3:TrackPointExtension>
            <ns3:hr>155</ns3:hr>
            <ns3:cad>0</ns3:cad>
          </ns3:TrackPointExtension>
        </extensions>
      </trkpt>
      <trkpt lat="35.971607677638530731201171875" lon="-81.11288457177579402923583984375">
        <ele>471.399993896484375</ele>
        <time>2026-02-15T15:16:59.000Z</time>
        <extensions>
          <ns3:TrackPointExtension>
            <ns3:hr>157</ns3:hr>
            <ns3:cad>0</ns3:cad>
          </ns3:TrackPointExtension>
        </extensions>
      </trkpt>
      <trkpt lat="35.97160239703953266143798828125" lon="-81.11288591288030147552490234375">
        <ele>471</ele>
        <time>2026-02-15T15:17:01.000Z</time>
        <extensions>
          <ns3:TrackPointExtension>
            <ns3:hr>158</ns3:hr>
            <ns3:cad>0</ns3:cad>
          </ns3:TrackPointExtension>
        </extensions>
      </trkpt>
      <trkpt lat="35.9716058336198329925537109375" lon="-81.1128630302846431732177734375">
        <ele>470.20001220703125</ele>
        <time>2026-02-15T15:17:07.000Z</time>
        <extensions>
          <ns3:TrackPointExtension>
            <ns3:hr>157</ns3:hr>
            <ns3:cad>0</ns3:cad>
          </ns3:TrackPointExtension>
        </extensions>
      </trkpt>
      <trkpt lat="35.97159770317375659942626953125" lon="-81.11285272054374217987060546875">
        <ele>470.20001220703125</ele>
        <time>2026-02-15T15:17:12.000Z</time>
        <extensions>
          <ns3:TrackPointExtension>
            <ns3:hr>160</ns3:hr>
            <ns3:cad>0</ns3:cad>
          </ns3:TrackPointExtension>
        </extensions>
      </trkpt>
      <trkpt lat="35.971595607697963714599609375" lon="-81.11284802667796611785888671875">
        <ele>470.399993896484375</ele>
        <time>2026-02-15T15:17:15.000Z</time>
        <extensions>
          <ns3:TrackPointExtension>
            <ns3:hr>158</ns3:hr>
            <ns3:cad>0</ns3:cad>
          </ns3:TrackPointExtension>
        </extensions>
      </trkpt>
      <trkpt lat="35.9715991280972957611083984375" lon="-81.11284383572638034820556640625">
        <ele>470.399993896484375</ele>
        <time>2026-02-15T15:17:18.000Z</time>
        <extensions>
          <ns3:TrackPointExtension>
            <ns3:hr>155</ns3:hr>
            <ns3:cad>0</ns3:cad>
          </ns3:TrackPointExtension>
        </extensions>
      </trkpt>
      <trkpt lat="35.97160122357308864593505859375" lon="-81.1128439195454120635986328125">
        <ele>470.600006103515625</ele>
        <time>2026-02-15T15:17:20.000Z</time>
        <extensions>
          <ns3:TrackPointExtension>
            <ns3:hr>151</ns3:hr>
            <ns3:cad>0</ns3:cad>
          </ns3:TrackPointExtension>
        </extensions>
      </trkpt>
      <trkpt lat="35.971609689295291900634765625" lon="-81.11285238526761531829833984375">
        <ele>470.600006103515625</ele>
        <time>2026-02-15T15:17:24.000Z</time>
        <extensions>
          <ns3:TrackPointExtension>
            <ns3:hr>148</ns3:hr>
            <ns3:cad>0</ns3:cad>
          </ns3:TrackPointExtension>
        </extensions>
      </trkpt>
      <trkpt lat="35.97161496989428997039794921875" lon="-81.11284978687763214111328125">
        <ele>470.600006103515625</ele>
        <time>2026-02-15T15:17:25.000Z</time>
        <extensions>
          <ns3:TrackPointExtension>
            <ns3:hr>148</ns3:hr>
            <ns3:cad>0</ns3:cad>
          </ns3:TrackPointExtension>
        </extensions>
      </trkpt>
      <trkpt lat="35.97162201069295406341552734375" lon="-81.11284467391669750213623046875">
        <ele>470.600006103515625</ele>
        <time>2026-02-15T15:17:28.000Z</time>
        <extensions>
          <ns3:TrackPointExtension>
            <ns3:hr>145</ns3:hr>
            <ns3:cad>0</ns3:cad>
          </ns3:TrackPointExtension>
        </extensions>
      </trkpt>
      <trkpt lat="35.9716282971203327178955078125" lon="-81.11284266225993633270263671875">
        <ele>470.600006103515625</ele>
        <time>2026-02-15T15:17:31.000Z</time>
        <extensions>
          <ns3:TrackPointExtension>
            <ns3:hr>142</ns3:hr>
            <ns3:cad>0</ns3:cad>
          </ns3:TrackPointExtension>
        </extensions>
      </trkpt>
      <trkpt lat="35.9716293029487133026123046875" lon="-81.112846434116363525390625">
        <ele>470.600006103515625</ele>
        <time>2026-02-15T15:17:34.000Z</time>
        <extensions>
          <ns3:TrackPointExtension>
            <ns3:hr>140</ns3:hr>
            <ns3:cad>0</ns3:cad>
          </ns3:TrackPointExtension>
        </extensions>
      </trkpt>
      <trkpt lat="35.97162083722651004791259765625" lon="-81.11285976134240627288818359375">
        <ele>470.600006103515625</ele>
        <time>2026-02-15T15:17:41.000Z</time>
        <extensions>
          <ns3:TrackPointExtension>
            <ns3:hr>137</ns3:hr>
            <ns3:cad>0</ns3:cad>
          </ns3:TrackPointExtension>
        </extensions>
      </trkpt>
      <trkpt lat="35.97162435762584209442138671875" lon="-81.11285590566694736480712890625">
        <ele>470.600006103515625</ele>
        <time>2026-02-15T15:17:43.000Z</time>
        <extensions>
          <ns3:TrackPointExtension>
            <ns3:hr>135</ns3:hr>
            <ns3:cad>0</ns3:cad>
          </ns3:TrackPointExtension>
        </extensions>
      </trkpt>
      <trkpt lat="35.9716195799410343170166015625" lon="-81.1128516308963298797607421875">
        <ele>470.79998779296875</ele>
        <time>2026-02-15T15:17:48.000Z</time>
        <extensions>
          <ns3:TrackPointExtension>
            <ns3:hr>132</ns3:hr>
            <ns3:cad>0</ns3:cad>
          </ns3:TrackPointExtension>
        </extensions>
      </trkpt>
      <trkpt lat="35.97162452526390552520751953125" lon="-81.11284500919282436370849609375">
        <ele>470.79998779296875</ele>
        <time>2026-02-15T15:17:51.000Z</time>
        <extensions>
          <ns3:TrackPointExtension>
            <ns3:hr>129</ns3:hr>
            <ns3:cad>0</ns3:cad>
          </ns3:TrackPointExtension>
        </extensions>
      </trkpt>
      <trkpt lat="35.97162016667425632476806640625" lon="-81.112846434116363525390625">
        <ele>470.79998779296875</ele>
        <time>2026-02-15T15:17:53.000Z</time>
        <extensions>
          <ns3:TrackPointExtension>
            <ns3:hr>129</ns3:hr>
            <ns3:cad>0</ns3:cad>
          </ns3:TrackPointExtension>
        </extensions>
      </trkpt>
      <trkpt lat="35.9716152213513851165771484375" lon="-81.11283780075609683990478515625">
        <ele>470.79998779296875</ele>
        <time>2026-02-15T15:18:02.000Z</time>
        <extensions>
          <ns3:TrackPointExtension>
            <ns3:hr>127</ns3:hr>
            <ns3:cad>0</ns3:cad>
          </ns3:TrackPointExtension>
        </extensions>
      </trkpt>
      <trkpt lat="35.97162620164453983306884765625" lon="-81.1128432489931583404541015625">
        <ele>470.79998779296875</ele>
        <time>2026-02-15T15:18:11.000Z</time>
        <extensions>
          <ns3:TrackPointExtension>
            <ns3:hr>126</ns3:hr>
            <ns3:cad>0</ns3:cad>
          </ns3:TrackPointExtension>
        </extensions>
      </trkpt>
      <trkpt lat="35.97162544727325439453125" lon="-81.11283235251903533935546875">
        <ele>471</ele>
        <time>2026-02-15T15:18:20.000Z</time>
        <extensions>
          <ns3:TrackPointExtension>
            <ns3:hr>128</ns3:hr>
            <ns3:cad>0</ns3:cad>
          </ns3:TrackPointExtension>
        </extensions>
      </trkpt>
      <trkpt lat="35.971597619354724884033203125" lon="-81.11287568695843219757080078125">
        <ele>470.600006103515625</ele>
        <time>2026-02-15T15:18:29.000Z</time>
        <extensions>
          <ns3:TrackPointExtension>
            <ns3:hr>128</ns3:hr>
            <ns3:cad>0</ns3:cad>
          </ns3:TrackPointExtension>
        </extensions>
      </trkpt>
      <trkpt lat="35.97157423384487628936767578125" lon="-81.11292832531034946441650390625">
        <ele>470</ele>
        <time>2026-02-15T15:18:33.000Z</time>
        <extensions>
          <ns3:TrackPointExtension>
            <ns3:hr>127</ns3:hr>
            <ns3:cad>0</ns3:cad>
          </ns3:TrackPointExtension>
        </extensions>
      </trkpt>
      <trkpt lat="35.97156099043786525726318359375" lon="-81.11294743604958057403564453125">
        <ele>469.79998779296875</ele>
        <time>2026-02-15T15:18:35.000Z</time>
        <extensions>
          <ns3:TrackPointExtension>
            <ns3:hr>127</ns3:hr>
            <ns3:cad>41</ns3:cad>
          </ns3:TrackPointExtension>
        </extensions>
      </trkpt>
      <trkpt lat="35.9715122915804386138916015625" lon="-81.11302806995809078216552734375">
        <ele>469.600006103515625</ele>
        <time>2026-02-15T15:18:44.000Z</time>
        <extensions>
          <ns3:TrackPointExtension>
            <ns3:hr>127</ns3:hr>
            <ns3:cad>0</ns3:cad>
          </ns3:TrackPointExtension>
        </extensions>
      </trkpt>
      <trkpt lat="35.97147096879780292510986328125" lon="-81.11307618208229541778564453125">
        <ele>469.20001220703125</ele>
        <time>2026-02-15T15:18:51.000Z</time>
        <extensions>
          <ns3:TrackPointExtension>
            <ns3:hr>126</ns3:hr>
            <ns3:cad>0</ns3:cad>
          </ns3:TrackPointExtension>
        </extensions>
      </trkpt>
      <trkpt lat="35.97146007232367992401123046875" lon="-81.11310032196342945098876953125">
        <ele>469</ele>
        <time>2026-02-15T15:18:55.000Z</time>
        <extensions>
          <ns3:TrackPointExtension>
            <ns3:hr>127</ns3:hr>
            <ns3:cad>49</ns3:cad>
          </ns3:TrackPointExtension>
        </extensions>
      </trkpt>
      <trkpt lat="35.97143861465156078338623046875" lon="-81.11313736997544765472412109375">
        <ele>468.79998779296875</ele>
        <time>2026-02-15T15:18:58.000Z</time>
        <extensions>
          <ns3:TrackPointExtension>
            <ns3:hr>129</ns3:hr>
            <ns3:cad>49</ns3:cad>
          </ns3:TrackPointExtension>
        </extensions>
      </trkpt>
      <trkpt lat="35.97138740122318267822265625" lon="-81.11317031085491180419921875">
        <ele>469</ele>
        <time>2026-02-15T15:19:06.000Z</time>
        <extensions>
          <ns3:TrackPointExtension>
            <ns3:hr>129</ns3:hr>
            <ns3:cad>45</ns3:cad>
          </ns3:TrackPointExtension>
        </extensions>
      </trkpt>
      <trkpt lat="35.97136116586625576019287109375" lon="-81.11319604329764842987060546875">
        <ele>468.399993896484375</ele>
        <time>2026-02-15T15:19:11.000Z</time>
        <extensions>
          <ns3:TrackPointExtension>
            <ns3:hr>132</ns3:hr>
            <ns3:cad>45</ns3:cad>
          </ns3:TrackPointExtension>
        </extensions>
      </trkpt>
      <trkpt lat="35.9713637642562389373779296875" lon="-81.113204173743724822998046875">
        <ele>468.600006103515625</ele>
        <time>2026-02-15T15:19:13.000Z</time>
        <extensions>
          <ns3:TrackPointExtension>
            <ns3:hr>135</ns3:hr>
            <ns3:cad>45</ns3:cad>
          </ns3:TrackPointExtension>
        </extensions>
      </trkpt>
      <trkpt lat="35.97135412506759166717529296875" lon="-81.1132150702178478240966796875">
        <ele>468.600006103515625</ele>
        <time>2026-02-15T15:19:17.000Z</time>
        <extensions>
          <ns3:TrackPointExtension>
            <ns3:hr>138</ns3:hr>
            <ns3:cad>0</ns3:cad>
          </ns3:TrackPointExtension>
        </extensions>
      </trkpt>
      <trkpt lat="35.97134121693670749664306640625" lon="-81.11321750096976757049560546875">
        <ele>468.600006103515625</ele>
        <time>2026-02-15T15:19:20.000Z</time>
        <extensions>
          <ns3:TrackPointExtension>
            <ns3:hr>137</ns3:hr>
            <ns3:cad>0</ns3:cad>
          </ns3:TrackPointExtension>
        </extensions>
      </trkpt>
      <trkpt lat="35.97130182199180126190185546875" lon="-81.1132328398525714874267578125">
        <ele>469.79998779296875</ele>
        <time>2026-02-15T15:19:27.000Z</time>
        <extensions>
          <ns3:TrackPointExtension>
            <ns3:hr>138</ns3:hr>
            <ns3:cad>77</ns3:cad>
          </ns3:TrackPointExtension>
        </extensions>
      </trkpt>
      <trkpt lat="35.971285812556743621826171875" lon="-81.1132462508976459503173828125">
        <ele>470</ele>
        <time>2026-02-15T15:19:29.000Z</time>
        <extensions>
          <ns3:TrackPointExtension>
            <ns3:hr>138</ns3:hr>
            <ns3:cad>44</ns3:cad>
          </ns3:TrackPointExtension>
        </extensions>
      </trkpt>
      <trkpt lat="35.97126041539013385772705078125" lon="-81.113269887864589691162109375">
        <ele>470.399993896484375</ele>
        <time>2026-02-15T15:19:33.000Z</time>
        <extensions>
          <ns3:TrackPointExtension>
            <ns3:hr>137</ns3:hr>
            <ns3:cad>0</ns3:cad>
          </ns3:TrackPointExtension>
        </extensions>
      </trkpt>
      <trkpt lat="35.971234850585460662841796875" lon="-81.11326226033270359039306640625">
        <ele>470.79998779296875</ele>
        <time>2026-02-15T15:19:40.000Z</time>
        <extensions>
          <ns3:TrackPointExtension>
            <ns3:hr>137</ns3:hr>
            <ns3:cad>0</ns3:cad>
          </ns3:TrackPointExtension>
        </extensions>
      </trkpt>
      <trkpt lat="35.9712182544171810150146484375" lon="-81.113256476819515228271484375">
        <ele>471.20001220703125</ele>
        <time>2026-02-15T15:19:42.000Z</time>
        <extensions>
          <ns3:TrackPointExtension>
            <ns3:hr>137</ns3:hr>
            <ns3:cad>0</ns3:cad>
          </ns3:TrackPointExtension>
        </extensions>
      </trkpt>
      <trkpt lat="35.97121582366526126861572265625" lon="-81.1132385395467281341552734375">
        <ele>472.399993896484375</ele>
        <time>2026-02-15T15:19:45.000Z</time>
        <extensions>
          <ns3:TrackPointExtension>
            <ns3:hr>136</ns3:hr>
            <ns3:cad>0</ns3:cad>
          </ns3:TrackPointExtension>
        </extensions>
      </trkpt>
      <trkpt lat="35.97121448256075382232666015625" lon="-81.113227643072605133056640625">
        <ele>473.79998779296875</ele>
        <time>2026-02-15T15:19:48.000Z</time>
        <extensions>
          <ns3:TrackPointExtension>
            <ns3:hr>137</ns3:hr>
            <ns3:cad>0</ns3:cad>
          </ns3:TrackPointExtension>
        </extensions>
      </trkpt>
      <trkpt lat="35.971212722361087799072265625" lon="-81.1132241226732730865478515625">
        <ele>474</ele>
        <time>2026-02-15T15:19:49.000Z</time>
        <extensions>
          <ns3:TrackPointExtension>
            <ns3:hr>138</ns3:hr>
            <ns3:cad>0</ns3:cad>
          </ns3:TrackPointExtension>
        </extensions>
      </trkpt>
      <trkpt lat="35.9712098725140094757080078125" lon="-81.1132063530385494232177734375">
        <ele>474.79998779296875</ele>
        <time>2026-02-15T15:19:54.000Z</time>
        <extensions>
          <ns3:TrackPointExtension>
            <ns3:hr>138</ns3:hr>
            <ns3:cad>0</ns3:cad>
          </ns3:TrackPointExtension>
        </extensions>
      </trkpt>
      <trkpt lat="35.9711998142302036285400390625" lon="-81.11319847404956817626953125">
        <ele>475</ele>
        <time>2026-02-15T15:19:56.000Z</time>
        <extensions>
          <ns3:TrackPointExtension>
            <ns3:hr>137</ns3:hr>
            <ns3:cad>0</ns3:cad>
          </ns3:TrackPointExtension>
        </extensions>
      </trkpt>
      <trkpt lat="35.971179194748401641845703125" lon="-81.11319671384990215301513671875">
        <ele>476</ele>
        <time>2026-02-15T15:19:59.000Z</time>
        <extensions>
          <ns3:TrackPointExtension>
            <ns3:hr>137</ns3:hr>
            <ns3:cad>0</ns3:cad>
          </ns3:TrackPointExtension>
        </extensions>
      </trkpt>
      <trkpt lat="35.97118447534739971160888671875" lon="-81.113179028034210205078125">
        <ele>477</ele>
        <time>2026-02-15T15:20:04.000Z</time>
        <extensions>
          <ns3:TrackPointExtension>
            <ns3:hr>136</ns3:hr>
            <ns3:cad>78</ns3:cad>
          </ns3:TrackPointExtension>
        </extensions>
      </trkpt>
      <trkpt lat="35.971183888614177703857421875" lon="-81.11314457841217517852783203125">
        <ele>477.79998779296875</ele>
        <time>2026-02-15T15:20:09.000Z</time>
        <extensions>
          <ns3:TrackPointExtension>
            <ns3:hr>138</ns3:hr>
            <ns3:cad>0</ns3:cad>
          </ns3:TrackPointExtension>
        </extensions>
      </trkpt>
      <trkpt lat="35.97118246369063854217529296875" lon="-81.113141812384128570556640625">
        <ele>478</ele>
        <time>2026-02-15T15:20:10.000Z</time>
        <extensions>
          <ns3:TrackPointExtension>
            <ns3:hr>139</ns3:hr>
            <ns3:cad>0</ns3:cad>
          </ns3:TrackPointExtension>
        </extensions>
      </trkpt>
      <trkpt lat="35.97114860080182552337646484375" lon="-81.11315689980983734130859375">
        <ele>478.600006103515625</ele>
        <time>2026-02-15T15:20:15.000Z</time>
        <extensions>
          <ns3:TrackPointExtension>
            <ns3:hr>138</ns3:hr>
            <ns3:cad>0</ns3:cad>
          </ns3:TrackPointExtension>
        </extensions>
      </trkpt>
      <trkpt lat="35.971105434000492095947265625" lon="-81.11318212933838367462158203125">
        <ele>478.79998779296875</ele>
        <time>2026-02-15T15:20:22.000Z</time>
        <extensions>
          <ns3:TrackPointExtension>
            <ns3:hr>138</ns3:hr>
            <ns3:cad>0</ns3:cad>
          </ns3:TrackPointExtension>
        </extensions>
      </trkpt>
      <trkpt lat="35.97107827663421630859375" lon="-81.1132154054939746856689453125">
        <ele>479</ele>
        <time>2026-02-15T15:20:27.000Z</time>
        <extensions>
          <ns3:TrackPointExtension>
            <ns3:hr>139</ns3:hr>
            <ns3:cad>0</ns3:cad>
          </ns3:TrackPointExtension>
        </extensions>
      </trkpt>
      <trkpt lat="35.97103871405124664306640625" lon="-81.1132514476776123046875">
        <ele>478.20001220703125</ele>
        <time>2026-02-15T15:20:33.000Z</time>
        <extensions>
          <ns3:TrackPointExtension>
            <ns3:hr>138</ns3:hr>
            <ns3:cad>0</ns3:cad>
          </ns3:TrackPointExtension>
        </extensions>
      </trkpt>
      <trkpt lat="35.9710204415023326873779296875" lon="-81.11327734775841236114501953125">
        <ele>477</ele>
        <time>2026-02-15T15:20:38.000Z</time>
        <extensions>
          <ns3:TrackPointExtension>
            <ns3:hr>138</ns3:hr>
            <ns3:cad>0</ns3:cad>
          </ns3:TrackPointExtension>
        </extensions>
      </trkpt>
      <trkpt lat="35.97100920975208282470703125" lon="-81.1132998950779438018798828125">
        <ele>476.20001220703125</ele>
        <time>2026-02-15T15:20:41.000Z</time>
        <extensions>
          <ns3:TrackPointExtension>
            <ns3:hr>137</ns3:hr>
            <ns3:cad>0</ns3:cad>
          </ns3:TrackPointExtension>
        </extensions>
      </trkpt>
      <trkpt lat="35.97100812010467052459716796875" lon="-81.1133089475333690643310546875">
        <ele>475.79998779296875</ele>
        <time>2026-02-15T15:20:42.000Z</time>
        <extensions>
          <ns3:TrackPointExtension>
            <ns3:hr>138</ns3:hr>
            <ns3:cad>0</ns3:cad>
          </ns3:TrackPointExtension>
        </extensions>
      </trkpt>
      <trkpt lat="35.97099923528730869293212890625" lon="-81.11332587897777557373046875">
        <ele>475</ele>
        <time>2026-02-15T15:20:44.000Z</time>
        <extensions>
          <ns3:TrackPointExtension>
            <ns3:hr>141</ns3:hr>
            <ns3:cad>0</ns3:cad>
          </ns3:TrackPointExtension>
        </extensions>
      </trkpt>
      <trkpt lat="35.9709937870502471923828125" lon="-81.1133317463099956512451171875">
        <ele>474.600006103515625</ele>
        <time>2026-02-15T15:20:45.000Z</time>
        <extensions>
          <ns3:TrackPointExtension>
            <ns3:hr>141</ns3:hr>
            <ns3:cad>0</ns3:cad>
          </ns3:TrackPointExtension>
        </extensions>
      </trkpt>
      <trkpt lat="35.970976017415523529052734375" lon="-81.113346330821514129638671875">
        <ele>474.20001220703125</ele>
        <time>2026-02-15T15:20:47.000Z</time>
        <extensions>
          <ns3:TrackPointExtension>
            <ns3:hr>141</ns3:hr>
            <ns3:cad>0</ns3:cad>
          </ns3:TrackPointExtension>
        </extensions>
      </trkpt>
      <trkpt lat="35.970974676311016082763671875" lon="-81.11339402385056018829345703125">
        <ele>473.79998779296875</ele>
        <time>2026-02-15T15:20:54.000Z</time>
        <extensions>
          <ns3:TrackPointExtension>
            <ns3:hr>141</ns3:hr>
            <ns3:cad>0</ns3:cad>
          </ns3:TrackPointExtension>
        </extensions>
      </trkpt>
      <trkpt lat="35.97098045982420444488525390625" lon="-81.1133974604308605194091796875">
        <ele>473.600006103515625</ele>
        <time>2026-02-15T15:20:55.000Z</time>
        <extensions>
          <ns3:TrackPointExtension>
            <ns3:hr>140</ns3:hr>
            <ns3:cad>0</ns3:cad>
          </ns3:TrackPointExtension>
        </extensions>
      </trkpt>
      <trkpt lat="35.9709899313747882843017578125" lon="-81.11341984011232852935791015625">
        <ele>472.399993896484375</ele>
        <time>2026-02-15T15:20:58.000Z</time>
        <extensions>
          <ns3:TrackPointExtension>
            <ns3:hr>140</ns3:hr>
            <ns3:cad>0</ns3:cad>
          </ns3:TrackPointExtension>
        </extensions>
      </trkpt>
      <trkpt lat="35.97099605016410350799560546875" lon="-81.1134360171854496002197265625">
        <ele>471.600006103515625</ele>
        <time>2026-02-15T15:21:00.000Z</time>
        <extensions>
          <ns3:TrackPointExtension>
            <ns3:hr>140</ns3:hr>
            <ns3:cad>52</ns3:cad>
          </ns3:TrackPointExtension>
        </extensions>
      </trkpt>
      <trkpt lat="35.97099579870700836181640625" lon="-81.1134427227079868316650390625">
        <ele>471.399993896484375</ele>
        <time>2026-02-15T15:21:01.000Z</time>
        <extensions>
          <ns3:TrackPointExtension>
            <ns3:hr>140</ns3:hr>
            <ns3:cad>52</ns3:cad>
          </ns3:TrackPointExtension>
        </extensions>
      </trkpt>
      <trkpt lat="35.97098465077579021453857421875" lon="-81.11347532831132411956787109375">
        <ele>470.20001220703125</ele>
        <time>2026-02-15T15:21:07.000Z</time>
        <extensions>
          <ns3:TrackPointExtension>
            <ns3:hr>137</ns3:hr>
            <ns3:cad>52</ns3:cad>
          </ns3:TrackPointExtension>
        </extensions>
      </trkpt>
      <trkpt lat="35.97095682285726070404052734375" lon="-81.113475076854228973388671875">
        <ele>469.79998779296875</ele>
        <time>2026-02-15T15:21:14.000Z</time>
        <extensions>
          <ns3:TrackPointExtension>
            <ns3:hr>137</ns3:hr>
            <ns3:cad>52</ns3:cad>
          </ns3:TrackPointExtension>
        </extensions>
      </trkpt>
      <trkpt lat="35.97095279954373836517333984375" lon="-81.11348605714738368988037109375">
        <ele>471.399993896484375</ele>
        <time>2026-02-15T15:21:19.000Z</time>
        <extensions>
          <ns3:TrackPointExtension>
            <ns3:hr>135</ns3:hr>
            <ns3:cad>52</ns3:cad>
          </ns3:TrackPointExtension>
        </extensions>
      </trkpt>
      <trkpt lat="35.97095313481986522674560546875" lon="-81.1134933494031429290771484375">
        <ele>471.399993896484375</ele>
        <time>2026-02-15T15:21:20.000Z</time>
        <extensions>
          <ns3:TrackPointExtension>
            <ns3:hr>135</ns3:hr>
            <ns3:cad>52</ns3:cad>
          </ns3:TrackPointExtension>
        </extensions>
      </trkpt>
      <trkpt lat="35.97095497883856296539306640625" lon="-81.11349812708795070648193359375">
        <ele>471.399993896484375</ele>
        <time>2026-02-15T15:21:21.000Z</time>
        <extensions>
          <ns3:TrackPointExtension>
            <ns3:hr>135</ns3:hr>
            <ns3:cad>0</ns3:cad>
          </ns3:TrackPointExtension>
        </extensions>
      </trkpt>
      <trkpt lat="35.970963947474956512451171875" lon="-81.1135265417397022247314453125">
        <ele>470.20001220703125</ele>
        <time>2026-02-15T15:21:24.000Z</time>
        <extensions>
          <ns3:TrackPointExtension>
            <ns3:hr>134</ns3:hr>
            <ns3:cad>0</ns3:cad>
          </ns3:TrackPointExtension>
        </extensions>
      </trkpt>
      <trkpt lat="35.97096537239849567413330078125" lon="-81.113537438213825225830078125">
        <ele>469.600006103515625</ele>
        <time>2026-02-15T15:21:26.000Z</time>
        <extensions>
          <ns3:TrackPointExtension>
            <ns3:hr>134</ns3:hr>
            <ns3:cad>0</ns3:cad>
          </ns3:TrackPointExtension>
        </extensions>
      </trkpt>
      <trkpt lat="35.9709728322923183441162109375" lon="-81.113545484840869903564453125">
        <ele>469.20001220703125</ele>
        <time>2026-02-15T15:21:27.000Z</time>
        <extensions>
          <ns3:TrackPointExtension>
            <ns3:hr>133</ns3:hr>
            <ns3:cad>0</ns3:cad>
          </ns3:TrackPointExtension>
        </extensions>
      </trkpt>
      <trkpt lat="35.9709785319864749908447265625" lon="-81.11356954090297222137451171875">
        <ele>468.20001220703125</ele>
        <time>2026-02-15T15:21:32.000Z</time>
        <extensions>
          <ns3:TrackPointExtension>
            <ns3:hr>131</ns3:hr>
            <ns3:cad>44</ns3:cad>
          </ns3:TrackPointExtension>
        </extensions>
      </trkpt>
      <trkpt lat="35.970986075699329376220703125" lon="-81.11357876099646091461181640625">
        <ele>468</ele>
        <time>2026-02-15T15:21:33.000Z</time>
        <extensions>
          <ns3:TrackPointExtension>
            <ns3:hr>131</ns3:hr>
            <ns3:cad>44</ns3:cad>
          </ns3:TrackPointExtension>
        </extensions>
      </trkpt>
      <trkpt lat="35.9710299968719482421875" lon="-81.1135728098452091217041015625">
        <ele>467.20001220703125</ele>
        <time>2026-02-15T15:21:38.000Z</time>
        <extensions>
          <ns3:TrackPointExtension>
            <ns3:hr>132</ns3:hr>
            <ns3:cad>53</ns3:cad>
          </ns3:TrackPointExtension>
        </extensions>
      </trkpt>
      <trkpt lat="35.97103309817612171173095703125" lon="-81.11356702633202075958251953125">
        <ele>467</ele>
        <time>2026-02-15T15:21:39.000Z</time>
        <extensions>
          <ns3:TrackPointExtension>
            <ns3:hr>132</ns3:hr>
            <ns3:cad>53</ns3:cad>
          </ns3:TrackPointExtension>
        </extensions>
      </trkpt>
      <trkpt lat="35.971033684909343719482421875" lon="-81.11354674212634563446044921875">
        <ele>466.79998779296875</ele>
        <time>2026-02-15T15:21:43.000Z</time>
        <extensions>
          <ns3:TrackPointExtension>
            <ns3:hr>130</ns3:hr>
            <ns3:cad>0</ns3:cad>
          </ns3:TrackPointExtension>
        </extensions>
      </trkpt>
      <trkpt lat="35.9710137359797954559326171875" lon="-81.113550178706645965576171875">
        <ele>467</ele>
        <time>2026-02-15T15:21:45.000Z</time>
        <extensions>
          <ns3:TrackPointExtension>
            <ns3:hr>130</ns3:hr>
            <ns3:cad>0</ns3:cad>
          </ns3:TrackPointExtension>
        </extensions>
      </trkpt>
      <trkpt lat="35.9709594212472438812255859375" lon="-81.113562248647212982177734375">
        <ele>467</ele>
        <time>2026-02-15T15:21:52.000Z</time>
        <extensions>
          <ns3:TrackPointExtension>
            <ns3:hr>128</ns3:hr>
            <ns3:cad>0</ns3:cad>
          </ns3:TrackPointExtension>
        </extensions>
      </trkpt>
      <trkpt lat="35.97095422446727752685546875" lon="-81.11357272602617740631103515625">
        <ele>465.79998779296875</ele>
        <time>2026-02-15T15:21:57.000Z</time>
        <extensions>
          <ns3:TrackPointExtension>
            <ns3:hr>127</ns3:hr>
            <ns3:cad>0</ns3:cad>
          </ns3:TrackPointExtension>
        </extensions>
      </trkpt>
      <trkpt lat="35.97094760276377201080322265625" lon="-81.113548837602138519287109375">
        <ele>466.20001220703125</ele>
        <time>2026-02-15T15:22:00.000Z</time>
        <extensions>
          <ns3:TrackPointExtension>
            <ns3:hr>127</ns3:hr>
            <ns3:cad>115</ns3:cad>
          </ns3:TrackPointExtension>
        </extensions>
      </trkpt>
      <trkpt lat="35.9709309227764606475830078125" lon="-81.1135392822325229644775390625">
        <ele>467.20001220703125</ele>
        <time>2026-02-15T15:22:02.000Z</time>
        <extensions>
          <ns3:TrackPointExtension>
            <ns3:hr>127</ns3:hr>
            <ns3:cad>62</ns3:cad>
          </ns3:TrackPointExtension>
        </extensions>
      </trkpt>
      <trkpt lat="35.97090686671435832977294921875" lon="-81.11353618092834949493408203125">
        <ele>468.20001220703125</ele>
        <time>2026-02-15T15:22:04.000Z</time>
        <extensions>
          <ns3:TrackPointExtension>
            <ns3:hr>126</ns3:hr>
            <ns3:cad>57</ns3:cad>
          </ns3:TrackPointExtension>
        </extensions>
      </trkpt>
      <trkpt lat="35.97087786532938480377197265625" lon="-81.1135359294712543487548828125">
        <ele>469</ele>
        <time>2026-02-15T15:22:07.000Z</time>
        <extensions>
          <ns3:TrackPointExtension>
            <ns3:hr>127</ns3:hr>
            <ns3:cad>57</ns3:cad>
          </ns3:TrackPointExtension>
        </extensions>
      </trkpt>
      <trkpt lat="35.97084869630634784698486328125" lon="-81.113538779318332672119140625">
        <ele>469.20001220703125</ele>
        <time>2026-02-15T15:22:10.000Z</time>
        <extensions>
          <ns3:TrackPointExtension>
            <ns3:hr>129</ns3:hr>
            <ns3:cad>57</ns3:cad>
          </ns3:TrackPointExtension>
        </extensions>
      </trkpt>
      <trkpt lat="35.970814414322376251220703125" lon="-81.1135463230311870574951171875">
        <ele>469.600006103515625</ele>
        <time>2026-02-15T15:22:13.000Z</time>
        <extensions>
          <ns3:TrackPointExtension>
            <ns3:hr>132</ns3:hr>
            <ns3:cad>0</ns3:cad>
          </ns3:TrackPointExtension>
        </extensions>
      </trkpt>
      <trkpt lat="35.9708051942288875579833984375" lon="-81.113545484840869903564453125">
        <ele>470</ele>
        <time>2026-02-15T15:22:15.000Z</time>
        <extensions>
          <ns3:TrackPointExtension>
            <ns3:hr>134</ns3:hr>
            <ns3:cad>0</ns3:cad>
          </ns3:TrackPointExtension>
        </extensions>
      </trkpt>
      <trkpt lat="35.9707939624786376953125" lon="-81.1135587282478809356689453125">
        <ele>470.399993896484375</ele>
        <time>2026-02-15T15:22:17.000Z</time>
        <extensions>
          <ns3:TrackPointExtension>
            <ns3:hr>136</ns3:hr>
            <ns3:cad>0</ns3:cad>
          </ns3:TrackPointExtension>
        </extensions>
      </trkpt>
      <trkpt lat="35.9707656316459178924560546875" lon="-81.11358873546123504638671875">
        <ele>470.20001220703125</ele>
        <time>2026-02-15T15:22:22.000Z</time>
        <extensions>
          <ns3:TrackPointExtension>
            <ns3:hr>138</ns3:hr>
            <ns3:cad>16</ns3:cad>
          </ns3:TrackPointExtension>
        </extensions>
      </trkpt>
      <trkpt lat="35.97073654644191265106201171875" lon="-81.11363693140447139739990234375">
        <ele>469.600006103515625</ele>
        <time>2026-02-15T15:22:29.000Z</time>
        <extensions>
          <ns3:TrackPointExtension>
            <ns3:hr>137</ns3:hr>
            <ns3:cad>0</ns3:cad>
          </ns3:TrackPointExtension>
        </extensions>
      </trkpt>
      <trkpt lat="35.97072548232972621917724609375" lon="-81.113656125962734222412109375">
        <ele>469.20001220703125</ele>
        <time>2026-02-15T15:22:34.000Z</time>
        <extensions>
          <ns3:TrackPointExtension>
            <ns3:hr>137</ns3:hr>
            <ns3:cad>0</ns3:cad>
          </ns3:TrackPointExtension>
        </extensions>
      </trkpt>
      <trkpt lat="35.970728583633899688720703125" lon="-81.11366408877074718475341796875">
        <ele>469</ele>
        <time>2026-02-15T15:22:35.000Z</time>
        <extensions>
          <ns3:TrackPointExtension>
            <ns3:hr>137</ns3:hr>
            <ns3:cad>0</ns3:cad>
          </ns3:TrackPointExtension>
        </extensions>
      </trkpt>
      <trkpt lat="35.97073495388031005859375" lon="-81.1136968620121479034423828125">
        <ele>468.20001220703125</ele>
        <time>2026-02-15T15:22:38.000Z</time>
        <extensions>
          <ns3:TrackPointExtension>
            <ns3:hr>137</ns3:hr>
            <ns3:cad>41</ns3:cad>
          </ns3:TrackPointExtension>
        </extensions>
      </trkpt>
      <trkpt lat="35.9707391448318958282470703125" lon="-81.11371287144720554351806640625">
        <ele>467.79998779296875</ele>
        <time>2026-02-15T15:22:40.000Z</time>
        <extensions>
          <ns3:TrackPointExtension>
            <ns3:hr>137</ns3:hr>
            <ns3:cad>41</ns3:cad>
          </ns3:TrackPointExtension>
        </extensions>
      </trkpt>
      <trkpt lat="35.97074576653540134429931640625" lon="-81.11372686922550201416015625">
        <ele>467.20001220703125</ele>
        <time>2026-02-15T15:22:42.000Z</time>
        <extensions>
          <ns3:TrackPointExtension>
            <ns3:hr>136</ns3:hr>
            <ns3:cad>41</ns3:cad>
          </ns3:TrackPointExtension>
        </extensions>
      </trkpt>
      <trkpt lat="35.97075481899082660675048828125" lon="-81.11372418701648712158203125">
        <ele>465.79998779296875</ele>
        <time>2026-02-15T15:22:45.000Z</time>
        <extensions>
          <ns3:TrackPointExtension>
            <ns3:hr>136</ns3:hr>
            <ns3:cad>55</ns3:cad>
          </ns3:TrackPointExtension>
        </extensions>
      </trkpt>
      <trkpt lat="35.97075708210468292236328125" lon="-81.1137163080275058746337890625">
        <ele>465.399993896484375</ele>
        <time>2026-02-15T15:22:48.000Z</time>
        <extensions>
          <ns3:TrackPointExtension>
            <ns3:hr>135</ns3:hr>
            <ns3:cad>0</ns3:cad>
          </ns3:TrackPointExtension>
        </extensions>
      </trkpt>
      <trkpt lat="35.970741324126720428466796875" lon="-81.11374405212700366973876953125">
        <ele>465.399993896484375</ele>
        <time>2026-02-15T15:22:55.000Z</time>
        <extensions>
          <ns3:TrackPointExtension>
            <ns3:hr>134</ns3:hr>
            <ns3:cad>0</ns3:cad>
          </ns3:TrackPointExtension>
        </extensions>
      </trkpt>
      <trkpt lat="35.97074459306895732879638671875" lon="-81.1137538589537143707275390625">
        <ele>464.79998779296875</ele>
        <time>2026-02-15T15:22:57.000Z</time>
        <extensions>
          <ns3:TrackPointExtension>
            <ns3:hr>134</ns3:hr>
            <ns3:cad>0</ns3:cad>
          </ns3:TrackPointExtension>
        </extensions>
      </trkpt>
      <trkpt lat="35.97073621116578578948974609375" lon="-81.11377992667257785797119140625">
        <ele>463.600006103515625</ele>
        <time>2026-02-15T15:23:00.000Z</time>
        <extensions>
          <ns3:TrackPointExtension>
            <ns3:hr>133</ns3:hr>
            <ns3:cad>0</ns3:cad>
          </ns3:TrackPointExtension>
        </extensions>
      </trkpt>
      <trkpt lat="35.9707307629287242889404296875" lon="-81.11378579400479793548583984375">
        <ele>463.399993896484375</ele>
        <time>2026-02-15T15:23:01.000Z</time>
        <extensions>
          <ns3:TrackPointExtension>
            <ns3:hr>133</ns3:hr>
            <ns3:cad>0</ns3:cad>
          </ns3:TrackPointExtension>
        </extensions>
      </trkpt>
      <trkpt lat="35.97067418508231639862060546875" lon="-81.1138490773737430572509765625">
        <ele>462.399993896484375</ele>
        <time>2026-02-15T15:23:07.000Z</time>
        <extensions>
          <ns3:TrackPointExtension>
            <ns3:hr>133</ns3:hr>
            <ns3:cad>0</ns3:cad>
          </ns3:TrackPointExtension>
        </extensions>
      </trkpt>
      <trkpt lat="35.9706124104559421539306640625" lon="-81.11388704739511013031005859375">
        <ele>463.20001220703125</ele>
        <time>2026-02-15T15:23:13.000Z</time>
        <extensions>
          <ns3:TrackPointExtension>
            <ns3:hr>133</ns3:hr>
            <ns3:cad>0</ns3:cad>
          </ns3:TrackPointExtension>
        </extensions>
      </trkpt>
      <trkpt lat="35.97060243599116802215576171875" lon="-81.11387765966355800628662109375">
        <ele>463.399993896484375</ele>
        <time>2026-02-15T15:23:15.000Z</time>
        <extensions>
          <ns3:TrackPointExtension>
            <ns3:hr>133</ns3:hr>
            <ns3:cad>0</ns3:cad>
          </ns3:TrackPointExtension>
        </extensions>
      </trkpt>
      <trkpt lat="35.97057460807263851165771484375" lon="-81.11387573182582855224609375">
        <ele>463.79998779296875</ele>
        <time>2026-02-15T15:23:18.000Z</time>
        <extensions>
          <ns3:TrackPointExtension>
            <ns3:hr>132</ns3:hr>
            <ns3:cad>0</ns3:cad>
          </ns3:TrackPointExtension>
        </extensions>
      </trkpt>
      <trkpt lat="35.97054108045995235443115234375" lon="-81.113864667713642120361328125">
        <ele>464.600006103515625</ele>
        <time>2026-02-15T15:23:22.000Z</time>
        <extensions>
          <ns3:TrackPointExtension>
            <ns3:hr>132</ns3:hr>
            <ns3:cad>0</ns3:cad>
          </ns3:TrackPointExtension>
        </extensions>
      </trkpt>
      <trkpt lat="35.97053219564259052276611328125" lon="-81.11386609263718128204345703125">
        <ele>465.20001220703125</ele>
        <time>2026-02-15T15:23:24.000Z</time>
        <extensions>
          <ns3:TrackPointExtension>
            <ns3:hr>132</ns3:hr>
            <ns3:cad>0</ns3:cad>
          </ns3:TrackPointExtension>
        </extensions>
      </trkpt>
      <trkpt lat="35.970511995255947113037109375" lon="-81.113868020474910736083984375">
        <ele>465.79998779296875</ele>
        <time>2026-02-15T15:23:26.000Z</time>
        <extensions>
          <ns3:TrackPointExtension>
            <ns3:hr>132</ns3:hr>
            <ns3:cad>0</ns3:cad>
          </ns3:TrackPointExtension>
        </extensions>
      </trkpt>
      <trkpt lat="35.97049347124993801116943359375" lon="-81.113896854221820831298828125">
        <ele>465.79998779296875</ele>
        <time>2026-02-15T15:23:31.000Z</time>
        <extensions>
          <ns3:TrackPointExtension>
            <ns3:hr>130</ns3:hr>
            <ns3:cad>0</ns3:cad>
          </ns3:TrackPointExtension>
        </extensions>
      </trkpt>
      <trkpt lat="35.970470421016216278076171875" lon="-81.11392292194068431854248046875">
        <ele>464.600006103515625</ele>
        <time>2026-02-15T15:23:35.000Z</time>
        <extensions>
          <ns3:TrackPointExtension>
            <ns3:hr>129</ns3:hr>
            <ns3:cad>0</ns3:cad>
          </ns3:TrackPointExtension>
        </extensions>
      </trkpt>
      <trkpt lat="35.9704464487731456756591796875" lon="-81.11393901519477367401123046875">
        <ele>464.399993896484375</ele>
        <time>2026-02-15T15:23:37.000Z</time>
        <extensions>
          <ns3:TrackPointExtension>
            <ns3:hr>129</ns3:hr>
            <ns3:cad>0</ns3:cad>
          </ns3:TrackPointExtension>
        </extensions>
      </trkpt>
      <trkpt lat="35.9704015217721462249755859375" lon="-81.113969273865222930908203125">
        <ele>463.600006103515625</ele>
        <time>2026-02-15T15:23:43.000Z</time>
        <extensions>
          <ns3:TrackPointExtension>
            <ns3:hr>127</ns3:hr>
            <ns3:cad>0</ns3:cad>
          </ns3:TrackPointExtension>
        </extensions>
      </trkpt>
      <trkpt lat="35.97039339132606983184814453125" lon="-81.113973297178745269775390625">
        <ele>463.399993896484375</ele>
        <time>2026-02-15T15:23:44.000Z</time>
        <extensions>
          <ns3:TrackPointExtension>
            <ns3:hr>127</ns3:hr>
            <ns3:cad>44</ns3:cad>
          </ns3:TrackPointExtension>
        </extensions>
      </trkpt>
      <trkpt lat="35.9703864343464374542236328125" lon="-81.113979332149028778076171875">
        <ele>463.20001220703125</ele>
        <time>2026-02-15T15:23:45.000Z</time>
        <extensions>
          <ns3:TrackPointExtension>
            <ns3:hr>126</ns3:hr>
            <ns3:cad>44</ns3:cad>
          </ns3:TrackPointExtension>
        </extensions>
      </trkpt>
      <trkpt lat="35.9703824110329151153564453125" lon="-81.11398209817707538604736328125">
        <ele>463.20001220703125</ele>
        <time>2026-02-15T15:23:46.000Z</time>
        <extensions>
          <ns3:TrackPointExtension>
            <ns3:hr>126</ns3:hr>
            <ns3:cad>44</ns3:cad>
          </ns3:TrackPointExtension>
        </extensions>
      </trkpt>
      <trkpt lat="35.97035852260887622833251953125" lon="-81.11399148590862751007080078125">
        <ele>463.20001220703125</ele>
        <time>2026-02-15T15:23:52.000Z</time>
        <extensions>
          <ns3:TrackPointExtension>
            <ns3:hr>125</ns3:hr>
            <ns3:cad>0</ns3:cad>
          </ns3:TrackPointExtension>
        </extensions>
      </trkpt>
      <trkpt lat="35.970309488475322723388671875" lon="-81.11396634019911289215087890625">
        <ele>464.399993896484375</ele>
        <time>2026-02-15T15:23:59.000Z</time>
        <extensions>
          <ns3:TrackPointExtension>
            <ns3:hr>130</ns3:hr>
            <ns3:cad>0</ns3:cad>
          </ns3:TrackPointExtension>
        </extensions>
      </trkpt>
      <trkpt lat="35.9703042916953563690185546875" lon="-81.11396516673266887664794921875">
        <ele>464.600006103515625</ele>
        <time>2026-02-15T15:24:00.000Z</time>
        <extensions>
          <ns3:TrackPointExtension>
            <ns3:hr>134</ns3:hr>
            <ns3:cad>17</ns3:cad>
          </ns3:TrackPointExtension>
        </extensions>
      </trkpt>
      <trkpt lat="35.970298759639263153076171875" lon="-81.11396147869527339935302734375">
        <ele>464.79998779296875</ele>
        <time>2026-02-15T15:24:01.000Z</time>
        <extensions>
          <ns3:TrackPointExtension>
            <ns3:hr>138</ns3:hr>
            <ns3:cad>17</ns3:cad>
          </ns3:TrackPointExtension>
        </extensions>
      </trkpt>
      <trkpt lat="35.9702841751277446746826171875" lon="-81.113956868648529052734375">
        <ele>465.20001220703125</ele>
        <time>2026-02-15T15:24:03.000Z</time>
        <extensions>
          <ns3:TrackPointExtension>
            <ns3:hr>142</ns3:hr>
            <ns3:cad>0</ns3:cad>
          </ns3:TrackPointExtension>
        </extensions>
      </trkpt>
      <trkpt lat="35.9702721051871776580810546875" lon="-81.11395242623984813690185546875">
        <ele>465.600006103515625</ele>
        <time>2026-02-15T15:24:07.000Z</time>
        <extensions>
          <ns3:TrackPointExtension>
            <ns3:hr>144</ns3:hr>
            <ns3:cad>0</ns3:cad>
          </ns3:TrackPointExtension>
        </extensions>
      </trkpt>
      <trkpt lat="35.970273278653621673583984375" lon="-81.11395209096372127532958984375">
        <ele>465.79998779296875</ele>
        <time>2026-02-15T15:24:08.000Z</time>
        <extensions>
          <ns3:TrackPointExtension>
            <ns3:hr>144</ns3:hr>
            <ns3:cad>0</ns3:cad>
          </ns3:TrackPointExtension>
        </extensions>
      </trkpt>
      <trkpt lat="35.97025148570537567138671875" lon="-81.113966591656208038330078125">
        <ele>465.20001220703125</ele>
        <time>2026-02-15T15:24:13.000Z</time>
        <extensions>
          <ns3:TrackPointExtension>
            <ns3:hr>147</ns3:hr>
            <ns3:cad>0</ns3:cad>
          </ns3:TrackPointExtension>
        </extensions>
      </trkpt>
      <trkpt lat="35.9702395834028720855712890625" lon="-81.1139823496341705322265625">
        <ele>464.600006103515625</ele>
        <time>2026-02-15T15:24:15.000Z</time>
        <extensions>
          <ns3:TrackPointExtension>
            <ns3:hr>148</ns3:hr>
            <ns3:cad>0</ns3:cad>
          </ns3:TrackPointExtension>
        </extensions>
      </trkpt>
      <trkpt lat="35.9701959975063800811767578125" lon="-81.11401009373366832733154296875">
        <ele>463.600006103515625</ele>
        <time>2026-02-15T15:24:20.000Z</time>
        <extensions>
          <ns3:TrackPointExtension>
            <ns3:hr>150</ns3:hr>
            <ns3:cad>0</ns3:cad>
          </ns3:TrackPointExtension>
        </extensions>
      </trkpt>
      <trkpt lat="35.97018484957516193389892578125" lon="-81.11401227302849292755126953125">
        <ele>463.600006103515625</ele>
        <time>2026-02-15T15:24:21.000Z</time>
        <extensions>
          <ns3:TrackPointExtension>
            <ns3:hr>150</ns3:hr>
            <ns3:cad>0</ns3:cad>
          </ns3:TrackPointExtension>
        </extensions>
      </trkpt>
      <trkpt lat="35.9701557643711566925048828125" lon="-81.1140224151313304901123046875">
        <ele>463.600006103515625</ele>
        <time>2026-02-15T15:24:26.000Z</time>
        <extensions>
          <ns3:TrackPointExtension>
            <ns3:hr>150</ns3:hr>
            <ns3:cad>0</ns3:cad>
          </ns3:TrackPointExtension>
        </extensions>
      </trkpt>
      <trkpt lat="35.97016707994043827056884765625" lon="-81.11401612870395183563232421875">
        <ele>463.600006103515625</ele>
        <time>2026-02-15T15:24:31.000Z</time>
        <extensions>
          <ns3:TrackPointExtension>
            <ns3:hr>150</ns3:hr>
            <ns3:cad>0</ns3:cad>
          </ns3:TrackPointExtension>
        </extensions>
      </trkpt>
      <trkpt lat="35.970180071890354156494140625" lon="-81.1140024662017822265625">
        <ele>464.600006103515625</ele>
        <time>2026-02-15T15:24:35.000Z</time>
        <extensions>
          <ns3:TrackPointExtension>
            <ns3:hr>149</ns3:hr>
            <ns3:cad>0</ns3:cad>
          </ns3:TrackPointExtension>
        </extensions>
      </trkpt>
      <trkpt lat="35.97018308937549591064453125" lon="-81.113971956074237823486328125">
        <ele>465.399993896484375</ele>
        <time>2026-02-15T15:24:38.000Z</time>
        <extensions>
          <ns3:TrackPointExtension>
            <ns3:hr>148</ns3:hr>
            <ns3:cad>0</ns3:cad>
          </ns3:TrackPointExtension>
        </extensions>
      </trkpt>
      <trkpt lat="35.97018216736614704132080078125" lon="-81.1139640770852565765380859375">
        <ele>465.79998779296875</ele>
        <time>2026-02-15T15:24:39.000Z</time>
        <extensions>
          <ns3:TrackPointExtension>
            <ns3:hr>147</ns3:hr>
            <ns3:cad>42</ns3:cad>
          </ns3:TrackPointExtension>
        </extensions>
      </trkpt>
      <trkpt lat="35.97015383653342723846435546875" lon="-81.11394722945988178253173828125">
        <ele>467</ele>
        <time>2026-02-15T15:24:43.000Z</time>
        <extensions>
          <ns3:TrackPointExtension>
            <ns3:hr>146</ns3:hr>
            <ns3:cad>42</ns3:cad>
          </ns3:TrackPointExtension>
        </extensions>
      </trkpt>
      <trkpt lat="35.9701403416693210601806640625" lon="-81.11393817700445652008056640625">
        <ele>467.399993896484375</ele>
        <time>2026-02-15T15:24:45.000Z</time>
        <extensions>
          <ns3:TrackPointExtension>
            <ns3:hr>146</ns3:hr>
            <ns3:cad>0</ns3:cad>
          </ns3:TrackPointExtension>
        </extensions>
      </trkpt>
      <trkpt lat="35.9701239131391048431396484375" lon="-81.1139228381216526031494140625">
        <ele>468</ele>
        <time>2026-02-15T15:24:47.000Z</time>
        <extensions>
          <ns3:TrackPointExtension>
            <ns3:hr>146</ns3:hr>
            <ns3:cad>0</ns3:cad>
          </ns3:TrackPointExtension>
        </extensions>
      </trkpt>
      <trkpt lat="35.97009046934545040130615234375" lon="-81.11389844678342342376708984375">
        <ele>469.20001220703125</ele>
        <time>2026-02-15T15:24:52.000Z</time>
        <extensions>
          <ns3:TrackPointExtension>
            <ns3:hr>149</ns3:hr>
            <ns3:cad>0</ns3:cad>
          </ns3:TrackPointExtension>
        </extensions>
      </trkpt>
      <trkpt lat="35.97008544020354747772216796875" lon="-81.11389584839344024658203125">
        <ele>469.399993896484375</ele>
        <time>2026-02-15T15:24:53.000Z</time>
        <extensions>
          <ns3:TrackPointExtension>
            <ns3:hr>150</ns3:hr>
            <ns3:cad>0</ns3:cad>
          </ns3:TrackPointExtension>
        </extensions>
      </trkpt>
      <trkpt lat="35.97005392424762248992919921875" lon="-81.113866008818149566650390625">
        <ele>470.20001220703125</ele>
        <time>2026-02-15T15:25:00.000Z</time>
        <extensions>
          <ns3:TrackPointExtension>
            <ns3:hr>151</ns3:hr>
            <ns3:cad>0</ns3:cad>
          </ns3:TrackPointExtension>
        </extensions>
      </trkpt>
      <trkpt lat="35.97005367279052734375" lon="-81.11384580843150615692138671875">
        <ele>471.20001220703125</ele>
        <time>2026-02-15T15:25:03.000Z</time>
        <extensions>
          <ns3:TrackPointExtension>
            <ns3:hr>152</ns3:hr>
            <ns3:cad>44</ns3:cad>
          </ns3:TrackPointExtension>
        </extensions>
      </trkpt>
      <trkpt lat="35.97004629671573638916015625" lon="-81.11382803879678249359130859375">
        <ele>472.399993896484375</ele>
        <time>2026-02-15T15:25:06.000Z</time>
        <extensions>
          <ns3:TrackPointExtension>
            <ns3:hr>154</ns3:hr>
            <ns3:cad>45</ns3:cad>
          </ns3:TrackPointExtension>
        </extensions>
      </trkpt>
      <trkpt lat="35.97004185430705547332763671875" lon="-81.1138212494552135467529296875">
        <ele>473</ele>
        <time>2026-02-15T15:25:08.000Z</time>
        <extensions>
          <ns3:TrackPointExtension>
            <ns3:hr>154</ns3:hr>
            <ns3:cad>45</ns3:cad>
          </ns3:TrackPointExtension>
        </extensions>
      </trkpt>
      <trkpt lat="35.9700679220259189605712890625" lon="-81.1138051562011241912841796875">
        <ele>473.399993896484375</ele>
        <time>2026-02-15T15:25:15.000Z</time>
        <extensions>
          <ns3:TrackPointExtension>
            <ns3:hr>157</ns3:hr>
            <ns3:cad>0</ns3:cad>
          </ns3:TrackPointExtension>
        </extensions>
      </trkpt>
      <trkpt lat="35.97008577547967433929443359375" lon="-81.113789565861225128173828125">
        <ele>474.20001220703125</ele>
        <time>2026-02-15T15:25:18.000Z</time>
        <extensions>
          <ns3:TrackPointExtension>
            <ns3:hr>160</ns3:hr>
            <ns3:cad>0</ns3:cad>
          </ns3:TrackPointExtension>
        </extensions>
      </trkpt>
      <trkpt lat="35.97008745186030864715576171875" lon="-81.11378797329962253570556640625">
        <ele>474.399993896484375</ele>
        <time>2026-02-15T15:25:19.000Z</time>
        <extensions>
          <ns3:TrackPointExtension>
            <ns3:hr>161</ns3:hr>
            <ns3:cad>0</ns3:cad>
          </ns3:TrackPointExtension>
        </extensions>
      </trkpt>
      <trkpt lat="35.9700913913547992706298828125" lon="-81.1137944273650646209716796875">
        <ele>474.79998779296875</ele>
        <time>2026-02-15T15:25:23.000Z</time>
        <extensions>
          <ns3:TrackPointExtension>
            <ns3:hr>160</ns3:hr>
            <ns3:cad>0</ns3:cad>
          </ns3:TrackPointExtension>
        </extensions>
      </trkpt>
      <trkpt lat="35.970142185688018798828125" lon="-81.11376936547458171844482421875">
        <ele>475.399993896484375</ele>
        <time>2026-02-15T15:25:29.000Z</time>
        <extensions>
          <ns3:TrackPointExtension>
            <ns3:hr>159</ns3:hr>
            <ns3:cad>0</ns3:cad>
          </ns3:TrackPointExtension>
        </extensions>
      </trkpt>
      <trkpt lat="35.970163643360137939453125" lon="-81.11372443847358226776123046875">
        <ele>476.600006103515625</ele>
        <time>2026-02-15T15:25:35.000Z</time>
        <extensions>
          <ns3:TrackPointExtension>
            <ns3:hr>160</ns3:hr>
            <ns3:cad>45</ns3:cad>
          </ns3:TrackPointExtension>
        </extensions>
      </trkpt>
      <trkpt lat="35.97016037441790103912353515625" lon="-81.11368789337575435638427734375">
        <ele>477.600006103515625</ele>
        <time>2026-02-15T15:25:40.000Z</time>
        <extensions>
          <ns3:TrackPointExtension>
            <ns3:hr>160</ns3:hr>
            <ns3:cad>47</ns3:cad>
          </ns3:TrackPointExtension>
        </extensions>
      </trkpt>
      <trkpt lat="35.97016992978751659393310546875" lon="-81.11366878263652324676513671875">
        <ele>478.600006103515625</ele>
        <time>2026-02-15T15:25:44.000Z</time>
        <extensions>
          <ns3:TrackPointExtension>
            <ns3:hr>162</ns3:hr>
            <ns3:cad>19</ns3:cad>
          </ns3:TrackPointExtension>
        </extensions>
      </trkpt>
      <trkpt lat="35.970174036920070648193359375" lon="-81.1136690340936183929443359375">
        <ele>478.600006103515625</ele>
        <time>2026-02-15T15:25:45.000Z</time>
        <extensions>
          <ns3:TrackPointExtension>
            <ns3:hr>162</ns3:hr>
            <ns3:cad>19</ns3:cad>
          </ns3:TrackPointExtension>
        </extensions>
      </trkpt>
      <trkpt lat="35.97019943408668041229248046875" lon="-81.1136499233543872833251953125">
        <ele>479</ele>
        <time>2026-02-15T15:25:49.000Z</time>
        <extensions>
          <ns3:TrackPointExtension>
            <ns3:hr>165</ns3:hr>
            <ns3:cad>19</ns3:cad>
          </ns3:TrackPointExtension>
        </extensions>
      </trkpt>
      <trkpt lat="35.97020748071372509002685546875" lon="-81.1136418767273426055908203125">
        <ele>479.20001220703125</ele>
        <time>2026-02-15T15:25:50.000Z</time>
        <extensions>
          <ns3:TrackPointExtension>
            <ns3:hr>167</ns3:hr>
            <ns3:cad>19</ns3:cad>
          </ns3:TrackPointExtension>
        </extensions>
      </trkpt>
      <trkpt lat="35.9702194668352603912353515625" lon="-81.1136324889957904815673828125">
        <ele>479.79998779296875</ele>
        <time>2026-02-15T15:25:52.000Z</time>
        <extensions>
          <ns3:TrackPointExtension>
            <ns3:hr>168</ns3:hr>
            <ns3:cad>0</ns3:cad>
          </ns3:TrackPointExtension>
        </extensions>
      </trkpt>
      <trkpt lat="35.97024939022958278656005859375" lon="-81.113623939454555511474609375">
        <ele>480.399993896484375</ele>
        <time>2026-02-15T15:25:57.000Z</time>
        <extensions>
          <ns3:TrackPointExtension>
            <ns3:hr>171</ns3:hr>
            <ns3:cad>0</ns3:cad>
          </ns3:TrackPointExtension>
        </extensions>
      </trkpt>
      <trkpt lat="35.9702647291123867034912109375" lon="-81.11361614428460597991943359375">
        <ele>480.600006103515625</ele>
        <time>2026-02-15T15:25:59.000Z</time>
        <extensions>
          <ns3:TrackPointExtension>
            <ns3:hr>161</ns3:hr>
            <ns3:cad>0</ns3:cad>
          </ns3:TrackPointExtension>
        </extensions>
      </trkpt>
      <trkpt lat="35.97026783041656017303466796875" lon="-81.11360826529562473297119140625">
        <ele>480.600006103515625</ele>
        <time>2026-02-15T15:26:00.000Z</time>
        <extensions>
          <ns3:TrackPointExtension>
            <ns3:hr>157</ns3:hr>
            <ns3:cad>0</ns3:cad>
          </ns3:TrackPointExtension>
        </extensions>
      </trkpt>
      <trkpt lat="35.97027068026363849639892578125" lon="-81.11360290087759494781494140625">
        <ele>480.79998779296875</ele>
        <time>2026-02-15T15:26:01.000Z</time>
        <extensions>
          <ns3:TrackPointExtension>
            <ns3:hr>157</ns3:hr>
            <ns3:cad>0</ns3:cad>
          </ns3:TrackPointExtension>
        </extensions>
      </trkpt>
      <trkpt lat="35.97027084790170192718505859375" lon="-81.1136026494204998016357421875">
        <ele>480.79998779296875</ele>
        <time>2026-02-15T15:26:02.000Z</time>
        <extensions>
          <ns3:TrackPointExtension>
            <ns3:hr>157</ns3:hr>
            <ns3:cad>0</ns3:cad>
          </ns3:TrackPointExtension>
        </extensions>
      </trkpt>
      <trkpt lat="35.97027285955846309661865234375" lon="-81.11359049566090106964111328125">
        <ele>481.399993896484375</ele>
        <time>2026-02-15T15:26:04.000Z</time>
        <extensions>
          <ns3:TrackPointExtension>
            <ns3:hr>159</ns3:hr>
            <ns3:cad>0</ns3:cad>
          </ns3:TrackPointExtension>
        </extensions>
      </trkpt>
      <trkpt lat="35.9702801518142223358154296875" lon="-81.1135845445096492767333984375">
        <ele>482</ele>
        <time>2026-02-15T15:26:07.000Z</time>
        <extensions>
          <ns3:TrackPointExtension>
            <ns3:hr>161</ns3:hr>
            <ns3:cad>0</ns3:cad>
          </ns3:TrackPointExtension>
        </extensions>
      </trkpt>
      <trkpt lat="35.97030404023826122283935546875" lon="-81.113564930856227874755859375">
        <ele>482</ele>
        <time>2026-02-15T15:26:10.000Z</time>
        <extensions>
          <ns3:TrackPointExtension>
            <ns3:hr>163</ns3:hr>
            <ns3:cad>63</ns3:cad>
          </ns3:TrackPointExtension>
        </extensions>
      </trkpt>
      <trkpt lat="35.97032331861555576324462890625" lon="-81.1135610751807689666748046875">
        <ele>482.399993896484375</ele>
        <time>2026-02-15T15:26:15.000Z</time>
        <extensions>
          <ns3:TrackPointExtension>
            <ns3:hr>164</ns3:hr>
            <ns3:cad>63</ns3:cad>
          </ns3:TrackPointExtension>
        </extensions>
      </trkpt>
      <trkpt lat="35.97036874853074550628662109375" lon="-81.11356702633202075958251953125">
        <ele>481.20001220703125</ele>
        <time>2026-02-15T15:26:23.000Z</time>
        <extensions>
          <ns3:TrackPointExtension>
            <ns3:hr>164</ns3:hr>
            <ns3:cad>0</ns3:cad>
          </ns3:TrackPointExtension>
        </extensions>
      </trkpt>
      <trkpt lat="35.97037260420620441436767578125" lon="-81.113578341901302337646484375">
        <ele>481</ele>
        <time>2026-02-15T15:26:26.000Z</time>
        <extensions>
          <ns3:TrackPointExtension>
            <ns3:hr>165</ns3:hr>
            <ns3:cad>0</ns3:cad>
          </ns3:TrackPointExtension>
        </extensions>
      </trkpt>
      <trkpt lat="35.97038869746029376983642578125" lon="-81.11359099857509136199951171875">
        <ele>480.399993896484375</ele>
        <time>2026-02-15T15:26:29.000Z</time>
        <extensions>
          <ns3:TrackPointExtension>
            <ns3:hr>165</ns3:hr>
            <ns3:cad>0</ns3:cad>
          </ns3:TrackPointExtension>
        </extensions>
      </trkpt>
      <trkpt lat="35.97040914930403232574462890625" lon="-81.11359401606023311614990234375">
        <ele>479.79998779296875</ele>
        <time>2026-02-15T15:26:32.000Z</time>
        <extensions>
          <ns3:TrackPointExtension>
            <ns3:hr>164</ns3:hr>
            <ns3:cad>75</ns3:cad>
          </ns3:TrackPointExtension>
        </extensions>
      </trkpt>
      <trkpt lat="35.97042071633040904998779296875" lon="-81.1135832034051418304443359375">
        <ele>479.79998779296875</ele>
        <time>2026-02-15T15:26:36.000Z</time>
        <extensions>
          <ns3:TrackPointExtension>
            <ns3:hr>164</ns3:hr>
            <ns3:cad>0</ns3:cad>
          </ns3:TrackPointExtension>
        </extensions>
      </trkpt>
      <trkpt lat="35.97044787369668483734130859375" lon="-81.11355646513402462005615234375">
        <ele>480</ele>
        <time>2026-02-15T15:26:41.000Z</time>
        <extensions>
          <ns3:TrackPointExtension>
            <ns3:hr>162</ns3:hr>
            <ns3:cad>0</ns3:cad>
          </ns3:TrackPointExtension>
        </extensions>
      </trkpt>
      <trkpt lat="35.9704467840492725372314453125" lon="-81.11355093307793140411376953125">
        <ele>480.20001220703125</ele>
        <time>2026-02-15T15:26:45.000Z</time>
        <extensions>
          <ns3:TrackPointExtension>
            <ns3:hr>159</ns3:hr>
            <ns3:cad>0</ns3:cad>
          </ns3:TrackPointExtension>
        </extensions>
      </trkpt>
      <trkpt lat="35.970430187880992889404296875" lon="-81.11354741267859935760498046875">
        <ele>480.600006103515625</ele>
        <time>2026-02-15T15:26:48.000Z</time>
        <extensions>
          <ns3:TrackPointExtension>
            <ns3:hr>158</ns3:hr>
            <ns3:cad>0</ns3:cad>
          </ns3:TrackPointExtension>
        </extensions>
      </trkpt>
      <trkpt lat="35.97037428058683872222900390625" lon="-81.1135654337704181671142578125">
        <ele>480</ele>
        <time>2026-02-15T15:26:54.000Z</time>
        <extensions>
          <ns3:TrackPointExtension>
            <ns3:hr>156</ns3:hr>
            <ns3:cad>57</ns3:cad>
          </ns3:TrackPointExtension>
        </extensions>
      </trkpt>
      <trkpt lat="35.970335640013217926025390625" lon="-81.1135531961917877197265625">
        <ele>480.79998779296875</ele>
        <time>2026-02-15T15:26:58.000Z</time>
        <extensions>
          <ns3:TrackPointExtension>
            <ns3:hr>155</ns3:hr>
            <ns3:cad>57</ns3:cad>
          </ns3:TrackPointExtension>
        </extensions>
      </trkpt>
      <trkpt lat="35.9703106619417667388916015625" lon="-81.113544814288616180419921875">
        <ele>481.600006103515625</ele>
        <time>2026-02-15T15:27:00.000Z</time>
        <extensions>
          <ns3:TrackPointExtension>
            <ns3:hr>155</ns3:hr>
            <ns3:cad>60</ns3:cad>
          </ns3:TrackPointExtension>
        </extensions>
      </trkpt>
      <trkpt lat="35.97029532305896282196044921875" lon="-81.11354154534637928009033203125">
        <ele>482</ele>
        <time>2026-02-15T15:27:01.000Z</time>
        <extensions>
          <ns3:TrackPointExtension>
            <ns3:hr>155</ns3:hr>
            <ns3:cad>60</ns3:cad>
          </ns3:TrackPointExtension>
        </extensions>
      </trkpt>
      <trkpt lat="35.9702677465975284576416015625" lon="-81.1135424673557281494140625">
        <ele>482.399993896484375</ele>
        <time>2026-02-15T15:27:06.000Z</time>
        <extensions>
          <ns3:TrackPointExtension>
            <ns3:hr>154</ns3:hr>
            <ns3:cad>60</ns3:cad>
          </ns3:TrackPointExtension>
        </extensions>
      </trkpt>
      <trkpt lat="35.97018300555646419525146484375" lon="-81.1135650984942913055419921875">
        <ele>481.20001220703125</ele>
        <time>2026-02-15T15:27:16.000Z</time>
        <extensions>
          <ns3:TrackPointExtension>
            <ns3:hr>154</ns3:hr>
            <ns3:cad>0</ns3:cad>
          </ns3:TrackPointExtension>
        </extensions>
      </trkpt>
      <trkpt lat="35.97013690508902072906494140625" lon="-81.11357574351131916046142578125">
        <ele>480.79998779296875</ele>
        <time>2026-02-15T15:27:21.000Z</time>
        <extensions>
          <ns3:TrackPointExtension>
            <ns3:hr>155</ns3:hr>
            <ns3:cad>60</ns3:cad>
          </ns3:TrackPointExtension>
        </extensions>
      </trkpt>
      <trkpt lat="35.97012097947299480438232421875" lon="-81.113571636378765106201171875">
        <ele>480.79998779296875</ele>
        <time>2026-02-15T15:27:23.000Z</time>
        <extensions>
          <ns3:TrackPointExtension>
            <ns3:hr>154</ns3:hr>
            <ns3:cad>53</ns3:cad>
          </ns3:TrackPointExtension>
        </extensions>
      </trkpt>
      <trkpt lat="35.9700791537761688232421875" lon="-81.11356920562684535980224609375">
        <ele>481.20001220703125</ele>
        <time>2026-02-15T15:27:30.000Z</time>
        <extensions>
          <ns3:TrackPointExtension>
            <ns3:hr>148</ns3:hr>
            <ns3:cad>52</ns3:cad>
          </ns3:TrackPointExtension>
        </extensions>
      </trkpt>
      <trkpt lat="35.97008049488067626953125" lon="-81.11356417648494243621826171875">
        <ele>481.20001220703125</ele>
        <time>2026-02-15T15:27:31.000Z</time>
        <extensions>
          <ns3:TrackPointExtension>
            <ns3:hr>145</ns3:hr>
            <ns3:cad>52</ns3:cad>
          </ns3:TrackPointExtension>
        </extensions>
      </trkpt>
      <trkpt lat="35.97007705830037593841552734375" lon="-81.113558895885944366455078125">
        <ele>481.20001220703125</ele>
        <time>2026-02-15T15:27:32.000Z</time>
        <extensions>
          <ns3:TrackPointExtension>
            <ns3:hr>145</ns3:hr>
            <ns3:cad>52</ns3:cad>
          </ns3:TrackPointExtension>
        </extensions>
      </trkpt>
      <trkpt lat="35.97003288567066192626953125" lon="-81.11353483982384204864501953125">
        <ele>482</ele>
        <time>2026-02-15T15:27:37.000Z</time>
        <extensions>
          <ns3:TrackPointExtension>
            <ns3:hr>147</ns3:hr>
            <ns3:cad>0</ns3:cad>
          </ns3:TrackPointExtension>
        </extensions>
      </trkpt>
      <trkpt lat="35.9699713625013828277587890625" lon="-81.113552860915660858154296875">
        <ele>482.20001220703125</ele>
        <time>2026-02-15T15:27:44.000Z</time>
        <extensions>
          <ns3:TrackPointExtension>
            <ns3:hr>148</ns3:hr>
            <ns3:cad>0</ns3:cad>
          </ns3:TrackPointExtension>
        </extensions>
      </trkpt>
      <trkpt lat="35.96992786042392253875732421875" lon="-81.1135788448154926300048828125">
        <ele>481.79998779296875</ele>
        <time>2026-02-15T15:27:50.000Z</time>
        <extensions>
          <ns3:TrackPointExtension>
            <ns3:hr>146</ns3:hr>
            <ns3:cad>0</ns3:cad>
          </ns3:TrackPointExtension>
        </extensions>
      </trkpt>
      <trkpt lat="35.9699086658656597137451171875" lon="-81.1135949380695819854736328125">
        <ele>481</ele>
        <time>2026-02-15T15:27:54.000Z</time>
        <extensions>
          <ns3:TrackPointExtension>
            <ns3:hr>146</ns3:hr>
            <ns3:cad>0</ns3:cad>
          </ns3:TrackPointExtension>
        </extensions>
      </trkpt>
      <trkpt lat="35.969888381659984588623046875" lon="-81.11360658891499042510986328125">
        <ele>480.399993896484375</ele>
        <time>2026-02-15T15:27:57.000Z</time>
        <extensions>
          <ns3:TrackPointExtension>
            <ns3:hr>149</ns3:hr>
            <ns3:cad>0</ns3:cad>
          </ns3:TrackPointExtension>
        </extensions>
      </trkpt>
      <trkpt lat="35.9698546864092350006103515625" lon="-81.11361698247492313385009765625">
        <ele>479.79998779296875</ele>
        <time>2026-02-15T15:28:02.000Z</time>
        <extensions>
          <ns3:TrackPointExtension>
            <ns3:hr>150</ns3:hr>
            <ns3:cad>0</ns3:cad>
          </ns3:TrackPointExtension>
        </extensions>
      </trkpt>
      <trkpt lat="35.9698484838008880615234375" lon="-81.11361823976039886474609375">
        <ele>479.600006103515625</ele>
        <time>2026-02-15T15:28:03.000Z</time>
        <extensions>
          <ns3:TrackPointExtension>
            <ns3:hr>150</ns3:hr>
            <ns3:cad>46</ns3:cad>
          </ns3:TrackPointExtension>
        </extensions>
      </trkpt>
      <trkpt lat="35.969853512942790985107421875" lon="-81.11362896859645843505859375">
        <ele>479.79998779296875</ele>
        <time>2026-02-15T15:28:10.000Z</time>
        <extensions>
          <ns3:TrackPointExtension>
            <ns3:hr>149</ns3:hr>
            <ns3:cad>0</ns3:cad>
          </ns3:TrackPointExtension>
        </extensions>
      </trkpt>
      <trkpt lat="35.96985527314245700836181640625" lon="-81.11366978846490383148193359375">
        <ele>479</ele>
        <time>2026-02-15T15:28:14.000Z</time>
        <extensions>
          <ns3:TrackPointExtension>
            <ns3:hr>146</ns3:hr>
            <ns3:cad>0</ns3:cad>
          </ns3:TrackPointExtension>
        </extensions>
      </trkpt>
      <trkpt lat="35.9698543511331081390380859375" lon="-81.113680936396121978759765625">
        <ele>478.600006103515625</ele>
        <time>2026-02-15T15:28:15.000Z</time>
        <extensions>
          <ns3:TrackPointExtension>
            <ns3:hr>145</ns3:hr>
            <ns3:cad>0</ns3:cad>
          </ns3:TrackPointExtension>
        </extensions>
      </trkpt>
      <trkpt lat="35.96985074691474437713623046875" lon="-81.1136806011199951171875">
        <ele>478.600006103515625</ele>
        <time>2026-02-15T15:28:16.000Z</time>
        <extensions>
          <ns3:TrackPointExtension>
            <ns3:hr>145</ns3:hr>
            <ns3:cad>0</ns3:cad>
          </ns3:TrackPointExtension>
        </extensions>
      </trkpt>
      <trkpt lat="35.969838760793209075927734375" lon="-81.11370884813368320465087890625">
        <ele>477.399993896484375</ele>
        <time>2026-02-15T15:28:19.000Z</time>
        <extensions>
          <ns3:TrackPointExtension>
            <ns3:hr>144</ns3:hr>
            <ns3:cad>0</ns3:cad>
          </ns3:TrackPointExtension>
        </extensions>
      </trkpt>
      <trkpt lat="35.9698538482189178466796875" lon="-81.11372628249228000640869140625">
        <ele>476.79998779296875</ele>
        <time>2026-02-15T15:28:22.000Z</time>
        <extensions>
          <ns3:TrackPointExtension>
            <ns3:hr>143</ns3:hr>
            <ns3:cad>43</ns3:cad>
          </ns3:TrackPointExtension>
        </extensions>
      </trkpt>
      <trkpt lat="35.96987186931073665618896484375" lon="-81.11374304629862308502197265625">
        <ele>476.399993896484375</ele>
        <time>2026-02-15T15:28:24.000Z</time>
        <extensions>
          <ns3:TrackPointExtension>
            <ns3:hr>144</ns3:hr>
            <ns3:cad>43</ns3:cad>
          </ns3:TrackPointExtension>
        </extensions>
      </trkpt>
      <trkpt lat="35.9698965959250926971435546875" lon="-81.11376601271331310272216796875">
        <ele>475.600006103515625</ele>
        <time>2026-02-15T15:28:28.000Z</time>
        <extensions>
          <ns3:TrackPointExtension>
            <ns3:hr>143</ns3:hr>
            <ns3:cad>0</ns3:cad>
          </ns3:TrackPointExtension>
        </extensions>
      </trkpt>
      <trkpt lat="35.969899781048297882080078125" lon="-81.11376903019845485687255859375">
        <ele>475.399993896484375</ele>
        <time>2026-02-15T15:28:29.000Z</time>
        <extensions>
          <ns3:TrackPointExtension>
            <ns3:hr>144</ns3:hr>
            <ns3:cad>0</ns3:cad>
          </ns3:TrackPointExtension>
        </extensions>
      </trkpt>
      <trkpt lat="35.96993339248001575469970703125" lon="-81.1137833632528781890869140625">
        <ele>474.79998779296875</ele>
        <time>2026-02-15T15:28:36.000Z</time>
        <extensions>
          <ns3:TrackPointExtension>
            <ns3:hr>144</ns3:hr>
            <ns3:cad>0</ns3:cad>
          </ns3:TrackPointExtension>
        </extensions>
      </trkpt>
      <trkpt lat="35.96994831226766109466552734375" lon="-81.11380289308726787567138671875">
        <ele>474.600006103515625</ele>
        <time>2026-02-15T15:28:42.000Z</time>
        <extensions>
          <ns3:TrackPointExtension>
            <ns3:hr>142</ns3:hr>
            <ns3:cad>0</ns3:cad>
          </ns3:TrackPointExtension>
        </extensions>
      </trkpt>
      <trkpt lat="35.96994177438318729400634765625" lon="-81.113775484263896942138671875">
        <ele>474.600006103515625</ele>
        <time>2026-02-15T15:28:48.000Z</time>
        <extensions>
          <ns3:TrackPointExtension>
            <ns3:hr>139</ns3:hr>
            <ns3:cad>0</ns3:cad>
          </ns3:TrackPointExtension>
        </extensions>
      </trkpt>
      <trkpt lat="35.9699348174035549163818359375" lon="-81.11376442015171051025390625">
        <ele>474.600006103515625</ele>
        <time>2026-02-15T15:28:49.000Z</time>
        <extensions>
          <ns3:TrackPointExtension>
            <ns3:hr>136</ns3:hr>
            <ns3:cad>0</ns3:cad>
          </ns3:TrackPointExtension>
        </extensions>
      </trkpt>
      <trkpt lat="35.96991998143494129180908203125" lon="-81.1137495003640651702880859375">
        <ele>475</ele>
        <time>2026-02-15T15:28:51.000Z</time>
        <extensions>
          <ns3:TrackPointExtension>
            <ns3:hr>133</ns3:hr>
            <ns3:cad>0</ns3:cad>
          </ns3:TrackPointExtension>
        </extensions>
      </trkpt>
      <trkpt lat="35.9698959253728389739990234375" lon="-81.1137186549603939056396484375">
        <ele>475.600006103515625</ele>
        <time>2026-02-15T15:28:56.000Z</time>
        <extensions>
          <ns3:TrackPointExtension>
            <ns3:hr>133</ns3:hr>
            <ns3:cad>0</ns3:cad>
          </ns3:TrackPointExtension>
        </extensions>
      </trkpt>
      <trkpt lat="35.9698654152452945709228515625" lon="-81.1137002147734165191650390625">
        <ele>476.399993896484375</ele>
        <time>2026-02-15T15:29:01.000Z</time>
        <extensions>
          <ns3:TrackPointExtension>
            <ns3:hr>132</ns3:hr>
            <ns3:cad>49</ns3:cad>
          </ns3:TrackPointExtension>
        </extensions>
      </trkpt>
      <trkpt lat="35.96985007636249065399169921875" lon="-81.11369376070797443389892578125">
        <ele>476.79998779296875</ele>
        <time>2026-02-15T15:29:04.000Z</time>
        <extensions>
          <ns3:TrackPointExtension>
            <ns3:hr>133</ns3:hr>
            <ns3:cad>49</ns3:cad>
          </ns3:TrackPointExtension>
        </extensions>
      </trkpt>
      <trkpt lat="35.9697732143104076385498046875" lon="-81.1136980354785919189453125">
        <ele>476.399993896484375</ele>
        <time>2026-02-15T15:29:12.000Z</time>
        <extensions>
          <ns3:TrackPointExtension>
            <ns3:hr>132</ns3:hr>
            <ns3:cad>47</ns3:cad>
          </ns3:TrackPointExtension>
        </extensions>
      </trkpt>
      <trkpt lat="35.96974010579288005828857421875" lon="-81.113679595291614532470703125">
        <ele>476.20001220703125</ele>
        <time>2026-02-15T15:29:17.000Z</time>
        <extensions>
          <ns3:TrackPointExtension>
            <ns3:hr>135</ns3:hr>
            <ns3:cad>49</ns3:cad>
          </ns3:TrackPointExtension>
        </extensions>
      </trkpt>
      <trkpt lat="35.969722084701061248779296875" lon="-81.11366660334169864654541015625">
        <ele>476.20001220703125</ele>
        <time>2026-02-15T15:29:20.000Z</time>
        <extensions>
          <ns3:TrackPointExtension>
            <ns3:hr>137</ns3:hr>
            <ns3:cad>0</ns3:cad>
          </ns3:TrackPointExtension>
        </extensions>
      </trkpt>
      <trkpt lat="35.96971613354980945587158203125" lon="-81.11364112235605716705322265625">
        <ele>476.79998779296875</ele>
        <time>2026-02-15T15:29:27.000Z</time>
        <extensions>
          <ns3:TrackPointExtension>
            <ns3:hr>138</ns3:hr>
            <ns3:cad>0</ns3:cad>
          </ns3:TrackPointExtension>
        </extensions>
      </trkpt>
      <trkpt lat="35.96971982158720493316650390625" lon="-81.11363341100513935089111328125">
        <ele>477.20001220703125</ele>
        <time>2026-02-15T15:29:29.000Z</time>
        <extensions>
          <ns3:TrackPointExtension>
            <ns3:hr>138</ns3:hr>
            <ns3:cad>0</ns3:cad>
          </ns3:TrackPointExtension>
        </extensions>
      </trkpt>
      <trkpt lat="35.9697192348539829254150390625" lon="-81.113626621663570404052734375">
        <ele>477.399993896484375</ele>
        <time>2026-02-15T15:29:30.000Z</time>
        <extensions>
          <ns3:TrackPointExtension>
            <ns3:hr>139</ns3:hr>
            <ns3:cad>0</ns3:cad>
          </ns3:TrackPointExtension>
        </extensions>
      </trkpt>
      <trkpt lat="35.9697165526449680328369140625" lon="-81.113595105707645416259765625">
        <ele>478.79998779296875</ele>
        <time>2026-02-15T15:29:34.000Z</time>
        <extensions>
          <ns3:TrackPointExtension>
            <ns3:hr>139</ns3:hr>
            <ns3:cad>0</ns3:cad>
          </ns3:TrackPointExtension>
        </extensions>
      </trkpt>
      <trkpt lat="35.96970641054213047027587890625" lon="-81.11356593668460845947265625">
        <ele>479.79998779296875</ele>
        <time>2026-02-15T15:29:37.000Z</time>
        <extensions>
          <ns3:TrackPointExtension>
            <ns3:hr>139</ns3:hr>
            <ns3:cad>0</ns3:cad>
          </ns3:TrackPointExtension>
        </extensions>
      </trkpt>
      <trkpt lat="35.96969936974346637725830078125" lon="-81.11355311237275600433349609375">
        <ele>481</ele>
        <time>2026-02-15T15:29:40.000Z</time>
        <extensions>
          <ns3:TrackPointExtension>
            <ns3:hr>139</ns3:hr>
            <ns3:cad>0</ns3:cad>
          </ns3:TrackPointExtension>
        </extensions>
      </trkpt>
      <trkpt lat="35.96969584934413433074951171875" lon="-81.11352712847292423248291015625">
        <ele>482</ele>
        <time>2026-02-15T15:29:45.000Z</time>
        <extensions>
          <ns3:TrackPointExtension>
            <ns3:hr>140</ns3:hr>
            <ns3:cad>50</ns3:cad>
          </ns3:TrackPointExtension>
        </extensions>
      </trkpt>
      <trkpt lat="35.9696920774877071380615234375" lon="-81.1135156452655792236328125">
        <ele>482.399993896484375</ele>
        <time>2026-02-15T15:29:48.000Z</time>
        <extensions>
          <ns3:TrackPointExtension>
            <ns3:hr>143</ns3:hr>
            <ns3:cad>50</ns3:cad>
          </ns3:TrackPointExtension>
        </extensions>
      </trkpt>
      <trkpt lat="35.96968780271708965301513671875" lon="-81.113511286675930023193359375">
        <ele>482.79998779296875</ele>
        <time>2026-02-15T15:29:51.000Z</time>
        <extensions>
          <ns3:TrackPointExtension>
            <ns3:hr>146</ns3:hr>
            <ns3:cad>0</ns3:cad>
          </ns3:TrackPointExtension>
        </extensions>
      </trkpt>
      <trkpt lat="35.9696875512599945068359375" lon="-81.1135156452655792236328125">
        <ele>482.79998779296875</ele>
        <time>2026-02-15T15:29:52.000Z</time>
        <extensions>
          <ns3:TrackPointExtension>
            <ns3:hr>146</ns3:hr>
            <ns3:cad>0</ns3:cad>
          </ns3:TrackPointExtension>
        </extensions>
      </trkpt>
      <trkpt lat="35.96965737640857696533203125" lon="-81.113495528697967529296875">
        <ele>482.79998779296875</ele>
        <time>2026-02-15T15:29:57.000Z</time>
        <extensions>
          <ns3:TrackPointExtension>
            <ns3:hr>147</ns3:hr>
            <ns3:cad>0</ns3:cad>
          </ns3:TrackPointExtension>
        </extensions>
      </trkpt>
      <trkpt lat="35.96964874304831027984619140625" lon="-81.11348873935639858245849609375">
        <ele>483</ele>
        <time>2026-02-15T15:29:58.000Z</time>
        <extensions>
          <ns3:TrackPointExtension>
            <ns3:hr>147</ns3:hr>
            <ns3:cad>0</ns3:cad>
          </ns3:TrackPointExtension>
        </extensions>
      </trkpt>
      <trkpt lat="35.96960934810340404510498046875" lon="-81.11347801052033901214599609375">
        <ele>483.600006103515625</ele>
        <time>2026-02-15T15:30:03.000Z</time>
        <extensions>
          <ns3:TrackPointExtension>
            <ns3:hr>149</ns3:hr>
            <ns3:cad>0</ns3:cad>
          </ns3:TrackPointExtension>
        </extensions>
      </trkpt>
      <trkpt lat="35.96956551074981689453125" lon="-81.11342688091099262237548828125">
        <ele>483.79998779296875</ele>
        <time>2026-02-15T15:30:09.000Z</time>
        <extensions>
          <ns3:TrackPointExtension>
            <ns3:hr>150</ns3:hr>
            <ns3:cad>0</ns3:cad>
          </ns3:TrackPointExtension>
        </extensions>
      </trkpt>
      <trkpt lat="35.96956056542694568634033203125" lon="-81.11341212876141071319580078125">
        <ele>484</ele>
        <time>2026-02-15T15:30:11.000Z</time>
        <extensions>
          <ns3:TrackPointExtension>
            <ns3:hr>152</ns3:hr>
            <ns3:cad>0</ns3:cad>
          </ns3:TrackPointExtension>
        </extensions>
      </trkpt>
      <trkpt lat="35.96952326595783233642578125" lon="-81.113409362733364105224609375">
        <ele>484</ele>
        <time>2026-02-15T15:30:16.000Z</time>
        <extensions>
          <ns3:TrackPointExtension>
            <ns3:hr>153</ns3:hr>
            <ns3:cad>0</ns3:cad>
          </ns3:TrackPointExtension>
        </extensions>
      </trkpt>
      <trkpt lat="35.9695019759237766265869140625" lon="-81.1134373582899570465087890625">
        <ele>483</ele>
        <time>2026-02-15T15:30:21.000Z</time>
        <extensions>
          <ns3:TrackPointExtension>
            <ns3:hr>153</ns3:hr>
            <ns3:cad>0</ns3:cad>
          </ns3:TrackPointExtension>
        </extensions>
      </trkpt>
      <trkpt lat="35.96949149854481220245361328125" lon="-81.1134366877377033233642578125">
        <ele>482.79998779296875</ele>
        <time>2026-02-15T15:30:23.000Z</time>
        <extensions>
          <ns3:TrackPointExtension>
            <ns3:hr>153</ns3:hr>
            <ns3:cad>68</ns3:cad>
          </ns3:TrackPointExtension>
        </extensions>
      </trkpt>
      <trkpt lat="35.969475321471691131591796875" lon="-81.1134380288422107696533203125">
        <ele>482.79998779296875</ele>
        <time>2026-02-15T15:30:25.000Z</time>
        <extensions>
          <ns3:TrackPointExtension>
            <ns3:hr>157</ns3:hr>
            <ns3:cad>0</ns3:cad>
          </ns3:TrackPointExtension>
        </extensions>
      </trkpt>
      <trkpt lat="35.9694506786763668060302734375" lon="-81.11343475989997386932373046875">
        <ele>482.399993896484375</ele>
        <time>2026-02-15T15:30:30.000Z</time>
        <extensions>
          <ns3:TrackPointExtension>
            <ns3:hr>158</ns3:hr>
            <ns3:cad>0</ns3:cad>
          </ns3:TrackPointExtension>
        </extensions>
      </trkpt>
      <trkpt lat="35.969428718090057373046875" lon="-81.11343316733837127685546875">
        <ele>481.79998779296875</ele>
        <time>2026-02-15T15:30:32.000Z</time>
        <extensions>
          <ns3:TrackPointExtension>
            <ns3:hr>157</ns3:hr>
            <ns3:cad>0</ns3:cad>
          </ns3:TrackPointExtension>
        </extensions>
      </trkpt>
      <trkpt lat="35.969437770545482635498046875" lon="-81.11343777738511562347412109375">
        <ele>481.20001220703125</ele>
        <time>2026-02-15T15:30:34.000Z</time>
        <extensions>
          <ns3:TrackPointExtension>
            <ns3:hr>156</ns3:hr>
            <ns3:cad>0</ns3:cad>
          </ns3:TrackPointExtension>
        </extensions>
      </trkpt>
      <trkpt lat="35.96942746080458164215087890625" lon="-81.1134517751634120941162109375">
        <ele>481</ele>
        <time>2026-02-15T15:30:37.000Z</time>
        <extensions>
          <ns3:TrackPointExtension>
            <ns3:hr>153</ns3:hr>
            <ns3:cad>0</ns3:cad>
          </ns3:TrackPointExtension>
        </extensions>
      </trkpt>
      <trkpt lat="35.96942109055817127227783203125" lon="-81.11346325837075710296630859375">
        <ele>481.20001220703125</ele>
        <time>2026-02-15T15:30:42.000Z</time>
        <extensions>
          <ns3:TrackPointExtension>
            <ns3:hr>152</ns3:hr>
            <ns3:cad>0</ns3:cad>
          </ns3:TrackPointExtension>
        </extensions>
      </trkpt>
      <trkpt lat="35.96940181218087673187255859375" lon="-81.1134762503206729888916015625">
        <ele>480.600006103515625</ele>
        <time>2026-02-15T15:30:46.000Z</time>
        <extensions>
          <ns3:TrackPointExtension>
            <ns3:hr>151</ns3:hr>
            <ns3:cad>0</ns3:cad>
          </ns3:TrackPointExtension>
        </extensions>
      </trkpt>
      <trkpt lat="35.9693844616413116455078125" lon="-81.1134906671941280364990234375">
        <ele>479.399993896484375</ele>
        <time>2026-02-15T15:30:50.000Z</time>
        <extensions>
          <ns3:TrackPointExtension>
            <ns3:hr>150</ns3:hr>
            <ns3:cad>0</ns3:cad>
          </ns3:TrackPointExtension>
        </extensions>
      </trkpt>
      <trkpt lat="35.96939158625900745391845703125" lon="-81.113517992198467254638671875">
        <ele>478.399993896484375</ele>
        <time>2026-02-15T15:30:53.000Z</time>
        <extensions>
          <ns3:TrackPointExtension>
            <ns3:hr>150</ns3:hr>
            <ns3:cad>0</ns3:cad>
          </ns3:TrackPointExtension>
        </extensions>
      </trkpt>
      <trkpt lat="35.96939879469573497772216796875" lon="-81.113538444042205810546875">
        <ele>477.600006103515625</ele>
        <time>2026-02-15T15:30:56.000Z</time>
        <extensions>
          <ns3:TrackPointExtension>
            <ns3:hr>149</ns3:hr>
            <ns3:cad>0</ns3:cad>
          </ns3:TrackPointExtension>
        </extensions>
      </trkpt>
      <trkpt lat="35.96939996816217899322509765625" lon="-81.11354674212634563446044921875">
        <ele>477.20001220703125</ele>
        <time>2026-02-15T15:30:57.000Z</time>
        <extensions>
          <ns3:TrackPointExtension>
            <ns3:hr>149</ns3:hr>
            <ns3:cad>0</ns3:cad>
          </ns3:TrackPointExtension>
        </extensions>
      </trkpt>
      <trkpt lat="35.9694134630262851715087890625" lon="-81.11357993446290493011474609375">
        <ele>476.600006103515625</ele>
        <time>2026-02-15T15:31:01.000Z</time>
        <extensions>
          <ns3:TrackPointExtension>
            <ns3:hr>146</ns3:hr>
            <ns3:cad>0</ns3:cad>
          </ns3:TrackPointExtension>
        </extensions>
      </trkpt>
      <trkpt lat="35.96940851770341396331787109375" lon="-81.11357934772968292236328125">
        <ele>476.399993896484375</ele>
        <time>2026-02-15T15:31:02.000Z</time>
        <extensions>
          <ns3:TrackPointExtension>
            <ns3:hr>144</ns3:hr>
            <ns3:cad>0</ns3:cad>
          </ns3:TrackPointExtension>
        </extensions>
      </trkpt>
      <trkpt lat="35.9694067575037479400634765625" lon="-81.11357842572033405303955078125">
        <ele>476.20001220703125</ele>
        <time>2026-02-15T15:31:04.000Z</time>
        <extensions>
          <ns3:TrackPointExtension>
            <ns3:hr>143</ns3:hr>
            <ns3:cad>0</ns3:cad>
          </ns3:TrackPointExtension>
        </extensions>
      </trkpt>
      <trkpt lat="35.96939963288605213165283203125" lon="-81.1135801859200000762939453125">
        <ele>475.20001220703125</ele>
        <time>2026-02-15T15:31:07.000Z</time>
        <extensions>
          <ns3:TrackPointExtension>
            <ns3:hr>142</ns3:hr>
            <ns3:cad>0</ns3:cad>
          </ns3:TrackPointExtension>
        </extensions>
      </trkpt>
      <trkpt lat="35.96938538365066051483154296875" lon="-81.11358026973903179168701171875">
        <ele>474.399993896484375</ele>
        <time>2026-02-15T15:31:11.000Z</time>
        <extensions>
          <ns3:TrackPointExtension>
            <ns3:hr>141</ns3:hr>
            <ns3:cad>0</ns3:cad>
          </ns3:TrackPointExtension>
        </extensions>
      </trkpt>
      <trkpt lat="35.96936157904565334320068359375" lon="-81.11358311958611011505126953125">
        <ele>474</ele>
        <time>2026-02-15T15:31:14.000Z</time>
        <extensions>
          <ns3:TrackPointExtension>
            <ns3:hr>140</ns3:hr>
            <ns3:cad>0</ns3:cad>
          </ns3:TrackPointExtension>
        </extensions>
      </trkpt>
      <trkpt lat="35.96932771615684032440185546875" lon="-81.11357138492166996002197265625">
        <ele>473.600006103515625</ele>
        <time>2026-02-15T15:31:19.000Z</time>
        <extensions>
          <ns3:TrackPointExtension>
            <ns3:hr>140</ns3:hr>
            <ns3:cad>0</ns3:cad>
          </ns3:TrackPointExtension>
        </extensions>
      </trkpt>
      <trkpt lat="35.969302318990230560302734375" lon="-81.1135922558605670928955078125">
        <ele>473</ele>
        <time>2026-02-15T15:31:25.000Z</time>
        <extensions>
          <ns3:TrackPointExtension>
            <ns3:hr>141</ns3:hr>
            <ns3:cad>0</ns3:cad>
          </ns3:TrackPointExtension>
        </extensions>
      </trkpt>
      <trkpt lat="35.96930198371410369873046875" lon="-81.113597452640533447265625">
        <ele>473</ele>
        <time>2026-02-15T15:31:26.000Z</time>
        <extensions>
          <ns3:TrackPointExtension>
            <ns3:hr>142</ns3:hr>
            <ns3:cad>53</ns3:cad>
          </ns3:TrackPointExtension>
        </extensions>
      </trkpt>
      <trkpt lat="35.9693175740540027618408203125" lon="-81.1136472411453723907470703125">
        <ele>472</ele>
        <time>2026-02-15T15:31:30.000Z</time>
        <extensions>
          <ns3:TrackPointExtension>
            <ns3:hr>140</ns3:hr>
            <ns3:cad>0</ns3:cad>
          </ns3:TrackPointExtension>
        </extensions>
      </trkpt>
      <trkpt lat="35.9693165682256221771240234375" lon="-81.1136710457503795623779296875">
        <ele>471.20001220703125</ele>
        <time>2026-02-15T15:31:32.000Z</time>
        <extensions>
          <ns3:TrackPointExtension>
            <ns3:hr>140</ns3:hr>
            <ns3:cad>0</ns3:cad>
          </ns3:TrackPointExtension>
        </extensions>
      </trkpt>
      <trkpt lat="35.969316400587558746337890625" lon="-81.1136811040341854095458984375">
        <ele>470.600006103515625</ele>
        <time>2026-02-15T15:31:33.000Z</time>
        <extensions>
          <ns3:TrackPointExtension>
            <ns3:hr>139</ns3:hr>
            <ns3:cad>0</ns3:cad>
          </ns3:TrackPointExtension>
        </extensions>
      </trkpt>
      <trkpt lat="35.96930257044732570648193359375" lon="-81.11370264552533626556396484375">
        <ele>469.399993896484375</ele>
        <time>2026-02-15T15:31:36.000Z</time>
        <extensions>
          <ns3:TrackPointExtension>
            <ns3:hr>139</ns3:hr>
            <ns3:cad>57</ns3:cad>
          </ns3:TrackPointExtension>
        </extensions>
      </trkpt>
      <trkpt lat="35.969300977885723114013671875" lon="-81.11373466439545154571533203125">
        <ele>468.399993896484375</ele>
        <time>2026-02-15T15:31:39.000Z</time>
        <extensions>
          <ns3:TrackPointExtension>
            <ns3:hr>139</ns3:hr>
            <ns3:cad>0</ns3:cad>
          </ns3:TrackPointExtension>
        </extensions>
      </trkpt>
      <trkpt lat="35.9693155623972415924072265625" lon="-81.1137726344168186187744140625">
        <ele>467.20001220703125</ele>
        <time>2026-02-15T15:31:43.000Z</time>
        <extensions>
          <ns3:TrackPointExtension>
            <ns3:hr>139</ns3:hr>
            <ns3:cad>0</ns3:cad>
          </ns3:TrackPointExtension>
        </extensions>
      </trkpt>
      <trkpt lat="35.96932520158588886260986328125" lon="-81.1137838661670684814453125">
        <ele>466.79998779296875</ele>
        <time>2026-02-15T15:31:45.000Z</time>
        <extensions>
          <ns3:TrackPointExtension>
            <ns3:hr>139</ns3:hr>
            <ns3:cad>56</ns3:cad>
          </ns3:TrackPointExtension>
        </extensions>
      </trkpt>
      <trkpt lat="35.9693500958383083343505859375" lon="-81.11382971517741680145263671875">
        <ele>466.20001220703125</ele>
        <time>2026-02-15T15:31:50.000Z</time>
        <extensions>
          <ns3:TrackPointExtension>
            <ns3:hr>138</ns3:hr>
            <ns3:cad>0</ns3:cad>
          </ns3:TrackPointExtension>
        </extensions>
      </trkpt>
      <trkpt lat="35.9693527780473232269287109375" lon="-81.11383826471865177154541015625">
        <ele>466</ele>
        <time>2026-02-15T15:31:51.000Z</time>
        <extensions>
          <ns3:TrackPointExtension>
            <ns3:hr>138</ns3:hr>
            <ns3:cad>0</ns3:cad>
          </ns3:TrackPointExtension>
        </extensions>
      </trkpt>
      <trkpt lat="35.96935805864632129669189453125" lon="-81.11387480981647968292236328125">
        <ele>465</ele>
        <time>2026-02-15T15:31:55.000Z</time>
        <extensions>
          <ns3:TrackPointExtension>
            <ns3:hr>139</ns3:hr>
            <ns3:cad>0</ns3:cad>
          </ns3:TrackPointExtension>
        </extensions>
      </trkpt>
      <trkpt lat="35.969357304275035858154296875" lon="-81.1138829402625560760498046875">
        <ele>464.79998779296875</ele>
        <time>2026-02-15T15:31:56.000Z</time>
        <extensions>
          <ns3:TrackPointExtension>
            <ns3:hr>139</ns3:hr>
            <ns3:cad>0</ns3:cad>
          </ns3:TrackPointExtension>
        </extensions>
      </trkpt>
      <trkpt lat="35.96935889683663845062255859375" lon="-81.1139179766178131103515625">
        <ele>463.600006103515625</ele>
        <time>2026-02-15T15:32:00.000Z</time>
        <extensions>
          <ns3:TrackPointExtension>
            <ns3:hr>140</ns3:hr>
            <ns3:cad>0</ns3:cad>
          </ns3:TrackPointExtension>
        </extensions>
      </trkpt>
      <trkpt lat="35.9693554602563381195068359375" lon="-81.1139033921062946319580078125">
        <ele>463.399993896484375</ele>
        <time>2026-02-15T15:32:05.000Z</time>
        <extensions>
          <ns3:TrackPointExtension>
            <ns3:hr>140</ns3:hr>
            <ns3:cad>0</ns3:cad>
          </ns3:TrackPointExtension>
        </extensions>
      </trkpt>
      <trkpt lat="35.96935654990375041961669921875" lon="-81.1139018833637237548828125">
        <ele>462.600006103515625</ele>
        <time>2026-02-15T15:32:10.000Z</time>
        <extensions>
          <ns3:TrackPointExtension>
            <ns3:hr>138</ns3:hr>
            <ns3:cad>0</ns3:cad>
          </ns3:TrackPointExtension>
        </extensions>
      </trkpt>
      <trkpt lat="35.9693544544279575347900390625" lon="-81.113910265266895294189453125">
        <ele>461.600006103515625</ele>
        <time>2026-02-15T15:32:13.000Z</time>
        <extensions>
          <ns3:TrackPointExtension>
            <ns3:hr>138</ns3:hr>
            <ns3:cad>0</ns3:cad>
          </ns3:TrackPointExtension>
        </extensions>
      </trkpt>
      <trkpt lat="35.969352610409259796142578125" lon="-81.1139245145022869110107421875">
        <ele>461.399993896484375</ele>
        <time>2026-02-15T15:32:15.000Z</time>
        <extensions>
          <ns3:TrackPointExtension>
            <ns3:hr>138</ns3:hr>
            <ns3:cad>0</ns3:cad>
          </ns3:TrackPointExtension>
        </extensions>
      </trkpt>
      <trkpt lat="35.9693442285060882568359375" lon="-81.11396902240812778472900390625">
        <ele>460.399993896484375</ele>
        <time>2026-02-15T15:32:19.000Z</time>
        <extensions>
          <ns3:TrackPointExtension>
            <ns3:hr>137</ns3:hr>
            <ns3:cad>0</ns3:cad>
          </ns3:TrackPointExtension>
        </extensions>
      </trkpt>
      <trkpt lat="35.96934221684932708740234375" lon="-81.11396013759076595306396484375">
        <ele>460.20001220703125</ele>
        <time>2026-02-15T15:32:20.000Z</time>
        <extensions>
          <ns3:TrackPointExtension>
            <ns3:hr>137</ns3:hr>
            <ns3:cad>0</ns3:cad>
          </ns3:TrackPointExtension>
        </extensions>
      </trkpt>
      <trkpt lat="35.9693306498229503631591796875" lon="-81.113933734595775604248046875">
        <ele>460</ele>
        <time>2026-02-15T15:32:25.000Z</time>
        <extensions>
          <ns3:TrackPointExtension>
            <ns3:hr>136</ns3:hr>
            <ns3:cad>70</ns3:cad>
          </ns3:TrackPointExtension>
        </extensions>
      </trkpt>
      <trkpt lat="35.96932369284331798553466796875" lon="-81.1139050684869289398193359375">
        <ele>460</ele>
        <time>2026-02-15T15:32:29.000Z</time>
        <extensions>
          <ns3:TrackPointExtension>
            <ns3:hr>136</ns3:hr>
            <ns3:cad>70</ns3:cad>
          </ns3:TrackPointExtension>
        </extensions>
      </trkpt>
      <trkpt lat="35.96933475695550441741943359375" lon="-81.113892830908298492431640625">
        <ele>461</ele>
        <time>2026-02-15T15:32:35.000Z</time>
        <extensions>
          <ns3:TrackPointExtension>
            <ns3:hr>135</ns3:hr>
            <ns3:cad>0</ns3:cad>
          </ns3:TrackPointExtension>
        </extensions>
      </trkpt>
      <trkpt lat="35.96933492459356784820556640625" lon="-81.11389643512666225433349609375">
        <ele>461.399993896484375</ele>
        <time>2026-02-15T15:32:36.000Z</time>
        <extensions>
          <ns3:TrackPointExtension>
            <ns3:hr>135</ns3:hr>
            <ns3:cad>0</ns3:cad>
          </ns3:TrackPointExtension>
        </extensions>
      </trkpt>
      <trkpt lat="35.96933391876518726348876953125" lon="-81.11389643512666225433349609375">
        <ele>461.79998779296875</ele>
        <time>2026-02-15T15:32:37.000Z</time>
        <extensions>
          <ns3:TrackPointExtension>
            <ns3:hr>134</ns3:hr>
            <ns3:cad>0</ns3:cad>
          </ns3:TrackPointExtension>
        </extensions>
      </trkpt>
      <trkpt lat="35.9693189151585102081298828125" lon="-81.11388956196606159210205078125">
        <ele>462.79998779296875</ele>
        <time>2026-02-15T15:32:39.000Z</time>
        <extensions>
          <ns3:TrackPointExtension>
            <ns3:hr>136</ns3:hr>
            <ns3:cad>0</ns3:cad>
          </ns3:TrackPointExtension>
        </extensions>
      </trkpt>
      <trkpt lat="35.9693028219044208526611328125" lon="-81.11387841403484344482421875">
        <ele>463.600006103515625</ele>
        <time>2026-02-15T15:32:43.000Z</time>
        <extensions>
          <ns3:TrackPointExtension>
            <ns3:hr>135</ns3:hr>
            <ns3:cad>0</ns3:cad>
          </ns3:TrackPointExtension>
        </extensions>
      </trkpt>
      <trkpt lat="35.9692699648439884185791015625" lon="-81.11389090307056903839111328125">
        <ele>462.399993896484375</ele>
        <time>2026-02-15T15:32:50.000Z</time>
        <extensions>
          <ns3:TrackPointExtension>
            <ns3:hr>137</ns3:hr>
            <ns3:cad>0</ns3:cad>
          </ns3:TrackPointExtension>
        </extensions>
      </trkpt>
      <trkpt lat="35.96925730817019939422607421875" lon="-81.11388101242482662200927734375">
        <ele>461.600006103515625</ele>
        <time>2026-02-15T15:32:52.000Z</time>
        <extensions>
          <ns3:TrackPointExtension>
            <ns3:hr>138</ns3:hr>
            <ns3:cad>0</ns3:cad>
          </ns3:TrackPointExtension>
        </extensions>
      </trkpt>
      <trkpt lat="35.96925227902829647064208984375" lon="-81.11387497745454311370849609375">
        <ele>460.79998779296875</ele>
        <time>2026-02-15T15:32:54.000Z</time>
        <extensions>
          <ns3:TrackPointExtension>
            <ns3:hr>138</ns3:hr>
            <ns3:cad>0</ns3:cad>
          </ns3:TrackPointExtension>
        </extensions>
      </trkpt>
      <trkpt lat="35.9692428074777126312255859375" lon="-81.11386525444686412811279296875">
        <ele>460.399993896484375</ele>
        <time>2026-02-15T15:32:56.000Z</time>
        <extensions>
          <ns3:TrackPointExtension>
            <ns3:hr>139</ns3:hr>
            <ns3:cad>0</ns3:cad>
          </ns3:TrackPointExtension>
        </extensions>
      </trkpt>
      <trkpt lat="35.9692119620740413665771484375" lon="-81.1138321459293365478515625">
        <ele>460.20001220703125</ele>
        <time>2026-02-15T15:33:01.000Z</time>
        <extensions>
          <ns3:TrackPointExtension>
            <ns3:hr>140</ns3:hr>
            <ns3:cad>0</ns3:cad>
          </ns3:TrackPointExtension>
        </extensions>
      </trkpt>
      <trkpt lat="35.9691958688199520111083984375" lon="-81.11378026194870471954345703125">
        <ele>461.399993896484375</ele>
        <time>2026-02-15T15:33:06.000Z</time>
        <extensions>
          <ns3:TrackPointExtension>
            <ns3:hr>139</ns3:hr>
            <ns3:cad>0</ns3:cad>
          </ns3:TrackPointExtension>
        </extensions>
      </trkpt>
      <trkpt lat="35.96919335424900054931640625" lon="-81.11376576125621795654296875">
        <ele>461.79998779296875</ele>
        <time>2026-02-15T15:33:07.000Z</time>
        <extensions>
          <ns3:TrackPointExtension>
            <ns3:hr>139</ns3:hr>
            <ns3:cad>0</ns3:cad>
          </ns3:TrackPointExtension>
        </extensions>
      </trkpt>
      <trkpt lat="35.96918254159390926361083984375" lon="-81.1137448064982891082763671875">
        <ele>462.79998779296875</ele>
        <time>2026-02-15T15:33:09.000Z</time>
        <extensions>
          <ns3:TrackPointExtension>
            <ns3:hr>138</ns3:hr>
            <ns3:cad>55</ns3:cad>
          </ns3:TrackPointExtension>
        </extensions>
      </trkpt>
      <trkpt lat="35.96915957517921924591064453125" lon="-81.11372443847358226776123046875">
        <ele>464</ele>
        <time>2026-02-15T15:33:13.000Z</time>
        <extensions>
          <ns3:TrackPointExtension>
            <ns3:hr>138</ns3:hr>
            <ns3:cad>0</ns3:cad>
          </ns3:TrackPointExtension>
        </extensions>
      </trkpt>
      <trkpt lat="35.96916644833981990814208984375" lon="-81.11369241960346698760986328125">
        <ele>465</ele>
        <time>2026-02-15T15:33:18.000Z</time>
        <extensions>
          <ns3:TrackPointExtension>
            <ns3:hr>138</ns3:hr>
            <ns3:cad>0</ns3:cad>
          </ns3:TrackPointExtension>
        </extensions>
      </trkpt>
      <trkpt lat="35.96915655769407749176025390625" lon="-81.11367029137909412384033203125">
        <ele>466</ele>
        <time>2026-02-15T15:33:21.000Z</time>
        <extensions>
          <ns3:TrackPointExtension>
            <ns3:hr>138</ns3:hr>
            <ns3:cad>55</ns3:cad>
          </ns3:TrackPointExtension>
        </extensions>
      </trkpt>
      <trkpt lat="35.969142057001590728759765625" lon="-81.11364447511732578277587890625">
        <ele>467</ele>
        <time>2026-02-15T15:33:26.000Z</time>
        <extensions>
          <ns3:TrackPointExtension>
            <ns3:hr>138</ns3:hr>
            <ns3:cad>0</ns3:cad>
          </ns3:TrackPointExtension>
        </extensions>
      </trkpt>
      <trkpt lat="35.96911414526402950286865234375" lon="-81.11360616981983184814453125">
        <ele>466.79998779296875</ele>
        <time>2026-02-15T15:33:30.000Z</time>
        <extensions>
          <ns3:TrackPointExtension>
            <ns3:hr>139</ns3:hr>
            <ns3:cad>0</ns3:cad>
          </ns3:TrackPointExtension>
        </extensions>
      </trkpt>
      <trkpt lat="35.969091765582561492919921875" lon="-81.11359150148928165435791015625">
        <ele>466.600006103515625</ele>
        <time>2026-02-15T15:33:37.000Z</time>
        <extensions>
          <ns3:TrackPointExtension>
            <ns3:hr>140</ns3:hr>
            <ns3:cad>0</ns3:cad>
          </ns3:TrackPointExtension>
        </extensions>
      </trkpt>
      <trkpt lat="35.96910676918923854827880859375" lon="-81.113583035767078399658203125">
        <ele>466.600006103515625</ele>
        <time>2026-02-15T15:33:43.000Z</time>
        <extensions>
          <ns3:TrackPointExtension>
            <ns3:hr>139</ns3:hr>
            <ns3:cad>50</ns3:cad>
          </ns3:TrackPointExtension>
        </extensions>
      </trkpt>
      <trkpt lat="35.96907357685267925262451171875" lon="-81.113593764603137969970703125">
        <ele>467.20001220703125</ele>
        <time>2026-02-15T15:33:48.000Z</time>
        <extensions>
          <ns3:TrackPointExtension>
            <ns3:hr>139</ns3:hr>
            <ns3:cad>0</ns3:cad>
          </ns3:TrackPointExtension>
        </extensions>
      </trkpt>
      <trkpt lat="35.96904239617288112640380859375" lon="-81.1135563813149929046630859375">
        <ele>466.79998779296875</ele>
        <time>2026-02-15T15:33:54.000Z</time>
        <extensions>
          <ns3:TrackPointExtension>
            <ns3:hr>139</ns3:hr>
            <ns3:cad>0</ns3:cad>
          </ns3:TrackPointExtension>
        </extensions>
      </trkpt>
      <trkpt lat="35.96903468482196331024169921875" lon="-81.1135178245604038238525390625">
        <ele>467.20001220703125</ele>
        <time>2026-02-15T15:33:59.000Z</time>
        <extensions>
          <ns3:TrackPointExtension>
            <ns3:hr>141</ns3:hr>
            <ns3:cad>0</ns3:cad>
          </ns3:TrackPointExtension>
        </extensions>
      </trkpt>
      <trkpt lat="35.96902580000460147857666015625" lon="-81.11348136328160762786865234375">
        <ele>468.20001220703125</ele>
        <time>2026-02-15T15:34:06.000Z</time>
        <extensions>
          <ns3:TrackPointExtension>
            <ns3:hr>140</ns3:hr>
            <ns3:cad>0</ns3:cad>
          </ns3:TrackPointExtension>
        </extensions>
      </trkpt>
      <trkpt lat="35.96899780444800853729248046875" lon="-81.1134566366672515869140625">
        <ele>469.20001220703125</ele>
        <time>2026-02-15T15:34:12.000Z</time>
        <extensions>
          <ns3:TrackPointExtension>
            <ns3:hr>139</ns3:hr>
            <ns3:cad>0</ns3:cad>
          </ns3:TrackPointExtension>
        </extensions>
      </trkpt>
      <trkpt lat="35.96899428404867649078369140625" lon="-81.11344951204955577850341796875">
        <ele>469.20001220703125</ele>
        <time>2026-02-15T15:34:13.000Z</time>
        <extensions>
          <ns3:TrackPointExtension>
            <ns3:hr>139</ns3:hr>
            <ns3:cad>0</ns3:cad>
          </ns3:TrackPointExtension>
        </extensions>
      </trkpt>
      <trkpt lat="35.96899176947772502899169921875" lon="-81.113423444330692291259765625">
        <ele>470.399993896484375</ele>
        <time>2026-02-15T15:34:17.000Z</time>
        <extensions>
          <ns3:TrackPointExtension>
            <ns3:hr>139</ns3:hr>
            <ns3:cad>0</ns3:cad>
          </ns3:TrackPointExtension>
        </extensions>
      </trkpt>
      <trkpt lat="35.96899830736219882965087890625" lon="-81.1134122125804424285888671875">
        <ele>470.600006103515625</ele>
        <time>2026-02-15T15:34:18.000Z</time>
        <extensions>
          <ns3:TrackPointExtension>
            <ns3:hr>139</ns3:hr>
            <ns3:cad>0</ns3:cad>
          </ns3:TrackPointExtension>
        </extensions>
      </trkpt>
      <trkpt lat="35.96901423297822475433349609375" lon="-81.1133884079754352569580078125">
        <ele>471.399993896484375</ele>
        <time>2026-02-15T15:34:21.000Z</time>
        <extensions>
          <ns3:TrackPointExtension>
            <ns3:hr>140</ns3:hr>
            <ns3:cad>0</ns3:cad>
          </ns3:TrackPointExtension>
        </extensions>
      </trkpt>
      <trkpt lat="35.96902370452880859375" lon="-81.1133639328181743621826171875">
        <ele>472.399993896484375</ele>
        <time>2026-02-15T15:34:24.000Z</time>
        <extensions>
          <ns3:TrackPointExtension>
            <ns3:hr>140</ns3:hr>
            <ns3:cad>0</ns3:cad>
          </ns3:TrackPointExtension>
        </extensions>
      </trkpt>
      <trkpt lat="35.9690258838236331939697265625" lon="-81.11336217261850833892822265625">
        <ele>472.600006103515625</ele>
        <time>2026-02-15T15:34:25.000Z</time>
        <extensions>
          <ns3:TrackPointExtension>
            <ns3:hr>140</ns3:hr>
            <ns3:cad>0</ns3:cad>
          </ns3:TrackPointExtension>
        </extensions>
      </trkpt>
      <trkpt lat="35.96902496181428432464599609375" lon="-81.1133518628776073455810546875">
        <ele>473</ele>
        <time>2026-02-15T15:34:33.000Z</time>
        <extensions>
          <ns3:TrackPointExtension>
            <ns3:hr>143</ns3:hr>
            <ns3:cad>0</ns3:cad>
          </ns3:TrackPointExtension>
        </extensions>
      </trkpt>
      <trkpt lat="35.9690289013087749481201171875" lon="-81.1133565567433834075927734375">
        <ele>472.79998779296875</ele>
        <time>2026-02-15T15:34:35.000Z</time>
        <extensions>
          <ns3:TrackPointExtension>
            <ns3:hr>144</ns3:hr>
            <ns3:cad>0</ns3:cad>
          </ns3:TrackPointExtension>
        </extensions>
      </trkpt>
      <trkpt lat="35.96902932040393352508544921875" lon="-81.1133243702352046966552734375">
        <ele>473.20001220703125</ele>
        <time>2026-02-15T15:34:41.000Z</time>
        <extensions>
          <ns3:TrackPointExtension>
            <ns3:hr>144</ns3:hr>
            <ns3:cad>0</ns3:cad>
          </ns3:TrackPointExtension>
        </extensions>
      </trkpt>
      <trkpt lat="35.969020687043666839599609375" lon="-81.11330752260982990264892578125">
        <ele>474</ele>
        <time>2026-02-15T15:34:43.000Z</time>
        <extensions>
          <ns3:TrackPointExtension>
            <ns3:hr>144</ns3:hr>
            <ns3:cad>0</ns3:cad>
          </ns3:TrackPointExtension>
        </extensions>
      </trkpt>
      <trkpt lat="35.969020687043666839599609375" lon="-81.113276593387126922607421875">
        <ele>475.20001220703125</ele>
        <time>2026-02-15T15:34:46.000Z</time>
        <extensions>
          <ns3:TrackPointExtension>
            <ns3:hr>146</ns3:hr>
            <ns3:cad>90</ns3:cad>
          </ns3:TrackPointExtension>
        </extensions>
      </trkpt>
      <trkpt lat="35.96903183497488498687744140625" lon="-81.11324750818312168121337890625">
        <ele>476.399993896484375</ele>
        <time>2026-02-15T15:34:49.000Z</time>
        <extensions>
          <ns3:TrackPointExtension>
            <ns3:hr>149</ns3:hr>
            <ns3:cad>90</ns3:cad>
          </ns3:TrackPointExtension>
        </extensions>
      </trkpt>
      <trkpt lat="35.9690339304506778717041015625" lon="-81.11323200166225433349609375">
        <ele>477.399993896484375</ele>
        <time>2026-02-15T15:34:51.000Z</time>
        <extensions>
          <ns3:TrackPointExtension>
            <ns3:hr>151</ns3:hr>
            <ns3:cad>68</ns3:cad>
          </ns3:TrackPointExtension>
        </extensions>
      </trkpt>
      <trkpt lat="35.96903116442263126373291015625" lon="-81.113220937550067901611328125">
        <ele>478</ele>
        <time>2026-02-15T15:34:53.000Z</time>
        <extensions>
          <ns3:TrackPointExtension>
            <ns3:hr>153</ns3:hr>
            <ns3:cad>68</ns3:cad>
          </ns3:TrackPointExtension>
        </extensions>
      </trkpt>
      <trkpt lat="35.969024710357189178466796875" lon="-81.11320492811501026153564453125">
        <ele>478.79998779296875</ele>
        <time>2026-02-15T15:34:55.000Z</time>
        <extensions>
          <ns3:TrackPointExtension>
            <ns3:hr>155</ns3:hr>
            <ns3:cad>0</ns3:cad>
          </ns3:TrackPointExtension>
        </extensions>
      </trkpt>
      <trkpt lat="35.969009958207607269287109375" lon="-81.1131872422993183135986328125">
        <ele>479.399993896484375</ele>
        <time>2026-02-15T15:34:57.000Z</time>
        <extensions>
          <ns3:TrackPointExtension>
            <ns3:hr>156</ns3:hr>
            <ns3:cad>75</ns3:cad>
          </ns3:TrackPointExtension>
        </extensions>
      </trkpt>
      <trkpt lat="35.9690017439424991607666015625" lon="-81.11318632028996944427490234375">
        <ele>479.600006103515625</ele>
        <time>2026-02-15T15:34:58.000Z</time>
        <extensions>
          <ns3:TrackPointExtension>
            <ns3:hr>156</ns3:hr>
            <ns3:cad>75</ns3:cad>
          </ns3:TrackPointExtension>
        </extensions>
      </trkpt>
      <trkpt lat="35.96898959018290042877197265625" lon="-81.11318397335708141326904296875">
        <ele>479.79998779296875</ele>
        <time>2026-02-15T15:34:59.000Z</time>
        <extensions>
          <ns3:TrackPointExtension>
            <ns3:hr>156</ns3:hr>
            <ns3:cad>0</ns3:cad>
          </ns3:TrackPointExtension>
        </extensions>
      </trkpt>
      <trkpt lat="35.96895656548440456390380859375" lon="-81.11318397335708141326904296875">
        <ele>480</ele>
        <time>2026-02-15T15:35:02.000Z</time>
        <extensions>
          <ns3:TrackPointExtension>
            <ns3:hr>155</ns3:hr>
            <ns3:cad>0</ns3:cad>
          </ns3:TrackPointExtension>
        </extensions>
      </trkpt>
      <trkpt lat="35.96891951747238636016845703125" lon="-81.1131657846271991729736328125">
        <ele>478.600006103515625</ele>
        <time>2026-02-15T15:35:07.000Z</time>
        <extensions>
          <ns3:TrackPointExtension>
            <ns3:hr>154</ns3:hr>
            <ns3:cad>0</ns3:cad>
          </ns3:TrackPointExtension>
        </extensions>
      </trkpt>
      <trkpt lat="35.96891130320727825164794921875" lon="-81.1131268925964832305908203125">
        <ele>478.399993896484375</ele>
        <time>2026-02-15T15:35:12.000Z</time>
        <extensions>
          <ns3:TrackPointExtension>
            <ns3:hr>154</ns3:hr>
            <ns3:cad>0</ns3:cad>
          </ns3:TrackPointExtension>
        </extensions>
      </trkpt>
      <trkpt lat="35.9689061902463436126708984375" lon="-81.11305975355207920074462890625">
        <ele>479.600006103515625</ele>
        <time>2026-02-15T15:35:18.000Z</time>
        <extensions>
          <ns3:TrackPointExtension>
            <ns3:hr>154</ns3:hr>
            <ns3:cad>0</ns3:cad>
          </ns3:TrackPointExtension>
        </extensions>
      </trkpt>
      <trkpt lat="35.968888588249683380126953125" lon="-81.1130370385944843292236328125">
        <ele>480.79998779296875</ele>
        <time>2026-02-15T15:35:22.000Z</time>
        <extensions>
          <ns3:TrackPointExtension>
            <ns3:hr>158</ns3:hr>
            <ns3:cad>94</ns3:cad>
          </ns3:TrackPointExtension>
        </extensions>
      </trkpt>
      <trkpt lat="35.96887995488941669464111328125" lon="-81.1130172573029994964599609375">
        <ele>481.20001220703125</ele>
        <time>2026-02-15T15:35:24.000Z</time>
        <extensions>
          <ns3:TrackPointExtension>
            <ns3:hr>160</ns3:hr>
            <ns3:cad>0</ns3:cad>
          </ns3:TrackPointExtension>
        </extensions>
      </trkpt>
      <trkpt lat="35.96885447390377521514892578125" lon="-81.11295833252370357513427734375">
        <ele>481.600006103515625</ele>
        <time>2026-02-15T15:35:29.000Z</time>
        <extensions>
          <ns3:TrackPointExtension>
            <ns3:hr>160</ns3:hr>
            <ns3:cad>0</ns3:cad>
          </ns3:TrackPointExtension>
        </extensions>
      </trkpt>
      <trkpt lat="35.96884994767606258392333984375" lon="-81.11291524954140186309814453125">
        <ele>482</ele>
        <time>2026-02-15T15:35:31.000Z</time>
        <extensions>
          <ns3:TrackPointExtension>
            <ns3:hr>159</ns3:hr>
            <ns3:cad>0</ns3:cad>
          </ns3:TrackPointExtension>
        </extensions>
      </trkpt>
      <trkpt lat="35.96884625963866710662841796875" lon="-81.11287887208163738250732421875">
        <ele>483</ele>
        <time>2026-02-15T15:35:34.000Z</time>
        <extensions>
          <ns3:TrackPointExtension>
            <ns3:hr>159</ns3:hr>
            <ns3:cad>0</ns3:cad>
          </ns3:TrackPointExtension>
        </extensions>
      </trkpt>
      <trkpt lat="35.968843661248683929443359375" lon="-81.1128673888742923736572265625">
        <ele>483.399993896484375</ele>
        <time>2026-02-15T15:35:35.000Z</time>
        <extensions>
          <ns3:TrackPointExtension>
            <ns3:hr>158</ns3:hr>
            <ns3:cad>0</ns3:cad>
          </ns3:TrackPointExtension>
        </extensions>
      </trkpt>
      <trkpt lat="35.9688319265842437744140625" lon="-81.11282430589199066162109375">
        <ele>484.399993896484375</ele>
        <time>2026-02-15T15:35:39.000Z</time>
        <extensions>
          <ns3:TrackPointExtension>
            <ns3:hr>158</ns3:hr>
            <ns3:cad>53</ns3:cad>
          </ns3:TrackPointExtension>
        </extensions>
      </trkpt>
      <trkpt lat="35.96882664598524570465087890625" lon="-81.112787425518035888671875">
        <ele>485</ele>
        <time>2026-02-15T15:35:42.000Z</time>
        <extensions>
          <ns3:TrackPointExtension>
            <ns3:hr>159</ns3:hr>
            <ns3:cad>0</ns3:cad>
          </ns3:TrackPointExtension>
        </extensions>
      </trkpt>
      <trkpt lat="35.96882966347038745880126953125" lon="-81.11275867559015750885009765625">
        <ele>485.399993896484375</ele>
        <time>2026-02-15T15:35:45.000Z</time>
        <extensions>
          <ns3:TrackPointExtension>
            <ns3:hr>158</ns3:hr>
            <ns3:cad>50</ns3:cad>
          </ns3:TrackPointExtension>
        </extensions>
      </trkpt>
      <trkpt lat="35.9688525460660457611083984375" lon="-81.11271190457046031951904296875">
        <ele>486.20001220703125</ele>
        <time>2026-02-15T15:35:49.000Z</time>
        <extensions>
          <ns3:TrackPointExtension>
            <ns3:hr>157</ns3:hr>
            <ns3:cad>0</ns3:cad>
          </ns3:TrackPointExtension>
        </extensions>
      </trkpt>
      <trkpt lat="35.96886101178824901580810546875" lon="-81.11268927343189716339111328125">
        <ele>486.600006103515625</ele>
        <time>2026-02-15T15:35:51.000Z</time>
        <extensions>
          <ns3:TrackPointExtension>
            <ns3:hr>156</ns3:hr>
            <ns3:cad>49</ns3:cad>
          </ns3:TrackPointExtension>
        </extensions>
      </trkpt>
      <trkpt lat="35.9688756801187992095947265625" lon="-81.112643592059612274169921875">
        <ele>487.79998779296875</ele>
        <time>2026-02-15T15:35:55.000Z</time>
        <extensions>
          <ns3:TrackPointExtension>
            <ns3:hr>153</ns3:hr>
            <ns3:cad>49</ns3:cad>
          </ns3:TrackPointExtension>
        </extensions>
      </trkpt>
      <trkpt lat="35.968889929354190826416015625" lon="-81.1126293428242206573486328125">
        <ele>488.79998779296875</ele>
        <time>2026-02-15T15:35:59.000Z</time>
        <extensions>
          <ns3:TrackPointExtension>
            <ns3:hr>151</ns3:hr>
            <ns3:cad>0</ns3:cad>
          </ns3:TrackPointExtension>
        </extensions>
      </trkpt>
      <trkpt lat="35.968892611563205718994140625" lon="-81.1126171052455902099609375">
        <ele>489</ele>
        <time>2026-02-15T15:36:00.000Z</time>
        <extensions>
          <ns3:TrackPointExtension>
            <ns3:hr>150</ns3:hr>
            <ns3:cad>0</ns3:cad>
          </ns3:TrackPointExtension>
        </extensions>
      </trkpt>
      <trkpt lat="35.96887710504233837127685546875" lon="-81.112529598176479339599609375">
        <ele>489.399993896484375</ele>
        <time>2026-02-15T15:36:06.000Z</time>
        <extensions>
          <ns3:TrackPointExtension>
            <ns3:hr>149</ns3:hr>
            <ns3:cad>0</ns3:cad>
          </ns3:TrackPointExtension>
        </extensions>
      </trkpt>
      <trkpt lat="35.968861766159534454345703125" lon="-81.11248794011771678924560546875">
        <ele>489.79998779296875</ele>
        <time>2026-02-15T15:36:10.000Z</time>
        <extensions>
          <ns3:TrackPointExtension>
            <ns3:hr>148</ns3:hr>
            <ns3:cad>0</ns3:cad>
          </ns3:TrackPointExtension>
        </extensions>
      </trkpt>
      <trkpt lat="35.96885732375085353851318359375" lon="-81.11247427761554718017578125">
        <ele>490</ele>
        <time>2026-02-15T15:36:11.000Z</time>
        <extensions>
          <ns3:TrackPointExtension>
            <ns3:hr>148</ns3:hr>
            <ns3:cad>0</ns3:cad>
          </ns3:TrackPointExtension>
        </extensions>
      </trkpt>
      <trkpt lat="35.96885849721729755401611328125" lon="-81.11246061511337757110595703125">
        <ele>490.20001220703125</ele>
        <time>2026-02-15T15:36:12.000Z</time>
        <extensions>
          <ns3:TrackPointExtension>
            <ns3:hr>148</ns3:hr>
            <ns3:cad>0</ns3:cad>
          </ns3:TrackPointExtension>
        </extensions>
      </trkpt>
      <trkpt lat="35.9688619337975978851318359375" lon="-81.11243949271738529205322265625">
        <ele>490.79998779296875</ele>
        <time>2026-02-15T15:36:14.000Z</time>
        <extensions>
          <ns3:TrackPointExtension>
            <ns3:hr>148</ns3:hr>
            <ns3:cad>44</ns3:cad>
          </ns3:TrackPointExtension>
        </extensions>
      </trkpt>
      <trkpt lat="35.968865454196929931640625" lon="-81.1124020256102085113525390625">
        <ele>491.600006103515625</ele>
        <time>2026-02-15T15:36:17.000Z</time>
        <extensions>
          <ns3:TrackPointExtension>
            <ns3:hr>148</ns3:hr>
            <ns3:cad>53</ns3:cad>
          </ns3:TrackPointExtension>
        </extensions>
      </trkpt>
      <trkpt lat="35.96886419691145420074462890625" lon="-81.11238467507064342498779296875">
        <ele>492</ele>
        <time>2026-02-15T15:36:18.000Z</time>
        <extensions>
          <ns3:TrackPointExtension>
            <ns3:hr>147</ns3:hr>
            <ns3:cad>53</ns3:cad>
          </ns3:TrackPointExtension>
        </extensions>
      </trkpt>
      <trkpt lat="35.96884894184768199920654296875" lon="-81.1123467050492763519287109375">
        <ele>493</ele>
        <time>2026-02-15T15:36:23.000Z</time>
        <extensions>
          <ns3:TrackPointExtension>
            <ns3:hr>147</ns3:hr>
            <ns3:cad>0</ns3:cad>
          </ns3:TrackPointExtension>
        </extensions>
      </trkpt>
      <trkpt lat="35.96884340979158878326416015625" lon="-81.1123098246753215789794921875">
        <ele>493.20001220703125</ele>
        <time>2026-02-15T15:36:29.000Z</time>
        <extensions>
          <ns3:TrackPointExtension>
            <ns3:hr>148</ns3:hr>
            <ns3:cad>0</ns3:cad>
          </ns3:TrackPointExtension>
        </extensions>
      </trkpt>
      <trkpt lat="35.96885531209409236907958984375" lon="-81.112308315932750701904296875">
        <ele>493.600006103515625</ele>
        <time>2026-02-15T15:36:32.000Z</time>
        <extensions>
          <ns3:TrackPointExtension>
            <ns3:hr>148</ns3:hr>
            <ns3:cad>51</ns3:cad>
          </ns3:TrackPointExtension>
        </extensions>
      </trkpt>
      <trkpt lat="35.9688696451485157012939453125" lon="-81.11231745220720767974853515625">
        <ele>494</ele>
        <time>2026-02-15T15:36:35.000Z</time>
        <extensions>
          <ns3:TrackPointExtension>
            <ns3:hr>150</ns3:hr>
            <ns3:cad>51</ns3:cad>
          </ns3:TrackPointExtension>
        </extensions>
      </trkpt>
      <trkpt lat="35.9688776917755603790283203125" lon="-81.1123208887875080108642578125">
        <ele>494.399993896484375</ele>
        <time>2026-02-15T15:36:36.000Z</time>
        <extensions>
          <ns3:TrackPointExtension>
            <ns3:hr>150</ns3:hr>
            <ns3:cad>0</ns3:cad>
          </ns3:TrackPointExtension>
        </extensions>
      </trkpt>
      <trkpt lat="35.96888263709843158721923828125" lon="-81.11230923794209957122802734375">
        <ele>494.600006103515625</ele>
        <time>2026-02-15T15:36:37.000Z</time>
        <extensions>
          <ns3:TrackPointExtension>
            <ns3:hr>151</ns3:hr>
            <ns3:cad>0</ns3:cad>
          </ns3:TrackPointExtension>
        </extensions>
      </trkpt>
      <trkpt lat="35.96889001317322254180908203125" lon="-81.11229180358350276947021484375">
        <ele>495.399993896484375</ele>
        <time>2026-02-15T15:36:39.000Z</time>
        <extensions>
          <ns3:TrackPointExtension>
            <ns3:hr>152</ns3:hr>
            <ns3:cad>0</ns3:cad>
          </ns3:TrackPointExtension>
        </extensions>
      </trkpt>
      <trkpt lat="35.9688937850296497344970703125" lon="-81.1122803203761577606201171875">
        <ele>495.79998779296875</ele>
        <time>2026-02-15T15:36:41.000Z</time>
        <extensions>
          <ns3:TrackPointExtension>
            <ns3:hr>152</ns3:hr>
            <ns3:cad>44</ns3:cad>
          </ns3:TrackPointExtension>
        </extensions>
      </trkpt>
      <trkpt lat="35.968894623219966888427734375" lon="-81.11227453686296939849853515625">
        <ele>496</ele>
        <time>2026-02-15T15:36:42.000Z</time>
        <extensions>
          <ns3:TrackPointExtension>
            <ns3:hr>153</ns3:hr>
            <ns3:cad>44</ns3:cad>
          </ns3:TrackPointExtension>
        </extensions>
      </trkpt>
      <trkpt lat="35.9688843972980976104736328125" lon="-81.1122469604015350341796875">
        <ele>495.79998779296875</ele>
        <time>2026-02-15T15:36:47.000Z</time>
        <extensions>
          <ns3:TrackPointExtension>
            <ns3:hr>153</ns3:hr>
            <ns3:cad>0</ns3:cad>
          </ns3:TrackPointExtension>
        </extensions>
      </trkpt>
      <trkpt lat="35.96887953579425811767578125" lon="-81.112230531871318817138671875">
        <ele>495.399993896484375</ele>
        <time>2026-02-15T15:36:49.000Z</time>
        <extensions>
          <ns3:TrackPointExtension>
            <ns3:hr>156</ns3:hr>
            <ns3:cad>0</ns3:cad>
          </ns3:TrackPointExtension>
        </extensions>
      </trkpt>
      <trkpt lat="35.968870483338832855224609375" lon="-81.1121958307921886444091796875">
        <ele>495</ele>
        <time>2026-02-15T15:36:52.000Z</time>
        <extensions>
          <ns3:TrackPointExtension>
            <ns3:hr>158</ns3:hr>
            <ns3:cad>50</ns3:cad>
          </ns3:TrackPointExtension>
        </extensions>
      </trkpt>
      <trkpt lat="35.9688641130924224853515625" lon="-81.1121344752609729766845703125">
        <ele>495</ele>
        <time>2026-02-15T15:36:58.000Z</time>
        <extensions>
          <ns3:TrackPointExtension>
            <ns3:hr>159</ns3:hr>
            <ns3:cad>0</ns3:cad>
          </ns3:TrackPointExtension>
        </extensions>
      </trkpt>
      <trkpt lat="35.9688686393201351165771484375" lon="-81.1120818369090557098388671875">
        <ele>495.399993896484375</ele>
        <time>2026-02-15T15:37:03.000Z</time>
        <extensions>
          <ns3:TrackPointExtension>
            <ns3:hr>162</ns3:hr>
            <ns3:cad>0</ns3:cad>
          </ns3:TrackPointExtension>
        </extensions>
      </trkpt>
      <trkpt lat="35.9688743390142917633056640625" lon="-81.1120617203414440155029296875">
        <ele>495.600006103515625</ele>
        <time>2026-02-15T15:37:05.000Z</time>
        <extensions>
          <ns3:TrackPointExtension>
            <ns3:hr>165</ns3:hr>
            <ns3:cad>0</ns3:cad>
          </ns3:TrackPointExtension>
        </extensions>
      </trkpt>
      <trkpt lat="35.96889185719192028045654296875" lon="-81.1120332218706607818603515625">
        <ele>496.600006103515625</ele>
        <time>2026-02-15T15:37:09.000Z</time>
        <extensions>
          <ns3:TrackPointExtension>
            <ns3:hr>166</ns3:hr>
            <ns3:cad>0</ns3:cad>
          </ns3:TrackPointExtension>
        </extensions>
      </trkpt>
      <trkpt lat="35.968899987637996673583984375" lon="-81.11200866289436817169189453125">
        <ele>497.399993896484375</ele>
        <time>2026-02-15T15:37:12.000Z</time>
        <extensions>
          <ns3:TrackPointExtension>
            <ns3:hr>163</ns3:hr>
            <ns3:cad>43</ns3:cad>
          </ns3:TrackPointExtension>
        </extensions>
      </trkpt>
      <trkpt lat="35.96890124492347240447998046875" lon="-81.111999861896038055419921875">
        <ele>497.79998779296875</ele>
        <time>2026-02-15T15:37:13.000Z</time>
        <extensions>
          <ns3:TrackPointExtension>
            <ns3:hr>162</ns3:hr>
            <ns3:cad>43</ns3:cad>
          </ns3:TrackPointExtension>
        </extensions>
      </trkpt>
      <trkpt lat="35.968897640705108642578125" lon="-81.11197312362492084503173828125">
        <ele>498.399993896484375</ele>
        <time>2026-02-15T15:37:15.000Z</time>
        <extensions>
          <ns3:TrackPointExtension>
            <ns3:hr>161</ns3:hr>
            <ns3:cad>43</ns3:cad>
          </ns3:TrackPointExtension>
        </extensions>
      </trkpt>
      <trkpt lat="35.96889487467706203460693359375" lon="-81.1119477264583110809326171875">
        <ele>499</ele>
        <time>2026-02-15T15:37:17.000Z</time>
        <extensions>
          <ns3:TrackPointExtension>
            <ns3:hr>161</ns3:hr>
            <ns3:cad>0</ns3:cad>
          </ns3:TrackPointExtension>
        </extensions>
      </trkpt>
      <trkpt lat="35.9688962996006011962890625" lon="-81.1119009554386138916015625">
        <ele>499.79998779296875</ele>
        <time>2026-02-15T15:37:21.000Z</time>
        <extensions>
          <ns3:TrackPointExtension>
            <ns3:hr>164</ns3:hr>
            <ns3:cad>0</ns3:cad>
          </ns3:TrackPointExtension>
        </extensions>
      </trkpt>
      <trkpt lat="35.96889562904834747314453125" lon="-81.1118890531361103057861328125">
        <ele>500</ele>
        <time>2026-02-15T15:37:22.000Z</time>
        <extensions>
          <ns3:TrackPointExtension>
            <ns3:hr>168</ns3:hr>
            <ns3:cad>0</ns3:cad>
          </ns3:TrackPointExtension>
        </extensions>
      </trkpt>
      <trkpt lat="35.9688961319625377655029296875" lon="-81.11188008449971675872802734375">
        <ele>500.20001220703125</ele>
        <time>2026-02-15T15:37:23.000Z</time>
        <extensions>
          <ns3:TrackPointExtension>
            <ns3:hr>170</ns3:hr>
            <ns3:cad>0</ns3:cad>
          </ns3:TrackPointExtension>
        </extensions>
      </trkpt>
      <trkpt lat="35.968903005123138427734375" lon="-81.11185066401958465576171875">
        <ele>501</ele>
        <time>2026-02-15T15:37:26.000Z</time>
        <extensions>
          <ns3:TrackPointExtension>
            <ns3:hr>172</ns3:hr>
            <ns3:cad>0</ns3:cad>
          </ns3:TrackPointExtension>
        </extensions>
      </trkpt>
      <trkpt lat="35.96890593878924846649169921875" lon="-81.1118354089558124542236328125">
        <ele>501.79998779296875</ele>
        <time>2026-02-15T15:37:29.000Z</time>
        <extensions>
          <ns3:TrackPointExtension>
            <ns3:hr>172</ns3:hr>
            <ns3:cad>0</ns3:cad>
          </ns3:TrackPointExtension>
        </extensions>
      </trkpt>
      <trkpt lat="35.96890845336019992828369140625" lon="-81.111803390085697174072265625">
        <ele>502.20001220703125</ele>
        <time>2026-02-15T15:37:32.000Z</time>
        <extensions>
          <ns3:TrackPointExtension>
            <ns3:hr>171</ns3:hr>
            <ns3:cad>0</ns3:cad>
          </ns3:TrackPointExtension>
        </extensions>
      </trkpt>
      <trkpt lat="35.9689016640186309814453125" lon="-81.1117532663047313690185546875">
        <ele>502.79998779296875</ele>
        <time>2026-02-15T15:37:36.000Z</time>
        <extensions>
          <ns3:TrackPointExtension>
            <ns3:hr>168</ns3:hr>
            <ns3:cad>0</ns3:cad>
          </ns3:TrackPointExtension>
        </extensions>
      </trkpt>
      <trkpt lat="35.9688931144773960113525390625" lon="-81.11173574812710285186767578125">
        <ele>503.20001220703125</ele>
        <time>2026-02-15T15:37:38.000Z</time>
        <extensions>
          <ns3:TrackPointExtension>
            <ns3:hr>165</ns3:hr>
            <ns3:cad>62</ns3:cad>
          </ns3:TrackPointExtension>
        </extensions>
      </trkpt>
      <trkpt lat="35.96888959407806396484375" lon="-81.11169015057384967803955078125">
        <ele>503</ele>
        <time>2026-02-15T15:37:43.000Z</time>
        <extensions>
          <ns3:TrackPointExtension>
            <ns3:hr>164</ns3:hr>
            <ns3:cad>62</ns3:cad>
          </ns3:TrackPointExtension>
        </extensions>
      </trkpt>
      <trkpt lat="35.96889671869575977325439453125" lon="-81.11166668124496936798095703125">
        <ele>503.399993896484375</ele>
        <time>2026-02-15T15:37:45.000Z</time>
        <extensions>
          <ns3:TrackPointExtension>
            <ns3:hr>164</ns3:hr>
            <ns3:cad>0</ns3:cad>
          </ns3:TrackPointExtension>
        </extensions>
      </trkpt>
      <trkpt lat="35.96889940090477466583251953125" lon="-81.11160197295248508453369140625">
        <ele>504.399993896484375</ele>
        <time>2026-02-15T15:37:50.000Z</time>
        <extensions>
          <ns3:TrackPointExtension>
            <ns3:hr>165</ns3:hr>
            <ns3:cad>50</ns3:cad>
          </ns3:TrackPointExtension>
        </extensions>
      </trkpt>
      <trkpt lat="35.96890191547572612762451171875" lon="-81.1115913279354572296142578125">
        <ele>504.600006103515625</ele>
        <time>2026-02-15T15:37:51.000Z</time>
        <extensions>
          <ns3:TrackPointExtension>
            <ns3:hr>165</ns3:hr>
            <ns3:cad>50</ns3:cad>
          </ns3:TrackPointExtension>
        </extensions>
      </trkpt>
      <trkpt lat="35.96890811808407306671142578125" lon="-81.111565344035625457763671875">
        <ele>505.600006103515625</ele>
        <time>2026-02-15T15:37:54.000Z</time>
        <extensions>
          <ns3:TrackPointExtension>
            <ns3:hr>166</ns3:hr>
            <ns3:cad>49</ns3:cad>
          </ns3:TrackPointExtension>
        </extensions>
      </trkpt>
      <trkpt lat="35.96892454661428928375244140625" lon="-81.1115262843668460845947265625">
        <ele>506.79998779296875</ele>
        <time>2026-02-15T15:37:58.000Z</time>
        <extensions>
          <ns3:TrackPointExtension>
            <ns3:hr>167</ns3:hr>
            <ns3:cad>50</ns3:cad>
          </ns3:TrackPointExtension>
        </extensions>
      </trkpt>
      <trkpt lat="35.9689299948513507843017578125" lon="-81.11153055913746356964111328125">
        <ele>507</ele>
        <time>2026-02-15T15:37:59.000Z</time>
        <extensions>
          <ns3:TrackPointExtension>
            <ns3:hr>167</ns3:hr>
            <ns3:cad>50</ns3:cad>
          </ns3:TrackPointExtension>
        </extensions>
      </trkpt>
      <trkpt lat="35.9689373709261417388916015625" lon="-81.111533157527446746826171875">
        <ele>507.399993896484375</ele>
        <time>2026-02-15T15:38:00.000Z</time>
        <extensions>
          <ns3:TrackPointExtension>
            <ns3:hr>167</ns3:hr>
            <ns3:cad>50</ns3:cad>
          </ns3:TrackPointExtension>
        </extensions>
      </trkpt>
      <trkpt lat="35.9689407236874103546142578125" lon="-81.11153827048838138580322265625">
        <ele>508</ele>
        <time>2026-02-15T15:38:01.000Z</time>
        <extensions>
          <ns3:TrackPointExtension>
            <ns3:hr>168</ns3:hr>
            <ns3:cad>50</ns3:cad>
          </ns3:TrackPointExtension>
        </extensions>
      </trkpt>
      <trkpt lat="35.9689695574343204498291015625" lon="-81.11153894104063510894775390625">
        <ele>509.20001220703125</ele>
        <time>2026-02-15T15:38:04.000Z</time>
        <extensions>
          <ns3:TrackPointExtension>
            <ns3:hr>169</ns3:hr>
            <ns3:cad>50</ns3:cad>
          </ns3:TrackPointExtension>
        </extensions>
      </trkpt>
      <trkpt lat="35.96897341310977935791015625" lon="-81.1115417070686817169189453125">
        <ele>509.600006103515625</ele>
        <time>2026-02-15T15:38:05.000Z</time>
        <extensions>
          <ns3:TrackPointExtension>
            <ns3:hr>169</ns3:hr>
            <ns3:cad>50</ns3:cad>
          </ns3:TrackPointExtension>
        </extensions>
      </trkpt>
      <trkpt lat="35.96898389048874378204345703125" lon="-81.11154598183929920196533203125">
        <ele>510.20001220703125</ele>
        <time>2026-02-15T15:38:07.000Z</time>
        <extensions>
          <ns3:TrackPointExtension>
            <ns3:hr>170</ns3:hr>
            <ns3:cad>62</ns3:cad>
          </ns3:TrackPointExtension>
        </extensions>
      </trkpt>
      <trkpt lat="35.9690134786069393157958984375" lon="-81.11157397739589214324951171875">
        <ele>511.399993896484375</ele>
        <time>2026-02-15T15:38:11.000Z</time>
        <extensions>
          <ns3:TrackPointExtension>
            <ns3:hr>170</ns3:hr>
            <ns3:cad>47</ns3:cad>
          </ns3:TrackPointExtension>
        </extensions>
      </trkpt>
      <trkpt lat="35.96904943697154521942138671875" lon="-81.1115658469498157501220703125">
        <ele>512.4000244140625</ele>
        <time>2026-02-15T15:38:15.000Z</time>
        <extensions>
          <ns3:TrackPointExtension>
            <ns3:hr>170</ns3:hr>
            <ns3:cad>47</ns3:cad>
          </ns3:TrackPointExtension>
        </extensions>
      </trkpt>
      <trkpt lat="35.96905932761728763580322265625" lon="-81.1115638352930545806884765625">
        <ele>512.5999755859375</ele>
        <time>2026-02-15T15:38:16.000Z</time>
        <extensions>
          <ns3:TrackPointExtension>
            <ns3:hr>170</ns3:hr>
            <ns3:cad>47</ns3:cad>
          </ns3:TrackPointExtension>
        </extensions>
      </trkpt>
      <trkpt lat="35.9690952859818935394287109375" lon="-81.11154614947736263275146484375">
        <ele>513.4000244140625</ele>
        <time>2026-02-15T15:38:20.000Z</time>
        <extensions>
          <ns3:TrackPointExtension>
            <ns3:hr>169</ns3:hr>
            <ns3:cad>45</ns3:cad>
          </ns3:TrackPointExtension>
        </extensions>
      </trkpt>
      <trkpt lat="35.96910350024700164794921875" lon="-81.11153223551809787750244140625">
        <ele>513.79998779296875</ele>
        <time>2026-02-15T15:38:21.000Z</time>
        <extensions>
          <ns3:TrackPointExtension>
            <ns3:hr>170</ns3:hr>
            <ns3:cad>45</ns3:cad>
          </ns3:TrackPointExtension>
        </extensions>
      </trkpt>
      <trkpt lat="35.96912856213748455047607421875" lon="-81.11151404678821563720703125">
        <ele>514.79998779296875</ele>
        <time>2026-02-15T15:38:24.000Z</time>
        <extensions>
          <ns3:TrackPointExtension>
            <ns3:hr>171</ns3:hr>
            <ns3:cad>47</ns3:cad>
          </ns3:TrackPointExtension>
        </extensions>
      </trkpt>
      <trkpt lat="35.9691509418189525604248046875" lon="-81.1114798486232757568359375">
        <ele>515.79998779296875</ele>
        <time>2026-02-15T15:38:27.000Z</time>
        <extensions>
          <ns3:TrackPointExtension>
            <ns3:hr>173</ns3:hr>
            <ns3:cad>47</ns3:cad>
          </ns3:TrackPointExtension>
        </extensions>
      </trkpt>
      <trkpt lat="35.96917382441461086273193359375" lon="-81.111480854451656341552734375">
        <ele>517</ele>
        <time>2026-02-15T15:38:31.000Z</time>
        <extensions>
          <ns3:TrackPointExtension>
            <ns3:hr>173</ns3:hr>
            <ns3:cad>50</ns3:cad>
          </ns3:TrackPointExtension>
        </extensions>
      </trkpt>
      <trkpt lat="35.96918270923197269439697265625" lon="-81.111470796167850494384765625">
        <ele>517.20001220703125</ele>
        <time>2026-02-15T15:38:32.000Z</time>
        <extensions>
          <ns3:TrackPointExtension>
            <ns3:hr>172</ns3:hr>
            <ns3:cad>44</ns3:cad>
          </ns3:TrackPointExtension>
        </extensions>
      </trkpt>
      <trkpt lat="35.9692112915217876434326171875" lon="-81.11145101487636566162109375">
        <ele>518</ele>
        <time>2026-02-15T15:38:35.000Z</time>
        <extensions>
          <ns3:TrackPointExtension>
            <ns3:hr>172</ns3:hr>
            <ns3:cad>47</ns3:cad>
          </ns3:TrackPointExtension>
        </extensions>
      </trkpt>
      <trkpt lat="35.96922713331878185272216796875" lon="-81.11143718473613262176513671875">
        <ele>518.4000244140625</ele>
        <time>2026-02-15T15:38:37.000Z</time>
        <extensions>
          <ns3:TrackPointExtension>
            <ns3:hr>172</ns3:hr>
            <ns3:cad>45</ns3:cad>
          </ns3:TrackPointExtension>
        </extensions>
      </trkpt>
      <trkpt lat="35.96923953853547573089599609375" lon="-81.111425869166851043701171875">
        <ele>519</ele>
        <time>2026-02-15T15:38:39.000Z</time>
        <extensions>
          <ns3:TrackPointExtension>
            <ns3:hr>172</ns3:hr>
            <ns3:cad>48</ns3:cad>
          </ns3:TrackPointExtension>
        </extensions>
      </trkpt>
      <trkpt lat="35.9692599065601825714111328125" lon="-81.111402399837970733642578125">
        <ele>519.79998779296875</ele>
        <time>2026-02-15T15:38:41.000Z</time>
        <extensions>
          <ns3:TrackPointExtension>
            <ns3:hr>166</ns3:hr>
            <ns3:cad>48</ns3:cad>
          </ns3:TrackPointExtension>
        </extensions>
      </trkpt>
      <trkpt lat="35.9692662768065929412841796875" lon="-81.11139561049640178680419921875">
        <ele>520</ele>
        <time>2026-02-15T15:38:42.000Z</time>
        <extensions>
          <ns3:TrackPointExtension>
            <ns3:hr>163</ns3:hr>
            <ns3:cad>48</ns3:cad>
          </ns3:TrackPointExtension>
        </extensions>
      </trkpt>
      <trkpt lat="35.96930198371410369873046875" lon="-81.11136694438755512237548828125">
        <ele>521.20001220703125</ele>
        <time>2026-02-15T15:38:47.000Z</time>
        <extensions>
          <ns3:TrackPointExtension>
            <ns3:hr>161</ns3:hr>
            <ns3:cad>49</ns3:cad>
          </ns3:TrackPointExtension>
        </extensions>
      </trkpt>
      <trkpt lat="35.96931095235049724578857421875" lon="-81.11136292107403278350830078125">
        <ele>521.20001220703125</ele>
        <time>2026-02-15T15:38:48.000Z</time>
        <extensions>
          <ns3:TrackPointExtension>
            <ns3:hr>161</ns3:hr>
            <ns3:cad>49</ns3:cad>
          </ns3:TrackPointExtension>
        </extensions>
      </trkpt>
      <trkpt lat="35.9693578071892261505126953125" lon="-81.1113673634827136993408203125">
        <ele>522.20001220703125</ele>
        <time>2026-02-15T15:38:53.000Z</time>
        <extensions>
          <ns3:TrackPointExtension>
            <ns3:hr>162</ns3:hr>
            <ns3:cad>46</ns3:cad>
          </ns3:TrackPointExtension>
        </extensions>
      </trkpt>
      <trkpt lat="35.96938471309840679168701171875" lon="-81.1113666929304599761962890625">
        <ele>522.4000244140625</ele>
        <time>2026-02-15T15:38:55.000Z</time>
        <extensions>
          <ns3:TrackPointExtension>
            <ns3:hr>161</ns3:hr>
            <ns3:cad>46</ns3:cad>
          </ns3:TrackPointExtension>
        </extensions>
      </trkpt>
      <trkpt lat="35.96942846663296222686767578125" lon="-81.111373566091060638427734375">
        <ele>523.20001220703125</ele>
        <time>2026-02-15T15:38:59.000Z</time>
        <extensions>
          <ns3:TrackPointExtension>
            <ns3:hr>162</ns3:hr>
            <ns3:cad>48</ns3:cad>
          </ns3:TrackPointExtension>
        </extensions>
      </trkpt>
      <trkpt lat="35.96947138197720050811767578125" lon="-81.111366860568523406982421875">
        <ele>524</ele>
        <time>2026-02-15T15:39:03.000Z</time>
        <extensions>
          <ns3:TrackPointExtension>
            <ns3:hr>162</ns3:hr>
            <ns3:cad>49</ns3:cad>
          </ns3:TrackPointExtension>
        </extensions>
      </trkpt>
      <trkpt lat="35.96949887461960315704345703125" lon="-81.1113603226840496063232421875">
        <ele>524.4000244140625</ele>
        <time>2026-02-15T15:39:05.000Z</time>
        <extensions>
          <ns3:TrackPointExtension>
            <ns3:hr>163</ns3:hr>
            <ns3:cad>48</ns3:cad>
          </ns3:TrackPointExtension>
        </extensions>
      </trkpt>
      <trkpt lat="35.96953290514647960662841796875" lon="-81.1113484203815460205078125">
        <ele>525</ele>
        <time>2026-02-15T15:39:10.000Z</time>
        <extensions>
          <ns3:TrackPointExtension>
            <ns3:hr>162</ns3:hr>
            <ns3:cad>0</ns3:cad>
          </ns3:TrackPointExtension>
        </extensions>
      </trkpt>
      <trkpt lat="35.96952192485332489013671875" lon="-81.1113435588777065277099609375">
        <ele>524.5999755859375</ele>
        <time>2026-02-15T15:39:16.000Z</time>
        <extensions>
          <ns3:TrackPointExtension>
            <ns3:hr>165</ns3:hr>
            <ns3:cad>72</ns3:cad>
          </ns3:TrackPointExtension>
        </extensions>
      </trkpt>
      <trkpt lat="35.96952066756784915924072265625" lon="-81.1113425530493259429931640625">
        <ele>524.5999755859375</ele>
        <time>2026-02-15T15:39:18.000Z</time>
        <extensions>
          <ns3:TrackPointExtension>
            <ns3:hr>167</ns3:hr>
            <ns3:cad>72</ns3:cad>
          </ns3:TrackPointExtension>
        </extensions>
      </trkpt>
      <trkpt lat="35.96952259540557861328125" lon="-81.1113365180790424346923828125">
        <ele>524.5999755859375</ele>
        <time>2026-02-15T15:39:26.000Z</time>
        <extensions>
          <ns3:TrackPointExtension>
            <ns3:hr>163</ns3:hr>
            <ns3:cad>0</ns3:cad>
          </ns3:TrackPointExtension>
        </extensions>
      </trkpt>
      <trkpt lat="35.96952150575816631317138671875" lon="-81.111340709030628204345703125">
        <ele>524.4000244140625</ele>
        <time>2026-02-15T15:39:32.000Z</time>
        <extensions>
          <ns3:TrackPointExtension>
            <ns3:hr>166</ns3:hr>
            <ns3:cad>0</ns3:cad>
          </ns3:TrackPointExtension>
        </extensions>
      </trkpt>
      <trkpt lat="35.96950960345566272735595703125" lon="-81.11133836209774017333984375">
        <ele>524</ele>
        <time>2026-02-15T15:39:36.000Z</time>
        <extensions>
          <ns3:TrackPointExtension>
            <ns3:hr>166</ns3:hr>
            <ns3:cad>0</ns3:cad>
          </ns3:TrackPointExtension>
        </extensions>
      </trkpt>
      <trkpt lat="35.96949250437319278717041015625" lon="-81.11133341677486896514892578125">
        <ele>523.79998779296875</ele>
        <time>2026-02-15T15:39:45.000Z</time>
        <extensions>
          <ns3:TrackPointExtension>
            <ns3:hr>162</ns3:hr>
            <ns3:cad>0</ns3:cad>
          </ns3:TrackPointExtension>
        </extensions>
      </trkpt>
      <trkpt lat="35.96949535422027111053466796875" lon="-81.11133375205099582672119140625">
        <ele>523.79998779296875</ele>
        <time>2026-02-15T15:39:46.000Z</time>
        <extensions>
          <ns3:TrackPointExtension>
            <ns3:hr>161</ns3:hr>
            <ns3:cad>0</ns3:cad>
          </ns3:TrackPointExtension>
        </extensions>
      </trkpt>
      <trkpt lat="35.96951060928404331207275390625" lon="-81.11133291386067867279052734375">
        <ele>524.20001220703125</ele>
        <time>2026-02-15T15:39:55.000Z</time>
        <extensions>
          <ns3:TrackPointExtension>
            <ns3:hr>159</ns3:hr>
            <ns3:cad>0</ns3:cad>
          </ns3:TrackPointExtension>
        </extensions>
      </trkpt>
      <trkpt lat="35.96951521933078765869140625" lon="-81.11132620833814144134521484375">
        <ele>524.20001220703125</ele>
        <time>2026-02-15T15:40:02.000Z</time>
        <extensions>
          <ns3:TrackPointExtension>
            <ns3:hr>156</ns3:hr>
            <ns3:cad>0</ns3:cad>
          </ns3:TrackPointExtension>
        </extensions>
      </trkpt>
      <trkpt lat="35.9695103578269481658935546875" lon="-81.11130223609507083892822265625">
        <ele>523.5999755859375</ele>
        <time>2026-02-15T15:40:08.000Z</time>
        <extensions>
          <ns3:TrackPointExtension>
            <ns3:hr>154</ns3:hr>
            <ns3:cad>0</ns3:cad>
          </ns3:TrackPointExtension>
        </extensions>
      </trkpt>
      <trkpt lat="35.96951949410140514373779296875" lon="-81.11132252030074596405029296875">
        <ele>524</ele>
        <time>2026-02-15T15:40:17.000Z</time>
        <extensions>
          <ns3:TrackPointExtension>
            <ns3:hr>152</ns3:hr>
            <ns3:cad>0</ns3:cad>
          </ns3:TrackPointExtension>
        </extensions>
      </trkpt>
      <trkpt lat="35.96952192485332489013671875" lon="-81.1113435588777065277099609375">
        <ele>524.20001220703125</ele>
        <time>2026-02-15T15:40:25.000Z</time>
        <extensions>
          <ns3:TrackPointExtension>
            <ns3:hr>149</ns3:hr>
            <ns3:cad>0</ns3:cad>
          </ns3:TrackPointExtension>
        </extensions>
      </trkpt>
      <trkpt lat="35.96952192485332489013671875" lon="-81.1113435588777065277099609375">
        <ele>524.20001220703125</ele>
        <time>2026-02-15T15:40:26.000Z</time>
        <extensions>
          <ns3:TrackPointExtension>
            <ns3:hr>149</ns3:hr>
            <ns3:cad>0</ns3:cad>
          </ns3:TrackPointExtension>
        </extensions>
      </trkpt>
      <trkpt lat="35.96949317492544651031494140625" lon="-81.11132335849106311798095703125">
        <ele>524</ele>
        <time>2026-02-15T15:40:33.000Z</time>
        <extensions>
          <ns3:TrackPointExtension>
            <ns3:hr>150</ns3:hr>
            <ns3:cad>0</ns3:cad>
          </ns3:TrackPointExtension>
        </extensions>
      </trkpt>
      <trkpt lat="35.96944414079189300537109375" lon="-81.111323945224285125732421875">
        <ele>523.4000244140625</ele>
        <time>2026-02-15T15:40:35.000Z</time>
        <extensions>
          <ns3:TrackPointExtension>
            <ns3:hr>150</ns3:hr>
            <ns3:cad>0</ns3:cad>
          </ns3:TrackPointExtension>
        </extensions>
      </trkpt>
      <trkpt lat="35.969373397529125213623046875" lon="-81.11132520250976085662841796875">
        <ele>522.20001220703125</ele>
        <time>2026-02-15T15:40:39.000Z</time>
        <extensions>
          <ns3:TrackPointExtension>
            <ns3:hr>149</ns3:hr>
            <ns3:cad>0</ns3:cad>
          </ns3:TrackPointExtension>
        </extensions>
      </trkpt>
      <trkpt lat="35.96936124376952648162841796875" lon="-81.11132562160491943359375">
        <ele>522</ele>
        <time>2026-02-15T15:40:40.000Z</time>
        <extensions>
          <ns3:TrackPointExtension>
            <ns3:hr>150</ns3:hr>
            <ns3:cad>0</ns3:cad>
          </ns3:TrackPointExtension>
        </extensions>
      </trkpt>
      <trkpt lat="35.96932738088071346282958984375" lon="-81.11131564714014530181884765625">
        <ele>521.20001220703125</ele>
        <time>2026-02-15T15:40:43.000Z</time>
        <extensions>
          <ns3:TrackPointExtension>
            <ns3:hr>150</ns3:hr>
            <ns3:cad>62</ns3:cad>
          </ns3:TrackPointExtension>
        </extensions>
      </trkpt>
      <trkpt lat="35.96928278915584087371826171875" lon="-81.1112936027348041534423828125">
        <ele>520</ele>
        <time>2026-02-15T15:40:47.000Z</time>
        <extensions>
          <ns3:TrackPointExtension>
            <ns3:hr>150</ns3:hr>
            <ns3:cad>57</ns3:cad>
          </ns3:TrackPointExtension>
        </extensions>
      </trkpt>
      <trkpt lat="35.9692736528813838958740234375" lon="-81.11128069460391998291015625">
        <ele>519.5999755859375</ele>
        <time>2026-02-15T15:40:48.000Z</time>
        <extensions>
          <ns3:TrackPointExtension>
            <ns3:hr>150</ns3:hr>
            <ns3:cad>57</ns3:cad>
          </ns3:TrackPointExtension>
        </extensions>
      </trkpt>
      <trkpt lat="35.969220511615276336669921875" lon="-81.1111848056316375732421875">
        <ele>519.20001220703125</ele>
        <time>2026-02-15T15:40:55.000Z</time>
        <extensions>
          <ns3:TrackPointExtension>
            <ns3:hr>153</ns3:hr>
            <ns3:cad>53</ns3:cad>
          </ns3:TrackPointExtension>
        </extensions>
      </trkpt>
      <trkpt lat="35.969211123883724212646484375" lon="-81.11117206513881683349609375">
        <ele>519.20001220703125</ele>
        <time>2026-02-15T15:40:56.000Z</time>
        <extensions>
          <ns3:TrackPointExtension>
            <ns3:hr>153</ns3:hr>
            <ns3:cad>53</ns3:cad>
          </ns3:TrackPointExtension>
        </extensions>
      </trkpt>
      <trkpt lat="35.96918522380292415618896484375" lon="-81.1111122183501720428466796875">
        <ele>518.79998779296875</ele>
        <time>2026-02-15T15:41:00.000Z</time>
        <extensions>
          <ns3:TrackPointExtension>
            <ns3:hr>153</ns3:hr>
            <ns3:cad>60</ns3:cad>
          </ns3:TrackPointExtension>
        </extensions>
      </trkpt>
      <trkpt lat="35.969154797494411468505859375" lon="-81.110992692410945892333984375">
        <ele>518.20001220703125</ele>
        <time>2026-02-15T15:41:07.000Z</time>
        <extensions>
          <ns3:TrackPointExtension>
            <ns3:hr>152</ns3:hr>
            <ns3:cad>53</ns3:cad>
          </ns3:TrackPointExtension>
        </extensions>
      </trkpt>
      <trkpt lat="35.96910643391311168670654296875" lon="-81.11093527637422084808349609375">
        <ele>517.79998779296875</ele>
        <time>2026-02-15T15:41:13.000Z</time>
        <extensions>
          <ns3:TrackPointExtension>
            <ns3:hr>151</ns3:hr>
            <ns3:cad>58</ns3:cad>
          </ns3:TrackPointExtension>
        </extensions>
      </trkpt>
      <trkpt lat="35.96910056658089160919189453125" lon="-81.11092471517622470855712890625">
        <ele>517.5999755859375</ele>
        <time>2026-02-15T15:41:14.000Z</time>
        <extensions>
          <ns3:TrackPointExtension>
            <ns3:hr>151</ns3:hr>
            <ns3:cad>54</ns3:cad>
          </ns3:TrackPointExtension>
        </extensions>
      </trkpt>
      <trkpt lat="35.96909084357321262359619140625" lon="-81.11081533133983612060546875">
        <ele>518.20001220703125</ele>
        <time>2026-02-15T15:41:22.000Z</time>
        <extensions>
          <ns3:TrackPointExtension>
            <ns3:hr>150</ns3:hr>
            <ns3:cad>55</ns3:cad>
          </ns3:TrackPointExtension>
        </extensions>
      </trkpt>
      <trkpt lat="35.9691227786242961883544921875" lon="-81.11071466468274593353271484375">
        <ele>518.4000244140625</ele>
        <time>2026-02-15T15:41:28.000Z</time>
        <extensions>
          <ns3:TrackPointExtension>
            <ns3:hr>149</ns3:hr>
            <ns3:cad>52</ns3:cad>
          </ns3:TrackPointExtension>
        </extensions>
      </trkpt>
      <trkpt lat="35.96913845278322696685791015625" lon="-81.11066957004368305206298828125">
        <ele>518.79998779296875</ele>
        <time>2026-02-15T15:41:32.000Z</time>
        <extensions>
          <ns3:TrackPointExtension>
            <ns3:hr>149</ns3:hr>
            <ns3:cad>52</ns3:cad>
          </ns3:TrackPointExtension>
        </extensions>
      </trkpt>
      <trkpt lat="35.96912956796586513519287109375" lon="-81.1106805503368377685546875">
        <ele>518.79998779296875</ele>
        <time>2026-02-15T15:41:34.000Z</time>
        <extensions>
          <ns3:TrackPointExtension>
            <ns3:hr>149</ns3:hr>
            <ns3:cad>50</ns3:cad>
          </ns3:TrackPointExtension>
        </extensions>
      </trkpt>
      <trkpt lat="35.96912772394716739654541015625" lon="-81.1106834001839160919189453125">
        <ele>518.79998779296875</ele>
        <time>2026-02-15T15:41:35.000Z</time>
        <extensions>
          <ns3:TrackPointExtension>
            <ns3:hr>148</ns3:hr>
            <ns3:cad>48</ns3:cad>
          </ns3:TrackPointExtension>
        </extensions>
      </trkpt>
      <trkpt lat="35.9691462479531764984130859375" lon="-81.11062950454652309417724609375">
        <ele>518.79998779296875</ele>
        <time>2026-02-15T15:41:40.000Z</time>
        <extensions>
          <ns3:TrackPointExtension>
            <ns3:hr>148</ns3:hr>
            <ns3:cad>0</ns3:cad>
          </ns3:TrackPointExtension>
        </extensions>
      </trkpt>
      <trkpt lat="35.96911179833114147186279296875" lon="-81.11053378321230411529541015625">
        <ele>518.79998779296875</ele>
        <time>2026-02-15T15:41:48.000Z</time>
        <extensions>
          <ns3:TrackPointExtension>
            <ns3:hr>149</ns3:hr>
            <ns3:cad>52</ns3:cad>
          </ns3:TrackPointExtension>
        </extensions>
      </trkpt>
      <trkpt lat="35.9690795280039310455322265625" lon="-81.1104010976850986480712890625">
        <ele>518.79998779296875</ele>
        <time>2026-02-15T15:41:57.000Z</time>
        <extensions>
          <ns3:TrackPointExtension>
            <ns3:hr>147</ns3:hr>
            <ns3:cad>0</ns3:cad>
          </ns3:TrackPointExtension>
        </extensions>
      </trkpt>
      <trkpt lat="35.96905924379825592041015625" lon="-81.1103343777358531951904296875">
        <ele>518</ele>
        <time>2026-02-15T15:42:04.000Z</time>
        <extensions>
          <ns3:TrackPointExtension>
            <ns3:hr>146</ns3:hr>
            <ns3:cad>55</ns3:cad>
          </ns3:TrackPointExtension>
        </extensions>
      </trkpt>
      <trkpt lat="35.9690476767718791961669921875" lon="-81.110303699970245361328125">
        <ele>517.79998779296875</ele>
        <time>2026-02-15T15:42:06.000Z</time>
        <extensions>
          <ns3:TrackPointExtension>
            <ns3:hr>145</ns3:hr>
            <ns3:cad>55</ns3:cad>
          </ns3:TrackPointExtension>
        </extensions>
      </trkpt>
      <trkpt lat="35.96903719939291477203369140625" lon="-81.11032976768910884857177734375">
        <ele>517.5999755859375</ele>
        <time>2026-02-15T15:42:08.000Z</time>
        <extensions>
          <ns3:TrackPointExtension>
            <ns3:hr>146</ns3:hr>
            <ns3:cad>0</ns3:cad>
          </ns3:TrackPointExtension>
        </extensions>
      </trkpt>
      <trkpt lat="35.96896964125335216522216796875" lon="-81.110371090471744537353515625">
        <ele>516.79998779296875</ele>
        <time>2026-02-15T15:42:14.000Z</time>
        <extensions>
          <ns3:TrackPointExtension>
            <ns3:hr>144</ns3:hr>
            <ns3:cad>79</ns3:cad>
          </ns3:TrackPointExtension>
        </extensions>
      </trkpt>
      <trkpt lat="35.9689615108072757720947265625" lon="-81.1103679053485393524169921875">
        <ele>516.20001220703125</ele>
        <time>2026-02-15T15:42:15.000Z</time>
        <extensions>
          <ns3:TrackPointExtension>
            <ns3:hr>143</ns3:hr>
            <ns3:cad>79</ns3:cad>
          </ns3:TrackPointExtension>
        </extensions>
      </trkpt>
      <trkpt lat="35.96892773173749446868896484375" lon="-81.110377125442028045654296875">
        <ele>514.79998779296875</ele>
        <time>2026-02-15T15:42:18.000Z</time>
        <extensions>
          <ns3:TrackPointExtension>
            <ns3:hr>144</ns3:hr>
            <ns3:cad>84</ns3:cad>
          </ns3:TrackPointExtension>
        </extensions>
      </trkpt>
      <trkpt lat="35.96888481639325618743896484375" lon="-81.11038072966039180755615234375">
        <ele>513.5999755859375</ele>
        <time>2026-02-15T15:42:21.000Z</time>
        <extensions>
          <ns3:TrackPointExtension>
            <ns3:hr>146</ns3:hr>
            <ns3:cad>84</ns3:cad>
          </ns3:TrackPointExtension>
        </extensions>
      </trkpt>
      <trkpt lat="35.9688709862530231475830078125" lon="-81.11038349568843841552734375">
        <ele>513.20001220703125</ele>
        <time>2026-02-15T15:42:22.000Z</time>
        <extensions>
          <ns3:TrackPointExtension>
            <ns3:hr>146</ns3:hr>
            <ns3:cad>78</ns3:cad>
          </ns3:TrackPointExtension>
        </extensions>
      </trkpt>
      <trkpt lat="35.96884391270577907562255859375" lon="-81.11039020121097564697265625">
        <ele>512.20001220703125</ele>
        <time>2026-02-15T15:42:24.000Z</time>
        <extensions>
          <ns3:TrackPointExtension>
            <ns3:hr>146</ns3:hr>
            <ns3:cad>78</ns3:cad>
          </ns3:TrackPointExtension>
        </extensions>
      </trkpt>
      <trkpt lat="35.9688082896173000335693359375" lon="-81.11039078794419765472412109375">
        <ele>511.20001220703125</ele>
        <time>2026-02-15T15:42:27.000Z</time>
        <extensions>
          <ns3:TrackPointExtension>
            <ns3:hr>145</ns3:hr>
            <ns3:cad>78</ns3:cad>
          </ns3:TrackPointExtension>
        </extensions>
      </trkpt>
      <trkpt lat="35.96876596100628376007080078125" lon="-81.11039129085838794708251953125">
        <ele>510</ele>
        <time>2026-02-15T15:42:30.000Z</time>
        <extensions>
          <ns3:TrackPointExtension>
            <ns3:hr>144</ns3:hr>
            <ns3:cad>73</ns3:cad>
          </ns3:TrackPointExtension>
        </extensions>
      </trkpt>
      <trkpt lat="35.96872572787106037139892578125" lon="-81.11038056202232837677001953125">
        <ele>508.79998779296875</ele>
        <time>2026-02-15T15:42:33.000Z</time>
        <extensions>
          <ns3:TrackPointExtension>
            <ns3:hr>143</ns3:hr>
            <ns3:cad>0</ns3:cad>
          </ns3:TrackPointExtension>
        </extensions>
      </trkpt>
      <trkpt lat="35.96871231682598590850830078125" lon="-81.11037553288042545318603515625">
        <ele>508.600006103515625</ele>
        <time>2026-02-15T15:42:34.000Z</time>
        <extensions>
          <ns3:TrackPointExtension>
            <ns3:hr>143</ns3:hr>
            <ns3:cad>0</ns3:cad>
          </ns3:TrackPointExtension>
        </extensions>
      </trkpt>
      <trkpt lat="35.96864081919193267822265625" lon="-81.110341586172580718994140625">
        <ele>507.600006103515625</ele>
        <time>2026-02-15T15:42:40.000Z</time>
        <extensions>
          <ns3:TrackPointExtension>
            <ns3:hr>142</ns3:hr>
            <ns3:cad>55</ns3:cad>
          </ns3:TrackPointExtension>
        </extensions>
      </trkpt>
      <trkpt lat="35.9686280786991119384765625" lon="-81.110336221754550933837890625">
        <ele>507.20001220703125</ele>
        <time>2026-02-15T15:42:41.000Z</time>
        <extensions>
          <ns3:TrackPointExtension>
            <ns3:hr>142</ns3:hr>
            <ns3:cad>55</ns3:cad>
          </ns3:TrackPointExtension>
        </extensions>
      </trkpt>
      <trkpt lat="35.96860058605670928955078125" lon="-81.1103219725191593170166015625">
        <ele>506.399993896484375</ele>
        <time>2026-02-15T15:42:45.000Z</time>
        <extensions>
          <ns3:TrackPointExtension>
            <ns3:hr>140</ns3:hr>
            <ns3:cad>54</ns3:cad>
          </ns3:TrackPointExtension>
        </extensions>
      </trkpt>
      <trkpt lat="35.968585498631000518798828125" lon="-81.11031920649111270904541015625">
        <ele>506</ele>
        <time>2026-02-15T15:42:47.000Z</time>
        <extensions>
          <ns3:TrackPointExtension>
            <ns3:hr>140</ns3:hr>
            <ns3:cad>53</ns3:cad>
          </ns3:TrackPointExtension>
        </extensions>
      </trkpt>
      <trkpt lat="35.968569405376911163330078125" lon="-81.1103316955268383026123046875">
        <ele>505.79998779296875</ele>
        <time>2026-02-15T15:42:49.000Z</time>
        <extensions>
          <ns3:TrackPointExtension>
            <ns3:hr>139</ns3:hr>
            <ns3:cad>52</ns3:cad>
          </ns3:TrackPointExtension>
        </extensions>
      </trkpt>
      <trkpt lat="35.96855239011347293853759765625" lon="-81.11034904606640338897705078125">
        <ele>505.20001220703125</ele>
        <time>2026-02-15T15:42:52.000Z</time>
        <extensions>
          <ns3:TrackPointExtension>
            <ns3:hr>140</ns3:hr>
            <ns3:cad>0</ns3:cad>
          </ns3:TrackPointExtension>
        </extensions>
      </trkpt>
      <trkpt lat="35.968543924391269683837890625" lon="-81.110357008874416351318359375">
        <ele>505</ele>
        <time>2026-02-15T15:42:53.000Z</time>
        <extensions>
          <ns3:TrackPointExtension>
            <ns3:hr>140</ns3:hr>
            <ns3:cad>0</ns3:cad>
          </ns3:TrackPointExtension>
        </extensions>
      </trkpt>
      <trkpt lat="35.9684971533715724945068359375" lon="-81.110396571457386016845703125">
        <ele>504</ele>
        <time>2026-02-15T15:42:57.000Z</time>
        <extensions>
          <ns3:TrackPointExtension>
            <ns3:hr>139</ns3:hr>
            <ns3:cad>54</ns3:cad>
          </ns3:TrackPointExtension>
        </extensions>
      </trkpt>
      <trkpt lat="35.96848315559327602386474609375" lon="-81.1104208789765834808349609375">
        <ele>503.600006103515625</ele>
        <time>2026-02-15T15:42:59.000Z</time>
        <extensions>
          <ns3:TrackPointExtension>
            <ns3:hr>140</ns3:hr>
            <ns3:cad>54</ns3:cad>
          </ns3:TrackPointExtension>
        </extensions>
      </trkpt>
      <trkpt lat="35.96845180727541446685791015625" lon="-81.110438816249370574951171875">
        <ele>502.79998779296875</ele>
        <time>2026-02-15T15:43:02.000Z</time>
        <extensions>
          <ns3:TrackPointExtension>
            <ns3:hr>140</ns3:hr>
            <ns3:cad>63</ns3:cad>
          </ns3:TrackPointExtension>
        </extensions>
      </trkpt>
      <trkpt lat="35.9684311039745807647705078125" lon="-81.11043957062065601348876953125">
        <ele>502</ele>
        <time>2026-02-15T15:43:04.000Z</time>
        <extensions>
          <ns3:TrackPointExtension>
            <ns3:hr>141</ns3:hr>
            <ns3:cad>63</ns3:cad>
          </ns3:TrackPointExtension>
        </extensions>
      </trkpt>
      <trkpt lat="35.96841911785304546356201171875" lon="-81.1104443483054637908935546875">
        <ele>501.79998779296875</ele>
        <time>2026-02-15T15:43:05.000Z</time>
        <extensions>
          <ns3:TrackPointExtension>
            <ns3:hr>140</ns3:hr>
            <ns3:cad>0</ns3:cad>
          </ns3:TrackPointExtension>
        </extensions>
      </trkpt>
      <trkpt lat="35.9683553315699100494384765625" lon="-81.110485754907131195068359375">
        <ele>500.399993896484375</ele>
        <time>2026-02-15T15:43:09.000Z</time>
        <extensions>
          <ns3:TrackPointExtension>
            <ns3:hr>141</ns3:hr>
            <ns3:cad>118</ns3:cad>
          </ns3:TrackPointExtension>
        </extensions>
      </trkpt>
      <trkpt lat="35.96833211369812488555908203125" lon="-81.11050277017056941986083984375">
        <ele>500</ele>
        <time>2026-02-15T15:43:10.000Z</time>
        <extensions>
          <ns3:TrackPointExtension>
            <ns3:hr>141</ns3:hr>
            <ns3:cad>118</ns3:cad>
          </ns3:TrackPointExtension>
        </extensions>
      </trkpt>
      <trkpt lat="35.96829741261899471282958984375" lon="-81.11053076572716236114501953125">
        <ele>499.20001220703125</ele>
        <time>2026-02-15T15:43:12.000Z</time>
        <extensions>
          <ns3:TrackPointExtension>
            <ns3:hr>140</ns3:hr>
            <ns3:cad>64</ns3:cad>
          </ns3:TrackPointExtension>
        </extensions>
      </trkpt>
      <trkpt lat="35.968272686004638671875" lon="-81.11055381596088409423828125">
        <ele>499</ele>
        <time>2026-02-15T15:43:15.000Z</time>
        <extensions>
          <ns3:TrackPointExtension>
            <ns3:hr>140</ns3:hr>
            <ns3:cad>62</ns3:cad>
          </ns3:TrackPointExtension>
        </extensions>
      </trkpt>
      <trkpt lat="35.96825399436056613922119140625" lon="-81.11055524088442325592041015625">
        <ele>498.20001220703125</ele>
        <time>2026-02-15T15:43:18.000Z</time>
        <extensions>
          <ns3:TrackPointExtension>
            <ns3:hr>140</ns3:hr>
            <ns3:cad>55</ns3:cad>
          </ns3:TrackPointExtension>
        </extensions>
      </trkpt>
      <trkpt lat="35.96820588223636150360107421875" lon="-81.110571585595607757568359375">
        <ele>497</ele>
        <time>2026-02-15T15:43:21.000Z</time>
        <extensions>
          <ns3:TrackPointExtension>
            <ns3:hr>139</ns3:hr>
            <ns3:cad>55</ns3:cad>
          </ns3:TrackPointExtension>
        </extensions>
      </trkpt>
      <trkpt lat="35.96817671321332454681396484375" lon="-81.11061257310211658477783203125">
        <ele>496.600006103515625</ele>
        <time>2026-02-15T15:43:23.000Z</time>
        <extensions>
          <ns3:TrackPointExtension>
            <ns3:hr>140</ns3:hr>
            <ns3:cad>55</ns3:cad>
          </ns3:TrackPointExtension>
        </extensions>
      </trkpt>
      <trkpt lat="35.9681474603712558746337890625" lon="-81.11068348400294780731201171875">
        <ele>496</ele>
        <time>2026-02-15T15:43:26.000Z</time>
        <extensions>
          <ns3:TrackPointExtension>
            <ns3:hr>140</ns3:hr>
            <ns3:cad>77</ns3:cad>
          </ns3:TrackPointExtension>
        </extensions>
      </trkpt>
      <trkpt lat="35.9681320376694202423095703125" lon="-81.11076395027339458465576171875">
        <ele>495.79998779296875</ele>
        <time>2026-02-15T15:43:29.000Z</time>
        <extensions>
          <ns3:TrackPointExtension>
            <ns3:hr>140</ns3:hr>
            <ns3:cad>76</ns3:cad>
          </ns3:TrackPointExtension>
        </extensions>
      </trkpt>
      <trkpt lat="35.96813564188778400421142578125" lon="-81.11097492277622222900390625">
        <ele>495</ele>
        <time>2026-02-15T15:43:36.000Z</time>
        <extensions>
          <ns3:TrackPointExtension>
            <ns3:hr>142</ns3:hr>
            <ns3:cad>77</ns3:cad>
          </ns3:TrackPointExtension>
        </extensions>
      </trkpt>
      <trkpt lat="35.9681618772447109222412109375" lon="-81.11104742623865604400634765625">
        <ele>494.79998779296875</ele>
        <time>2026-02-15T15:43:39.000Z</time>
        <extensions>
          <ns3:TrackPointExtension>
            <ns3:hr>145</ns3:hr>
            <ns3:cad>75</ns3:cad>
          </ns3:TrackPointExtension>
        </extensions>
      </trkpt>
      <trkpt lat="35.968168079853057861328125" lon="-81.11105865798890590667724609375">
        <ele>495</ele>
        <time>2026-02-15T15:43:41.000Z</time>
        <extensions>
          <ns3:TrackPointExtension>
            <ns3:hr>148</ns3:hr>
            <ns3:cad>73</ns3:cad>
          </ns3:TrackPointExtension>
        </extensions>
      </trkpt>
      <trkpt lat="35.96817218698561191558837890625" lon="-81.11106720753014087677001953125">
        <ele>495</ele>
        <time>2026-02-15T15:43:42.000Z</time>
        <extensions>
          <ns3:TrackPointExtension>
            <ns3:hr>149</ns3:hr>
            <ns3:cad>0</ns3:cad>
          </ns3:TrackPointExtension>
        </extensions>
      </trkpt>
      <trkpt lat="35.96819934435188770294189453125" lon="-81.11113241873681545257568359375">
        <ele>494.600006103515625</ele>
        <time>2026-02-15T15:43:48.000Z</time>
        <extensions>
          <ns3:TrackPointExtension>
            <ns3:hr>146</ns3:hr>
            <ns3:cad>0</ns3:cad>
          </ns3:TrackPointExtension>
        </extensions>
      </trkpt>
      <trkpt lat="35.9682410024106502532958984375" lon="-81.11118589527904987335205078125">
        <ele>494.399993896484375</ele>
        <time>2026-02-15T15:43:54.000Z</time>
        <extensions>
          <ns3:TrackPointExtension>
            <ns3:hr>142</ns3:hr>
            <ns3:cad>53</ns3:cad>
          </ns3:TrackPointExtension>
        </extensions>
      </trkpt>
      <trkpt lat="35.96824594773352146148681640625" lon="-81.11119762994349002838134765625">
        <ele>494.399993896484375</ele>
        <time>2026-02-15T15:43:55.000Z</time>
        <extensions>
          <ns3:TrackPointExtension>
            <ns3:hr>142</ns3:hr>
            <ns3:cad>53</ns3:cad>
          </ns3:TrackPointExtension>
        </extensions>
      </trkpt>
      <trkpt lat="35.9682711772620677947998046875" lon="-81.11125295050442218780517578125">
        <ele>493.79998779296875</ele>
        <time>2026-02-15T15:43:58.000Z</time>
        <extensions>
          <ns3:TrackPointExtension>
            <ns3:hr>141</ns3:hr>
            <ns3:cad>53</ns3:cad>
          </ns3:TrackPointExtension>
        </extensions>
      </trkpt>
      <trkpt lat="35.96827494911849498748779296875" lon="-81.1112620867788791656494140625">
        <ele>493.600006103515625</ele>
        <time>2026-02-15T15:43:59.000Z</time>
        <extensions>
          <ns3:TrackPointExtension>
            <ns3:hr>141</ns3:hr>
            <ns3:cad>57</ns3:cad>
          </ns3:TrackPointExtension>
        </extensions>
      </trkpt>
      <trkpt lat="35.968342088162899017333984375" lon="-81.1113298125565052032470703125">
        <ele>493</ele>
        <time>2026-02-15T15:44:07.000Z</time>
        <extensions>
          <ns3:TrackPointExtension>
            <ns3:hr>142</ns3:hr>
            <ns3:cad>53</ns3:cad>
          </ns3:TrackPointExtension>
        </extensions>
      </trkpt>
      <trkpt lat="35.968358516693115234375" lon="-81.11134900711476802825927734375">
        <ele>492.79998779296875</ele>
        <time>2026-02-15T15:44:09.000Z</time>
        <extensions>
          <ns3:TrackPointExtension>
            <ns3:hr>141</ns3:hr>
            <ns3:cad>53</ns3:cad>
          </ns3:TrackPointExtension>
        </extensions>
      </trkpt>
      <trkpt lat="35.96840201877057552337646484375" lon="-81.1113854683935642242431640625">
        <ele>493</ele>
        <time>2026-02-15T15:44:13.000Z</time>
        <extensions>
          <ns3:TrackPointExtension>
            <ns3:hr>138</ns3:hr>
            <ns3:cad>57</ns3:cad>
          </ns3:TrackPointExtension>
        </extensions>
      </trkpt>
      <trkpt lat="35.968420542776584625244140625" lon="-81.11142821609973907470703125">
        <ele>493</ele>
        <time>2026-02-15T15:44:16.000Z</time>
        <extensions>
          <ns3:TrackPointExtension>
            <ns3:hr>138</ns3:hr>
            <ns3:cad>53</ns3:cad>
          </ns3:TrackPointExtension>
        </extensions>
      </trkpt>
      <trkpt lat="35.96843873150646686553955078125" lon="-81.1115189082920551300048828125">
        <ele>492</ele>
        <time>2026-02-15T15:44:23.000Z</time>
        <extensions>
          <ns3:TrackPointExtension>
            <ns3:hr>138</ns3:hr>
            <ns3:cad>56</ns3:cad>
          </ns3:TrackPointExtension>
        </extensions>
      </trkpt>
      <trkpt lat="35.968443341553211212158203125" lon="-81.1115343309938907623291015625">
        <ele>491.79998779296875</ele>
        <time>2026-02-15T15:44:24.000Z</time>
        <extensions>
          <ns3:TrackPointExtension>
            <ns3:hr>137</ns3:hr>
            <ns3:cad>57</ns3:cad>
          </ns3:TrackPointExtension>
        </extensions>
      </trkpt>
      <trkpt lat="35.9684537351131439208984375" lon="-81.11164170317351818084716796875">
        <ele>490.399993896484375</ele>
        <time>2026-02-15T15:44:30.000Z</time>
        <extensions>
          <ns3:TrackPointExtension>
            <ns3:hr>137</ns3:hr>
            <ns3:cad>124</ns3:cad>
          </ns3:TrackPointExtension>
        </extensions>
      </trkpt>
      <trkpt lat="35.96844610758125782012939453125" lon="-81.11167254857718944549560546875">
        <ele>490</ele>
        <time>2026-02-15T15:44:31.000Z</time>
        <extensions>
          <ns3:TrackPointExtension>
            <ns3:hr>138</ns3:hr>
            <ns3:cad>124</ns3:cad>
          </ns3:TrackPointExtension>
        </extensions>
      </trkpt>
      <trkpt lat="35.9684257395565509796142578125" lon="-81.11171881668269634246826171875">
        <ele>489</ele>
        <time>2026-02-15T15:44:33.000Z</time>
        <extensions>
          <ns3:TrackPointExtension>
            <ns3:hr>138</ns3:hr>
            <ns3:cad>71</ns3:cad>
          </ns3:TrackPointExtension>
        </extensions>
      </trkpt>
      <trkpt lat="35.96839481033384799957275390625" lon="-81.111777238547801971435546875">
        <ele>487.79998779296875</ele>
        <time>2026-02-15T15:44:36.000Z</time>
        <extensions>
          <ns3:TrackPointExtension>
            <ns3:hr>139</ns3:hr>
            <ns3:cad>81</ns3:cad>
          </ns3:TrackPointExtension>
        </extensions>
      </trkpt>
      <trkpt lat="35.96839246340095996856689453125" lon="-81.11179576255381107330322265625">
        <ele>487.399993896484375</ele>
        <time>2026-02-15T15:44:37.000Z</time>
        <extensions>
          <ns3:TrackPointExtension>
            <ns3:hr>140</ns3:hr>
            <ns3:cad>81</ns3:cad>
          </ns3:TrackPointExtension>
        </extensions>
      </trkpt>
      <trkpt lat="35.9684029407799243927001953125" lon="-81.11181470565497875213623046875">
        <ele>486.79998779296875</ele>
        <time>2026-02-15T15:44:38.000Z</time>
        <extensions>
          <ns3:TrackPointExtension>
            <ns3:hr>140</ns3:hr>
            <ns3:cad>81</ns3:cad>
          </ns3:TrackPointExtension>
        </extensions>
      </trkpt>
      <trkpt lat="35.9684119932353496551513671875" lon="-81.111824847757816314697265625">
        <ele>486.600006103515625</ele>
        <time>2026-02-15T15:44:39.000Z</time>
        <extensions>
          <ns3:TrackPointExtension>
            <ns3:hr>140</ns3:hr>
            <ns3:cad>81</ns3:cad>
          </ns3:TrackPointExtension>
        </extensions>
      </trkpt>
      <trkpt lat="35.96844024024903774261474609375" lon="-81.11186147667467594146728515625">
        <ele>486</ele>
        <time>2026-02-15T15:44:41.000Z</time>
        <extensions>
          <ns3:TrackPointExtension>
            <ns3:hr>141</ns3:hr>
            <ns3:cad>81</ns3:cad>
          </ns3:TrackPointExtension>
        </extensions>
      </trkpt>
      <trkpt lat="35.968472175300121307373046875" lon="-81.1119369976222515106201171875">
        <ele>485.399993896484375</ele>
        <time>2026-02-15T15:44:44.000Z</time>
        <extensions>
          <ns3:TrackPointExtension>
            <ns3:hr>143</ns3:hr>
            <ns3:cad>81</ns3:cad>
          </ns3:TrackPointExtension>
        </extensions>
      </trkpt>
      <trkpt lat="35.96850796602666378021240234375" lon="-81.1120147816836833953857421875">
        <ele>485.20001220703125</ele>
        <time>2026-02-15T15:44:47.000Z</time>
        <extensions>
          <ns3:TrackPointExtension>
            <ns3:hr>145</ns3:hr>
            <ns3:cad>81</ns3:cad>
          </ns3:TrackPointExtension>
        </extensions>
      </trkpt>
      <trkpt lat="35.968557335436344146728515625" lon="-81.112111173570156097412109375">
        <ele>484.399993896484375</ele>
        <time>2026-02-15T15:44:52.000Z</time>
        <extensions>
          <ns3:TrackPointExtension>
            <ns3:hr>148</ns3:hr>
            <ns3:cad>72</ns3:cad>
          </ns3:TrackPointExtension>
        </extensions>
      </trkpt>
      <trkpt lat="35.968568064272403717041015625" lon="-81.11219977028667926788330078125">
        <ele>482.79998779296875</ele>
        <time>2026-02-15T15:44:55.000Z</time>
        <extensions>
          <ns3:TrackPointExtension>
            <ns3:hr>148</ns3:hr>
            <ns3:cad>72</ns3:cad>
          </ns3:TrackPointExtension>
        </extensions>
      </trkpt>
      <trkpt lat="35.96859731711447238922119140625" lon="-81.1123172007501125335693359375">
        <ele>481.399993896484375</ele>
        <time>2026-02-15T15:44:58.000Z</time>
        <extensions>
          <ns3:TrackPointExtension>
            <ns3:hr>149</ns3:hr>
            <ns3:cad>72</ns3:cad>
          </ns3:TrackPointExtension>
        </extensions>
      </trkpt>
      <trkpt lat="35.96858491189777851104736328125" lon="-81.11246329732239246368408203125">
        <ele>481</ele>
        <time>2026-02-15T15:45:03.000Z</time>
        <extensions>
          <ns3:TrackPointExtension>
            <ns3:hr>151</ns3:hr>
            <ns3:cad>75</ns3:cad>
          </ns3:TrackPointExtension>
        </extensions>
      </trkpt>
      <trkpt lat="35.96856865100562572479248046875" lon="-81.11253621987998485565185546875">
        <ele>480.20001220703125</ele>
        <time>2026-02-15T15:45:06.000Z</time>
        <extensions>
          <ns3:TrackPointExtension>
            <ns3:hr>149</ns3:hr>
            <ns3:cad>75</ns3:cad>
          </ns3:TrackPointExtension>
        </extensions>
      </trkpt>
      <trkpt lat="35.96853042952716350555419921875" lon="-81.112599670886993408203125">
        <ele>478.600006103515625</ele>
        <time>2026-02-15T15:45:09.000Z</time>
        <extensions>
          <ns3:TrackPointExtension>
            <ns3:hr>148</ns3:hr>
            <ns3:cad>75</ns3:cad>
          </ns3:TrackPointExtension>
        </extensions>
      </trkpt>
      <trkpt lat="35.96852154470980167388916015625" lon="-81.11261551268398761749267578125">
        <ele>478.20001220703125</ele>
        <time>2026-02-15T15:45:10.000Z</time>
        <extensions>
          <ns3:TrackPointExtension>
            <ns3:hr>148</ns3:hr>
            <ns3:cad>75</ns3:cad>
          </ns3:TrackPointExtension>
        </extensions>
      </trkpt>
      <trkpt lat="35.96850645728409290313720703125" lon="-81.11264049075543880462646484375">
        <ele>477.399993896484375</ele>
        <time>2026-02-15T15:45:12.000Z</time>
        <extensions>
          <ns3:TrackPointExtension>
            <ns3:hr>148</ns3:hr>
            <ns3:cad>75</ns3:cad>
          </ns3:TrackPointExtension>
        </extensions>
      </trkpt>
      <trkpt lat="35.96845851279795169830322265625" lon="-81.11268323846161365509033203125">
        <ele>475.79998779296875</ele>
        <time>2026-02-15T15:45:15.000Z</time>
        <extensions>
          <ns3:TrackPointExtension>
            <ns3:hr>149</ns3:hr>
            <ns3:cad>73</ns3:cad>
          </ns3:TrackPointExtension>
        </extensions>
      </trkpt>
      <trkpt lat="35.96842817030847072601318359375" lon="-81.11271492205560207366943359375">
        <ele>474.600006103515625</ele>
        <time>2026-02-15T15:45:17.000Z</time>
        <extensions>
          <ns3:TrackPointExtension>
            <ns3:hr>150</ns3:hr>
            <ns3:cad>73</ns3:cad>
          </ns3:TrackPointExtension>
        </extensions>
      </trkpt>
      <trkpt lat="35.968398414552211761474609375" lon="-81.1127379722893238067626953125">
        <ele>473.600006103515625</ele>
        <time>2026-02-15T15:45:19.000Z</time>
        <extensions>
          <ns3:TrackPointExtension>
            <ns3:hr>150</ns3:hr>
            <ns3:cad>73</ns3:cad>
          </ns3:TrackPointExtension>
        </extensions>
      </trkpt>
      <trkpt lat="35.96836647950112819671630859375" lon="-81.11277225427329540252685546875">
        <ele>472.20001220703125</ele>
        <time>2026-02-15T15:45:22.000Z</time>
        <extensions>
          <ns3:TrackPointExtension>
            <ns3:hr>149</ns3:hr>
            <ns3:cad>73</ns3:cad>
          </ns3:TrackPointExtension>
        </extensions>
      </trkpt>
      <trkpt lat="35.9683536551892757415771484375" lon="-81.11279706470668315887451171875">
        <ele>471</ele>
        <time>2026-02-15T15:45:24.000Z</time>
        <extensions>
          <ns3:TrackPointExtension>
            <ns3:hr>148</ns3:hr>
            <ns3:cad>73</ns3:cad>
          </ns3:TrackPointExtension>
        </extensions>
      </trkpt>
      <trkpt lat="35.96834938041865825653076171875" lon="-81.11283210106194019317626953125">
        <ele>470</ele>
        <time>2026-02-15T15:45:26.000Z</time>
        <extensions>
          <ns3:TrackPointExtension>
            <ns3:hr>147</ns3:hr>
            <ns3:cad>73</ns3:cad>
          </ns3:TrackPointExtension>
        </extensions>
      </trkpt>
      <trkpt lat="35.96834653057157993316650390625" lon="-81.11287551932036876678466796875">
        <ele>469.20001220703125</ele>
        <time>2026-02-15T15:45:28.000Z</time>
        <extensions>
          <ns3:TrackPointExtension>
            <ns3:hr>148</ns3:hr>
            <ns3:cad>73</ns3:cad>
          </ns3:TrackPointExtension>
        </extensions>
      </trkpt>
      <trkpt lat="35.96834217198193073272705078125" lon="-81.11289144493639469146728515625">
        <ele>468.79998779296875</ele>
        <time>2026-02-15T15:45:29.000Z</time>
        <extensions>
          <ns3:TrackPointExtension>
            <ns3:hr>149</ns3:hr>
            <ns3:cad>0</ns3:cad>
          </ns3:TrackPointExtension>
        </extensions>
      </trkpt>
      <trkpt lat="35.9683345444500446319580078125" lon="-81.11293352209031581878662109375">
        <ele>467.399993896484375</ele>
        <time>2026-02-15T15:45:31.000Z</time>
        <extensions>
          <ns3:TrackPointExtension>
            <ns3:hr>150</ns3:hr>
            <ns3:cad>0</ns3:cad>
          </ns3:TrackPointExtension>
        </extensions>
      </trkpt>
      <trkpt lat="35.96834066323935985565185546875" lon="-81.11297207884490489959716796875">
        <ele>466.399993896484375</ele>
        <time>2026-02-15T15:45:33.000Z</time>
        <extensions>
          <ns3:TrackPointExtension>
            <ns3:hr>150</ns3:hr>
            <ns3:cad>0</ns3:cad>
          </ns3:TrackPointExtension>
        </extensions>
      </trkpt>
      <trkpt lat="35.96831233240664005279541015625" lon="-81.11302941106259822845458984375">
        <ele>465</ele>
        <time>2026-02-15T15:45:37.000Z</time>
        <extensions>
          <ns3:TrackPointExtension>
            <ns3:hr>148</ns3:hr>
            <ns3:cad>0</ns3:cad>
          </ns3:TrackPointExtension>
        </extensions>
      </trkpt>
      <trkpt lat="35.968293808400630950927734375" lon="-81.11307567916810512542724609375">
        <ele>464</ele>
        <time>2026-02-15T15:45:39.000Z</time>
        <extensions>
          <ns3:TrackPointExtension>
            <ns3:hr>147</ns3:hr>
            <ns3:cad>83</ns3:cad>
          </ns3:TrackPointExtension>
        </extensions>
      </trkpt>
      <trkpt lat="35.96828416921198368072509765625" lon="-81.1131211929023265838623046875">
        <ele>462.79998779296875</ele>
        <time>2026-02-15T15:45:41.000Z</time>
        <extensions>
          <ns3:TrackPointExtension>
            <ns3:hr>147</ns3:hr>
            <ns3:cad>83</ns3:cad>
          </ns3:TrackPointExtension>
        </extensions>
      </trkpt>
      <trkpt lat="35.9682738594710826873779296875" lon="-81.1131553910672664642333984375">
        <ele>461.79998779296875</ele>
        <time>2026-02-15T15:45:43.000Z</time>
        <extensions>
          <ns3:TrackPointExtension>
            <ns3:hr>146</ns3:hr>
            <ns3:cad>83</ns3:cad>
          </ns3:TrackPointExtension>
        </extensions>
      </trkpt>
      <trkpt lat="35.96826103515923023223876953125" lon="-81.11320878379046916961669921875">
        <ele>460.399993896484375</ele>
        <time>2026-02-15T15:45:46.000Z</time>
        <extensions>
          <ns3:TrackPointExtension>
            <ns3:hr>148</ns3:hr>
            <ns3:cad>83</ns3:cad>
          </ns3:TrackPointExtension>
        </extensions>
      </trkpt>
      <trkpt lat="35.9682775475084781646728515625" lon="-81.113256476819515228271484375">
        <ele>459</ele>
        <time>2026-02-15T15:45:49.000Z</time>
        <extensions>
          <ns3:TrackPointExtension>
            <ns3:hr>149</ns3:hr>
            <ns3:cad>79</ns3:cad>
          </ns3:TrackPointExtension>
        </extensions>
      </trkpt>
      <trkpt lat="35.96829188056290149688720703125" lon="-81.1133153177797794342041015625">
        <ele>458.20001220703125</ele>
        <time>2026-02-15T15:45:52.000Z</time>
        <extensions>
          <ns3:TrackPointExtension>
            <ns3:hr>149</ns3:hr>
            <ns3:cad>79</ns3:cad>
          </ns3:TrackPointExtension>
        </extensions>
      </trkpt>
      <trkpt lat="35.96830026246607303619384765625" lon="-81.11333970911800861358642578125">
        <ele>457.79998779296875</ele>
        <time>2026-02-15T15:45:53.000Z</time>
        <extensions>
          <ns3:TrackPointExtension>
            <ns3:hr>149</ns3:hr>
            <ns3:cad>79</ns3:cad>
          </ns3:TrackPointExtension>
        </extensions>
      </trkpt>
      <trkpt lat="35.96832490526139736175537109375" lon="-81.11340106464922428131103515625">
        <ele>456.79998779296875</ele>
        <time>2026-02-15T15:45:57.000Z</time>
        <extensions>
          <ns3:TrackPointExtension>
            <ns3:hr>147</ns3:hr>
            <ns3:cad>79</ns3:cad>
          </ns3:TrackPointExtension>
        </extensions>
      </trkpt>
      <trkpt lat="35.968350134789943695068359375" lon="-81.1134874820709228515625">
        <ele>455.600006103515625</ele>
        <time>2026-02-15T15:46:01.000Z</time>
        <extensions>
          <ns3:TrackPointExtension>
            <ns3:hr>146</ns3:hr>
            <ns3:cad>68</ns3:cad>
          </ns3:TrackPointExtension>
        </extensions>
      </trkpt>
      <trkpt lat="35.96836631186306476593017578125" lon="-81.11353383399546146392822265625">
        <ele>454.399993896484375</ele>
        <time>2026-02-15T15:46:03.000Z</time>
        <extensions>
          <ns3:TrackPointExtension>
            <ns3:hr>145</ns3:hr>
            <ns3:cad>79</ns3:cad>
          </ns3:TrackPointExtension>
        </extensions>
      </trkpt>
      <trkpt lat="35.9684371389448642730712890625" lon="-81.11358596943318843841552734375">
        <ele>453.399993896484375</ele>
        <time>2026-02-15T15:46:08.000Z</time>
        <extensions>
          <ns3:TrackPointExtension>
            <ns3:hr>145</ns3:hr>
            <ns3:cad>79</ns3:cad>
          </ns3:TrackPointExtension>
        </extensions>
      </trkpt>
      <trkpt lat="35.9684590995311737060546875" lon="-81.1135934293270111083984375">
        <ele>453.399993896484375</ele>
        <time>2026-02-15T15:46:09.000Z</time>
        <extensions>
          <ns3:TrackPointExtension>
            <ns3:hr>145</ns3:hr>
            <ns3:cad>68</ns3:cad>
          </ns3:TrackPointExtension>
        </extensions>
      </trkpt>
      <trkpt lat="35.96851567737758159637451171875" lon="-81.11364774405956268310546875">
        <ele>452.79998779296875</ele>
        <time>2026-02-15T15:46:14.000Z</time>
        <extensions>
          <ns3:TrackPointExtension>
            <ns3:hr>144</ns3:hr>
            <ns3:cad>0</ns3:cad>
          </ns3:TrackPointExtension>
        </extensions>
      </trkpt>
      <trkpt lat="35.96851483918726444244384765625" lon="-81.1136663518846035003662109375">
        <ele>452.600006103515625</ele>
        <time>2026-02-15T15:46:15.000Z</time>
        <extensions>
          <ns3:TrackPointExtension>
            <ns3:hr>145</ns3:hr>
            <ns3:cad>0</ns3:cad>
          </ns3:TrackPointExtension>
        </extensions>
      </trkpt>
      <trkpt lat="35.96851651556789875030517578125" lon="-81.1136911623179912567138671875">
        <ele>452.399993896484375</ele>
        <time>2026-02-15T15:46:16.000Z</time>
        <extensions>
          <ns3:TrackPointExtension>
            <ns3:hr>145</ns3:hr>
            <ns3:cad>71</ns3:cad>
          </ns3:TrackPointExtension>
        </extensions>
      </trkpt>
      <trkpt lat="35.96851014532148838043212890625" lon="-81.113740615546703338623046875">
        <ele>451.20001220703125</ele>
        <time>2026-02-15T15:46:18.000Z</time>
        <extensions>
          <ns3:TrackPointExtension>
            <ns3:hr>146</ns3:hr>
            <ns3:cad>71</ns3:cad>
          </ns3:TrackPointExtension>
        </extensions>
      </trkpt>
      <trkpt lat="35.96849195659160614013671875" lon="-81.11378411762416362762451171875">
        <ele>450</ele>
        <time>2026-02-15T15:46:20.000Z</time>
        <extensions>
          <ns3:TrackPointExtension>
            <ns3:hr>146</ns3:hr>
            <ns3:cad>69</ns3:cad>
          </ns3:TrackPointExtension>
        </extensions>
      </trkpt>
      <trkpt lat="35.96844174899160861968994140625" lon="-81.1138923279941082000732421875">
        <ele>448.20001220703125</ele>
        <time>2026-02-15T15:46:24.000Z</time>
        <extensions>
          <ns3:TrackPointExtension>
            <ns3:hr>148</ns3:hr>
            <ns3:cad>69</ns3:cad>
          </ns3:TrackPointExtension>
        </extensions>
      </trkpt>
      <trkpt lat="35.96842833794653415679931640625" lon="-81.11391521058976650238037109375">
        <ele>447.399993896484375</ele>
        <time>2026-02-15T15:46:25.000Z</time>
        <extensions>
          <ns3:TrackPointExtension>
            <ns3:hr>148</ns3:hr>
            <ns3:cad>70</ns3:cad>
          </ns3:TrackPointExtension>
        </extensions>
      </trkpt>
      <trkpt lat="35.96841392107307910919189453125" lon="-81.11394169740378856658935546875">
        <ele>447</ele>
        <time>2026-02-15T15:46:26.000Z</time>
        <extensions>
          <ns3:TrackPointExtension>
            <ns3:hr>148</ns3:hr>
            <ns3:cad>70</ns3:cad>
          </ns3:TrackPointExtension>
        </extensions>
      </trkpt>
      <trkpt lat="35.9683928824961185455322265625" lon="-81.11404739320278167724609375">
        <ele>445.79998779296875</ele>
        <time>2026-02-15T15:46:29.000Z</time>
        <extensions>
          <ns3:TrackPointExtension>
            <ns3:hr>148</ns3:hr>
            <ns3:cad>0</ns3:cad>
          </ns3:TrackPointExtension>
        </extensions>
      </trkpt>
      <trkpt lat="35.96837972290813922882080078125" lon="-81.11413330771028995513916015625">
        <ele>444.20001220703125</ele>
        <time>2026-02-15T15:46:31.000Z</time>
        <extensions>
          <ns3:TrackPointExtension>
            <ns3:hr>148</ns3:hr>
            <ns3:cad>94</ns3:cad>
          </ns3:TrackPointExtension>
        </extensions>
      </trkpt>
      <trkpt lat="35.9683586843311786651611328125" lon="-81.1142064817249774932861328125">
        <ele>443.20001220703125</ele>
        <time>2026-02-15T15:46:33.000Z</time>
        <extensions>
          <ns3:TrackPointExtension>
            <ns3:hr>147</ns3:hr>
            <ns3:cad>94</ns3:cad>
          </ns3:TrackPointExtension>
        </extensions>
      </trkpt>
      <trkpt lat="35.96831534989178180694580078125" lon="-81.11434034071862697601318359375">
        <ele>441.79998779296875</ele>
        <time>2026-02-15T15:46:37.000Z</time>
        <extensions>
          <ns3:TrackPointExtension>
            <ns3:hr>148</ns3:hr>
            <ns3:cad>94</ns3:cad>
          </ns3:TrackPointExtension>
        </extensions>
      </trkpt>
      <trkpt lat="35.9683062136173248291015625" lon="-81.114377640187740325927734375">
        <ele>441.399993896484375</ele>
        <time>2026-02-15T15:46:38.000Z</time>
        <extensions>
          <ns3:TrackPointExtension>
            <ns3:hr>147</ns3:hr>
            <ns3:cad>84</ns3:cad>
          </ns3:TrackPointExtension>
        </extensions>
      </trkpt>
      <trkpt lat="35.96829037182033061981201171875" lon="-81.1144411750137805938720703125">
        <ele>440.79998779296875</ele>
        <time>2026-02-15T15:46:40.000Z</time>
        <extensions>
          <ns3:TrackPointExtension>
            <ns3:hr>147</ns3:hr>
            <ns3:cad>83</ns3:cad>
          </ns3:TrackPointExtension>
        </extensions>
      </trkpt>
      <trkpt lat="35.96821091137826442718505859375" lon="-81.11466488800942897796630859375">
        <ele>439.600006103515625</ele>
        <time>2026-02-15T15:46:46.000Z</time>
        <extensions>
          <ns3:TrackPointExtension>
            <ns3:hr>149</ns3:hr>
            <ns3:cad>84</ns3:cad>
          </ns3:TrackPointExtension>
        </extensions>
      </trkpt>
      <trkpt lat="35.96819817088544368743896484375" lon="-81.11470595933496952056884765625">
        <ele>439.399993896484375</ele>
        <time>2026-02-15T15:46:47.000Z</time>
        <extensions>
          <ns3:TrackPointExtension>
            <ns3:hr>149</ns3:hr>
            <ns3:cad>81</ns3:cad>
          </ns3:TrackPointExtension>
        </extensions>
      </trkpt>
      <trkpt lat="35.9681095741689205169677734375" lon="-81.11490025185048580169677734375">
        <ele>438.600006103515625</ele>
        <time>2026-02-15T15:46:52.000Z</time>
        <extensions>
          <ns3:TrackPointExtension>
            <ns3:hr>150</ns3:hr>
            <ns3:cad>85</ns3:cad>
          </ns3:TrackPointExtension>
        </extensions>
      </trkpt>
      <trkpt lat="35.9680928103625774383544921875" lon="-81.11493662931025028228759765625">
        <ele>438.399993896484375</ele>
        <time>2026-02-15T15:46:53.000Z</time>
        <extensions>
          <ns3:TrackPointExtension>
            <ns3:hr>150</ns3:hr>
            <ns3:cad>85</ns3:cad>
          </ns3:TrackPointExtension>
        </extensions>
      </trkpt>
      <trkpt lat="35.96803824417293071746826171875" lon="-81.11505414359271526336669921875">
        <ele>437.399993896484375</ele>
        <time>2026-02-15T15:46:57.000Z</time>
        <extensions>
          <ns3:TrackPointExtension>
            <ns3:hr>151</ns3:hr>
            <ns3:cad>85</ns3:cad>
          </ns3:TrackPointExtension>
        </extensions>
      </trkpt>
      <trkpt lat="35.96797018311917781829833984375" lon="-81.11511784605681896209716796875">
        <ele>437</ele>
        <time>2026-02-15T15:47:00.000Z</time>
        <extensions>
          <ns3:TrackPointExtension>
            <ns3:hr>152</ns3:hr>
            <ns3:cad>85</ns3:cad>
          </ns3:TrackPointExtension>
        </extensions>
      </trkpt>
      <trkpt lat="35.967903546988964080810546875" lon="-81.11517685465514659881591796875">
        <ele>436.399993896484375</ele>
        <time>2026-02-15T15:47:03.000Z</time>
        <extensions>
          <ns3:TrackPointExtension>
            <ns3:hr>153</ns3:hr>
            <ns3:cad>84</ns3:cad>
          </ns3:TrackPointExtension>
        </extensions>
      </trkpt>
      <trkpt lat="35.9678302891552448272705078125" lon="-81.11523284576833248138427734375">
        <ele>435</ele>
        <time>2026-02-15T15:47:06.000Z</time>
        <extensions>
          <ns3:TrackPointExtension>
            <ns3:hr>154</ns3:hr>
            <ns3:cad>83</ns3:cad>
          </ns3:TrackPointExtension>
        </extensions>
      </trkpt>
      <trkpt lat="35.967760719358921051025390625" lon="-81.115278191864490509033203125">
        <ele>434.20001220703125</ele>
        <time>2026-02-15T15:47:09.000Z</time>
        <extensions>
          <ns3:TrackPointExtension>
            <ns3:hr>155</ns3:hr>
            <ns3:cad>83</ns3:cad>
          </ns3:TrackPointExtension>
        </extensions>
      </trkpt>
      <trkpt lat="35.967694334685802459716796875" lon="-81.11530677415430545806884765625">
        <ele>434</ele>
        <time>2026-02-15T15:47:12.000Z</time>
        <extensions>
          <ns3:TrackPointExtension>
            <ns3:hr>157</ns3:hr>
            <ns3:cad>82</ns3:cad>
          </ns3:TrackPointExtension>
        </extensions>
      </trkpt>
      <trkpt lat="35.9675878845155239105224609375" lon="-81.1153970472514629364013671875">
        <ele>432.79998779296875</ele>
        <time>2026-02-15T15:47:17.000Z</time>
        <extensions>
          <ns3:TrackPointExtension>
            <ns3:hr>159</ns3:hr>
            <ns3:cad>79</ns3:cad>
          </ns3:TrackPointExtension>
        </extensions>
      </trkpt>
      <trkpt lat="35.9675042331218719482421875" lon="-81.11544054932892322540283203125">
        <ele>431.79998779296875</ele>
        <time>2026-02-15T15:47:21.000Z</time>
        <extensions>
          <ns3:TrackPointExtension>
            <ns3:hr>160</ns3:hr>
            <ns3:cad>80</ns3:cad>
          </ns3:TrackPointExtension>
        </extensions>
      </trkpt>
      <trkpt lat="35.9674403630197048187255859375" lon="-81.1154548823833465576171875">
        <ele>431.600006103515625</ele>
        <time>2026-02-15T15:47:24.000Z</time>
        <extensions>
          <ns3:TrackPointExtension>
            <ns3:hr>160</ns3:hr>
            <ns3:cad>80</ns3:cad>
          </ns3:TrackPointExtension>
        </extensions>
      </trkpt>
      <trkpt lat="35.967361070215702056884765625" lon="-81.1154389567673206329345703125">
        <ele>431</ele>
        <time>2026-02-15T15:47:30.000Z</time>
        <extensions>
          <ns3:TrackPointExtension>
            <ns3:hr>161</ns3:hr>
            <ns3:cad>77</ns3:cad>
          </ns3:TrackPointExtension>
        </extensions>
      </trkpt>
      <trkpt lat="35.9672868065536022186279296875" lon="-81.11541674472391605377197265625">
        <ele>430.600006103515625</ele>
        <time>2026-02-15T15:47:34.000Z</time>
        <extensions>
          <ns3:TrackPointExtension>
            <ns3:hr>161</ns3:hr>
            <ns3:cad>54</ns3:cad>
          </ns3:TrackPointExtension>
        </extensions>
      </trkpt>
      <trkpt lat="35.96723861061036586761474609375" lon="-81.11542470753192901611328125">
        <ele>430</ele>
        <time>2026-02-15T15:47:36.000Z</time>
        <extensions>
          <ns3:TrackPointExtension>
            <ns3:hr>161</ns3:hr>
            <ns3:cad>0</ns3:cad>
          </ns3:TrackPointExtension>
        </extensions>
      </trkpt>
      <trkpt lat="35.96715462394058704376220703125" lon="-81.11547022126615047454833984375">
        <ele>429.399993896484375</ele>
        <time>2026-02-15T15:47:39.000Z</time>
        <extensions>
          <ns3:TrackPointExtension>
            <ns3:hr>160</ns3:hr>
            <ns3:cad>80</ns3:cad>
          </ns3:TrackPointExtension>
        </extensions>
      </trkpt>
      <trkpt lat="35.9671111218631267547607421875" lon="-81.11551322042942047119140625">
        <ele>429</ele>
        <time>2026-02-15T15:47:41.000Z</time>
        <extensions>
          <ns3:TrackPointExtension>
            <ns3:hr>159</ns3:hr>
            <ns3:cad>81</ns3:cad>
          </ns3:TrackPointExtension>
        </extensions>
      </trkpt>
      <trkpt lat="35.967049933969974517822265625" lon="-81.1155506037175655364990234375">
        <ele>428.20001220703125</ele>
        <time>2026-02-15T15:47:43.000Z</time>
        <extensions>
          <ns3:TrackPointExtension>
            <ns3:hr>159</ns3:hr>
            <ns3:cad>82</ns3:cad>
          </ns3:TrackPointExtension>
        </extensions>
      </trkpt>
      <trkpt lat="35.96700509078800678253173828125" lon="-81.115571893751621246337890625">
        <ele>427.399993896484375</ele>
        <time>2026-02-15T15:47:46.000Z</time>
        <extensions>
          <ns3:TrackPointExtension>
            <ns3:hr>160</ns3:hr>
            <ns3:cad>77</ns3:cad>
          </ns3:TrackPointExtension>
        </extensions>
      </trkpt>
      <trkpt lat="35.9669853933155536651611328125" lon="-81.11554414965212345123291015625">
        <ele>427</ele>
        <time>2026-02-15T15:47:48.000Z</time>
        <extensions>
          <ns3:TrackPointExtension>
            <ns3:hr>160</ns3:hr>
            <ns3:cad>77</ns3:cad>
          </ns3:TrackPointExtension>
        </extensions>
      </trkpt>
      <trkpt lat="35.96697240136563777923583984375" lon="-81.11549452878534793853759765625">
        <ele>426.600006103515625</ele>
        <time>2026-02-15T15:47:50.000Z</time>
        <extensions>
          <ns3:TrackPointExtension>
            <ns3:hr>159</ns3:hr>
            <ns3:cad>77</ns3:cad>
          </ns3:TrackPointExtension>
        </extensions>
      </trkpt>
      <trkpt lat="35.966978184878826141357421875" lon="-81.11543401144444942474365234375">
        <ele>425.79998779296875</ele>
        <time>2026-02-15T15:47:52.000Z</time>
        <extensions>
          <ns3:TrackPointExtension>
            <ns3:hr>158</ns3:hr>
            <ns3:cad>77</ns3:cad>
          </ns3:TrackPointExtension>
        </extensions>
      </trkpt>
      <trkpt lat="35.96700131893157958984375" lon="-81.11534466035664081573486328125">
        <ele>425.399993896484375</ele>
        <time>2026-02-15T15:47:55.000Z</time>
        <extensions>
          <ns3:TrackPointExtension>
            <ns3:hr>157</ns3:hr>
            <ns3:cad>73</ns3:cad>
          </ns3:TrackPointExtension>
        </extensions>
      </trkpt>
      <trkpt lat="35.967007018625736236572265625" lon="-81.11512891016900539398193359375">
        <ele>424.79998779296875</ele>
        <time>2026-02-15T15:48:01.000Z</time>
        <extensions>
          <ns3:TrackPointExtension>
            <ns3:hr>157</ns3:hr>
            <ns3:cad>78</ns3:cad>
          </ns3:TrackPointExtension>
        </extensions>
      </trkpt>
      <trkpt lat="35.96700869500637054443359375" lon="-81.11507828347384929656982421875">
        <ele>424.399993896484375</ele>
        <time>2026-02-15T15:48:02.000Z</time>
        <extensions>
          <ns3:TrackPointExtension>
            <ns3:hr>158</ns3:hr>
            <ns3:cad>78</ns3:cad>
          </ns3:TrackPointExtension>
        </extensions>
      </trkpt>
      <trkpt lat="35.96703241579234600067138671875" lon="-81.1149635352194309234619140625">
        <ele>423.600006103515625</ele>
        <time>2026-02-15T15:48:05.000Z</time>
        <extensions>
          <ns3:TrackPointExtension>
            <ns3:hr>158</ns3:hr>
            <ns3:cad>81</ns3:cad>
          </ns3:TrackPointExtension>
        </extensions>
      </trkpt>
      <trkpt lat="35.9670430608093738555908203125" lon="-81.11489974893629550933837890625">
        <ele>423.600006103515625</ele>
        <time>2026-02-15T15:48:07.000Z</time>
        <extensions>
          <ns3:TrackPointExtension>
            <ns3:hr>159</ns3:hr>
            <ns3:cad>81</ns3:cad>
          </ns3:TrackPointExtension>
        </extensions>
      </trkpt>
      <trkpt lat="35.96708245575428009033203125" lon="-81.11470964737236499786376953125">
        <ele>423.600006103515625</ele>
        <time>2026-02-15T15:48:13.000Z</time>
        <extensions>
          <ns3:TrackPointExtension>
            <ns3:hr>160</ns3:hr>
            <ns3:cad>78</ns3:cad>
          </ns3:TrackPointExtension>
        </extensions>
      </trkpt>
      <trkpt lat="35.9670896641910076141357421875" lon="-81.11465751193463802337646484375">
        <ele>424</ele>
        <time>2026-02-15T15:48:18.000Z</time>
        <extensions>
          <ns3:TrackPointExtension>
            <ns3:hr>161</ns3:hr>
            <ns3:cad>0</ns3:cad>
          </ns3:TrackPointExtension>
        </extensions>
      </trkpt>
      <trkpt lat="35.96706359647214412689208984375" lon="-81.114625744521617889404296875">
        <ele>424.20001220703125</ele>
        <time>2026-02-15T15:48:21.000Z</time>
        <extensions>
          <ns3:TrackPointExtension>
            <ns3:hr>161</ns3:hr>
            <ns3:cad>0</ns3:cad>
          </ns3:TrackPointExtension>
        </extensions>
      </trkpt>
      <trkpt lat="35.967041552066802978515625" lon="-81.11460805870592594146728515625">
        <ele>424.20001220703125</ele>
        <time>2026-02-15T15:48:23.000Z</time>
        <extensions>
          <ns3:TrackPointExtension>
            <ns3:hr>161</ns3:hr>
            <ns3:cad>47</ns3:cad>
          </ns3:TrackPointExtension>
        </extensions>
      </trkpt>
      <trkpt lat="35.96696720458567142486572265625" lon="-81.1145692504942417144775390625">
        <ele>423</ele>
        <time>2026-02-15T15:48:27.000Z</time>
        <extensions>
          <ns3:TrackPointExtension>
            <ns3:hr>158</ns3:hr>
            <ns3:cad>0</ns3:cad>
          </ns3:TrackPointExtension>
        </extensions>
      </trkpt>
      <trkpt lat="35.9669491834938526153564453125" lon="-81.11456598155200481414794921875">
        <ele>422.600006103515625</ele>
        <time>2026-02-15T15:48:28.000Z</time>
        <extensions>
          <ns3:TrackPointExtension>
            <ns3:hr>158</ns3:hr>
            <ns3:cad>0</ns3:cad>
          </ns3:TrackPointExtension>
        </extensions>
      </trkpt>
      <trkpt lat="35.966925211250782012939453125" lon="-81.114563383162021636962890625">
        <ele>421.79998779296875</ele>
        <time>2026-02-15T15:48:29.000Z</time>
        <extensions>
          <ns3:TrackPointExtension>
            <ns3:hr>157</ns3:hr>
            <ns3:cad>0</ns3:cad>
          </ns3:TrackPointExtension>
        </extensions>
      </trkpt>
      <trkpt lat="35.96690333448350429534912109375" lon="-81.11453681252896785736083984375">
        <ele>419.79998779296875</ele>
        <time>2026-02-15T15:48:31.000Z</time>
        <extensions>
          <ns3:TrackPointExtension>
            <ns3:hr>157</ns3:hr>
            <ns3:cad>0</ns3:cad>
          </ns3:TrackPointExtension>
        </extensions>
      </trkpt>
      <trkpt lat="35.9668915160000324249267578125" lon="-81.11451904289424419403076171875">
        <ele>418.600006103515625</ele>
        <time>2026-02-15T15:48:32.000Z</time>
        <extensions>
          <ns3:TrackPointExtension>
            <ns3:hr>156</ns3:hr>
            <ns3:cad>0</ns3:cad>
          </ns3:TrackPointExtension>
        </extensions>
      </trkpt>
      <trkpt lat="35.96686796285212039947509765625" lon="-81.11448819749057292938232421875">
        <ele>417</ele>
        <time>2026-02-15T15:48:34.000Z</time>
        <extensions>
          <ns3:TrackPointExtension>
            <ns3:hr>155</ns3:hr>
            <ns3:cad>0</ns3:cad>
          </ns3:TrackPointExtension>
        </extensions>
      </trkpt>
      <trkpt lat="35.9668368659913539886474609375" lon="-81.114482581615447998046875">
        <ele>415.399993896484375</ele>
        <time>2026-02-15T15:48:36.000Z</time>
        <extensions>
          <ns3:TrackPointExtension>
            <ns3:hr>155</ns3:hr>
            <ns3:cad>0</ns3:cad>
          </ns3:TrackPointExtension>
        </extensions>
      </trkpt>
      <trkpt lat="35.9668080322444438934326171875" lon="-81.11447880975902080535888671875">
        <ele>414</ele>
        <time>2026-02-15T15:48:38.000Z</time>
        <extensions>
          <ns3:TrackPointExtension>
            <ns3:hr>154</ns3:hr>
            <ns3:cad>0</ns3:cad>
          </ns3:TrackPointExtension>
        </extensions>
      </trkpt>
      <trkpt lat="35.9667708165943622589111328125" lon="-81.11447311006486415863037109375">
        <ele>412.600006103515625</ele>
        <time>2026-02-15T15:48:40.000Z</time>
        <extensions>
          <ns3:TrackPointExtension>
            <ns3:hr>153</ns3:hr>
            <ns3:cad>0</ns3:cad>
          </ns3:TrackPointExtension>
        </extensions>
      </trkpt>
      <trkpt lat="35.96674608998000621795654296875" lon="-81.11445986665785312652587890625">
        <ele>410.79998779296875</ele>
        <time>2026-02-15T15:48:42.000Z</time>
        <extensions>
          <ns3:TrackPointExtension>
            <ns3:hr>153</ns3:hr>
            <ns3:cad>0</ns3:cad>
          </ns3:TrackPointExtension>
        </extensions>
      </trkpt>
      <trkpt lat="35.966740809381008148193359375" lon="-81.11442818306386470794677734375">
        <ele>409.600006103515625</ele>
        <time>2026-02-15T15:48:44.000Z</time>
        <extensions>
          <ns3:TrackPointExtension>
            <ns3:hr>152</ns3:hr>
            <ns3:cad>0</ns3:cad>
          </ns3:TrackPointExtension>
        </extensions>
      </trkpt>
      <trkpt lat="35.96673720516264438629150390625" lon="-81.11440655775368213653564453125">
        <ele>409</ele>
        <time>2026-02-15T15:48:45.000Z</time>
        <extensions>
          <ns3:TrackPointExtension>
            <ns3:hr>152</ns3:hr>
            <ns3:cad>0</ns3:cad>
          </ns3:TrackPointExtension>
        </extensions>
      </trkpt>
      <trkpt lat="35.96672899089753627777099609375" lon="-81.11438275314867496490478515625">
        <ele>408.399993896484375</ele>
        <time>2026-02-15T15:48:46.000Z</time>
        <extensions>
          <ns3:TrackPointExtension>
            <ns3:hr>151</ns3:hr>
            <ns3:cad>0</ns3:cad>
          </ns3:TrackPointExtension>
        </extensions>
      </trkpt>
      <trkpt lat="35.96670334227383136749267578125" lon="-81.114352159202098846435546875">
        <ele>407.399993896484375</ele>
        <time>2026-02-15T15:48:48.000Z</time>
        <extensions>
          <ns3:TrackPointExtension>
            <ns3:hr>151</ns3:hr>
            <ns3:cad>0</ns3:cad>
          </ns3:TrackPointExtension>
        </extensions>
      </trkpt>
      <trkpt lat="35.96668791957199573516845703125" lon="-81.11434989608824253082275390625">
        <ele>406.79998779296875</ele>
        <time>2026-02-15T15:48:49.000Z</time>
        <extensions>
          <ns3:TrackPointExtension>
            <ns3:hr>150</ns3:hr>
            <ns3:cad>0</ns3:cad>
          </ns3:TrackPointExtension>
        </extensions>
      </trkpt>
      <trkpt lat="35.96667065285146236419677734375" lon="-81.1143486388027667999267578125">
        <ele>406.20001220703125</ele>
        <time>2026-02-15T15:48:50.000Z</time>
        <extensions>
          <ns3:TrackPointExtension>
            <ns3:hr>150</ns3:hr>
            <ns3:cad>0</ns3:cad>
          </ns3:TrackPointExtension>
        </extensions>
      </trkpt>
      <trkpt lat="35.966655649244785308837890625" lon="-81.11434243619441986083984375">
        <ele>405.79998779296875</ele>
        <time>2026-02-15T15:48:51.000Z</time>
        <extensions>
          <ns3:TrackPointExtension>
            <ns3:hr>149</ns3:hr>
            <ns3:cad>0</ns3:cad>
          </ns3:TrackPointExtension>
        </extensions>
      </trkpt>
      <trkpt lat="35.96664751879870891571044921875" lon="-81.11432944424450397491455078125">
        <ele>405.20001220703125</ele>
        <time>2026-02-15T15:48:52.000Z</time>
        <extensions>
          <ns3:TrackPointExtension>
            <ns3:hr>149</ns3:hr>
            <ns3:cad>0</ns3:cad>
          </ns3:TrackPointExtension>
        </extensions>
      </trkpt>
      <trkpt lat="35.96662773750722408294677734375" lon="-81.1143070645630359649658203125">
        <ele>404.20001220703125</ele>
        <time>2026-02-15T15:48:54.000Z</time>
        <extensions>
          <ns3:TrackPointExtension>
            <ns3:hr>149</ns3:hr>
            <ns3:cad>0</ns3:cad>
          </ns3:TrackPointExtension>
        </extensions>
      </trkpt>
      <trkpt lat="35.9666031785309314727783203125" lon="-81.11427563242614269256591796875">
        <ele>403</ele>
        <time>2026-02-15T15:48:56.000Z</time>
        <extensions>
          <ns3:TrackPointExtension>
            <ns3:hr>149</ns3:hr>
            <ns3:cad>0</ns3:cad>
          </ns3:TrackPointExtension>
        </extensions>
      </trkpt>
      <trkpt lat="35.96659370698034763336181640625" lon="-81.11425166018307209014892578125">
        <ele>402</ele>
        <time>2026-02-15T15:48:58.000Z</time>
        <extensions>
          <ns3:TrackPointExtension>
            <ns3:hr>148</ns3:hr>
            <ns3:cad>0</ns3:cad>
          </ns3:TrackPointExtension>
        </extensions>
      </trkpt>
      <trkpt lat="35.96658222377300262451171875" lon="-81.11423506401479244232177734375">
        <ele>400.79998779296875</ele>
        <time>2026-02-15T15:49:01.000Z</time>
        <extensions>
          <ns3:TrackPointExtension>
            <ns3:hr>147</ns3:hr>
            <ns3:cad>0</ns3:cad>
          </ns3:TrackPointExtension>
        </extensions>
      </trkpt>
      <trkpt lat="35.9665696509182453155517578125" lon="-81.11421796493232250213623046875">
        <ele>400.399993896484375</ele>
        <time>2026-02-15T15:49:03.000Z</time>
        <extensions>
          <ns3:TrackPointExtension>
            <ns3:hr>146</ns3:hr>
            <ns3:cad>0</ns3:cad>
          </ns3:TrackPointExtension>
        </extensions>
      </trkpt>
      <trkpt lat="35.96654525958001613616943359375" lon="-81.11416247673332691192626953125">
        <ele>399.399993896484375</ele>
        <time>2026-02-15T15:49:06.000Z</time>
        <extensions>
          <ns3:TrackPointExtension>
            <ns3:hr>145</ns3:hr>
            <ns3:cad>0</ns3:cad>
          </ns3:TrackPointExtension>
        </extensions>
      </trkpt>
      <trkpt lat="35.96653796732425689697265625" lon="-81.1141504906117916107177734375">
        <ele>399</ele>
        <time>2026-02-15T15:49:07.000Z</time>
        <extensions>
          <ns3:TrackPointExtension>
            <ns3:hr>145</ns3:hr>
            <ns3:cad>0</ns3:cad>
          </ns3:TrackPointExtension>
        </extensions>
      </trkpt>
      <trkpt lat="35.9665166772902011871337890625" lon="-81.11414018087089061737060546875">
        <ele>398</ele>
        <time>2026-02-15T15:49:09.000Z</time>
        <extensions>
          <ns3:TrackPointExtension>
            <ns3:hr>145</ns3:hr>
            <ns3:cad>0</ns3:cad>
          </ns3:TrackPointExtension>
        </extensions>
      </trkpt>
      <trkpt lat="35.966474600136280059814453125" lon="-81.11413598991930484771728515625">
        <ele>396.600006103515625</ele>
        <time>2026-02-15T15:49:12.000Z</time>
        <extensions>
          <ns3:TrackPointExtension>
            <ns3:hr>145</ns3:hr>
            <ns3:cad>0</ns3:cad>
          </ns3:TrackPointExtension>
        </extensions>
      </trkpt>
      <trkpt lat="35.966450460255146026611328125" lon="-81.1141325533390045166015625">
        <ele>395.79998779296875</ele>
        <time>2026-02-15T15:49:14.000Z</time>
        <extensions>
          <ns3:TrackPointExtension>
            <ns3:hr>145</ns3:hr>
            <ns3:cad>0</ns3:cad>
          </ns3:TrackPointExtension>
        </extensions>
      </trkpt>
      <trkpt lat="35.9664393961429595947265625" lon="-81.1141271889209747314453125">
        <ele>395.399993896484375</ele>
        <time>2026-02-15T15:49:15.000Z</time>
        <extensions>
          <ns3:TrackPointExtension>
            <ns3:hr>144</ns3:hr>
            <ns3:cad>0</ns3:cad>
          </ns3:TrackPointExtension>
        </extensions>
      </trkpt>
      <trkpt lat="35.96643009223043918609619140625" lon="-81.114102043211460113525390625">
        <ele>394.600006103515625</ele>
        <time>2026-02-15T15:49:17.000Z</time>
        <extensions>
          <ns3:TrackPointExtension>
            <ns3:hr>144</ns3:hr>
            <ns3:cad>0</ns3:cad>
          </ns3:TrackPointExtension>
        </extensions>
      </trkpt>
      <trkpt lat="35.96642958931624889373779296875" lon="-81.11408972181379795074462890625">
        <ele>394.399993896484375</ele>
        <time>2026-02-15T15:49:18.000Z</time>
        <extensions>
          <ns3:TrackPointExtension>
            <ns3:hr>144</ns3:hr>
            <ns3:cad>0</ns3:cad>
          </ns3:TrackPointExtension>
        </extensions>
      </trkpt>
      <trkpt lat="35.96641818992793560028076171875" lon="-81.11406214535236358642578125">
        <ele>393.79998779296875</ele>
        <time>2026-02-15T15:49:20.000Z</time>
        <extensions>
          <ns3:TrackPointExtension>
            <ns3:hr>144</ns3:hr>
            <ns3:cad>0</ns3:cad>
          </ns3:TrackPointExtension>
        </extensions>
      </trkpt>
      <trkpt lat="35.96638952381908893585205078125" lon="-81.11406105570495128631591796875">
        <ele>393.20001220703125</ele>
        <time>2026-02-15T15:49:22.000Z</time>
        <extensions>
          <ns3:TrackPointExtension>
            <ns3:hr>144</ns3:hr>
            <ns3:cad>101</ns3:cad>
          </ns3:TrackPointExtension>
        </extensions>
      </trkpt>
      <trkpt lat="35.96635557711124420166015625" lon="-81.11407932825386524200439453125">
        <ele>392.20001220703125</ele>
        <time>2026-02-15T15:49:24.000Z</time>
        <extensions>
          <ns3:TrackPointExtension>
            <ns3:hr>144</ns3:hr>
            <ns3:cad>101</ns3:cad>
          </ns3:TrackPointExtension>
        </extensions>
      </trkpt>
      <trkpt lat="35.96633453853428363800048828125" lon="-81.114096678793430328369140625">
        <ele>391.79998779296875</ele>
        <time>2026-02-15T15:49:25.000Z</time>
        <extensions>
          <ns3:TrackPointExtension>
            <ns3:hr>143</ns3:hr>
            <ns3:cad>101</ns3:cad>
          </ns3:TrackPointExtension>
        </extensions>
      </trkpt>
      <trkpt lat="35.966306626796722412109375" lon="-81.11413666047155857086181640625">
        <ele>390.600006103515625</ele>
        <time>2026-02-15T15:49:27.000Z</time>
        <extensions>
          <ns3:TrackPointExtension>
            <ns3:hr>144</ns3:hr>
            <ns3:cad>0</ns3:cad>
          </ns3:TrackPointExtension>
        </extensions>
      </trkpt>
      <trkpt lat="35.96628558821976184844970703125" lon="-81.1141699366271495819091796875">
        <ele>389.79998779296875</ele>
        <time>2026-02-15T15:49:29.000Z</time>
        <extensions>
          <ns3:TrackPointExtension>
            <ns3:hr>146</ns3:hr>
            <ns3:cad>0</ns3:cad>
          </ns3:TrackPointExtension>
        </extensions>
      </trkpt>
      <trkpt lat="35.9662759490311145782470703125" lon="-81.1141833476722240447998046875">
        <ele>389.600006103515625</ele>
        <time>2026-02-15T15:49:30.000Z</time>
        <extensions>
          <ns3:TrackPointExtension>
            <ns3:hr>146</ns3:hr>
            <ns3:cad>0</ns3:cad>
          </ns3:TrackPointExtension>
        </extensions>
      </trkpt>
      <trkpt lat="35.966214425861835479736328125" lon="-81.11428082920610904693603515625">
        <ele>388.399993896484375</ele>
        <time>2026-02-15T15:49:34.000Z</time>
        <extensions>
          <ns3:TrackPointExtension>
            <ns3:hr>146</ns3:hr>
            <ns3:cad>75</ns3:cad>
          </ns3:TrackPointExtension>
        </extensions>
      </trkpt>
      <trkpt lat="35.966199673712253570556640625" lon="-81.11431083641946315765380859375">
        <ele>388.20001220703125</ele>
        <time>2026-02-15T15:49:35.000Z</time>
        <extensions>
          <ns3:TrackPointExtension>
            <ns3:hr>146</ns3:hr>
            <ns3:cad>75</ns3:cad>
          </ns3:TrackPointExtension>
        </extensions>
      </trkpt>
      <trkpt lat="35.9660640545189380645751953125" lon="-81.11447780393064022064208984375">
        <ele>387.399993896484375</ele>
        <time>2026-02-15T15:49:42.000Z</time>
        <extensions>
          <ns3:TrackPointExtension>
            <ns3:hr>148</ns3:hr>
            <ns3:cad>74</ns3:cad>
          </ns3:TrackPointExtension>
        </extensions>
      </trkpt>
      <trkpt lat="35.96604578197002410888671875" lon="-81.11449909396469593048095703125">
        <ele>387</ele>
        <time>2026-02-15T15:49:43.000Z</time>
        <extensions>
          <ns3:TrackPointExtension>
            <ns3:hr>149</ns3:hr>
            <ns3:cad>74</ns3:cad>
          </ns3:TrackPointExtension>
        </extensions>
      </trkpt>
      <trkpt lat="35.96598736010491847991943359375" lon="-81.11455055885016918182373046875">
        <ele>386</ele>
        <time>2026-02-15T15:49:46.000Z</time>
        <extensions>
          <ns3:TrackPointExtension>
            <ns3:hr>150</ns3:hr>
            <ns3:cad>73</ns3:cad>
          </ns3:TrackPointExtension>
        </extensions>
      </trkpt>
      <trkpt lat="35.96596129238605499267578125" lon="-81.1145487986505031585693359375">
        <ele>385.20001220703125</ele>
        <time>2026-02-15T15:49:49.000Z</time>
        <extensions>
          <ns3:TrackPointExtension>
            <ns3:hr>152</ns3:hr>
            <ns3:cad>0</ns3:cad>
          </ns3:TrackPointExtension>
        </extensions>
      </trkpt>
      <trkpt lat="35.965955257415771484375" lon="-81.114542596042156219482421875">
        <ele>385</ele>
        <time>2026-02-15T15:49:50.000Z</time>
        <extensions>
          <ns3:TrackPointExtension>
            <ns3:hr>152</ns3:hr>
            <ns3:cad>0</ns3:cad>
          </ns3:TrackPointExtension>
        </extensions>
      </trkpt>
      <trkpt lat="35.96593338064849376678466796875" lon="-81.11452256329357624053955078125">
        <ele>383.399993896484375</ele>
        <time>2026-02-15T15:49:54.000Z</time>
        <extensions>
          <ns3:TrackPointExtension>
            <ns3:hr>150</ns3:hr>
            <ns3:cad>0</ns3:cad>
          </ns3:TrackPointExtension>
        </extensions>
      </trkpt>
      <trkpt lat="35.965941846370697021484375" lon="-81.11450647003948688507080078125">
        <ele>383</ele>
        <time>2026-02-15T15:49:55.000Z</time>
        <extensions>
          <ns3:TrackPointExtension>
            <ns3:hr>149</ns3:hr>
            <ns3:cad>0</ns3:cad>
          </ns3:TrackPointExtension>
        </extensions>
      </trkpt>
      <trkpt lat="35.9659510664641857147216796875" lon="-81.11448802985250949859619140625">
        <ele>382.399993896484375</ele>
        <time>2026-02-15T15:49:56.000Z</time>
        <extensions>
          <ns3:TrackPointExtension>
            <ns3:hr>149</ns3:hr>
            <ns3:cad>0</ns3:cad>
          </ns3:TrackPointExtension>
        </extensions>
      </trkpt>
      <trkpt lat="35.96597562544047832489013671875" lon="-81.11441393382847309112548828125">
        <ele>381</ele>
        <time>2026-02-15T15:49:59.000Z</time>
        <extensions>
          <ns3:TrackPointExtension>
            <ns3:hr>148</ns3:hr>
            <ns3:cad>0</ns3:cad>
          </ns3:TrackPointExtension>
        </extensions>
      </trkpt>
      <trkpt lat="35.9659825824201107025146484375" lon="-81.114398427307605743408203125">
        <ele>380.79998779296875</ele>
        <time>2026-02-15T15:50:00.000Z</time>
        <extensions>
          <ns3:TrackPointExtension>
            <ns3:hr>148</ns3:hr>
            <ns3:cad>0</ns3:cad>
          </ns3:TrackPointExtension>
        </extensions>
      </trkpt>
      <trkpt lat="35.96602809615433216094970703125" lon="-81.11431217752397060394287109375">
        <ele>381</ele>
        <time>2026-02-15T15:50:05.000Z</time>
        <extensions>
          <ns3:TrackPointExtension>
            <ns3:hr>147</ns3:hr>
            <ns3:cad>66</ns3:cad>
          </ns3:TrackPointExtension>
        </extensions>
      </trkpt>
      <trkpt lat="35.96604838036000728607177734375" lon="-81.114183850586414337158203125">
        <ele>380.600006103515625</ele>
        <time>2026-02-15T15:50:10.000Z</time>
        <extensions>
          <ns3:TrackPointExtension>
            <ns3:hr>148</ns3:hr>
            <ns3:cad>71</ns3:cad>
          </ns3:TrackPointExtension>
        </extensions>
      </trkpt>
      <trkpt lat="35.96602566540241241455078125" lon="-81.1141702719032764434814453125">
        <ele>379.79998779296875</ele>
        <time>2026-02-15T15:50:12.000Z</time>
        <extensions>
          <ns3:TrackPointExtension>
            <ns3:hr>149</ns3:hr>
            <ns3:cad>71</ns3:cad>
          </ns3:TrackPointExtension>
        </extensions>
      </trkpt>
      <trkpt lat="35.96600764431059360504150390625" lon="-81.1141843535006046295166015625">
        <ele>379.399993896484375</ele>
        <time>2026-02-15T15:50:13.000Z</time>
        <extensions>
          <ns3:TrackPointExtension>
            <ns3:hr>149</ns3:hr>
            <ns3:cad>71</ns3:cad>
          </ns3:TrackPointExtension>
        </extensions>
      </trkpt>
      <trkpt lat="35.96596992574632167816162109375" lon="-81.114221401512622833251953125">
        <ele>378.399993896484375</ele>
        <time>2026-02-15T15:50:15.000Z</time>
        <extensions>
          <ns3:TrackPointExtension>
            <ns3:hr>150</ns3:hr>
            <ns3:cad>71</ns3:cad>
          </ns3:TrackPointExtension>
        </extensions>
      </trkpt>
      <trkpt lat="35.9659383259713649749755859375" lon="-81.114260293543338775634765625">
        <ele>377.600006103515625</ele>
        <time>2026-02-15T15:50:18.000Z</time>
        <extensions>
          <ns3:TrackPointExtension>
            <ns3:hr>149</ns3:hr>
            <ns3:cad>78</ns3:cad>
          </ns3:TrackPointExtension>
        </extensions>
      </trkpt>
      <trkpt lat="35.965921394526958465576171875" lon="-81.11425534822046756744384765625">
        <ele>377.399993896484375</ele>
        <time>2026-02-15T15:50:19.000Z</time>
        <extensions>
          <ns3:TrackPointExtension>
            <ns3:hr>149</ns3:hr>
            <ns3:cad>78</ns3:cad>
          </ns3:TrackPointExtension>
        </extensions>
      </trkpt>
      <trkpt lat="35.96588543616235256195068359375" lon="-81.11424109898507595062255859375">
        <ele>376</ele>
        <time>2026-02-15T15:50:22.000Z</time>
        <extensions>
          <ns3:TrackPointExtension>
            <ns3:hr>149</ns3:hr>
            <ns3:cad>80</ns3:cad>
          </ns3:TrackPointExtension>
        </extensions>
      </trkpt>
      <trkpt lat="35.9658605419099330902099609375" lon="-81.11424964852631092071533203125">
        <ele>375</ele>
        <time>2026-02-15T15:50:24.000Z</time>
        <extensions>
          <ns3:TrackPointExtension>
            <ns3:hr>150</ns3:hr>
            <ns3:cad>80</ns3:cad>
          </ns3:TrackPointExtension>
        </extensions>
      </trkpt>
      <trkpt lat="35.9658223204314708709716796875" lon="-81.114251911640167236328125">
        <ele>373.79998779296875</ele>
        <time>2026-02-15T15:50:26.000Z</time>
        <extensions>
          <ns3:TrackPointExtension>
            <ns3:hr>150</ns3:hr>
            <ns3:cad>80</ns3:cad>
          </ns3:TrackPointExtension>
        </extensions>
      </trkpt>
      <trkpt lat="35.9658157825469970703125" lon="-81.11422651447355747222900390625">
        <ele>372.79998779296875</ele>
        <time>2026-02-15T15:50:28.000Z</time>
        <extensions>
          <ns3:TrackPointExtension>
            <ns3:hr>150</ns3:hr>
            <ns3:cad>80</ns3:cad>
          </ns3:TrackPointExtension>
        </extensions>
      </trkpt>
      <trkpt lat="35.9658075682818889617919921875" lon="-81.1142108403146266937255859375">
        <ele>372.399993896484375</ele>
        <time>2026-02-15T15:50:29.000Z</time>
        <extensions>
          <ns3:TrackPointExtension>
            <ns3:hr>149</ns3:hr>
            <ns3:cad>80</ns3:cad>
          </ns3:TrackPointExtension>
        </extensions>
      </trkpt>
      <trkpt lat="35.96577395685017108917236328125" lon="-81.1141773127019405364990234375">
        <ele>371.600006103515625</ele>
        <time>2026-02-15T15:50:32.000Z</time>
        <extensions>
          <ns3:TrackPointExtension>
            <ns3:hr>148</ns3:hr>
            <ns3:cad>80</ns3:cad>
          </ns3:TrackPointExtension>
        </extensions>
      </trkpt>
      <trkpt lat="35.96576088108122348785400390625" lon="-81.11417035572230815887451171875">
        <ele>371</ele>
        <time>2026-02-15T15:50:33.000Z</time>
        <extensions>
          <ns3:TrackPointExtension>
            <ns3:hr>148</ns3:hr>
            <ns3:cad>80</ns3:cad>
          </ns3:TrackPointExtension>
        </extensions>
      </trkpt>
      <trkpt lat="35.9657514095306396484375" lon="-81.11417219974100589752197265625">
        <ele>370.399993896484375</ele>
        <time>2026-02-15T15:50:34.000Z</time>
        <extensions>
          <ns3:TrackPointExtension>
            <ns3:hr>148</ns3:hr>
            <ns3:cad>0</ns3:cad>
          </ns3:TrackPointExtension>
        </extensions>
      </trkpt>
      <trkpt lat="35.96573866903781890869140625" lon="-81.1141754686832427978515625">
        <ele>369.600006103515625</ele>
        <time>2026-02-15T15:50:35.000Z</time>
        <extensions>
          <ns3:TrackPointExtension>
            <ns3:hr>148</ns3:hr>
            <ns3:cad>0</ns3:cad>
          </ns3:TrackPointExtension>
        </extensions>
      </trkpt>
      <trkpt lat="35.96572123467922210693359375" lon="-81.1141808331012725830078125">
        <ele>369</ele>
        <time>2026-02-15T15:50:36.000Z</time>
        <extensions>
          <ns3:TrackPointExtension>
            <ns3:hr>148</ns3:hr>
            <ns3:cad>0</ns3:cad>
          </ns3:TrackPointExtension>
        </extensions>
      </trkpt>
      <trkpt lat="35.965696088969707489013671875" lon="-81.11418711952865123748779296875">
        <ele>367.79998779296875</ele>
        <time>2026-02-15T15:50:38.000Z</time>
        <extensions>
          <ns3:TrackPointExtension>
            <ns3:hr>147</ns3:hr>
            <ns3:cad>0</ns3:cad>
          </ns3:TrackPointExtension>
        </extensions>
      </trkpt>
      <trkpt lat="35.96564118750393390655517578125" lon="-81.114184521138668060302734375">
        <ele>366.399993896484375</ele>
        <time>2026-02-15T15:50:42.000Z</time>
        <extensions>
          <ns3:TrackPointExtension>
            <ns3:hr>147</ns3:hr>
            <ns3:cad>0</ns3:cad>
          </ns3:TrackPointExtension>
        </extensions>
      </trkpt>
      <trkpt lat="35.96558335237205028533935546875" lon="-81.1141729541122913360595703125">
        <ele>364.79998779296875</ele>
        <time>2026-02-15T15:50:45.000Z</time>
        <extensions>
          <ns3:TrackPointExtension>
            <ns3:hr>145</ns3:hr>
            <ns3:cad>0</ns3:cad>
          </ns3:TrackPointExtension>
        </extensions>
      </trkpt>
      <trkpt lat="35.965545214712619781494140625" lon="-81.1141578666865825653076171875">
        <ele>363.79998779296875</ele>
        <time>2026-02-15T15:50:47.000Z</time>
        <extensions>
          <ns3:TrackPointExtension>
            <ns3:hr>145</ns3:hr>
            <ns3:cad>0</ns3:cad>
          </ns3:TrackPointExtension>
        </extensions>
      </trkpt>
      <trkpt lat="35.965509004890918731689453125" lon="-81.11416943371295928955078125">
        <ele>362.79998779296875</ele>
        <time>2026-02-15T15:50:49.000Z</time>
        <extensions>
          <ns3:TrackPointExtension>
            <ns3:hr>145</ns3:hr>
            <ns3:cad>0</ns3:cad>
          </ns3:TrackPointExtension>
        </extensions>
      </trkpt>
      <trkpt lat="35.96549249254167079925537109375" lon="-81.11418418586254119873046875">
        <ele>362.399993896484375</ele>
        <time>2026-02-15T15:50:50.000Z</time>
        <extensions>
          <ns3:TrackPointExtension>
            <ns3:hr>144</ns3:hr>
            <ns3:cad>0</ns3:cad>
          </ns3:TrackPointExtension>
        </extensions>
      </trkpt>
      <trkpt lat="35.965468771755695343017578125" lon="-81.11420136876404285430908203125">
        <ele>362</ele>
        <time>2026-02-15T15:50:51.000Z</time>
        <extensions>
          <ns3:TrackPointExtension>
            <ns3:hr>144</ns3:hr>
            <ns3:cad>0</ns3:cad>
          </ns3:TrackPointExtension>
        </extensions>
      </trkpt>
      <trkpt lat="35.9653294645249843597412109375" lon="-81.114242188632488250732421875">
        <ele>361.399993896484375</ele>
        <time>2026-02-15T15:50:56.000Z</time>
        <extensions>
          <ns3:TrackPointExtension>
            <ns3:hr>145</ns3:hr>
            <ns3:cad>0</ns3:cad>
          </ns3:TrackPointExtension>
        </extensions>
      </trkpt>
      <trkpt lat="35.96529954113066196441650390625" lon="-81.11424311064183712005615234375">
        <ele>361.20001220703125</ele>
        <time>2026-02-15T15:50:57.000Z</time>
        <extensions>
          <ns3:TrackPointExtension>
            <ns3:hr>145</ns3:hr>
            <ns3:cad>0</ns3:cad>
          </ns3:TrackPointExtension>
        </extensions>
      </trkpt>
      <trkpt lat="35.9652114473283290863037109375" lon="-81.11422215588390827178955078125">
        <ele>360</ele>
        <time>2026-02-15T15:51:00.000Z</time>
        <extensions>
          <ns3:TrackPointExtension>
            <ns3:hr>145</ns3:hr>
            <ns3:cad>0</ns3:cad>
          </ns3:TrackPointExtension>
        </extensions>
      </trkpt>
      <trkpt lat="35.965159647166728973388671875" lon="-81.11419818364083766937255859375">
        <ele>358.600006103515625</ele>
        <time>2026-02-15T15:51:02.000Z</time>
        <extensions>
          <ns3:TrackPointExtension>
            <ns3:hr>144</ns3:hr>
            <ns3:cad>0</ns3:cad>
          </ns3:TrackPointExtension>
        </extensions>
      </trkpt>
      <trkpt lat="35.96509435214102268218994140625" lon="-81.1141803301870822906494140625">
        <ele>357</ele>
        <time>2026-02-15T15:51:04.000Z</time>
        <extensions>
          <ns3:TrackPointExtension>
            <ns3:hr>145</ns3:hr>
            <ns3:cad>0</ns3:cad>
          </ns3:TrackPointExtension>
        </extensions>
      </trkpt>
      <trkpt lat="35.9650339186191558837890625" lon="-81.1141739599406719207763671875">
        <ele>356</ele>
        <time>2026-02-15T15:51:06.000Z</time>
        <extensions>
          <ns3:TrackPointExtension>
            <ns3:hr>144</ns3:hr>
            <ns3:cad>72</ns3:cad>
          </ns3:TrackPointExtension>
        </extensions>
      </trkpt>
      <trkpt lat="35.96500583924353122711181640625" lon="-81.11417085863649845123291015625">
        <ele>355.600006103515625</ele>
        <time>2026-02-15T15:51:07.000Z</time>
        <extensions>
          <ns3:TrackPointExtension>
            <ns3:hr>144</ns3:hr>
            <ns3:cad>72</ns3:cad>
          </ns3:TrackPointExtension>
        </extensions>
      </trkpt>
      <trkpt lat="35.9649499319493770599365234375" lon="-81.11415334045886993408203125">
        <ele>354.79998779296875</ele>
        <time>2026-02-15T15:51:09.000Z</time>
        <extensions>
          <ns3:TrackPointExtension>
            <ns3:hr>143</ns3:hr>
            <ns3:cad>72</ns3:cad>
          </ns3:TrackPointExtension>
        </extensions>
      </trkpt>
      <trkpt lat="35.96481875516474246978759765625" lon="-81.11413364298641681671142578125">
        <ele>353.79998779296875</ele>
        <time>2026-02-15T15:51:13.000Z</time>
        <extensions>
          <ns3:TrackPointExtension>
            <ns3:hr>143</ns3:hr>
            <ns3:cad>72</ns3:cad>
          </ns3:TrackPointExtension>
        </extensions>
      </trkpt>
      <trkpt lat="35.96462395973503589630126953125" lon="-81.11410665325820446014404296875">
        <ele>353.20001220703125</ele>
        <time>2026-02-15T15:51:20.000Z</time>
        <extensions>
          <ns3:TrackPointExtension>
            <ns3:hr>146</ns3:hr>
            <ns3:cad>75</ns3:cad>
          </ns3:TrackPointExtension>
        </extensions>
      </trkpt>
      <trkpt lat="35.96459495835006237030029296875" lon="-81.114098019897937774658203125">
        <ele>353</ele>
        <time>2026-02-15T15:51:21.000Z</time>
        <extensions>
          <ns3:TrackPointExtension>
            <ns3:hr>147</ns3:hr>
            <ns3:cad>77</ns3:cad>
          </ns3:TrackPointExtension>
        </extensions>
      </trkpt>
      <trkpt lat="35.9645422361791133880615234375" lon="-81.114085614681243896484375">
        <ele>352.600006103515625</ele>
        <time>2026-02-15T15:51:23.000Z</time>
        <extensions>
          <ns3:TrackPointExtension>
            <ns3:hr>148</ns3:hr>
            <ns3:cad>76</ns3:cad>
          </ns3:TrackPointExtension>
        </extensions>
      </trkpt>
      <trkpt lat="35.96448062919080257415771484375" lon="-81.1141065694391727447509765625">
        <ele>352</ele>
        <time>2026-02-15T15:51:26.000Z</time>
        <extensions>
          <ns3:TrackPointExtension>
            <ns3:hr>151</ns3:hr>
            <ns3:cad>75</ns3:cad>
          </ns3:TrackPointExtension>
        </extensions>
      </trkpt>
      <trkpt lat="35.96446721814572811126708984375" lon="-81.11412383615970611572265625">
        <ele>352</ele>
        <time>2026-02-15T15:51:27.000Z</time>
        <extensions>
          <ns3:TrackPointExtension>
            <ns3:hr>152</ns3:hr>
            <ns3:cad>74</ns3:cad>
          </ns3:TrackPointExtension>
        </extensions>
      </trkpt>
      <trkpt lat="35.96439597196877002716064453125" lon="-81.11425300128757953643798828125">
        <ele>353.20001220703125</ele>
        <time>2026-02-15T15:51:33.000Z</time>
        <extensions>
          <ns3:TrackPointExtension>
            <ns3:hr>153</ns3:hr>
            <ns3:cad>76</ns3:cad>
          </ns3:TrackPointExtension>
        </extensions>
      </trkpt>
      <trkpt lat="35.96437317319214344024658203125" lon="-81.11425316892564296722412109375">
        <ele>353.600006103515625</ele>
        <time>2026-02-15T15:51:35.000Z</time>
        <extensions>
          <ns3:TrackPointExtension>
            <ns3:hr>154</ns3:hr>
            <ns3:cad>75</ns3:cad>
          </ns3:TrackPointExtension>
        </extensions>
      </trkpt>
      <trkpt lat="35.96435372717678546905517578125" lon="-81.11418820917606353759765625">
        <ele>354.20001220703125</ele>
        <time>2026-02-15T15:51:38.000Z</time>
        <extensions>
          <ns3:TrackPointExtension>
            <ns3:hr>155</ns3:hr>
            <ns3:cad>75</ns3:cad>
          </ns3:TrackPointExtension>
        </extensions>
      </trkpt>
      <trkpt lat="35.96435196697711944580078125" lon="-81.11416339874267578125">
        <ele>354.600006103515625</ele>
        <time>2026-02-15T15:51:40.000Z</time>
        <extensions>
          <ns3:TrackPointExtension>
            <ns3:hr>156</ns3:hr>
            <ns3:cad>71</ns3:cad>
          </ns3:TrackPointExtension>
        </extensions>
      </trkpt>
      <trkpt lat="35.9643172658979892730712890625" lon="-81.11407689750194549560546875">
        <ele>354.79998779296875</ele>
        <time>2026-02-15T15:51:46.000Z</time>
        <extensions>
          <ns3:TrackPointExtension>
            <ns3:hr>157</ns3:hr>
            <ns3:cad>0</ns3:cad>
          </ns3:TrackPointExtension>
        </extensions>
      </trkpt>
      <trkpt lat="35.96424979157745838165283203125" lon="-81.11402953974902629852294921875">
        <ele>355</ele>
        <time>2026-02-15T15:51:50.000Z</time>
        <extensions>
          <ns3:TrackPointExtension>
            <ns3:hr>160</ns3:hr>
            <ns3:cad>79</ns3:cad>
          </ns3:TrackPointExtension>
        </extensions>
      </trkpt>
      <trkpt lat="35.96422397531569004058837890625" lon="-81.1140145361423492431640625">
        <ele>355</ele>
        <time>2026-02-15T15:51:51.000Z</time>
        <extensions>
          <ns3:TrackPointExtension>
            <ns3:hr>161</ns3:hr>
            <ns3:cad>79</ns3:cad>
          </ns3:TrackPointExtension>
        </extensions>
      </trkpt>
      <trkpt lat="35.96417636610567569732666015625" lon="-81.11400607042014598846435546875">
        <ele>355.20001220703125</ele>
        <time>2026-02-15T15:51:53.000Z</time>
        <extensions>
          <ns3:TrackPointExtension>
            <ns3:hr>164</ns3:hr>
            <ns3:cad>79</ns3:cad>
          </ns3:TrackPointExtension>
        </extensions>
      </trkpt>
      <trkpt lat="35.964188687503337860107421875" lon="-81.1140311323106288909912109375">
        <ele>355.399993896484375</ele>
        <time>2026-02-15T15:51:55.000Z</time>
        <extensions>
          <ns3:TrackPointExtension>
            <ns3:hr>168</ns3:hr>
            <ns3:cad>77</ns3:cad>
          </ns3:TrackPointExtension>
        </extensions>
      </trkpt>
      <trkpt lat="35.9642254002392292022705078125" lon="-81.1140914820134639739990234375">
        <ele>355.79998779296875</ele>
        <time>2026-02-15T15:51:58.000Z</time>
        <extensions>
          <ns3:TrackPointExtension>
            <ns3:hr>170</ns3:hr>
            <ns3:cad>75</ns3:cad>
          </ns3:TrackPointExtension>
        </extensions>
      </trkpt>
      <trkpt lat="35.9642408229410648345947265625" lon="-81.1141434498131275177001953125">
        <ele>356.399993896484375</ele>
        <time>2026-02-15T15:52:00.000Z</time>
        <extensions>
          <ns3:TrackPointExtension>
            <ns3:hr>171</ns3:hr>
            <ns3:cad>76</ns3:cad>
          </ns3:TrackPointExtension>
        </extensions>
      </trkpt>
      <trkpt lat="35.96424710936844348907470703125" lon="-81.114217378199100494384765625">
        <ele>357</ele>
        <time>2026-02-15T15:52:03.000Z</time>
        <extensions>
          <ns3:TrackPointExtension>
            <ns3:hr>173</ns3:hr>
            <ns3:cad>79</ns3:cad>
          </ns3:TrackPointExtension>
        </extensions>
      </trkpt>
      <trkpt lat="35.96421919763088226318359375" lon="-81.11426222138106822967529296875">
        <ele>357.20001220703125</ele>
        <time>2026-02-15T15:52:05.000Z</time>
        <extensions>
          <ns3:TrackPointExtension>
            <ns3:hr>173</ns3:hr>
            <ns3:cad>78</ns3:cad>
          </ns3:TrackPointExtension>
        </extensions>
      </trkpt>
      <trkpt lat="35.964198745787143707275390625" lon="-81.11427529715001583099365234375">
        <ele>357.399993896484375</ele>
        <time>2026-02-15T15:52:06.000Z</time>
        <extensions>
          <ns3:TrackPointExtension>
            <ns3:hr>174</ns3:hr>
            <ns3:cad>78</ns3:cad>
          </ns3:TrackPointExtension>
        </extensions>
      </trkpt>
      <trkpt lat="35.96413529478013515472412109375" lon="-81.11431720666587352752685546875">
        <ele>358</ele>
        <time>2026-02-15T15:52:09.000Z</time>
        <extensions>
          <ns3:TrackPointExtension>
            <ns3:hr>175</ns3:hr>
            <ns3:cad>78</ns3:cad>
          </ns3:TrackPointExtension>
        </extensions>
      </trkpt>
      <trkpt lat="35.96404007636010646820068359375" lon="-81.11440571956336498260498046875">
        <ele>358.399993896484375</ele>
        <time>2026-02-15T15:52:14.000Z</time>
        <extensions>
          <ns3:TrackPointExtension>
            <ns3:hr>177</ns3:hr>
            <ns3:cad>78</ns3:cad>
          </ns3:TrackPointExtension>
        </extensions>
      </trkpt>
      <trkpt lat="35.96391619183123111724853515625" lon="-81.11456396989524364471435546875">
        <ele>358.79998779296875</ele>
        <time>2026-02-15T15:52:21.000Z</time>
        <extensions>
          <ns3:TrackPointExtension>
            <ns3:hr>179</ns3:hr>
            <ns3:cad>80</ns3:cad>
          </ns3:TrackPointExtension>
        </extensions>
      </trkpt>
      <trkpt lat="35.96386514604091644287109375" lon="-81.114685423672199249267578125">
        <ele>358.20001220703125</ele>
        <time>2026-02-15T15:52:25.000Z</time>
        <extensions>
          <ns3:TrackPointExtension>
            <ns3:hr>182</ns3:hr>
            <ns3:cad>79</ns3:cad>
          </ns3:TrackPointExtension>
        </extensions>
      </trkpt>
      <trkpt lat="35.96383974887430667877197265625" lon="-81.1147526465356349945068359375">
        <ele>358.399993896484375</ele>
        <time>2026-02-15T15:52:27.000Z</time>
        <extensions>
          <ns3:TrackPointExtension>
            <ns3:hr>182</ns3:hr>
            <ns3:cad>79</ns3:cad>
          </ns3:TrackPointExtension>
        </extensions>
      </trkpt>
      <trkpt lat="35.9638177044689655303955078125" lon="-81.11482347361743450164794921875">
        <ele>359</ele>
        <time>2026-02-15T15:52:30.000Z</time>
        <extensions>
          <ns3:TrackPointExtension>
            <ns3:hr>182</ns3:hr>
            <ns3:cad>80</ns3:cad>
          </ns3:TrackPointExtension>
        </extensions>
      </trkpt>
      <trkpt lat="35.9637845121324062347412109375" lon="-81.1149199493229389190673828125">
        <ele>359.20001220703125</ele>
        <time>2026-02-15T15:52:34.000Z</time>
        <extensions>
          <ns3:TrackPointExtension>
            <ns3:hr>183</ns3:hr>
            <ns3:cad>78</ns3:cad>
          </ns3:TrackPointExtension>
        </extensions>
      </trkpt>
      <trkpt lat="35.9637224860489368438720703125" lon="-81.11503771506249904632568359375">
        <ele>360</ele>
        <time>2026-02-15T15:52:40.000Z</time>
        <extensions>
          <ns3:TrackPointExtension>
            <ns3:hr>183</ns3:hr>
            <ns3:cad>80</ns3:cad>
          </ns3:TrackPointExtension>
        </extensions>
      </trkpt>
      <trkpt lat="35.96370681189000606536865234375" lon="-81.11504894681274890899658203125">
        <ele>360.20001220703125</ele>
        <time>2026-02-15T15:52:41.000Z</time>
        <extensions>
          <ns3:TrackPointExtension>
            <ns3:hr>183</ns3:hr>
            <ns3:cad>80</ns3:cad>
          </ns3:TrackPointExtension>
        </extensions>
      </trkpt>
      <trkpt lat="35.9636443667113780975341796875" lon="-81.115176938474178314208984375">
        <ele>360.20001220703125</ele>
        <time>2026-02-15T15:52:46.000Z</time>
        <extensions>
          <ns3:TrackPointExtension>
            <ns3:hr>183</ns3:hr>
            <ns3:cad>76</ns3:cad>
          </ns3:TrackPointExtension>
        </extensions>
      </trkpt>
      <trkpt lat="35.963608659803867340087890625" lon="-81.11537852324545383453369140625">
        <ele>360.600006103515625</ele>
        <time>2026-02-15T15:52:53.000Z</time>
        <extensions>
          <ns3:TrackPointExtension>
            <ns3:hr>183</ns3:hr>
            <ns3:cad>78</ns3:cad>
          </ns3:TrackPointExtension>
        </extensions>
      </trkpt>
      <trkpt lat="35.96359516493976116180419921875" lon="-81.11544826067984104156494140625">
        <ele>361.399993896484375</ele>
        <time>2026-02-15T15:52:56.000Z</time>
        <extensions>
          <ns3:TrackPointExtension>
            <ns3:hr>182</ns3:hr>
            <ns3:cad>78</ns3:cad>
          </ns3:TrackPointExtension>
        </extensions>
      </trkpt>
      <trkpt lat="35.96358208917081356048583984375" lon="-81.11556275747716426849365234375">
        <ele>362.20001220703125</ele>
        <time>2026-02-15T15:53:01.000Z</time>
        <extensions>
          <ns3:TrackPointExtension>
            <ns3:hr>183</ns3:hr>
            <ns3:cad>78</ns3:cad>
          </ns3:TrackPointExtension>
        </extensions>
      </trkpt>
      <trkpt lat="35.96358343027532100677490234375" lon="-81.11558957956731319427490234375">
        <ele>362.399993896484375</ele>
        <time>2026-02-15T15:53:02.000Z</time>
        <extensions>
          <ns3:TrackPointExtension>
            <ns3:hr>183</ns3:hr>
            <ns3:cad>79</ns3:cad>
          </ns3:TrackPointExtension>
        </extensions>
      </trkpt>
      <trkpt lat="35.963581502437591552734375" lon="-81.11570592038333415985107421875">
        <ele>363.600006103515625</ele>
        <time>2026-02-15T15:53:07.000Z</time>
        <extensions>
          <ns3:TrackPointExtension>
            <ns3:hr>183</ns3:hr>
            <ns3:cad>80</ns3:cad>
          </ns3:TrackPointExtension>
        </extensions>
      </trkpt>
      <trkpt lat="35.96357144415378570556640625" lon="-81.11574984155595302581787109375">
        <ele>363.79998779296875</ele>
        <time>2026-02-15T15:53:09.000Z</time>
        <extensions>
          <ns3:TrackPointExtension>
            <ns3:hr>182</ns3:hr>
            <ns3:cad>78</ns3:cad>
          </ns3:TrackPointExtension>
        </extensions>
      </trkpt>
      <trkpt lat="35.96347153186798095703125" lon="-81.1158526875078678131103515625">
        <ele>364</ele>
        <time>2026-02-15T15:53:15.000Z</time>
        <extensions>
          <ns3:TrackPointExtension>
            <ns3:hr>182</ns3:hr>
            <ns3:cad>76</ns3:cad>
          </ns3:TrackPointExtension>
        </extensions>
      </trkpt>
      <trkpt lat="35.96339416690170764923095703125" lon="-81.11590054817497730255126953125">
        <ele>364.600006103515625</ele>
        <time>2026-02-15T15:53:19.000Z</time>
        <extensions>
          <ns3:TrackPointExtension>
            <ns3:hr>182</ns3:hr>
            <ns3:cad>77</ns3:cad>
          </ns3:TrackPointExtension>
        </extensions>
      </trkpt>
      <trkpt lat="35.9633553586900234222412109375" lon="-81.115954779088497161865234375">
        <ele>365.600006103515625</ele>
        <time>2026-02-15T15:53:22.000Z</time>
        <extensions>
          <ns3:TrackPointExtension>
            <ns3:hr>182</ns3:hr>
            <ns3:cad>79</ns3:cad>
          </ns3:TrackPointExtension>
        </extensions>
      </trkpt>
      <trkpt lat="35.96332308836281299591064453125" lon="-81.11602485179901123046875">
        <ele>367</ele>
        <time>2026-02-15T15:53:26.000Z</time>
        <extensions>
          <ns3:TrackPointExtension>
            <ns3:hr>183</ns3:hr>
            <ns3:cad>75</ns3:cad>
          </ns3:TrackPointExtension>
        </extensions>
      </trkpt>
      <trkpt lat="35.96331621520221233367919921875" lon="-81.11607304774224758148193359375">
        <ele>367.399993896484375</ele>
        <time>2026-02-15T15:53:28.000Z</time>
        <extensions>
          <ns3:TrackPointExtension>
            <ns3:hr>183</ns3:hr>
            <ns3:cad>76</ns3:cad>
          </ns3:TrackPointExtension>
        </extensions>
      </trkpt>
      <trkpt lat="35.96324027515947818756103515625" lon="-81.1161909811198711395263671875">
        <ele>366.600006103515625</ele>
        <time>2026-02-15T15:53:34.000Z</time>
        <extensions>
          <ns3:TrackPointExtension>
            <ns3:hr>184</ns3:hr>
            <ns3:cad>75</ns3:cad>
          </ns3:TrackPointExtension>
        </extensions>
      </trkpt>
      <trkpt lat="35.96316919662058353424072265625" lon="-81.11625015735626220703125">
        <ele>365.79998779296875</ele>
        <time>2026-02-15T15:53:38.000Z</time>
        <extensions>
          <ns3:TrackPointExtension>
            <ns3:hr>183</ns3:hr>
            <ns3:cad>75</ns3:cad>
          </ns3:TrackPointExtension>
        </extensions>
      </trkpt>
      <trkpt lat="35.96316182054579257965087890625" lon="-81.11630405299365520477294921875">
        <ele>365.20001220703125</ele>
        <time>2026-02-15T15:53:40.000Z</time>
        <extensions>
          <ns3:TrackPointExtension>
            <ns3:hr>184</ns3:hr>
            <ns3:cad>76</ns3:cad>
          </ns3:TrackPointExtension>
        </extensions>
      </trkpt>
      <trkpt lat="35.96316617913544178009033203125" lon="-81.11633070744574069976806640625">
        <ele>364.600006103515625</ele>
        <time>2026-02-15T15:53:41.000Z</time>
        <extensions>
          <ns3:TrackPointExtension>
            <ns3:hr>183</ns3:hr>
            <ns3:cad>76</ns3:cad>
          </ns3:TrackPointExtension>
        </extensions>
      </trkpt>
      <trkpt lat="35.96319568343460559844970703125" lon="-81.11645207740366458892822265625">
        <ele>364.20001220703125</ele>
        <time>2026-02-15T15:53:45.000Z</time>
        <extensions>
          <ns3:TrackPointExtension>
            <ns3:hr>183</ns3:hr>
            <ns3:cad>78</ns3:cad>
          </ns3:TrackPointExtension>
        </extensions>
      </trkpt>
      <trkpt lat="35.963166765868663787841796875" lon="-81.11663413234055042266845703125">
        <ele>364.600006103515625</ele>
        <time>2026-02-15T15:53:52.000Z</time>
        <extensions>
          <ns3:TrackPointExtension>
            <ns3:hr>182</ns3:hr>
            <ns3:cad>76</ns3:cad>
          </ns3:TrackPointExtension>
        </extensions>
      </trkpt>
      <trkpt lat="35.9631595574319362640380859375" lon="-81.116809733211994171142578125">
        <ele>363.79998779296875</ele>
        <time>2026-02-15T15:53:58.000Z</time>
        <extensions>
          <ns3:TrackPointExtension>
            <ns3:hr>182</ns3:hr>
            <ns3:cad>74</ns3:cad>
          </ns3:TrackPointExtension>
        </extensions>
      </trkpt>
      <trkpt lat="35.963165424764156341552734375" lon="-81.11691945232450962066650390625">
        <ele>363.600006103515625</ele>
        <time>2026-02-15T15:54:02.000Z</time>
        <extensions>
          <ns3:TrackPointExtension>
            <ns3:hr>181</ns3:hr>
            <ns3:cad>75</ns3:cad>
          </ns3:TrackPointExtension>
        </extensions>
      </trkpt>
      <trkpt lat="35.96318478696048259735107421875" lon="-81.11698332242667675018310546875">
        <ele>363</ele>
        <time>2026-02-15T15:54:04.000Z</time>
        <extensions>
          <ns3:TrackPointExtension>
            <ns3:hr>181</ns3:hr>
            <ns3:cad>75</ns3:cad>
          </ns3:TrackPointExtension>
        </extensions>
      </trkpt>
      <trkpt lat="35.96319132484495639801025390625" lon="-81.11714727245271205902099609375">
        <ele>364</ele>
        <time>2026-02-15T15:54:10.000Z</time>
        <extensions>
          <ns3:TrackPointExtension>
            <ns3:hr>179</ns3:hr>
            <ns3:cad>75</ns3:cad>
          </ns3:TrackPointExtension>
        </extensions>
      </trkpt>
      <trkpt lat="35.96312913112342357635498046875" lon="-81.11730786971747875213623046875">
        <ele>364.20001220703125</ele>
        <time>2026-02-15T15:54:17.000Z</time>
        <extensions>
          <ns3:TrackPointExtension>
            <ns3:hr>178</ns3:hr>
            <ns3:cad>74</ns3:cad>
          </ns3:TrackPointExtension>
        </extensions>
      </trkpt>
      <trkpt lat="35.96311572007834911346435546875" lon="-81.11734190024435520172119140625">
        <ele>364.600006103515625</ele>
        <time>2026-02-15T15:54:19.000Z</time>
        <extensions>
          <ns3:TrackPointExtension>
            <ns3:hr>177</ns3:hr>
            <ns3:cad>76</ns3:cad>
          </ns3:TrackPointExtension>
        </extensions>
      </trkpt>
      <trkpt lat="35.96304279752075672149658203125" lon="-81.1173699796199798583984375">
        <ele>364.399993896484375</ele>
        <time>2026-02-15T15:54:23.000Z</time>
        <extensions>
          <ns3:TrackPointExtension>
            <ns3:hr>176</ns3:hr>
            <ns3:cad>76</ns3:cad>
          </ns3:TrackPointExtension>
        </extensions>
      </trkpt>
      <trkpt lat="35.9629825316369533538818359375" lon="-81.1173751763999462127685546875">
        <ele>363.600006103515625</ele>
        <time>2026-02-15T15:54:26.000Z</time>
        <extensions>
          <ns3:TrackPointExtension>
            <ns3:hr>176</ns3:hr>
            <ns3:cad>76</ns3:cad>
          </ns3:TrackPointExtension>
        </extensions>
      </trkpt>
      <trkpt lat="35.96292997710406780242919921875" lon="-81.117399148643016815185546875">
        <ele>362.600006103515625</ele>
        <time>2026-02-15T15:54:29.000Z</time>
        <extensions>
          <ns3:TrackPointExtension>
            <ns3:hr>176</ns3:hr>
            <ns3:cad>76</ns3:cad>
          </ns3:TrackPointExtension>
        </extensions>
      </trkpt>
      <trkpt lat="35.96292193047702312469482421875" lon="-81.1174211092293262481689453125">
        <ele>362.399993896484375</ele>
        <time>2026-02-15T15:54:30.000Z</time>
        <extensions>
          <ns3:TrackPointExtension>
            <ns3:hr>176</ns3:hr>
            <ns3:cad>75</ns3:cad>
          </ns3:TrackPointExtension>
        </extensions>
      </trkpt>
      <trkpt lat="35.9629191644489765167236328125" lon="-81.1174397170543670654296875">
        <ele>362.20001220703125</ele>
        <time>2026-02-15T15:54:31.000Z</time>
        <extensions>
          <ns3:TrackPointExtension>
            <ns3:hr>176</ns3:hr>
            <ns3:cad>75</ns3:cad>
          </ns3:TrackPointExtension>
        </extensions>
      </trkpt>
      <trkpt lat="35.96285403706133365631103515625" lon="-81.11754541285336017608642578125">
        <ele>361.20001220703125</ele>
        <time>2026-02-15T15:54:36.000Z</time>
        <extensions>
          <ns3:TrackPointExtension>
            <ns3:hr>175</ns3:hr>
            <ns3:cad>74</ns3:cad>
          </ns3:TrackPointExtension>
        </extensions>
      </trkpt>
      <trkpt lat="35.9628641791641712188720703125" lon="-81.11759469844400882720947265625">
        <ele>360.20001220703125</ele>
        <time>2026-02-15T15:54:39.000Z</time>
        <extensions>
          <ns3:TrackPointExtension>
            <ns3:hr>175</ns3:hr>
            <ns3:cad>76</ns3:cad>
          </ns3:TrackPointExtension>
        </extensions>
      </trkpt>
      <trkpt lat="35.96287800930440425872802734375" lon="-81.1176091991364955902099609375">
        <ele>360.20001220703125</ele>
        <time>2026-02-15T15:54:40.000Z</time>
        <extensions>
          <ns3:TrackPointExtension>
            <ns3:hr>175</ns3:hr>
            <ns3:cad>76</ns3:cad>
          </ns3:TrackPointExtension>
        </extensions>
      </trkpt>
      <trkpt lat="35.96287817694246768951416015625" lon="-81.11765035428106784820556640625">
        <ele>359.79998779296875</ele>
        <time>2026-02-15T15:54:42.000Z</time>
        <extensions>
          <ns3:TrackPointExtension>
            <ns3:hr>175</ns3:hr>
            <ns3:cad>77</ns3:cad>
          </ns3:TrackPointExtension>
        </extensions>
      </trkpt>
      <trkpt lat="35.96285018138587474822998046875" lon="-81.117692850530147552490234375">
        <ele>359</ele>
        <time>2026-02-15T15:54:44.000Z</time>
        <extensions>
          <ns3:TrackPointExtension>
            <ns3:hr>175</ns3:hr>
            <ns3:cad>76</ns3:cad>
          </ns3:TrackPointExtension>
        </extensions>
      </trkpt>
      <trkpt lat="35.96283643506467342376708984375" lon="-81.11771439202129840850830078125">
        <ele>358.600006103515625</ele>
        <time>2026-02-15T15:54:45.000Z</time>
        <extensions>
          <ns3:TrackPointExtension>
            <ns3:hr>174</ns3:hr>
            <ns3:cad>76</ns3:cad>
          </ns3:TrackPointExtension>
        </extensions>
      </trkpt>
      <trkpt lat="35.9628184139728546142578125" lon="-81.11774154938757419586181640625">
        <ele>357.79998779296875</ele>
        <time>2026-02-15T15:54:46.000Z</time>
        <extensions>
          <ns3:TrackPointExtension>
            <ns3:hr>174</ns3:hr>
            <ns3:cad>76</ns3:cad>
          </ns3:TrackPointExtension>
        </extensions>
      </trkpt>
      <trkpt lat="35.9627817012369632720947265625" lon="-81.11779586412012577056884765625">
        <ele>356.79998779296875</ele>
        <time>2026-02-15T15:54:48.000Z</time>
        <extensions>
          <ns3:TrackPointExtension>
            <ns3:hr>174</ns3:hr>
            <ns3:cad>76</ns3:cad>
          </ns3:TrackPointExtension>
        </extensions>
      </trkpt>
      <trkpt lat="35.9627485089004039764404296875" lon="-81.11785001121461391448974609375">
        <ele>355.600006103515625</ele>
        <time>2026-02-15T15:54:50.000Z</time>
        <extensions>
          <ns3:TrackPointExtension>
            <ns3:hr>173</ns3:hr>
            <ns3:cad>75</ns3:cad>
          </ns3:TrackPointExtension>
        </extensions>
      </trkpt>
      <trkpt lat="35.96273166127502918243408203125" lon="-81.11787465400993824005126953125">
        <ele>355.399993896484375</ele>
        <time>2026-02-15T15:54:51.000Z</time>
        <extensions>
          <ns3:TrackPointExtension>
            <ns3:hr>172</ns3:hr>
            <ns3:cad>75</ns3:cad>
          </ns3:TrackPointExtension>
        </extensions>
      </trkpt>
      <trkpt lat="35.96263694576919078826904296875" lon="-81.11807296983897686004638671875">
        <ele>354.600006103515625</ele>
        <time>2026-02-15T15:54:58.000Z</time>
        <extensions>
          <ns3:TrackPointExtension>
            <ns3:hr>171</ns3:hr>
            <ns3:cad>80</ns3:cad>
          </ns3:TrackPointExtension>
        </extensions>
      </trkpt>
      <trkpt lat="35.9626400470733642578125" lon="-81.118098534643650054931640625">
        <ele>354.399993896484375</ele>
        <time>2026-02-15T15:54:59.000Z</time>
        <extensions>
          <ns3:TrackPointExtension>
            <ns3:hr>170</ns3:hr>
            <ns3:cad>78</ns3:cad>
          </ns3:TrackPointExtension>
        </extensions>
      </trkpt>
      <trkpt lat="35.9626898355782032012939453125" lon="-81.11813566647469997406005859375">
        <ele>354</ele>
        <time>2026-02-15T15:55:02.000Z</time>
        <extensions>
          <ns3:TrackPointExtension>
            <ns3:hr>170</ns3:hr>
            <ns3:cad>77</ns3:cad>
          </ns3:TrackPointExtension>
        </extensions>
      </trkpt>
      <trkpt lat="35.962710119783878326416015625" lon="-81.1181362532079219818115234375">
        <ele>354</ele>
        <time>2026-02-15T15:55:03.000Z</time>
        <extensions>
          <ns3:TrackPointExtension>
            <ns3:hr>170</ns3:hr>
            <ns3:cad>78</ns3:cad>
          </ns3:TrackPointExtension>
        </extensions>
      </trkpt>
      <trkpt lat="35.96278823912143707275390625" lon="-81.1180604808032512664794921875">
        <ele>353.399993896484375</ele>
        <time>2026-02-15T15:55:07.000Z</time>
        <extensions>
          <ns3:TrackPointExtension>
            <ns3:hr>170</ns3:hr>
            <ns3:cad>79</ns3:cad>
          </ns3:TrackPointExtension>
        </extensions>
      </trkpt>
      <trkpt lat="35.9628259576857089996337890625" lon="-81.1180299706757068634033203125">
        <ele>353.20001220703125</ele>
        <time>2026-02-15T15:55:09.000Z</time>
        <extensions>
          <ns3:TrackPointExtension>
            <ns3:hr>170</ns3:hr>
            <ns3:cad>77</ns3:cad>
          </ns3:TrackPointExtension>
        </extensions>
      </trkpt>
      <trkpt lat="35.96287398599088191986083984375" lon="-81.11803583800792694091796875">
        <ele>353</ele>
        <time>2026-02-15T15:55:11.000Z</time>
        <extensions>
          <ns3:TrackPointExtension>
            <ns3:hr>170</ns3:hr>
            <ns3:cad>78</ns3:cad>
          </ns3:TrackPointExtension>
        </extensions>
      </trkpt>
      <trkpt lat="35.96292293630540370941162109375" lon="-81.11808386631309986114501953125">
        <ele>353</ele>
        <time>2026-02-15T15:55:13.000Z</time>
        <extensions>
          <ns3:TrackPointExtension>
            <ns3:hr>170</ns3:hr>
            <ns3:cad>78</ns3:cad>
          </ns3:TrackPointExtension>
        </extensions>
      </trkpt>
      <trkpt lat="35.9629439748823642730712890625" lon="-81.11823700368404388427734375">
        <ele>352.399993896484375</ele>
        <time>2026-02-15T15:55:18.000Z</time>
        <extensions>
          <ns3:TrackPointExtension>
            <ns3:hr>171</ns3:hr>
            <ns3:cad>79</ns3:cad>
          </ns3:TrackPointExtension>
        </extensions>
      </trkpt>
      <trkpt lat="35.96292947418987751007080078125" lon="-81.11844328232109546661376953125">
        <ele>352.20001220703125</ele>
        <time>2026-02-15T15:55:25.000Z</time>
        <extensions>
          <ns3:TrackPointExtension>
            <ns3:hr>172</ns3:hr>
            <ns3:cad>81</ns3:cad>
          </ns3:TrackPointExtension>
        </extensions>
      </trkpt>
      <trkpt lat="35.96295126713812351226806640625" lon="-81.1186172068119049072265625">
        <ele>352.20001220703125</ele>
        <time>2026-02-15T15:55:31.000Z</time>
        <extensions>
          <ns3:TrackPointExtension>
            <ns3:hr>172</ns3:hr>
            <ns3:cad>80</ns3:cad>
          </ns3:TrackPointExtension>
        </extensions>
      </trkpt>
      <trkpt lat="35.9629238583147525787353515625" lon="-81.11880957148969173431396484375">
        <ele>352.20001220703125</ele>
        <time>2026-02-15T15:55:38.000Z</time>
        <extensions>
          <ns3:TrackPointExtension>
            <ns3:hr>173</ns3:hr>
            <ns3:cad>82</ns3:cad>
          </ns3:TrackPointExtension>
        </extensions>
      </trkpt>
      <trkpt lat="35.962983705103397369384765625" lon="-81.11901073716580867767333984375">
        <ele>352.20001220703125</ele>
        <time>2026-02-15T15:55:45.000Z</time>
        <extensions>
          <ns3:TrackPointExtension>
            <ns3:hr>173</ns3:hr>
            <ns3:cad>82</ns3:cad>
          </ns3:TrackPointExtension>
        </extensions>
      </trkpt>
      <trkpt lat="35.9631089307367801666259765625" lon="-81.11912992782890796661376953125">
        <ele>351.600006103515625</ele>
        <time>2026-02-15T15:55:52.000Z</time>
        <extensions>
          <ns3:TrackPointExtension>
            <ns3:hr>174</ns3:hr>
            <ns3:cad>82</ns3:cad>
          </ns3:TrackPointExtension>
        </extensions>
      </trkpt>
    </trkseg>
  </trk>
</gpx>
