<?xml version="1.0" encoding="UTF-8"?>
<gpx creator="Garmin Connect" version="1.1"
  xsi:schemaLocation="http://www.topografix.com/GPX/1/1 http://www.topografix.com/GPX/11.xsd"
  xmlns:ns3="http://www.garmin.com/xmlschemas/TrackPointExtension/v1"
  xmlns="http://www.topografix.com/GPX/1/1"
  xmlns:xsi="http://www.w3.org/2001/XMLSchema-instance" xmlns:ns2="http://www.garmin.com/xmlschemas/GpxExtensions/v3">
  <metadata>
    <link href="connect.garmin.com">
      <text>Garmin Connect</text>
    </link>
    <time>2026-03-30T14:13:33.000Z</time>
  </metadata>
  <trk>
    <name>Alexander County Hiking</name>
    <type>hiking</type>
    <trkseg>
      <trkpt lat="35.9715961106121540069580078125" lon="-81.1097952537238597869873046875">
        <ele>546.4000244140625</ele>
        <time>2026-03-30T14:13:33.000Z</time>
        <extensions>
          <ns3:TrackPointExtension>
            <ns3:hr>101</ns3:hr>
            <ns3:cad>0</ns3:cad>
          </ns3:TrackPointExtension>
        </extensions>
      </trkpt>
      <trkpt lat="35.971600972115993499755859375" lon="-81.10979734919965267181396484375">
        <ele>546.4000244140625</ele>
        <time>2026-03-30T14:13:34.000Z</time>
        <extensions>
          <ns3:TrackPointExtension>
            <ns3:hr>102</ns3:hr>
            <ns3:cad>0</ns3:cad>
          </ns3:TrackPointExtension>
        </extensions>
      </trkpt>
      <trkpt lat="35.97160172648727893829345703125" lon="-81.10980187542736530303955078125">
        <ele>545.79998779296875</ele>
        <time>2026-03-30T14:13:48.000Z</time>
        <extensions>
          <ns3:TrackPointExtension>
            <ns3:hr>103</ns3:hr>
            <ns3:cad>0</ns3:cad>
          </ns3:TrackPointExtension>
        </extensions>
      </trkpt>
      <trkpt lat="35.97159326076507568359375" lon="-81.10981126315891742706298828125">
        <ele>545.79998779296875</ele>
        <time>2026-03-30T14:13:52.000Z</time>
        <extensions>
          <ns3:TrackPointExtension>
            <ns3:hr>107</ns3:hr>
            <ns3:cad>0</ns3:cad>
          </ns3:TrackPointExtension>
        </extensions>
      </trkpt>
      <trkpt lat="35.97161413170397281646728515625" lon="-81.1098120175302028656005859375">
        <ele>545.5999755859375</ele>
        <time>2026-03-30T14:13:57.000Z</time>
        <extensions>
          <ns3:TrackPointExtension>
            <ns3:hr>107</ns3:hr>
            <ns3:cad>0</ns3:cad>
          </ns3:TrackPointExtension>
        </extensions>
      </trkpt>
      <trkpt lat="35.9716375172138214111328125" lon="-81.10980589874088764190673828125">
        <ele>545.4000244140625</ele>
        <time>2026-03-30T14:14:00.000Z</time>
        <extensions>
          <ns3:TrackPointExtension>
            <ns3:hr>109</ns3:hr>
            <ns3:cad>0</ns3:cad>
          </ns3:TrackPointExtension>
        </extensions>
      </trkpt>
      <trkpt lat="35.97165654413402080535888671875" lon="-81.10981042496860027313232421875">
        <ele>545.20001220703125</ele>
        <time>2026-03-30T14:14:02.000Z</time>
        <extensions>
          <ns3:TrackPointExtension>
            <ns3:hr>112</ns3:hr>
            <ns3:cad>0</ns3:cad>
          </ns3:TrackPointExtension>
        </extensions>
      </trkpt>
      <trkpt lat="35.9716604836285114288330078125" lon="-81.10981528647243976593017578125">
        <ele>545.20001220703125</ele>
        <time>2026-03-30T14:14:03.000Z</time>
        <extensions>
          <ns3:TrackPointExtension>
            <ns3:hr>115</ns3:hr>
            <ns3:cad>0</ns3:cad>
          </ns3:TrackPointExtension>
        </extensions>
      </trkpt>
      <trkpt lat="35.97166123799979686737060546875" lon="-81.109826602041721343994140625">
        <ele>545</ele>
        <time>2026-03-30T14:14:04.000Z</time>
        <extensions>
          <ns3:TrackPointExtension>
            <ns3:hr>115</ns3:hr>
            <ns3:cad>0</ns3:cad>
          </ns3:TrackPointExtension>
        </extensions>
      </trkpt>
      <trkpt lat="35.9716849587857723236083984375" lon="-81.10989022068679332733154296875">
        <ele>544.4000244140625</ele>
        <time>2026-03-30T14:14:10.000Z</time>
        <extensions>
          <ns3:TrackPointExtension>
            <ns3:hr>116</ns3:hr>
            <ns3:cad>41</ns3:cad>
          </ns3:TrackPointExtension>
        </extensions>
      </trkpt>
      <trkpt lat="35.9716849587857723236083984375" lon="-81.10990731976926326751708984375">
        <ele>544.20001220703125</ele>
        <time>2026-03-30T14:14:12.000Z</time>
        <extensions>
          <ns3:TrackPointExtension>
            <ns3:hr>115</ns3:hr>
            <ns3:cad>72</ns3:cad>
          </ns3:TrackPointExtension>
        </extensions>
      </trkpt>
      <trkpt lat="35.9717174805700778961181640625" lon="-81.10997982323169708251953125">
        <ele>543.5999755859375</ele>
        <time>2026-03-30T14:14:20.000Z</time>
        <extensions>
          <ns3:TrackPointExtension>
            <ns3:hr>112</ns3:hr>
            <ns3:cad>76</ns3:cad>
          </ns3:TrackPointExtension>
        </extensions>
      </trkpt>
      <trkpt lat="35.971719659864902496337890625" lon="-81.110009662806987762451171875">
        <ele>543.4000244140625</ele>
        <time>2026-03-30T14:14:24.000Z</time>
        <extensions>
          <ns3:TrackPointExtension>
            <ns3:hr>115</ns3:hr>
            <ns3:cad>0</ns3:cad>
          </ns3:TrackPointExtension>
        </extensions>
      </trkpt>
      <trkpt lat="35.9717386029660701751708984375" lon="-81.1100239120423793792724609375">
        <ele>543.20001220703125</ele>
        <time>2026-03-30T14:14:27.000Z</time>
        <extensions>
          <ns3:TrackPointExtension>
            <ns3:hr>114</ns3:hr>
            <ns3:cad>54</ns3:cad>
          </ns3:TrackPointExtension>
        </extensions>
      </trkpt>
      <trkpt lat="35.97178478725254535675048828125" lon="-81.110055930912494659423828125">
        <ele>542.5999755859375</ele>
        <time>2026-03-30T14:14:33.000Z</time>
        <extensions>
          <ns3:TrackPointExtension>
            <ns3:hr>113</ns3:hr>
            <ns3:cad>65</ns3:cad>
          </ns3:TrackPointExtension>
        </extensions>
      </trkpt>
      <trkpt lat="35.97180205397307872772216796875" lon="-81.11006724648177623748779296875">
        <ele>542.20001220703125</ele>
        <time>2026-03-30T14:14:36.000Z</time>
        <extensions>
          <ns3:TrackPointExtension>
            <ns3:hr>113</ns3:hr>
            <ns3:cad>71</ns3:cad>
          </ns3:TrackPointExtension>
        </extensions>
      </trkpt>
      <trkpt lat="35.97180708311498165130615234375" lon="-81.11007965169847011566162109375">
        <ele>542.20001220703125</ele>
        <time>2026-03-30T14:14:39.000Z</time>
        <extensions>
          <ns3:TrackPointExtension>
            <ns3:hr>114</ns3:hr>
            <ns3:cad>75</ns3:cad>
          </ns3:TrackPointExtension>
        </extensions>
      </trkpt>
      <trkpt lat="35.9718432091176509857177734375" lon="-81.11011795699596405029296875">
        <ele>541.4000244140625</ele>
        <time>2026-03-30T14:14:46.000Z</time>
        <extensions>
          <ns3:TrackPointExtension>
            <ns3:hr>113</ns3:hr>
            <ns3:cad>63</ns3:cad>
          </ns3:TrackPointExtension>
        </extensions>
      </trkpt>
      <trkpt lat="35.9718767367303371429443359375" lon="-81.1101442761719226837158203125">
        <ele>541.5999755859375</ele>
        <time>2026-03-30T14:14:53.000Z</time>
        <extensions>
          <ns3:TrackPointExtension>
            <ns3:hr>112</ns3:hr>
            <ns3:cad>0</ns3:cad>
          </ns3:TrackPointExtension>
        </extensions>
      </trkpt>
      <trkpt lat="35.971907414495944976806640625" lon="-81.1101446114480495452880859375">
        <ele>541.4000244140625</ele>
        <time>2026-03-30T14:14:58.000Z</time>
        <extensions>
          <ns3:TrackPointExtension>
            <ns3:hr>112</ns3:hr>
            <ns3:cad>0</ns3:cad>
          </ns3:TrackPointExtension>
        </extensions>
      </trkpt>
      <trkpt lat="35.97191269509494304656982421875" lon="-81.11014804802834987640380859375">
        <ele>541.20001220703125</ele>
        <time>2026-03-30T14:15:00.000Z</time>
        <extensions>
          <ns3:TrackPointExtension>
            <ns3:hr>112</ns3:hr>
            <ns3:cad>54</ns3:cad>
          </ns3:TrackPointExtension>
        </extensions>
      </trkpt>
      <trkpt lat="35.9719337336719036102294921875" lon="-81.11015944741666316986083984375">
        <ele>541</ele>
        <time>2026-03-30T14:15:03.000Z</time>
        <extensions>
          <ns3:TrackPointExtension>
            <ns3:hr>111</ns3:hr>
            <ns3:cad>0</ns3:cad>
          </ns3:TrackPointExtension>
        </extensions>
      </trkpt>
      <trkpt lat="35.97194773145020008087158203125" lon="-81.11018375493586063385009765625">
        <ele>540.4000244140625</ele>
        <time>2026-03-30T14:15:07.000Z</time>
        <extensions>
          <ns3:TrackPointExtension>
            <ns3:hr>110</ns3:hr>
            <ns3:cad>0</ns3:cad>
          </ns3:TrackPointExtension>
        </extensions>
      </trkpt>
      <trkpt lat="35.9719471447169780731201171875" lon="-81.1101870238780975341796875">
        <ele>540.20001220703125</ele>
        <time>2026-03-30T14:15:08.000Z</time>
        <extensions>
          <ns3:TrackPointExtension>
            <ns3:hr>110</ns3:hr>
            <ns3:cad>0</ns3:cad>
          </ns3:TrackPointExtension>
        </extensions>
      </trkpt>
      <trkpt lat="35.971961729228496551513671875" lon="-81.1102280952036380767822265625">
        <ele>539.79998779296875</ele>
        <time>2026-03-30T14:15:15.000Z</time>
        <extensions>
          <ns3:TrackPointExtension>
            <ns3:hr>111</ns3:hr>
            <ns3:cad>0</ns3:cad>
          </ns3:TrackPointExtension>
        </extensions>
      </trkpt>
      <trkpt lat="35.97200095653533935546875" lon="-81.11026816070079803466796875">
        <ele>539</ele>
        <time>2026-03-30T14:15:22.000Z</time>
        <extensions>
          <ns3:TrackPointExtension>
            <ns3:hr>110</ns3:hr>
            <ns3:cad>77</ns3:cad>
          </ns3:TrackPointExtension>
        </extensions>
      </trkpt>
      <trkpt lat="35.97200506366789340972900390625" lon="-81.1102723516523838043212890625">
        <ele>539</ele>
        <time>2026-03-30T14:15:23.000Z</time>
        <extensions>
          <ns3:TrackPointExtension>
            <ns3:hr>109</ns3:hr>
            <ns3:cad>77</ns3:cad>
          </ns3:TrackPointExtension>
        </extensions>
      </trkpt>
      <trkpt lat="35.97202434204518795013427734375" lon="-81.110279560089111328125">
        <ele>538.5999755859375</ele>
        <time>2026-03-30T14:15:26.000Z</time>
        <extensions>
          <ns3:TrackPointExtension>
            <ns3:hr>106</ns3:hr>
            <ns3:cad>75</ns3:cad>
          </ns3:TrackPointExtension>
        </extensions>
      </trkpt>
      <trkpt lat="35.97205066122114658355712890625" lon="-81.1102891154587268829345703125">
        <ele>538.20001220703125</ele>
        <time>2026-03-30T14:15:31.000Z</time>
        <extensions>
          <ns3:TrackPointExtension>
            <ns3:hr>105</ns3:hr>
            <ns3:cad>74</ns3:cad>
          </ns3:TrackPointExtension>
        </extensions>
      </trkpt>
      <trkpt lat="35.9720728732645511627197265625" lon="-81.11028450541198253631591796875">
        <ele>538</ele>
        <time>2026-03-30T14:15:35.000Z</time>
        <extensions>
          <ns3:TrackPointExtension>
            <ns3:hr>105</ns3:hr>
            <ns3:cad>0</ns3:cad>
          </ns3:TrackPointExtension>
        </extensions>
      </trkpt>
      <trkpt lat="35.97210866399109363555908203125" lon="-81.1102834157645702362060546875">
        <ele>537.5999755859375</ele>
        <time>2026-03-30T14:15:40.000Z</time>
        <extensions>
          <ns3:TrackPointExtension>
            <ns3:hr>106</ns3:hr>
            <ns3:cad>0</ns3:cad>
          </ns3:TrackPointExtension>
        </extensions>
      </trkpt>
      <trkpt lat="35.97215023823082447052001953125" lon="-81.11031644046306610107421875">
        <ele>537</ele>
        <time>2026-03-30T14:15:47.000Z</time>
        <extensions>
          <ns3:TrackPointExtension>
            <ns3:hr>106</ns3:hr>
            <ns3:cad>70</ns3:cad>
          </ns3:TrackPointExtension>
        </extensions>
      </trkpt>
      <trkpt lat="35.97215577028691768646240234375" lon="-81.11032289452850818634033203125">
        <ele>536.79998779296875</ele>
        <time>2026-03-30T14:15:49.000Z</time>
        <extensions>
          <ns3:TrackPointExtension>
            <ns3:hr>102</ns3:hr>
            <ns3:cad>70</ns3:cad>
          </ns3:TrackPointExtension>
        </extensions>
      </trkpt>
      <trkpt lat="35.97216784022748470306396484375" lon="-81.1103618703782558441162109375">
        <ele>536</ele>
        <time>2026-03-30T14:15:56.000Z</time>
        <extensions>
          <ns3:TrackPointExtension>
            <ns3:hr>104</ns3:hr>
            <ns3:cad>71</ns3:cad>
          </ns3:TrackPointExtension>
        </extensions>
      </trkpt>
      <trkpt lat="35.9721758030354976654052734375" lon="-81.1103568412363529205322265625">
        <ele>535.79998779296875</ele>
        <time>2026-03-30T14:15:57.000Z</time>
        <extensions>
          <ns3:TrackPointExtension>
            <ns3:hr>104</ns3:hr>
            <ns3:cad>71</ns3:cad>
          </ns3:TrackPointExtension>
        </extensions>
      </trkpt>
      <trkpt lat="35.972206480801105499267578125" lon="-81.11039430834352970123291015625">
        <ele>535</ele>
        <time>2026-03-30T14:16:04.000Z</time>
        <extensions>
          <ns3:TrackPointExtension>
            <ns3:hr>106</ns3:hr>
            <ns3:cad>69</ns3:cad>
          </ns3:TrackPointExtension>
        </extensions>
      </trkpt>
      <trkpt lat="35.97221494652330875396728515625" lon="-81.1104071326553821563720703125">
        <ele>534.79998779296875</ele>
        <time>2026-03-30T14:16:06.000Z</time>
        <extensions>
          <ns3:TrackPointExtension>
            <ns3:hr>106</ns3:hr>
            <ns3:cad>72</ns3:cad>
          </ns3:TrackPointExtension>
        </extensions>
      </trkpt>
      <trkpt lat="35.97223707474768161773681640625" lon="-81.110436804592609405517578125">
        <ele>533.79998779296875</ele>
        <time>2026-03-30T14:16:12.000Z</time>
        <extensions>
          <ns3:TrackPointExtension>
            <ns3:hr>107</ns3:hr>
            <ns3:cad>70</ns3:cad>
          </ns3:TrackPointExtension>
        </extensions>
      </trkpt>
      <trkpt lat="35.9722569398581981658935546875" lon="-81.11045859754085540771484375">
        <ele>533.79998779296875</ele>
        <time>2026-03-30T14:16:15.000Z</time>
        <extensions>
          <ns3:TrackPointExtension>
            <ns3:hr>106</ns3:hr>
            <ns3:cad>71</ns3:cad>
          </ns3:TrackPointExtension>
        </extensions>
      </trkpt>
      <trkpt lat="35.97229423932731151580810546875" lon="-81.11046136356890201568603515625">
        <ele>533.4000244140625</ele>
        <time>2026-03-30T14:16:19.000Z</time>
        <extensions>
          <ns3:TrackPointExtension>
            <ns3:hr>107</ns3:hr>
            <ns3:cad>0</ns3:cad>
          </ns3:TrackPointExtension>
        </extensions>
      </trkpt>
      <trkpt lat="35.97230605781078338623046875" lon="-81.1104691587388515472412109375">
        <ele>533.20001220703125</ele>
        <time>2026-03-30T14:16:22.000Z</time>
        <extensions>
          <ns3:TrackPointExtension>
            <ns3:hr>108</ns3:hr>
            <ns3:cad>64</ns3:cad>
          </ns3:TrackPointExtension>
        </extensions>
      </trkpt>
      <trkpt lat="35.9723152779042720794677734375" lon="-81.1104715056717395782470703125">
        <ele>532.5999755859375</ele>
        <time>2026-03-30T14:16:25.000Z</time>
        <extensions>
          <ns3:TrackPointExtension>
            <ns3:hr>109</ns3:hr>
            <ns3:cad>0</ns3:cad>
          </ns3:TrackPointExtension>
        </extensions>
      </trkpt>
      <trkpt lat="35.97232223488390445709228515625" lon="-81.11047267913818359375">
        <ele>532.5999755859375</ele>
        <time>2026-03-30T14:16:26.000Z</time>
        <extensions>
          <ns3:TrackPointExtension>
            <ns3:hr>109</ns3:hr>
            <ns3:cad>0</ns3:cad>
          </ns3:TrackPointExtension>
        </extensions>
      </trkpt>
      <trkpt lat="35.97235157154500484466552734375" lon="-81.11047267913818359375">
        <ele>532.20001220703125</ele>
        <time>2026-03-30T14:16:32.000Z</time>
        <extensions>
          <ns3:TrackPointExtension>
            <ns3:hr>108</ns3:hr>
            <ns3:cad>0</ns3:cad>
          </ns3:TrackPointExtension>
        </extensions>
      </trkpt>
      <trkpt lat="35.97236012108623981475830078125" lon="-81.11045599915087223052978515625">
        <ele>532.4000244140625</ele>
        <time>2026-03-30T14:16:38.000Z</time>
        <extensions>
          <ns3:TrackPointExtension>
            <ns3:hr>109</ns3:hr>
            <ns3:cad>0</ns3:cad>
          </ns3:TrackPointExtension>
        </extensions>
      </trkpt>
      <trkpt lat="35.97237822599709033966064453125" lon="-81.1104554124176502227783203125">
        <ele>532.4000244140625</ele>
        <time>2026-03-30T14:16:41.000Z</time>
        <extensions>
          <ns3:TrackPointExtension>
            <ns3:hr>112</ns3:hr>
            <ns3:cad>0</ns3:cad>
          </ns3:TrackPointExtension>
        </extensions>
      </trkpt>
      <trkpt lat="35.9723950736224651336669921875" lon="-81.11045281402766704559326171875">
        <ele>531.79998779296875</ele>
        <time>2026-03-30T14:16:44.000Z</time>
        <extensions>
          <ns3:TrackPointExtension>
            <ns3:hr>111</ns3:hr>
            <ns3:cad>0</ns3:cad>
          </ns3:TrackPointExtension>
        </extensions>
      </trkpt>
      <trkpt lat="35.97240286879241466522216796875" lon="-81.11044795252382755279541015625">
        <ele>531.5999755859375</ele>
        <time>2026-03-30T14:16:45.000Z</time>
        <extensions>
          <ns3:TrackPointExtension>
            <ns3:hr>110</ns3:hr>
            <ns3:cad>0</ns3:cad>
          </ns3:TrackPointExtension>
        </extensions>
      </trkpt>
      <trkpt lat="35.97243212163448333740234375" lon="-81.11042699776589870452880859375">
        <ele>531.5999755859375</ele>
        <time>2026-03-30T14:16:52.000Z</time>
        <extensions>
          <ns3:TrackPointExtension>
            <ns3:hr>109</ns3:hr>
            <ns3:cad>0</ns3:cad>
          </ns3:TrackPointExtension>
        </extensions>
      </trkpt>
      <trkpt lat="35.9724262543022632598876953125" lon="-81.11044384539127349853515625">
        <ele>531.4000244140625</ele>
        <time>2026-03-30T14:16:56.000Z</time>
        <extensions>
          <ns3:TrackPointExtension>
            <ns3:hr>113</ns3:hr>
            <ns3:cad>0</ns3:cad>
          </ns3:TrackPointExtension>
        </extensions>
      </trkpt>
      <trkpt lat="35.97243689931929111480712890625" lon="-81.1104510538280010223388671875">
        <ele>531</ele>
        <time>2026-03-30T14:16:59.000Z</time>
        <extensions>
          <ns3:TrackPointExtension>
            <ns3:hr>114</ns3:hr>
            <ns3:cad>0</ns3:cad>
          </ns3:TrackPointExtension>
        </extensions>
      </trkpt>
      <trkpt lat="35.9724688343703746795654296875" lon="-81.110446862876415252685546875">
        <ele>530.5999755859375</ele>
        <time>2026-03-30T14:17:05.000Z</time>
        <extensions>
          <ns3:TrackPointExtension>
            <ns3:hr>114</ns3:hr>
            <ns3:cad>0</ns3:cad>
          </ns3:TrackPointExtension>
        </extensions>
      </trkpt>
      <trkpt lat="35.97247503697872161865234375" lon="-81.1104463599622249603271484375">
        <ele>530.4000244140625</ele>
        <time>2026-03-30T14:17:06.000Z</time>
        <extensions>
          <ns3:TrackPointExtension>
            <ns3:hr>114</ns3:hr>
            <ns3:cad>0</ns3:cad>
          </ns3:TrackPointExtension>
        </extensions>
      </trkpt>
      <trkpt lat="35.9725040383636951446533203125" lon="-81.11044057644903659820556640625">
        <ele>530.20001220703125</ele>
        <time>2026-03-30T14:17:13.000Z</time>
        <extensions>
          <ns3:TrackPointExtension>
            <ns3:hr>110</ns3:hr>
            <ns3:cad>0</ns3:cad>
          </ns3:TrackPointExtension>
        </extensions>
      </trkpt>
      <trkpt lat="35.97251736558973789215087890625" lon="-81.11043579876422882080078125">
        <ele>530.20001220703125</ele>
        <time>2026-03-30T14:17:15.000Z</time>
        <extensions>
          <ns3:TrackPointExtension>
            <ns3:hr>107</ns3:hr>
            <ns3:cad>0</ns3:cad>
          </ns3:TrackPointExtension>
        </extensions>
      </trkpt>
      <trkpt lat="35.97252457402646541595458984375" lon="-81.110432781279087066650390625">
        <ele>530.20001220703125</ele>
        <time>2026-03-30T14:17:16.000Z</time>
        <extensions>
          <ns3:TrackPointExtension>
            <ns3:hr>107</ns3:hr>
            <ns3:cad>0</ns3:cad>
          </ns3:TrackPointExtension>
        </extensions>
      </trkpt>
      <trkpt lat="35.97253630869090557098388671875" lon="-81.11045130528509616851806640625">
        <ele>529.5999755859375</ele>
        <time>2026-03-30T14:17:25.000Z</time>
        <extensions>
          <ns3:TrackPointExtension>
            <ns3:hr>106</ns3:hr>
            <ns3:cad>0</ns3:cad>
          </ns3:TrackPointExtension>
        </extensions>
      </trkpt>
      <trkpt lat="35.9725566767156124114990234375" lon="-81.11048030667006969451904296875">
        <ele>528.5999755859375</ele>
        <time>2026-03-30T14:17:31.000Z</time>
        <extensions>
          <ns3:TrackPointExtension>
            <ns3:hr>106</ns3:hr>
            <ns3:cad>76</ns3:cad>
          </ns3:TrackPointExtension>
        </extensions>
      </trkpt>
      <trkpt lat="35.97256329841911792755126953125" lon="-81.11048064194619655609130859375">
        <ele>528.20001220703125</ele>
        <time>2026-03-30T14:17:33.000Z</time>
        <extensions>
          <ns3:TrackPointExtension>
            <ns3:hr>106</ns3:hr>
            <ns3:cad>0</ns3:cad>
          </ns3:TrackPointExtension>
        </extensions>
      </trkpt>
      <trkpt lat="35.972593389451503753662109375" lon="-81.1104901134967803955078125">
        <ele>527.5999755859375</ele>
        <time>2026-03-30T14:17:37.000Z</time>
        <extensions>
          <ns3:TrackPointExtension>
            <ns3:hr>106</ns3:hr>
            <ns3:cad>0</ns3:cad>
          </ns3:TrackPointExtension>
        </extensions>
      </trkpt>
      <trkpt lat="35.972617529332637786865234375" lon="-81.11046153120696544647216796875">
        <ele>527</ele>
        <time>2026-03-30T14:17:42.000Z</time>
        <extensions>
          <ns3:TrackPointExtension>
            <ns3:hr>106</ns3:hr>
            <ns3:cad>0</ns3:cad>
          </ns3:TrackPointExtension>
        </extensions>
      </trkpt>
      <trkpt lat="35.97259841859340667724609375" lon="-81.1104678176343441009521484375">
        <ele>527.20001220703125</ele>
        <time>2026-03-30T14:17:48.000Z</time>
        <extensions>
          <ns3:TrackPointExtension>
            <ns3:hr>108</ns3:hr>
            <ns3:cad>0</ns3:cad>
          </ns3:TrackPointExtension>
        </extensions>
      </trkpt>
      <trkpt lat="35.97258995287120342254638671875" lon="-81.11050562001764774322509765625">
        <ele>526.79998779296875</ele>
        <time>2026-03-30T14:17:53.000Z</time>
        <extensions>
          <ns3:TrackPointExtension>
            <ns3:hr>111</ns3:hr>
            <ns3:cad>0</ns3:cad>
          </ns3:TrackPointExtension>
        </extensions>
      </trkpt>
      <trkpt lat="35.97259246744215488433837890625" lon="-81.1105137504637241363525390625">
        <ele>526.5999755859375</ele>
        <time>2026-03-30T14:17:54.000Z</time>
        <extensions>
          <ns3:TrackPointExtension>
            <ns3:hr>111</ns3:hr>
            <ns3:cad>0</ns3:cad>
          </ns3:TrackPointExtension>
        </extensions>
      </trkpt>
      <trkpt lat="35.97259514965116977691650390625" lon="-81.11052154563367366790771484375">
        <ele>526.4000244140625</ele>
        <time>2026-03-30T14:17:55.000Z</time>
        <extensions>
          <ns3:TrackPointExtension>
            <ns3:hr>111</ns3:hr>
            <ns3:cad>0</ns3:cad>
          </ns3:TrackPointExtension>
        </extensions>
      </trkpt>
      <trkpt lat="35.972606800496578216552734375" lon="-81.11052942462265491485595703125">
        <ele>525.5999755859375</ele>
        <time>2026-03-30T14:18:02.000Z</time>
        <extensions>
          <ns3:TrackPointExtension>
            <ns3:hr>107</ns3:hr>
            <ns3:cad>58</ns3:cad>
          </ns3:TrackPointExtension>
        </extensions>
      </trkpt>
      <trkpt lat="35.97260822542011737823486328125" lon="-81.110531352460384368896484375">
        <ele>525.5999755859375</ele>
        <time>2026-03-30T14:18:03.000Z</time>
        <extensions>
          <ns3:TrackPointExtension>
            <ns3:hr>106</ns3:hr>
            <ns3:cad>58</ns3:cad>
          </ns3:TrackPointExtension>
        </extensions>
      </trkpt>
      <trkpt lat="35.97261182963848114013671875" lon="-81.110539399087429046630859375">
        <ele>525</ele>
        <time>2026-03-30T14:18:10.000Z</time>
        <extensions>
          <ns3:TrackPointExtension>
            <ns3:hr>105</ns3:hr>
            <ns3:cad>0</ns3:cad>
          </ns3:TrackPointExtension>
        </extensions>
      </trkpt>
      <trkpt lat="35.972616858780384063720703125" lon="-81.110553480684757232666015625">
        <ele>524.5999755859375</ele>
        <time>2026-03-30T14:18:16.000Z</time>
        <extensions>
          <ns3:TrackPointExtension>
            <ns3:hr>106</ns3:hr>
            <ns3:cad>0</ns3:cad>
          </ns3:TrackPointExtension>
        </extensions>
      </trkpt>
      <trkpt lat="35.9726113267242908477783203125" lon="-81.11055959947407245635986328125">
        <ele>524.4000244140625</ele>
        <time>2026-03-30T14:18:19.000Z</time>
        <extensions>
          <ns3:TrackPointExtension>
            <ns3:hr>107</ns3:hr>
            <ns3:cad>0</ns3:cad>
          </ns3:TrackPointExtension>
        </extensions>
      </trkpt>
      <trkpt lat="35.9726056270301342010498046875" lon="-81.11058876849710941314697265625">
        <ele>524</ele>
        <time>2026-03-30T14:18:23.000Z</time>
        <extensions>
          <ns3:TrackPointExtension>
            <ns3:hr>108</ns3:hr>
            <ns3:cad>0</ns3:cad>
          </ns3:TrackPointExtension>
        </extensions>
      </trkpt>
      <trkpt lat="35.97262666560709476470947265625" lon="-81.11061508767306804656982421875">
        <ele>523.4000244140625</ele>
        <time>2026-03-30T14:18:29.000Z</time>
        <extensions>
          <ns3:TrackPointExtension>
            <ns3:hr>109</ns3:hr>
            <ns3:cad>61</ns3:cad>
          </ns3:TrackPointExtension>
        </extensions>
      </trkpt>
      <trkpt lat="35.97263370640575885772705078125" lon="-81.11062196083366870880126953125">
        <ele>523.20001220703125</ele>
        <time>2026-03-30T14:18:30.000Z</time>
        <extensions>
          <ns3:TrackPointExtension>
            <ns3:hr>109</ns3:hr>
            <ns3:cad>61</ns3:cad>
          </ns3:TrackPointExtension>
        </extensions>
      </trkpt>
      <trkpt lat="35.97264393232762813568115234375" lon="-81.11063587479293346405029296875">
        <ele>522.79998779296875</ele>
        <time>2026-03-30T14:18:35.000Z</time>
        <extensions>
          <ns3:TrackPointExtension>
            <ns3:hr>109</ns3:hr>
            <ns3:cad>0</ns3:cad>
          </ns3:TrackPointExtension>
        </extensions>
      </trkpt>
      <trkpt lat="35.97266471944749355316162109375" lon="-81.11062749288976192474365234375">
        <ele>522.79998779296875</ele>
        <time>2026-03-30T14:18:43.000Z</time>
        <extensions>
          <ns3:TrackPointExtension>
            <ns3:hr>109</ns3:hr>
            <ns3:cad>0</ns3:cad>
          </ns3:TrackPointExtension>
        </extensions>
      </trkpt>
      <trkpt lat="35.97271081991493701934814453125" lon="-81.1106079630553722381591796875">
        <ele>522.4000244140625</ele>
        <time>2026-03-30T14:18:49.000Z</time>
        <extensions>
          <ns3:TrackPointExtension>
            <ns3:hr>110</ns3:hr>
            <ns3:cad>0</ns3:cad>
          </ns3:TrackPointExtension>
        </extensions>
      </trkpt>
      <trkpt lat="35.97271509468555450439453125" lon="-81.110604442656040191650390625">
        <ele>522.20001220703125</ele>
        <time>2026-03-30T14:18:50.000Z</time>
        <extensions>
          <ns3:TrackPointExtension>
            <ns3:hr>110</ns3:hr>
            <ns3:cad>0</ns3:cad>
          </ns3:TrackPointExtension>
        </extensions>
      </trkpt>
      <trkpt lat="35.97270813770592212677001953125" lon="-81.11064190976321697235107421875">
        <ele>521.4000244140625</ele>
        <time>2026-03-30T14:18:56.000Z</time>
        <extensions>
          <ns3:TrackPointExtension>
            <ns3:hr>111</ns3:hr>
            <ns3:cad>0</ns3:cad>
          </ns3:TrackPointExtension>
        </extensions>
      </trkpt>
      <trkpt lat="35.97270729951560497283935546875" lon="-81.11065708100795745849609375">
        <ele>521.20001220703125</ele>
        <time>2026-03-30T14:18:57.000Z</time>
        <extensions>
          <ns3:TrackPointExtension>
            <ns3:hr>111</ns3:hr>
            <ns3:cad>0</ns3:cad>
          </ns3:TrackPointExtension>
        </extensions>
      </trkpt>
      <trkpt lat="35.97272674553096294403076171875" lon="-81.1106964759528636932373046875">
        <ele>520.20001220703125</ele>
        <time>2026-03-30T14:19:03.000Z</time>
        <extensions>
          <ns3:TrackPointExtension>
            <ns3:hr>110</ns3:hr>
            <ns3:cad>0</ns3:cad>
          </ns3:TrackPointExtension>
        </extensions>
      </trkpt>
      <trkpt lat="35.972726829349994659423828125" lon="-81.110705025494098663330078125">
        <ele>519.79998779296875</ele>
        <time>2026-03-30T14:19:05.000Z</time>
        <extensions>
          <ns3:TrackPointExtension>
            <ns3:hr>110</ns3:hr>
            <ns3:cad>0</ns3:cad>
          </ns3:TrackPointExtension>
        </extensions>
      </trkpt>
      <trkpt lat="35.9727238118648529052734375" lon="-81.11072287894785404205322265625">
        <ele>519.4000244140625</ele>
        <time>2026-03-30T14:19:09.000Z</time>
        <extensions>
          <ns3:TrackPointExtension>
            <ns3:hr>107</ns3:hr>
            <ns3:cad>75</ns3:cad>
          </ns3:TrackPointExtension>
        </extensions>
      </trkpt>
      <trkpt lat="35.9727238118648529052734375" lon="-81.11074735410511493682861328125">
        <ele>519.20001220703125</ele>
        <time>2026-03-30T14:19:11.000Z</time>
        <extensions>
          <ns3:TrackPointExtension>
            <ns3:hr>107</ns3:hr>
            <ns3:cad>67</ns3:cad>
          </ns3:TrackPointExtension>
        </extensions>
      </trkpt>
      <trkpt lat="35.9727229736745357513427734375" lon="-81.11075221560895442962646484375">
        <ele>519</ele>
        <time>2026-03-30T14:19:13.000Z</time>
        <extensions>
          <ns3:TrackPointExtension>
            <ns3:hr>106</ns3:hr>
            <ns3:cad>41</ns3:cad>
          </ns3:TrackPointExtension>
        </extensions>
      </trkpt>
      <trkpt lat="35.97274904139339923858642578125" lon="-81.1107772774994373321533203125">
        <ele>518.20001220703125</ele>
        <time>2026-03-30T14:19:18.000Z</time>
        <extensions>
          <ns3:TrackPointExtension>
            <ns3:hr>107</ns3:hr>
            <ns3:cad>41</ns3:cad>
          </ns3:TrackPointExtension>
        </extensions>
      </trkpt>
      <trkpt lat="35.9727544896304607391357421875" lon="-81.110781133174896240234375">
        <ele>518</ele>
        <time>2026-03-30T14:19:19.000Z</time>
        <extensions>
          <ns3:TrackPointExtension>
            <ns3:hr>107</ns3:hr>
            <ns3:cad>0</ns3:cad>
          </ns3:TrackPointExtension>
        </extensions>
      </trkpt>
      <trkpt lat="35.97276831977069377899169921875" lon="-81.1107846535742282867431640625">
        <ele>517.79998779296875</ele>
        <time>2026-03-30T14:19:23.000Z</time>
        <extensions>
          <ns3:TrackPointExtension>
            <ns3:hr>110</ns3:hr>
            <ns3:cad>0</ns3:cad>
          </ns3:TrackPointExtension>
        </extensions>
      </trkpt>
      <trkpt lat="35.97277938388288021087646484375" lon="-81.110791526734828948974609375">
        <ele>517.5999755859375</ele>
        <time>2026-03-30T14:19:25.000Z</time>
        <extensions>
          <ns3:TrackPointExtension>
            <ns3:hr>109</ns3:hr>
            <ns3:cad>0</ns3:cad>
          </ns3:TrackPointExtension>
        </extensions>
      </trkpt>
      <trkpt lat="35.97279866226017475128173828125" lon="-81.11078255809843540191650390625">
        <ele>517</ele>
        <time>2026-03-30T14:19:27.000Z</time>
        <extensions>
          <ns3:TrackPointExtension>
            <ns3:hr>110</ns3:hr>
            <ns3:cad>0</ns3:cad>
          </ns3:TrackPointExtension>
        </extensions>
      </trkpt>
      <trkpt lat="35.9728215448558330535888671875" lon="-81.1107554845511913299560546875">
        <ele>516.5999755859375</ele>
        <time>2026-03-30T14:19:32.000Z</time>
        <extensions>
          <ns3:TrackPointExtension>
            <ns3:hr>112</ns3:hr>
            <ns3:cad>0</ns3:cad>
          </ns3:TrackPointExtension>
        </extensions>
      </trkpt>
      <trkpt lat="35.97287175245583057403564453125" lon="-81.1107568256556987762451171875">
        <ele>516.4000244140625</ele>
        <time>2026-03-30T14:19:39.000Z</time>
        <extensions>
          <ns3:TrackPointExtension>
            <ns3:hr>111</ns3:hr>
            <ns3:cad>0</ns3:cad>
          </ns3:TrackPointExtension>
        </extensions>
      </trkpt>
      <trkpt lat="35.9728741832077503204345703125" lon="-81.1107585020363330841064453125">
        <ele>516</ele>
        <time>2026-03-30T14:19:41.000Z</time>
        <extensions>
          <ns3:TrackPointExtension>
            <ns3:hr>111</ns3:hr>
            <ns3:cad>0</ns3:cad>
          </ns3:TrackPointExtension>
        </extensions>
      </trkpt>
      <trkpt lat="35.97285549156367778778076171875" lon="-81.11074827611446380615234375">
        <ele>516.79998779296875</ele>
        <time>2026-03-30T14:19:47.000Z</time>
        <extensions>
          <ns3:TrackPointExtension>
            <ns3:hr>112</ns3:hr>
            <ns3:cad>0</ns3:cad>
          </ns3:TrackPointExtension>
        </extensions>
      </trkpt>
      <trkpt lat="35.97282313741743564605712890625" lon="-81.110738217830657958984375">
        <ele>516.79998779296875</ele>
        <time>2026-03-30T14:19:52.000Z</time>
        <extensions>
          <ns3:TrackPointExtension>
            <ns3:hr>112</ns3:hr>
            <ns3:cad>0</ns3:cad>
          </ns3:TrackPointExtension>
        </extensions>
      </trkpt>
      <trkpt lat="35.972787179052829742431640625" lon="-81.1107595078647136688232421875">
        <ele>516.79998779296875</ele>
        <time>2026-03-30T14:19:58.000Z</time>
        <extensions>
          <ns3:TrackPointExtension>
            <ns3:hr>114</ns3:hr>
            <ns3:cad>0</ns3:cad>
          </ns3:TrackPointExtension>
        </extensions>
      </trkpt>
      <trkpt lat="35.97278558649122714996337890625" lon="-81.11077300272881984710693359375">
        <ele>516.79998779296875</ele>
        <time>2026-03-30T14:19:59.000Z</time>
        <extensions>
          <ns3:TrackPointExtension>
            <ns3:hr>113</ns3:hr>
            <ns3:cad>0</ns3:cad>
          </ns3:TrackPointExtension>
        </extensions>
      </trkpt>
      <trkpt lat="35.97277251072227954864501953125" lon="-81.1108030937612056732177734375">
        <ele>516.5999755859375</ele>
        <time>2026-03-30T14:20:02.000Z</time>
        <extensions>
          <ns3:TrackPointExtension>
            <ns3:hr>110</ns3:hr>
            <ns3:cad>0</ns3:cad>
          </ns3:TrackPointExtension>
        </extensions>
      </trkpt>
      <trkpt lat="35.9727618657052516937255859375" lon="-81.110818684101104736328125">
        <ele>516.5999755859375</ele>
        <time>2026-03-30T14:20:05.000Z</time>
        <extensions>
          <ns3:TrackPointExtension>
            <ns3:hr>107</ns3:hr>
            <ns3:cad>0</ns3:cad>
          </ns3:TrackPointExtension>
        </extensions>
      </trkpt>
      <trkpt lat="35.97275775857269763946533203125" lon="-81.11081927083432674407958984375">
        <ele>516.5999755859375</ele>
        <time>2026-03-30T14:20:06.000Z</time>
        <extensions>
          <ns3:TrackPointExtension>
            <ns3:hr>106</ns3:hr>
            <ns3:cad>0</ns3:cad>
          </ns3:TrackPointExtension>
        </extensions>
      </trkpt>
      <trkpt lat="35.97276069223880767822265625" lon="-81.110824048519134521484375">
        <ele>516.4000244140625</ele>
        <time>2026-03-30T14:20:08.000Z</time>
        <extensions>
          <ns3:TrackPointExtension>
            <ns3:hr>109</ns3:hr>
            <ns3:cad>0</ns3:cad>
          </ns3:TrackPointExtension>
        </extensions>
      </trkpt>
      <trkpt lat="35.97277100197970867156982421875" lon="-81.110819689929485321044921875">
        <ele>515.79998779296875</ele>
        <time>2026-03-30T14:20:12.000Z</time>
        <extensions>
          <ns3:TrackPointExtension>
            <ns3:hr>110</ns3:hr>
            <ns3:cad>0</ns3:cad>
          </ns3:TrackPointExtension>
        </extensions>
      </trkpt>
      <trkpt lat="35.9727769531309604644775390625" lon="-81.1108369566500186920166015625">
        <ele>515.4000244140625</ele>
        <time>2026-03-30T14:20:15.000Z</time>
        <extensions>
          <ns3:TrackPointExtension>
            <ns3:hr>113</ns3:hr>
            <ns3:cad>0</ns3:cad>
          </ns3:TrackPointExtension>
        </extensions>
      </trkpt>
      <trkpt lat="35.97278508357703685760498046875" lon="-81.11083469353616237640380859375">
        <ele>515.4000244140625</ele>
        <time>2026-03-30T14:20:18.000Z</time>
        <extensions>
          <ns3:TrackPointExtension>
            <ns3:hr>113</ns3:hr>
            <ns3:cad>0</ns3:cad>
          </ns3:TrackPointExtension>
        </extensions>
      </trkpt>
      <trkpt lat="35.9727962315082550048828125" lon="-81.1108299158513545989990234375">
        <ele>515</ele>
        <time>2026-03-30T14:20:21.000Z</time>
        <extensions>
          <ns3:TrackPointExtension>
            <ns3:hr>113</ns3:hr>
            <ns3:cad>0</ns3:cad>
          </ns3:TrackPointExtension>
        </extensions>
      </trkpt>
      <trkpt lat="35.97280218265950679779052734375" lon="-81.1108798719942569732666015625">
        <ele>514.5999755859375</ele>
        <time>2026-03-30T14:20:24.000Z</time>
        <extensions>
          <ns3:TrackPointExtension>
            <ns3:hr>113</ns3:hr>
            <ns3:cad>0</ns3:cad>
          </ns3:TrackPointExtension>
        </extensions>
      </trkpt>
      <trkpt lat="35.97280184738337993621826171875" lon="-81.11089286394417285919189453125">
        <ele>514.5999755859375</ele>
        <time>2026-03-30T14:20:25.000Z</time>
        <extensions>
          <ns3:TrackPointExtension>
            <ns3:hr>113</ns3:hr>
            <ns3:cad>0</ns3:cad>
          </ns3:TrackPointExtension>
        </extensions>
      </trkpt>
      <trkpt lat="35.97278793342411518096923828125" lon="-81.1109251342713832855224609375">
        <ele>514.4000244140625</ele>
        <time>2026-03-30T14:20:32.000Z</time>
        <extensions>
          <ns3:TrackPointExtension>
            <ns3:hr>117</ns3:hr>
            <ns3:cad>0</ns3:cad>
          </ns3:TrackPointExtension>
        </extensions>
      </trkpt>
      <trkpt lat="35.97280385904014110565185546875" lon="-81.1109066940844058990478515625">
        <ele>514.20001220703125</ele>
        <time>2026-03-30T14:20:37.000Z</time>
        <extensions>
          <ns3:TrackPointExtension>
            <ns3:hr>118</ns3:hr>
            <ns3:cad>0</ns3:cad>
          </ns3:TrackPointExtension>
        </extensions>
      </trkpt>
      <trkpt lat="35.97281425260007381439208984375" lon="-81.11088532023131847381591796875">
        <ele>514.4000244140625</ele>
        <time>2026-03-30T14:20:40.000Z</time>
        <extensions>
          <ns3:TrackPointExtension>
            <ns3:hr>114</ns3:hr>
            <ns3:cad>0</ns3:cad>
          </ns3:TrackPointExtension>
        </extensions>
      </trkpt>
      <trkpt lat="35.9728171862661838531494140625" lon="-81.11087693832814693450927734375">
        <ele>514.5999755859375</ele>
        <time>2026-03-30T14:20:42.000Z</time>
        <extensions>
          <ns3:TrackPointExtension>
            <ns3:hr>111</ns3:hr>
            <ns3:cad>0</ns3:cad>
          </ns3:TrackPointExtension>
        </extensions>
      </trkpt>
      <trkpt lat="35.9728252328932285308837890625" lon="-81.110867969691753387451171875">
        <ele>514.5999755859375</ele>
        <time>2026-03-30T14:20:44.000Z</time>
        <extensions>
          <ns3:TrackPointExtension>
            <ns3:hr>109</ns3:hr>
            <ns3:cad>0</ns3:cad>
          </ns3:TrackPointExtension>
        </extensions>
      </trkpt>
      <trkpt lat="35.97284425981342792510986328125" lon="-81.1108627729117870330810546875">
        <ele>513.79998779296875</ele>
        <time>2026-03-30T14:20:49.000Z</time>
        <extensions>
          <ns3:TrackPointExtension>
            <ns3:hr>108</ns3:hr>
            <ns3:cad>0</ns3:cad>
          </ns3:TrackPointExtension>
        </extensions>
      </trkpt>
      <trkpt lat="35.9728500433266162872314453125" lon="-81.11086537130177021026611328125">
        <ele>513.5999755859375</ele>
        <time>2026-03-30T14:20:51.000Z</time>
        <extensions>
          <ns3:TrackPointExtension>
            <ns3:hr>111</ns3:hr>
            <ns3:cad>0</ns3:cad>
          </ns3:TrackPointExtension>
        </extensions>
      </trkpt>
      <trkpt lat="35.97285347990691661834716796875" lon="-81.11086805351078510284423828125">
        <ele>513.5999755859375</ele>
        <time>2026-03-30T14:20:52.000Z</time>
        <extensions>
          <ns3:TrackPointExtension>
            <ns3:hr>113</ns3:hr>
            <ns3:cad>0</ns3:cad>
          </ns3:TrackPointExtension>
        </extensions>
      </trkpt>
      <trkpt lat="35.972857587039470672607421875" lon="-81.1108641140162944793701171875">
        <ele>513.4000244140625</ele>
        <time>2026-03-30T14:20:53.000Z</time>
        <extensions>
          <ns3:TrackPointExtension>
            <ns3:hr>116</ns3:hr>
            <ns3:cad>0</ns3:cad>
          </ns3:TrackPointExtension>
        </extensions>
      </trkpt>
      <trkpt lat="35.9728661365807056427001953125" lon="-81.11086495220661163330078125">
        <ele>513.20001220703125</ele>
        <time>2026-03-30T14:20:55.000Z</time>
        <extensions>
          <ns3:TrackPointExtension>
            <ns3:hr>117</ns3:hr>
            <ns3:cad>0</ns3:cad>
          </ns3:TrackPointExtension>
        </extensions>
      </trkpt>
      <trkpt lat="35.97286068834364414215087890625" lon="-81.110858581960201263427734375">
        <ele>512.4000244140625</ele>
        <time>2026-03-30T14:21:00.000Z</time>
        <extensions>
          <ns3:TrackPointExtension>
            <ns3:hr>117</ns3:hr>
            <ns3:cad>0</ns3:cad>
          </ns3:TrackPointExtension>
        </extensions>
      </trkpt>
      <trkpt lat="35.9728651307523250579833984375" lon="-81.11086034215986728668212890625">
        <ele>512.4000244140625</ele>
        <time>2026-03-30T14:21:01.000Z</time>
        <extensions>
          <ns3:TrackPointExtension>
            <ns3:hr>118</ns3:hr>
            <ns3:cad>0</ns3:cad>
          </ns3:TrackPointExtension>
        </extensions>
      </trkpt>
      <trkpt lat="35.97287577576935291290283203125" lon="-81.110888421535491943359375">
        <ele>511.399993896484375</ele>
        <time>2026-03-30T14:21:10.000Z</time>
        <extensions>
          <ns3:TrackPointExtension>
            <ns3:hr>117</ns3:hr>
            <ns3:cad>0</ns3:cad>
          </ns3:TrackPointExtension>
        </extensions>
      </trkpt>
      <trkpt lat="35.9728715009987354278564453125" lon="-81.1109046824276447296142578125">
        <ele>510.79998779296875</ele>
        <time>2026-03-30T14:21:13.000Z</time>
        <extensions>
          <ns3:TrackPointExtension>
            <ns3:hr>120</ns3:hr>
            <ns3:cad>0</ns3:cad>
          </ns3:TrackPointExtension>
        </extensions>
      </trkpt>
      <trkpt lat="35.97286353819072246551513671875" lon="-81.11091130413115024566650390625">
        <ele>510.79998779296875</ele>
        <time>2026-03-30T14:21:18.000Z</time>
        <extensions>
          <ns3:TrackPointExtension>
            <ns3:hr>117</ns3:hr>
            <ns3:cad>0</ns3:cad>
          </ns3:TrackPointExtension>
        </extensions>
      </trkpt>
      <trkpt lat="35.972861945629119873046875" lon="-81.11090946011245250701904296875">
        <ele>511</ele>
        <time>2026-03-30T14:21:19.000Z</time>
        <extensions>
          <ns3:TrackPointExtension>
            <ns3:hr>115</ns3:hr>
            <ns3:cad>0</ns3:cad>
          </ns3:TrackPointExtension>
        </extensions>
      </trkpt>
      <trkpt lat="35.9728248976171016693115234375" lon="-81.11093091778457164764404296875">
        <ele>510.399993896484375</ele>
        <time>2026-03-30T14:21:25.000Z</time>
        <extensions>
          <ns3:TrackPointExtension>
            <ns3:hr>113</ns3:hr>
            <ns3:cad>0</ns3:cad>
          </ns3:TrackPointExtension>
        </extensions>
      </trkpt>
      <trkpt lat="35.97281961701810359954833984375" lon="-81.11093938350677490234375">
        <ele>510.20001220703125</ele>
        <time>2026-03-30T14:21:26.000Z</time>
        <extensions>
          <ns3:TrackPointExtension>
            <ns3:hr>114</ns3:hr>
            <ns3:cad>0</ns3:cad>
          </ns3:TrackPointExtension>
        </extensions>
      </trkpt>
      <trkpt lat="35.97281626425683498382568359375" lon="-81.110945083200931549072265625">
        <ele>510</ele>
        <time>2026-03-30T14:21:29.000Z</time>
        <extensions>
          <ns3:TrackPointExtension>
            <ns3:hr>117</ns3:hr>
            <ns3:cad>0</ns3:cad>
          </ns3:TrackPointExtension>
        </extensions>
      </trkpt>
      <trkpt lat="35.9728161804378032684326171875" lon="-81.11094768159091472625732421875">
        <ele>509.79998779296875</ele>
        <time>2026-03-30T14:21:30.000Z</time>
        <extensions>
          <ns3:TrackPointExtension>
            <ns3:hr>120</ns3:hr>
            <ns3:cad>0</ns3:cad>
          </ns3:TrackPointExtension>
        </extensions>
      </trkpt>
      <trkpt lat="35.97281777299940586090087890625" lon="-81.11096511594951152801513671875">
        <ele>509.600006103515625</ele>
        <time>2026-03-30T14:21:33.000Z</time>
        <extensions>
          <ns3:TrackPointExtension>
            <ns3:hr>123</ns3:hr>
            <ns3:cad>0</ns3:cad>
          </ns3:TrackPointExtension>
        </extensions>
      </trkpt>
      <trkpt lat="35.97281743772327899932861328125" lon="-81.11096913926303386688232421875">
        <ele>509.399993896484375</ele>
        <time>2026-03-30T14:21:34.000Z</time>
        <extensions>
          <ns3:TrackPointExtension>
            <ns3:hr>123</ns3:hr>
            <ns3:cad>0</ns3:cad>
          </ns3:TrackPointExtension>
        </extensions>
      </trkpt>
      <trkpt lat="35.97281140275299549102783203125" lon="-81.1109804548323154449462890625">
        <ele>509.20001220703125</ele>
        <time>2026-03-30T14:21:36.000Z</time>
        <extensions>
          <ns3:TrackPointExtension>
            <ns3:hr>123</ns3:hr>
            <ns3:cad>68</ns3:cad>
          </ns3:TrackPointExtension>
        </extensions>
      </trkpt>
      <trkpt lat="35.9727890230715274810791015625" lon="-81.11098975874483585357666015625">
        <ele>508.79998779296875</ele>
        <time>2026-03-30T14:21:41.000Z</time>
        <extensions>
          <ns3:TrackPointExtension>
            <ns3:hr>120</ns3:hr>
            <ns3:cad>0</ns3:cad>
          </ns3:TrackPointExtension>
        </extensions>
      </trkpt>
      <trkpt lat="35.9727628715336322784423828125" lon="-81.11101389862596988677978515625">
        <ele>508.79998779296875</ele>
        <time>2026-03-30T14:21:48.000Z</time>
        <extensions>
          <ns3:TrackPointExtension>
            <ns3:hr>116</ns3:hr>
            <ns3:cad>0</ns3:cad>
          </ns3:TrackPointExtension>
        </extensions>
      </trkpt>
      <trkpt lat="35.97275801002979278564453125" lon="-81.1110196821391582489013671875">
        <ele>509</ele>
        <time>2026-03-30T14:21:49.000Z</time>
        <extensions>
          <ns3:TrackPointExtension>
            <ns3:hr>115</ns3:hr>
            <ns3:cad>0</ns3:cad>
          </ns3:TrackPointExtension>
        </extensions>
      </trkpt>
      <trkpt lat="35.97277049906551837921142578125" lon="-81.1110280640423297882080078125">
        <ele>508.79998779296875</ele>
        <time>2026-03-30T14:21:56.000Z</time>
        <extensions>
          <ns3:TrackPointExtension>
            <ns3:hr>114</ns3:hr>
            <ns3:cad>0</ns3:cad>
          </ns3:TrackPointExtension>
        </extensions>
      </trkpt>
      <trkpt lat="35.97278374247252941131591796875" lon="-81.11101247370243072509765625">
        <ele>508.79998779296875</ele>
        <time>2026-03-30T14:22:01.000Z</time>
        <extensions>
          <ns3:TrackPointExtension>
            <ns3:hr>118</ns3:hr>
            <ns3:cad>0</ns3:cad>
          </ns3:TrackPointExtension>
        </extensions>
      </trkpt>
      <trkpt lat="35.9727762825787067413330078125" lon="-81.1110082827508449554443359375">
        <ele>508.79998779296875</ele>
        <time>2026-03-30T14:22:04.000Z</time>
        <extensions>
          <ns3:TrackPointExtension>
            <ns3:hr>119</ns3:hr>
            <ns3:cad>0</ns3:cad>
          </ns3:TrackPointExtension>
        </extensions>
      </trkpt>
      <trkpt lat="35.972744934260845184326171875" lon="-81.11103803850710391998291015625">
        <ele>509.20001220703125</ele>
        <time>2026-03-30T14:22:11.000Z</time>
        <extensions>
          <ns3:TrackPointExtension>
            <ns3:hr>123</ns3:hr>
            <ns3:cad>0</ns3:cad>
          </ns3:TrackPointExtension>
        </extensions>
      </trkpt>
      <trkpt lat="35.97275306470692157745361328125" lon="-81.1110491864383220672607421875">
        <ele>509.20001220703125</ele>
        <time>2026-03-30T14:22:13.000Z</time>
        <extensions>
          <ns3:TrackPointExtension>
            <ns3:hr>125</ns3:hr>
            <ns3:cad>0</ns3:cad>
          </ns3:TrackPointExtension>
        </extensions>
      </trkpt>
      <trkpt lat="35.97275507636368274688720703125" lon="-81.11104943789541721343994140625">
        <ele>508.79998779296875</ele>
        <time>2026-03-30T14:22:16.000Z</time>
        <extensions>
          <ns3:TrackPointExtension>
            <ns3:hr>121</ns3:hr>
            <ns3:cad>0</ns3:cad>
          </ns3:TrackPointExtension>
        </extensions>
      </trkpt>
      <trkpt lat="35.97275055013597011566162109375" lon="-81.111069135367870330810546875">
        <ele>508.600006103515625</ele>
        <time>2026-03-30T14:22:19.000Z</time>
        <extensions>
          <ns3:TrackPointExtension>
            <ns3:hr>118</ns3:hr>
            <ns3:cad>0</ns3:cad>
          </ns3:TrackPointExtension>
        </extensions>
      </trkpt>
      <trkpt lat="35.97274862229824066162109375" lon="-81.1110760085284709930419921875">
        <ele>508.600006103515625</ele>
        <time>2026-03-30T14:22:20.000Z</time>
        <extensions>
          <ns3:TrackPointExtension>
            <ns3:hr>117</ns3:hr>
            <ns3:cad>0</ns3:cad>
          </ns3:TrackPointExtension>
        </extensions>
      </trkpt>
      <trkpt lat="35.97274904139339923858642578125" lon="-81.1110944487154483795166015625">
        <ele>508.600006103515625</ele>
        <time>2026-03-30T14:22:23.000Z</time>
        <extensions>
          <ns3:TrackPointExtension>
            <ns3:hr>114</ns3:hr>
            <ns3:cad>0</ns3:cad>
          </ns3:TrackPointExtension>
        </extensions>
      </trkpt>
      <trkpt lat="35.9727524779736995697021484375" lon="-81.11109470017254352569580078125">
        <ele>508</ele>
        <time>2026-03-30T14:22:28.000Z</time>
        <extensions>
          <ns3:TrackPointExtension>
            <ns3:hr>111</ns3:hr>
            <ns3:cad>0</ns3:cad>
          </ns3:TrackPointExtension>
        </extensions>
      </trkpt>
      <trkpt lat="35.97275557927787303924560546875" lon="-81.111122108995914459228515625">
        <ele>507.20001220703125</ele>
        <time>2026-03-30T14:22:36.000Z</time>
        <extensions>
          <ns3:TrackPointExtension>
            <ns3:hr>111</ns3:hr>
            <ns3:cad>0</ns3:cad>
          </ns3:TrackPointExtension>
        </extensions>
      </trkpt>
      <trkpt lat="35.97275071777403354644775390625" lon="-81.11112403683364391326904296875">
        <ele>507</ele>
        <time>2026-03-30T14:22:37.000Z</time>
        <extensions>
          <ns3:TrackPointExtension>
            <ns3:hr>110</ns3:hr>
            <ns3:cad>0</ns3:cad>
          </ns3:TrackPointExtension>
        </extensions>
      </trkpt>
      <trkpt lat="35.97274770028889179229736328125" lon="-81.11113761551678180694580078125">
        <ele>506.600006103515625</ele>
        <time>2026-03-30T14:22:43.000Z</time>
        <extensions>
          <ns3:TrackPointExtension>
            <ns3:hr>112</ns3:hr>
            <ns3:cad>0</ns3:cad>
          </ns3:TrackPointExtension>
        </extensions>
      </trkpt>
      <trkpt lat="35.97274669446051120758056640625" lon="-81.11114515922963619232177734375">
        <ele>506</ele>
        <time>2026-03-30T14:22:48.000Z</time>
        <extensions>
          <ns3:TrackPointExtension>
            <ns3:hr>111</ns3:hr>
            <ns3:cad>44</ns3:cad>
          </ns3:TrackPointExtension>
        </extensions>
      </trkpt>
      <trkpt lat="35.97274954430758953094482421875" lon="-81.11114515922963619232177734375">
        <ele>505.79998779296875</ele>
        <time>2026-03-30T14:22:49.000Z</time>
        <extensions>
          <ns3:TrackPointExtension>
            <ns3:hr>111</ns3:hr>
            <ns3:cad>44</ns3:cad>
          </ns3:TrackPointExtension>
        </extensions>
      </trkpt>
      <trkpt lat="35.9727373905479907989501953125" lon="-81.11118949949741363525390625">
        <ele>505.20001220703125</ele>
        <time>2026-03-30T14:22:56.000Z</time>
        <extensions>
          <ns3:TrackPointExtension>
            <ns3:hr>111</ns3:hr>
            <ns3:cad>0</ns3:cad>
          </ns3:TrackPointExtension>
        </extensions>
      </trkpt>
      <trkpt lat="35.9727296791970729827880859375" lon="-81.1112128011882305145263671875">
        <ele>504.79998779296875</ele>
        <time>2026-03-30T14:22:59.000Z</time>
        <extensions>
          <ns3:TrackPointExtension>
            <ns3:hr>112</ns3:hr>
            <ns3:cad>0</ns3:cad>
          </ns3:TrackPointExtension>
        </extensions>
      </trkpt>
      <trkpt lat="35.97271819598972797393798828125" lon="-81.111222691833972930908203125">
        <ele>504.399993896484375</ele>
        <time>2026-03-30T14:23:01.000Z</time>
        <extensions>
          <ns3:TrackPointExtension>
            <ns3:hr>109</ns3:hr>
            <ns3:cad>0</ns3:cad>
          </ns3:TrackPointExtension>
        </extensions>
      </trkpt>
      <trkpt lat="35.97272473387420177459716796875" lon="-81.11121674068272113800048828125">
        <ele>504.20001220703125</ele>
        <time>2026-03-30T14:23:06.000Z</time>
        <extensions>
          <ns3:TrackPointExtension>
            <ns3:hr>106</ns3:hr>
            <ns3:cad>0</ns3:cad>
          </ns3:TrackPointExtension>
        </extensions>
      </trkpt>
      <trkpt lat="35.97272439859807491302490234375" lon="-81.11121607013046741485595703125">
        <ele>504.20001220703125</ele>
        <time>2026-03-30T14:23:07.000Z</time>
        <extensions>
          <ns3:TrackPointExtension>
            <ns3:hr>106</ns3:hr>
            <ns3:cad>0</ns3:cad>
          </ns3:TrackPointExtension>
        </extensions>
      </trkpt>
      <trkpt lat="35.97271014936268329620361328125" lon="-81.1112325824797153472900390625">
        <ele>505</ele>
        <time>2026-03-30T14:23:13.000Z</time>
        <extensions>
          <ns3:TrackPointExtension>
            <ns3:hr>106</ns3:hr>
            <ns3:cad>0</ns3:cad>
          </ns3:TrackPointExtension>
        </extensions>
      </trkpt>
      <trkpt lat="35.9726904518902301788330078125" lon="-81.1112550459802150726318359375">
        <ele>504.79998779296875</ele>
        <time>2026-03-30T14:23:19.000Z</time>
        <extensions>
          <ns3:TrackPointExtension>
            <ns3:hr>106</ns3:hr>
            <ns3:cad>0</ns3:cad>
          </ns3:TrackPointExtension>
        </extensions>
      </trkpt>
      <trkpt lat="35.97266471944749355316162109375" lon="-81.11125680617988109588623046875">
        <ele>505.399993896484375</ele>
        <time>2026-03-30T14:23:26.000Z</time>
        <extensions>
          <ns3:TrackPointExtension>
            <ns3:hr>107</ns3:hr>
            <ns3:cad>0</ns3:cad>
          </ns3:TrackPointExtension>
        </extensions>
      </trkpt>
      <trkpt lat="35.9726607799530029296875" lon="-81.111258566379547119140625">
        <ele>505.600006103515625</ele>
        <time>2026-03-30T14:23:28.000Z</time>
        <extensions>
          <ns3:TrackPointExtension>
            <ns3:hr>110</ns3:hr>
            <ns3:cad>0</ns3:cad>
          </ns3:TrackPointExtension>
        </extensions>
      </trkpt>
      <trkpt lat="35.9726539067924022674560546875" lon="-81.1112634278833866119384765625">
        <ele>505.600006103515625</ele>
        <time>2026-03-30T14:23:29.000Z</time>
        <extensions>
          <ns3:TrackPointExtension>
            <ns3:hr>113</ns3:hr>
            <ns3:cad>0</ns3:cad>
          </ns3:TrackPointExtension>
        </extensions>
      </trkpt>
      <trkpt lat="35.972649715840816497802734375" lon="-81.1112667806446552276611328125">
        <ele>505.79998779296875</ele>
        <time>2026-03-30T14:23:32.000Z</time>
        <extensions>
          <ns3:TrackPointExtension>
            <ns3:hr>116</ns3:hr>
            <ns3:cad>0</ns3:cad>
          </ns3:TrackPointExtension>
        </extensions>
      </trkpt>
      <trkpt lat="35.9726468659937381744384765625" lon="-81.11127675510942935943603515625">
        <ele>505.79998779296875</ele>
        <time>2026-03-30T14:23:33.000Z</time>
        <extensions>
          <ns3:TrackPointExtension>
            <ns3:hr>118</ns3:hr>
            <ns3:cad>0</ns3:cad>
          </ns3:TrackPointExtension>
        </extensions>
      </trkpt>
      <trkpt lat="35.972644351422786712646484375" lon="-81.11129268072545528411865234375">
        <ele>505.399993896484375</ele>
        <time>2026-03-30T14:23:35.000Z</time>
        <extensions>
          <ns3:TrackPointExtension>
            <ns3:hr>121</ns3:hr>
            <ns3:cad>0</ns3:cad>
          </ns3:TrackPointExtension>
        </extensions>
      </trkpt>
      <trkpt lat="35.972634963691234588623046875" lon="-81.1113080196082592010498046875">
        <ele>505</ele>
        <time>2026-03-30T14:23:40.000Z</time>
        <extensions>
          <ns3:TrackPointExtension>
            <ns3:hr>120</ns3:hr>
            <ns3:cad>0</ns3:cad>
          </ns3:TrackPointExtension>
        </extensions>
      </trkpt>
      <trkpt lat="35.9725955687463283538818359375" lon="-81.111336685717105865478515625">
        <ele>504.399993896484375</ele>
        <time>2026-03-30T14:23:48.000Z</time>
        <extensions>
          <ns3:TrackPointExtension>
            <ns3:hr>121</ns3:hr>
            <ns3:cad>71</ns3:cad>
          </ns3:TrackPointExtension>
        </extensions>
      </trkpt>
      <trkpt lat="35.97258634865283966064453125" lon="-81.1113108694553375244140625">
        <ele>504.79998779296875</ele>
        <time>2026-03-30T14:23:53.000Z</time>
        <extensions>
          <ns3:TrackPointExtension>
            <ns3:hr>122</ns3:hr>
            <ns3:cad>0</ns3:cad>
          </ns3:TrackPointExtension>
        </extensions>
      </trkpt>
      <trkpt lat="35.97258760593831539154052734375" lon="-81.11130273900926113128662109375">
        <ele>505.600006103515625</ele>
        <time>2026-03-30T14:23:57.000Z</time>
        <extensions>
          <ns3:TrackPointExtension>
            <ns3:hr>119</ns3:hr>
            <ns3:cad>0</ns3:cad>
          </ns3:TrackPointExtension>
        </extensions>
      </trkpt>
      <trkpt lat="35.97258727066218852996826171875" lon="-81.1113180778920650482177734375">
        <ele>505.600006103515625</ele>
        <time>2026-03-30T14:24:00.000Z</time>
        <extensions>
          <ns3:TrackPointExtension>
            <ns3:hr>120</ns3:hr>
            <ns3:cad>0</ns3:cad>
          </ns3:TrackPointExtension>
        </extensions>
      </trkpt>
      <trkpt lat="35.97257553599774837493896484375" lon="-81.11135219223797321319580078125">
        <ele>505.399993896484375</ele>
        <time>2026-03-30T14:24:08.000Z</time>
        <extensions>
          <ns3:TrackPointExtension>
            <ns3:hr>123</ns3:hr>
            <ns3:cad>0</ns3:cad>
          </ns3:TrackPointExtension>
        </extensions>
      </trkpt>
      <trkpt lat="35.97255743108689785003662109375" lon="-81.11135638318955898284912109375">
        <ele>505.20001220703125</ele>
        <time>2026-03-30T14:24:12.000Z</time>
        <extensions>
          <ns3:TrackPointExtension>
            <ns3:hr>126</ns3:hr>
            <ns3:cad>0</ns3:cad>
          </ns3:TrackPointExtension>
        </extensions>
      </trkpt>
      <trkpt lat="35.97254334948956966400146484375" lon="-81.1113509349524974822998046875">
        <ele>505.20001220703125</ele>
        <time>2026-03-30T14:24:15.000Z</time>
        <extensions>
          <ns3:TrackPointExtension>
            <ns3:hr>127</ns3:hr>
            <ns3:cad>0</ns3:cad>
          </ns3:TrackPointExtension>
        </extensions>
      </trkpt>
      <trkpt lat="35.97252943553030490875244140625" lon="-81.111374236643314361572265625">
        <ele>505</ele>
        <time>2026-03-30T14:24:20.000Z</time>
        <extensions>
          <ns3:TrackPointExtension>
            <ns3:hr>124</ns3:hr>
            <ns3:cad>0</ns3:cad>
          </ns3:TrackPointExtension>
        </extensions>
      </trkpt>
      <trkpt lat="35.9725332073867321014404296875" lon="-81.11137918196618556976318359375">
        <ele>505</ele>
        <time>2026-03-30T14:24:22.000Z</time>
        <extensions>
          <ns3:TrackPointExtension>
            <ns3:hr>123</ns3:hr>
            <ns3:cad>0</ns3:cad>
          </ns3:TrackPointExtension>
        </extensions>
      </trkpt>
      <trkpt lat="35.9725469537079334259033203125" lon="-81.11140583641827106475830078125">
        <ele>505</ele>
        <time>2026-03-30T14:24:29.000Z</time>
        <extensions>
          <ns3:TrackPointExtension>
            <ns3:hr>124</ns3:hr>
            <ns3:cad>0</ns3:cad>
          </ns3:TrackPointExtension>
        </extensions>
      </trkpt>
      <trkpt lat="35.97258274443447589874267578125" lon="-81.111392676830291748046875">
        <ele>504.600006103515625</ele>
        <time>2026-03-30T14:24:35.000Z</time>
        <extensions>
          <ns3:TrackPointExtension>
            <ns3:hr>124</ns3:hr>
            <ns3:cad>0</ns3:cad>
          </ns3:TrackPointExtension>
        </extensions>
      </trkpt>
      <trkpt lat="35.97257964313030242919921875" lon="-81.111403070390224456787109375">
        <ele>504.20001220703125</ele>
        <time>2026-03-30T14:24:37.000Z</time>
        <extensions>
          <ns3:TrackPointExtension>
            <ns3:hr>123</ns3:hr>
            <ns3:cad>0</ns3:cad>
          </ns3:TrackPointExtension>
        </extensions>
      </trkpt>
      <trkpt lat="35.9725754521787166595458984375" lon="-81.11140541732311248779296875">
        <ele>504</ele>
        <time>2026-03-30T14:24:38.000Z</time>
        <extensions>
          <ns3:TrackPointExtension>
            <ns3:hr>119</ns3:hr>
            <ns3:cad>0</ns3:cad>
          </ns3:TrackPointExtension>
        </extensions>
      </trkpt>
      <trkpt lat="35.9725657291710376739501953125" lon="-81.1114119552075862884521484375">
        <ele>503.600006103515625</ele>
        <time>2026-03-30T14:24:40.000Z</time>
        <extensions>
          <ns3:TrackPointExtension>
            <ns3:hr>117</ns3:hr>
            <ns3:cad>0</ns3:cad>
          </ns3:TrackPointExtension>
        </extensions>
      </trkpt>
      <trkpt lat="35.972558520734310150146484375" lon="-81.1114283837378025054931640625">
        <ele>503.399993896484375</ele>
        <time>2026-03-30T14:24:43.000Z</time>
        <extensions>
          <ns3:TrackPointExtension>
            <ns3:hr>121</ns3:hr>
            <ns3:cad>0</ns3:cad>
          </ns3:TrackPointExtension>
        </extensions>
      </trkpt>
      <trkpt lat="35.9725590236485004425048828125" lon="-81.1114257015287876129150390625">
        <ele>503.399993896484375</ele>
        <time>2026-03-30T14:24:45.000Z</time>
        <extensions>
          <ns3:TrackPointExtension>
            <ns3:hr>124</ns3:hr>
            <ns3:cad>0</ns3:cad>
          </ns3:TrackPointExtension>
        </extensions>
      </trkpt>
      <trkpt lat="35.97255877219140529632568359375" lon="-81.1114288866519927978515625">
        <ele>503.600006103515625</ele>
        <time>2026-03-30T14:24:46.000Z</time>
        <extensions>
          <ns3:TrackPointExtension>
            <ns3:hr>124</ns3:hr>
            <ns3:cad>0</ns3:cad>
          </ns3:TrackPointExtension>
        </extensions>
      </trkpt>
      <trkpt lat="35.97254343330860137939453125" lon="-81.11144363880157470703125">
        <ele>502.600006103515625</ele>
        <time>2026-03-30T14:24:52.000Z</time>
        <extensions>
          <ns3:TrackPointExtension>
            <ns3:hr>121</ns3:hr>
            <ns3:cad>0</ns3:cad>
          </ns3:TrackPointExtension>
        </extensions>
      </trkpt>
      <trkpt lat="35.97253832034766674041748046875" lon="-81.11144556663930416107177734375">
        <ele>502.399993896484375</ele>
        <time>2026-03-30T14:24:53.000Z</time>
        <extensions>
          <ns3:TrackPointExtension>
            <ns3:hr>121</ns3:hr>
            <ns3:cad>0</ns3:cad>
          </ns3:TrackPointExtension>
        </extensions>
      </trkpt>
      <trkpt lat="35.972539745271205902099609375" lon="-81.111465431749820709228515625">
        <ele>501.399993896484375</ele>
        <time>2026-03-30T14:25:01.000Z</time>
        <extensions>
          <ns3:TrackPointExtension>
            <ns3:hr>121</ns3:hr>
            <ns3:cad>0</ns3:cad>
          </ns3:TrackPointExtension>
        </extensions>
      </trkpt>
      <trkpt lat="35.97257788293063640594482421875" lon="-81.111523099243640899658203125">
        <ele>500.79998779296875</ele>
        <time>2026-03-30T14:25:09.000Z</time>
        <extensions>
          <ns3:TrackPointExtension>
            <ns3:hr>119</ns3:hr>
            <ns3:cad>0</ns3:cad>
          </ns3:TrackPointExtension>
        </extensions>
      </trkpt>
      <trkpt lat="35.972524993121623992919921875" lon="-81.11144271679222583770751953125">
        <ele>501.399993896484375</ele>
        <time>2026-03-30T14:25:18.000Z</time>
        <extensions>
          <ns3:TrackPointExtension>
            <ns3:hr>116</ns3:hr>
            <ns3:cad>0</ns3:cad>
          </ns3:TrackPointExtension>
        </extensions>
      </trkpt>
      <trkpt lat="35.97252256236970424652099609375" lon="-81.111438274383544921875">
        <ele>501.600006103515625</ele>
        <time>2026-03-30T14:25:19.000Z</time>
        <extensions>
          <ns3:TrackPointExtension>
            <ns3:hr>114</ns3:hr>
            <ns3:cad>0</ns3:cad>
          </ns3:TrackPointExtension>
        </extensions>
      </trkpt>
      <trkpt lat="35.97254469059407711029052734375" lon="-81.11144858412444591522216796875">
        <ele>501.600006103515625</ele>
        <time>2026-03-30T14:25:23.000Z</time>
        <extensions>
          <ns3:TrackPointExtension>
            <ns3:hr>111</ns3:hr>
            <ns3:cad>0</ns3:cad>
          </ns3:TrackPointExtension>
        </extensions>
      </trkpt>
      <trkpt lat="35.9725278429687023162841796875" lon="-81.11144296824932098388671875">
        <ele>501.79998779296875</ele>
        <time>2026-03-30T14:25:26.000Z</time>
        <extensions>
          <ns3:TrackPointExtension>
            <ns3:hr>111</ns3:hr>
            <ns3:cad>0</ns3:cad>
          </ns3:TrackPointExtension>
        </extensions>
      </trkpt>
      <trkpt lat="35.972504876554012298583984375" lon="-81.1114655993878841400146484375">
        <ele>502.20001220703125</ele>
        <time>2026-03-30T14:25:30.000Z</time>
        <extensions>
          <ns3:TrackPointExtension>
            <ns3:hr>114</ns3:hr>
            <ns3:cad>0</ns3:cad>
          </ns3:TrackPointExtension>
        </extensions>
      </trkpt>
      <trkpt lat="35.9724904596805572509765625" lon="-81.1114850454032421112060546875">
        <ele>501.79998779296875</ele>
        <time>2026-03-30T14:25:33.000Z</time>
        <extensions>
          <ns3:TrackPointExtension>
            <ns3:hr>115</ns3:hr>
            <ns3:cad>0</ns3:cad>
          </ns3:TrackPointExtension>
        </extensions>
      </trkpt>
      <trkpt lat="35.97243857569992542266845703125" lon="-81.11150708980858325958251953125">
        <ele>501.20001220703125</ele>
        <time>2026-03-30T14:25:40.000Z</time>
        <extensions>
          <ns3:TrackPointExtension>
            <ns3:hr>117</ns3:hr>
            <ns3:cad>0</ns3:cad>
          </ns3:TrackPointExtension>
        </extensions>
      </trkpt>
      <trkpt lat="35.97241963259875774383544921875" lon="-81.1115098558366298675537109375">
        <ele>501</ele>
        <time>2026-03-30T14:25:43.000Z</time>
        <extensions>
          <ns3:TrackPointExtension>
            <ns3:hr>120</ns3:hr>
            <ns3:cad>0</ns3:cad>
          </ns3:TrackPointExtension>
        </extensions>
      </trkpt>
      <trkpt lat="35.9724158607423305511474609375" lon="-81.11153282225131988525390625">
        <ele>500.79998779296875</ele>
        <time>2026-03-30T14:25:48.000Z</time>
        <extensions>
          <ns3:TrackPointExtension>
            <ns3:hr>122</ns3:hr>
            <ns3:cad>0</ns3:cad>
          </ns3:TrackPointExtension>
        </extensions>
      </trkpt>
      <trkpt lat="35.9724051319062709808349609375" lon="-81.11154489219188690185546875">
        <ele>500.399993896484375</ele>
        <time>2026-03-30T14:25:53.000Z</time>
        <extensions>
          <ns3:TrackPointExtension>
            <ns3:hr>119</ns3:hr>
            <ns3:cad>0</ns3:cad>
          </ns3:TrackPointExtension>
        </extensions>
      </trkpt>
      <trkpt lat="35.9724044613540172576904296875" lon="-81.11154564656317234039306640625">
        <ele>500.20001220703125</ele>
        <time>2026-03-30T14:25:55.000Z</time>
        <extensions>
          <ns3:TrackPointExtension>
            <ns3:hr>119</ns3:hr>
            <ns3:cad>0</ns3:cad>
          </ns3:TrackPointExtension>
        </extensions>
      </trkpt>
      <trkpt lat="35.97241158597171306610107421875" lon="-81.11153022386133670806884765625">
        <ele>500.79998779296875</ele>
        <time>2026-03-30T14:26:01.000Z</time>
        <extensions>
          <ns3:TrackPointExtension>
            <ns3:hr>123</ns3:hr>
            <ns3:cad>0</ns3:cad>
          </ns3:TrackPointExtension>
        </extensions>
      </trkpt>
      <trkpt lat="35.972412340342998504638671875" lon="-81.11152050085365772247314453125">
        <ele>501.20001220703125</ele>
        <time>2026-03-30T14:26:03.000Z</time>
        <extensions>
          <ns3:TrackPointExtension>
            <ns3:hr>121</ns3:hr>
            <ns3:cad>57</ns3:cad>
          </ns3:TrackPointExtension>
        </extensions>
      </trkpt>
      <trkpt lat="35.97241359762847423553466796875" lon="-81.11152133904397487640380859375">
        <ele>501.600006103515625</ele>
        <time>2026-03-30T14:26:04.000Z</time>
        <extensions>
          <ns3:TrackPointExtension>
            <ns3:hr>120</ns3:hr>
            <ns3:cad>57</ns3:cad>
          </ns3:TrackPointExtension>
        </extensions>
      </trkpt>
      <trkpt lat="35.97240672446787357330322265625" lon="-81.11152837984263896942138671875">
        <ele>502.600006103515625</ele>
        <time>2026-03-30T14:26:08.000Z</time>
        <extensions>
          <ns3:TrackPointExtension>
            <ns3:hr>119</ns3:hr>
            <ns3:cad>0</ns3:cad>
          </ns3:TrackPointExtension>
        </extensions>
      </trkpt>
      <trkpt lat="35.97239867784082889556884765625" lon="-81.1115282960236072540283203125">
        <ele>502.79998779296875</ele>
        <time>2026-03-30T14:26:09.000Z</time>
        <extensions>
          <ns3:TrackPointExtension>
            <ns3:hr>120</ns3:hr>
            <ns3:cad>0</ns3:cad>
          </ns3:TrackPointExtension>
        </extensions>
      </trkpt>
      <trkpt lat="35.97236079163849353790283203125" lon="-81.11153818666934967041015625">
        <ele>503</ele>
        <time>2026-03-30T14:26:13.000Z</time>
        <extensions>
          <ns3:TrackPointExtension>
            <ns3:hr>124</ns3:hr>
            <ns3:cad>0</ns3:cad>
          </ns3:TrackPointExtension>
        </extensions>
      </trkpt>
      <trkpt lat="35.97234972752630710601806640625" lon="-81.1115393601357936859130859375">
        <ele>503</ele>
        <time>2026-03-30T14:26:15.000Z</time>
        <extensions>
          <ns3:TrackPointExtension>
            <ns3:hr>126</ns3:hr>
            <ns3:cad>0</ns3:cad>
          </ns3:TrackPointExtension>
        </extensions>
      </trkpt>
      <trkpt lat="35.972351320087909698486328125" lon="-81.1115420423448085784912109375">
        <ele>503.20001220703125</ele>
        <time>2026-03-30T14:26:17.000Z</time>
        <extensions>
          <ns3:TrackPointExtension>
            <ns3:hr>129</ns3:hr>
            <ns3:cad>50</ns3:cad>
          </ns3:TrackPointExtension>
        </extensions>
      </trkpt>
      <trkpt lat="35.97235492430627346038818359375" lon="-81.1115410365164279937744140625">
        <ele>503.600006103515625</ele>
        <time>2026-03-30T14:26:19.000Z</time>
        <extensions>
          <ns3:TrackPointExtension>
            <ns3:hr>132</ns3:hr>
            <ns3:cad>0</ns3:cad>
          </ns3:TrackPointExtension>
        </extensions>
      </trkpt>
      <trkpt lat="35.9723561815917491912841796875" lon="-81.11154011450707912445068359375">
        <ele>503.600006103515625</ele>
        <time>2026-03-30T14:26:20.000Z</time>
        <extensions>
          <ns3:TrackPointExtension>
            <ns3:hr>133</ns3:hr>
            <ns3:cad>0</ns3:cad>
          </ns3:TrackPointExtension>
        </extensions>
      </trkpt>
      <trkpt lat="35.9723648987710475921630859375" lon="-81.111535169184207916259765625">
        <ele>503.600006103515625</ele>
        <time>2026-03-30T14:26:22.000Z</time>
        <extensions>
          <ns3:TrackPointExtension>
            <ns3:hr>133</ns3:hr>
            <ns3:cad>0</ns3:cad>
          </ns3:TrackPointExtension>
        </extensions>
      </trkpt>
      <trkpt lat="35.97235157154500484466552734375" lon="-81.11157297156751155853271484375">
        <ele>503.600006103515625</ele>
        <time>2026-03-30T14:26:30.000Z</time>
        <extensions>
          <ns3:TrackPointExtension>
            <ns3:hr>132</ns3:hr>
            <ns3:cad>0</ns3:cad>
          </ns3:TrackPointExtension>
        </extensions>
      </trkpt>
      <trkpt lat="35.97234897315502166748046875" lon="-81.11161119304597377777099609375">
        <ele>503.600006103515625</ele>
        <time>2026-03-30T14:26:38.000Z</time>
        <extensions>
          <ns3:TrackPointExtension>
            <ns3:hr>134</ns3:hr>
            <ns3:cad>0</ns3:cad>
          </ns3:TrackPointExtension>
        </extensions>
      </trkpt>
      <trkpt lat="35.97234897315502166748046875" lon="-81.11161119304597377777099609375">
        <ele>504</ele>
        <time>2026-03-30T14:26:49.000Z</time>
        <extensions>
          <ns3:TrackPointExtension>
            <ns3:hr>131</ns3:hr>
            <ns3:cad>0</ns3:cad>
          </ns3:TrackPointExtension>
        </extensions>
      </trkpt>
      <trkpt lat="35.97234897315502166748046875" lon="-81.11161119304597377777099609375">
        <ele>504</ele>
        <time>2026-03-30T14:26:55.000Z</time>
        <extensions>
          <ns3:TrackPointExtension>
            <ns3:hr>128</ns3:hr>
            <ns3:cad>0</ns3:cad>
          </ns3:TrackPointExtension>
        </extensions>
      </trkpt>
      <trkpt lat="35.97234553657472133636474609375" lon="-81.11158906482160091400146484375">
        <ele>504</ele>
        <time>2026-03-30T14:26:59.000Z</time>
        <extensions>
          <ns3:TrackPointExtension>
            <ns3:hr>125</ns3:hr>
            <ns3:cad>0</ns3:cad>
          </ns3:TrackPointExtension>
        </extensions>
      </trkpt>
      <trkpt lat="35.97234386019408702850341796875" lon="-81.11155369319021701812744140625">
        <ele>504.20001220703125</ele>
        <time>2026-03-30T14:27:05.000Z</time>
        <extensions>
          <ns3:TrackPointExtension>
            <ns3:hr>122</ns3:hr>
            <ns3:cad>0</ns3:cad>
          </ns3:TrackPointExtension>
        </extensions>
      </trkpt>
      <trkpt lat="35.9723441116511821746826171875" lon="-81.11155352555215358734130859375">
        <ele>504.20001220703125</ele>
        <time>2026-03-30T14:27:10.000Z</time>
        <extensions>
          <ns3:TrackPointExtension>
            <ns3:hr>118</ns3:hr>
            <ns3:cad>0</ns3:cad>
          </ns3:TrackPointExtension>
        </extensions>
      </trkpt>
      <trkpt lat="35.9723441116511821746826171875" lon="-81.11155352555215358734130859375">
        <ele>504.20001220703125</ele>
        <time>2026-03-30T14:27:12.000Z</time>
        <extensions>
          <ns3:TrackPointExtension>
            <ns3:hr>116</ns3:hr>
            <ns3:cad>0</ns3:cad>
          </ns3:TrackPointExtension>
        </extensions>
      </trkpt>
      <trkpt lat="35.972344614565372467041015625" lon="-81.11155268736183643341064453125">
        <ele>504.20001220703125</ele>
        <time>2026-03-30T14:27:15.000Z</time>
        <extensions>
          <ns3:TrackPointExtension>
            <ns3:hr>113</ns3:hr>
            <ns3:cad>0</ns3:cad>
          </ns3:TrackPointExtension>
        </extensions>
      </trkpt>
      <trkpt lat="35.97233581356704235076904296875" lon="-81.11155721358954906463623046875">
        <ele>504.399993896484375</ele>
        <time>2026-03-30T14:27:19.000Z</time>
        <extensions>
          <ns3:TrackPointExtension>
            <ns3:hr>112</ns3:hr>
            <ns3:cad>0</ns3:cad>
          </ns3:TrackPointExtension>
        </extensions>
      </trkpt>
      <trkpt lat="35.972302369773387908935546875" lon="-81.11157716251909732818603515625">
        <ele>504.399993896484375</ele>
        <time>2026-03-30T14:27:25.000Z</time>
        <extensions>
          <ns3:TrackPointExtension>
            <ns3:hr>111</ns3:hr>
            <ns3:cad>0</ns3:cad>
          </ns3:TrackPointExtension>
        </extensions>
      </trkpt>
      <trkpt lat="35.97229742445051670074462890625" lon="-81.1115785874426364898681640625">
        <ele>504.79998779296875</ele>
        <time>2026-03-30T14:27:27.000Z</time>
        <extensions>
          <ns3:TrackPointExtension>
            <ns3:hr>110</ns3:hr>
            <ns3:cad>0</ns3:cad>
          </ns3:TrackPointExtension>
        </extensions>
      </trkpt>
      <trkpt lat="35.97229625098407268524169921875" lon="-81.11159811727702617645263671875">
        <ele>505.399993896484375</ele>
        <time>2026-03-30T14:27:30.000Z</time>
        <extensions>
          <ns3:TrackPointExtension>
            <ns3:hr>107</ns3:hr>
            <ns3:cad>0</ns3:cad>
          </ns3:TrackPointExtension>
        </extensions>
      </trkpt>
      <trkpt lat="35.97228485159575939178466796875" lon="-81.11159660853445529937744140625">
        <ele>505.79998779296875</ele>
        <time>2026-03-30T14:27:33.000Z</time>
        <extensions>
          <ns3:TrackPointExtension>
            <ns3:hr>106</ns3:hr>
            <ns3:cad>0</ns3:cad>
          </ns3:TrackPointExtension>
        </extensions>
      </trkpt>
      <trkpt lat="35.97229558043181896209716796875" lon="-81.1115755699574947357177734375">
        <ele>506.399993896484375</ele>
        <time>2026-03-30T14:27:39.000Z</time>
        <extensions>
          <ns3:TrackPointExtension>
            <ns3:hr>107</ns3:hr>
            <ns3:cad>0</ns3:cad>
          </ns3:TrackPointExtension>
        </extensions>
      </trkpt>
      <trkpt lat="35.97230697982013225555419921875" lon="-81.11156257800757884979248046875">
        <ele>506.600006103515625</ele>
        <time>2026-03-30T14:27:41.000Z</time>
        <extensions>
          <ns3:TrackPointExtension>
            <ns3:hr>110</ns3:hr>
            <ns3:cad>0</ns3:cad>
          </ns3:TrackPointExtension>
        </extensions>
      </trkpt>
      <trkpt lat="35.97231888212263584136962890625" lon="-81.11155117861926555633544921875">
        <ele>506.79998779296875</ele>
        <time>2026-03-30T14:27:43.000Z</time>
        <extensions>
          <ns3:TrackPointExtension>
            <ns3:hr>116</ns3:hr>
            <ns3:cad>0</ns3:cad>
          </ns3:TrackPointExtension>
        </extensions>
      </trkpt>
      <trkpt lat="35.97232525236904621124267578125" lon="-81.11154623329639434814453125">
        <ele>506.79998779296875</ele>
        <time>2026-03-30T14:27:44.000Z</time>
        <extensions>
          <ns3:TrackPointExtension>
            <ns3:hr>119</ns3:hr>
            <ns3:cad>0</ns3:cad>
          </ns3:TrackPointExtension>
        </extensions>
      </trkpt>
      <trkpt lat="35.97232726402580738067626953125" lon="-81.1115388572216033935546875">
        <ele>507.20001220703125</ele>
        <time>2026-03-30T14:27:45.000Z</time>
        <extensions>
          <ns3:TrackPointExtension>
            <ns3:hr>123</ns3:hr>
            <ns3:cad>0</ns3:cad>
          </ns3:TrackPointExtension>
        </extensions>
      </trkpt>
      <trkpt lat="35.97232642583549022674560546875" lon="-81.1115227639675140380859375">
        <ele>507.399993896484375</ele>
        <time>2026-03-30T14:27:47.000Z</time>
        <extensions>
          <ns3:TrackPointExtension>
            <ns3:hr>126</ns3:hr>
            <ns3:cad>0</ns3:cad>
          </ns3:TrackPointExtension>
        </extensions>
      </trkpt>
      <trkpt lat="35.972294993698596954345703125" lon="-81.1115013062953948974609375">
        <ele>508</ele>
        <time>2026-03-30T14:27:51.000Z</time>
        <extensions>
          <ns3:TrackPointExtension>
            <ns3:hr>127</ns3:hr>
            <ns3:cad>0</ns3:cad>
          </ns3:TrackPointExtension>
        </extensions>
      </trkpt>
      <trkpt lat="35.97229490987956523895263671875" lon="-81.11149099655449390411376953125">
        <ele>508.600006103515625</ele>
        <time>2026-03-30T14:27:55.000Z</time>
        <extensions>
          <ns3:TrackPointExtension>
            <ns3:hr>128</ns3:hr>
            <ns3:cad>0</ns3:cad>
          </ns3:TrackPointExtension>
        </extensions>
      </trkpt>
      <trkpt lat="35.97229407168924808502197265625" lon="-81.1114863865077495574951171875">
        <ele>509</ele>
        <time>2026-03-30T14:28:03.000Z</time>
        <extensions>
          <ns3:TrackPointExtension>
            <ns3:hr>131</ns3:hr>
            <ns3:cad>0</ns3:cad>
          </ns3:TrackPointExtension>
        </extensions>
      </trkpt>
      <trkpt lat="35.97230982966721057891845703125" lon="-81.11148714087903499603271484375">
        <ele>508.79998779296875</ele>
        <time>2026-03-30T14:28:05.000Z</time>
        <extensions>
          <ns3:TrackPointExtension>
            <ns3:hr>135</ns3:hr>
            <ns3:cad>0</ns3:cad>
          </ns3:TrackPointExtension>
        </extensions>
      </trkpt>
      <trkpt lat="35.97233287990093231201171875" lon="-81.11149183474481105804443359375">
        <ele>509</ele>
        <time>2026-03-30T14:28:07.000Z</time>
        <extensions>
          <ns3:TrackPointExtension>
            <ns3:hr>138</ns3:hr>
            <ns3:cad>0</ns3:cad>
          </ns3:TrackPointExtension>
        </extensions>
      </trkpt>
      <trkpt lat="35.97233983688056468963623046875" lon="-81.11148915253579616546630859375">
        <ele>509</ele>
        <time>2026-03-30T14:28:08.000Z</time>
        <extensions>
          <ns3:TrackPointExtension>
            <ns3:hr>139</ns3:hr>
            <ns3:cad>0</ns3:cad>
          </ns3:TrackPointExtension>
        </extensions>
      </trkpt>
      <trkpt lat="35.9723424352705478668212890625" lon="-81.11148479394614696502685546875">
        <ele>509.20001220703125</ele>
        <time>2026-03-30T14:28:09.000Z</time>
        <extensions>
          <ns3:TrackPointExtension>
            <ns3:hr>139</ns3:hr>
            <ns3:cad>0</ns3:cad>
          </ns3:TrackPointExtension>
        </extensions>
      </trkpt>
      <trkpt lat="35.97234134562313556671142578125" lon="-81.11147909425199031829833984375">
        <ele>509.399993896484375</ele>
        <time>2026-03-30T14:28:11.000Z</time>
        <extensions>
          <ns3:TrackPointExtension>
            <ns3:hr>139</ns3:hr>
            <ns3:cad>0</ns3:cad>
          </ns3:TrackPointExtension>
        </extensions>
      </trkpt>
      <trkpt lat="35.972342602908611297607421875" lon="-81.11147389747202396392822265625">
        <ele>510</ele>
        <time>2026-03-30T14:28:15.000Z</time>
        <extensions>
          <ns3:TrackPointExtension>
            <ns3:hr>141</ns3:hr>
            <ns3:cad>0</ns3:cad>
          </ns3:TrackPointExtension>
        </extensions>
      </trkpt>
      <trkpt lat="35.9723374061286449432373046875" lon="-81.1114763282239437103271484375">
        <ele>510.20001220703125</ele>
        <time>2026-03-30T14:28:16.000Z</time>
        <extensions>
          <ns3:TrackPointExtension>
            <ns3:hr>141</ns3:hr>
            <ns3:cad>0</ns3:cad>
          </ns3:TrackPointExtension>
        </extensions>
      </trkpt>
      <trkpt lat="35.97231184132397174835205078125" lon="-81.1114575527608394622802734375">
        <ele>510.79998779296875</ele>
        <time>2026-03-30T14:28:21.000Z</time>
        <extensions>
          <ns3:TrackPointExtension>
            <ns3:hr>138</ns3:hr>
            <ns3:cad>0</ns3:cad>
          </ns3:TrackPointExtension>
        </extensions>
      </trkpt>
      <trkpt lat="35.97230630926787853240966796875" lon="-81.11144623719155788421630859375">
        <ele>511</ele>
        <time>2026-03-30T14:28:22.000Z</time>
        <extensions>
          <ns3:TrackPointExtension>
            <ns3:hr>138</ns3:hr>
            <ns3:cad>0</ns3:cad>
          </ns3:TrackPointExtension>
        </extensions>
      </trkpt>
      <trkpt lat="35.9723055548965930938720703125" lon="-81.11144171096384525299072265625">
        <ele>511</ele>
        <time>2026-03-30T14:28:23.000Z</time>
        <extensions>
          <ns3:TrackPointExtension>
            <ns3:hr>138</ns3:hr>
            <ns3:cad>0</ns3:cad>
          </ns3:TrackPointExtension>
        </extensions>
      </trkpt>
      <trkpt lat="35.97231200896203517913818359375" lon="-81.11143701709806919097900390625">
        <ele>512.20001220703125</ele>
        <time>2026-03-30T14:28:28.000Z</time>
        <extensions>
          <ns3:TrackPointExtension>
            <ns3:hr>140</ns3:hr>
            <ns3:cad>0</ns3:cad>
          </ns3:TrackPointExtension>
        </extensions>
      </trkpt>
      <trkpt lat="35.97232257016003131866455078125" lon="-81.1114530265331268310546875">
        <ele>512.5999755859375</ele>
        <time>2026-03-30T14:28:30.000Z</time>
        <extensions>
          <ns3:TrackPointExtension>
            <ns3:hr>140</ns3:hr>
            <ns3:cad>0</ns3:cad>
          </ns3:TrackPointExtension>
        </extensions>
      </trkpt>
      <trkpt lat="35.97232776693999767303466796875" lon="-81.1114367656409740447998046875">
        <ele>513</ele>
        <time>2026-03-30T14:28:37.000Z</time>
        <extensions>
          <ns3:TrackPointExtension>
            <ns3:hr>140</ns3:hr>
            <ns3:cad>0</ns3:cad>
          </ns3:TrackPointExtension>
        </extensions>
      </trkpt>
      <trkpt lat="35.9723260067403316497802734375" lon="-81.11143098212778568267822265625">
        <ele>513.20001220703125</ele>
        <time>2026-03-30T14:28:38.000Z</time>
        <extensions>
          <ns3:TrackPointExtension>
            <ns3:hr>141</ns3:hr>
            <ns3:cad>0</ns3:cad>
          </ns3:TrackPointExtension>
        </extensions>
      </trkpt>
      <trkpt lat="35.972313098609447479248046875" lon="-81.1114183254539966583251953125">
        <ele>513.5999755859375</ele>
        <time>2026-03-30T14:28:42.000Z</time>
        <extensions>
          <ns3:TrackPointExtension>
            <ns3:hr>144</ns3:hr>
            <ns3:cad>0</ns3:cad>
          </ns3:TrackPointExtension>
        </extensions>
      </trkpt>
      <trkpt lat="35.972309745848178863525390625" lon="-81.1113993823528289794921875">
        <ele>513.5999755859375</ele>
        <time>2026-03-30T14:28:46.000Z</time>
        <extensions>
          <ns3:TrackPointExtension>
            <ns3:hr>147</ns3:hr>
            <ns3:cad>0</ns3:cad>
          </ns3:TrackPointExtension>
        </extensions>
      </trkpt>
      <trkpt lat="35.97231100313365459442138671875" lon="-81.111391000449657440185546875">
        <ele>514.4000244140625</ele>
        <time>2026-03-30T14:28:50.000Z</time>
        <extensions>
          <ns3:TrackPointExtension>
            <ns3:hr>148</ns3:hr>
            <ns3:cad>0</ns3:cad>
          </ns3:TrackPointExtension>
        </extensions>
      </trkpt>
      <trkpt lat="35.97231150604784488677978515625" lon="-81.111386306583881378173828125">
        <ele>514.4000244140625</ele>
        <time>2026-03-30T14:28:55.000Z</time>
        <extensions>
          <ns3:TrackPointExtension>
            <ns3:hr>145</ns3:hr>
            <ns3:cad>0</ns3:cad>
          </ns3:TrackPointExtension>
        </extensions>
      </trkpt>
      <trkpt lat="35.972343273460865020751953125" lon="-81.11138069070875644683837890625">
        <ele>514.4000244140625</ele>
        <time>2026-03-30T14:29:03.000Z</time>
        <extensions>
          <ns3:TrackPointExtension>
            <ns3:hr>143</ns3:hr>
            <ns3:cad>0</ns3:cad>
          </ns3:TrackPointExtension>
        </extensions>
      </trkpt>
      <trkpt lat="35.97235165536403656005859375" lon="-81.11134079284965991973876953125">
        <ele>514.5999755859375</ele>
        <time>2026-03-30T14:29:09.000Z</time>
        <extensions>
          <ns3:TrackPointExtension>
            <ns3:hr>141</ns3:hr>
            <ns3:cad>53</ns3:cad>
          </ns3:TrackPointExtension>
        </extensions>
      </trkpt>
      <trkpt lat="35.97235341556370258331298828125" lon="-81.1112758331000804901123046875">
        <ele>514.79998779296875</ele>
        <time>2026-03-30T14:29:17.000Z</time>
        <extensions>
          <ns3:TrackPointExtension>
            <ns3:hr>141</ns3:hr>
            <ns3:cad>0</ns3:cad>
          </ns3:TrackPointExtension>
        </extensions>
      </trkpt>
      <trkpt lat="35.9723528288304805755615234375" lon="-81.1112822033464908599853515625">
        <ele>514.79998779296875</ele>
        <time>2026-03-30T14:29:21.000Z</time>
        <extensions>
          <ns3:TrackPointExtension>
            <ns3:hr>138</ns3:hr>
            <ns3:cad>0</ns3:cad>
          </ns3:TrackPointExtension>
        </extensions>
      </trkpt>
      <trkpt lat="35.97235291264951229095458984375" lon="-81.11127541400492191314697265625">
        <ele>514.5999755859375</ele>
        <time>2026-03-30T14:29:25.000Z</time>
        <extensions>
          <ns3:TrackPointExtension>
            <ns3:hr>138</ns3:hr>
            <ns3:cad>0</ns3:cad>
          </ns3:TrackPointExtension>
        </extensions>
      </trkpt>
      <trkpt lat="35.97235165536403656005859375" lon="-81.1112832091748714447021484375">
        <ele>514.5999755859375</ele>
        <time>2026-03-30T14:29:30.000Z</time>
        <extensions>
          <ns3:TrackPointExtension>
            <ns3:hr>141</ns3:hr>
            <ns3:cad>0</ns3:cad>
          </ns3:TrackPointExtension>
        </extensions>
      </trkpt>
      <trkpt lat="35.9723343886435031890869140625" lon="-81.1112922616302967071533203125">
        <ele>515</ele>
        <time>2026-03-30T14:29:35.000Z</time>
        <extensions>
          <ns3:TrackPointExtension>
            <ns3:hr>140</ns3:hr>
            <ns3:cad>0</ns3:cad>
          </ns3:TrackPointExtension>
        </extensions>
      </trkpt>
      <trkpt lat="35.97233095206320285797119140625" lon="-81.11127524636685848236083984375">
        <ele>515.4000244140625</ele>
        <time>2026-03-30T14:29:40.000Z</time>
        <extensions>
          <ns3:TrackPointExtension>
            <ns3:hr>139</ns3:hr>
            <ns3:cad>0</ns3:cad>
          </ns3:TrackPointExtension>
        </extensions>
      </trkpt>
      <trkpt lat="35.97232793457806110382080078125" lon="-81.11126787029206752777099609375">
        <ele>515.5999755859375</ele>
        <time>2026-03-30T14:29:41.000Z</time>
        <extensions>
          <ns3:TrackPointExtension>
            <ns3:hr>138</ns3:hr>
            <ns3:cad>0</ns3:cad>
          </ns3:TrackPointExtension>
        </extensions>
      </trkpt>
      <trkpt lat="35.9723250009119510650634765625" lon="-81.1112459935247898101806640625">
        <ele>516.5999755859375</ele>
        <time>2026-03-30T14:29:44.000Z</time>
        <extensions>
          <ns3:TrackPointExtension>
            <ns3:hr>138</ns3:hr>
            <ns3:cad>0</ns3:cad>
          </ns3:TrackPointExtension>
        </extensions>
      </trkpt>
      <trkpt lat="35.972332544624805450439453125" lon="-81.1112379468977451324462890625">
        <ele>517.4000244140625</ele>
        <time>2026-03-30T14:29:48.000Z</time>
        <extensions>
          <ns3:TrackPointExtension>
            <ns3:hr>138</ns3:hr>
            <ns3:cad>0</ns3:cad>
          </ns3:TrackPointExtension>
        </extensions>
      </trkpt>
      <trkpt lat="35.9723548404872417449951171875" lon="-81.111235432326793670654296875">
        <ele>517.4000244140625</ele>
        <time>2026-03-30T14:29:51.000Z</time>
        <extensions>
          <ns3:TrackPointExtension>
            <ns3:hr>134</ns3:hr>
            <ns3:cad>0</ns3:cad>
          </ns3:TrackPointExtension>
        </extensions>
      </trkpt>
      <trkpt lat="35.97235257737338542938232421875" lon="-81.1112255416810512542724609375">
        <ele>517.5999755859375</ele>
        <time>2026-03-30T14:29:53.000Z</time>
        <extensions>
          <ns3:TrackPointExtension>
            <ns3:hr>132</ns3:hr>
            <ns3:cad>0</ns3:cad>
          </ns3:TrackPointExtension>
        </extensions>
      </trkpt>
      <trkpt lat="35.97235341556370258331298828125" lon="-81.11122998408973217010498046875">
        <ele>517.5999755859375</ele>
        <time>2026-03-30T14:29:54.000Z</time>
        <extensions>
          <ns3:TrackPointExtension>
            <ns3:hr>133</ns3:hr>
            <ns3:cad>0</ns3:cad>
          </ns3:TrackPointExtension>
        </extensions>
      </trkpt>
      <trkpt lat="35.97234637476503849029541015625" lon="-81.11121288500726222991943359375">
        <ele>518.79998779296875</ele>
        <time>2026-03-30T14:29:59.000Z</time>
        <extensions>
          <ns3:TrackPointExtension>
            <ns3:hr>134</ns3:hr>
            <ns3:cad>0</ns3:cad>
          </ns3:TrackPointExtension>
        </extensions>
      </trkpt>
      <trkpt lat="35.97233246080577373504638671875" lon="-81.11121271736919879913330078125">
        <ele>519.4000244140625</ele>
        <time>2026-03-30T14:30:02.000Z</time>
        <extensions>
          <ns3:TrackPointExtension>
            <ns3:hr>134</ns3:hr>
            <ns3:cad>41</ns3:cad>
          </ns3:TrackPointExtension>
        </extensions>
      </trkpt>
      <trkpt lat="35.972323827445507049560546875" lon="-81.111213974654674530029296875">
        <ele>520</ele>
        <time>2026-03-30T14:30:04.000Z</time>
        <extensions>
          <ns3:TrackPointExtension>
            <ns3:hr>135</ns3:hr>
            <ns3:cad>0</ns3:cad>
          </ns3:TrackPointExtension>
        </extensions>
      </trkpt>
      <trkpt lat="35.97228669561445713043212890625" lon="-81.11121808178722858428955078125">
        <ele>520</ele>
        <time>2026-03-30T14:30:10.000Z</time>
        <extensions>
          <ns3:TrackPointExtension>
            <ns3:hr>137</ns3:hr>
            <ns3:cad>65</ns3:cad>
          </ns3:TrackPointExtension>
        </extensions>
      </trkpt>
      <trkpt lat="35.97229524515569210052490234375" lon="-81.11123987473547458648681640625">
        <ele>519.79998779296875</ele>
        <time>2026-03-30T14:30:15.000Z</time>
        <extensions>
          <ns3:TrackPointExtension>
            <ns3:hr>141</ns3:hr>
            <ns3:cad>0</ns3:cad>
          </ns3:TrackPointExtension>
        </extensions>
      </trkpt>
      <trkpt lat="35.9722975082695484161376953125" lon="-81.1112506873905658721923828125">
        <ele>519.20001220703125</ele>
        <time>2026-03-30T14:30:18.000Z</time>
        <extensions>
          <ns3:TrackPointExtension>
            <ns3:hr>142</ns3:hr>
            <ns3:cad>0</ns3:cad>
          </ns3:TrackPointExtension>
        </extensions>
      </trkpt>
      <trkpt lat="35.97228401340544223785400390625" lon="-81.11125714145600795745849609375">
        <ele>518.79998779296875</ele>
        <time>2026-03-30T14:30:20.000Z</time>
        <extensions>
          <ns3:TrackPointExtension>
            <ns3:hr>141</ns3:hr>
            <ns3:cad>0</ns3:cad>
          </ns3:TrackPointExtension>
        </extensions>
      </trkpt>
      <trkpt lat="35.9722515754401683807373046875" lon="-81.1112657748162746429443359375">
        <ele>518.20001220703125</ele>
        <time>2026-03-30T14:30:25.000Z</time>
        <extensions>
          <ns3:TrackPointExtension>
            <ns3:hr>141</ns3:hr>
            <ns3:cad>43</ns3:cad>
          </ns3:TrackPointExtension>
        </extensions>
      </trkpt>
      <trkpt lat="35.9722063131630420684814453125" lon="-81.11127809621393680572509765625">
        <ele>518</ele>
        <time>2026-03-30T14:30:29.000Z</time>
        <extensions>
          <ns3:TrackPointExtension>
            <ns3:hr>138</ns3:hr>
            <ns3:cad>0</ns3:cad>
          </ns3:TrackPointExtension>
        </extensions>
      </trkpt>
      <trkpt lat="35.97218510694801807403564453125" lon="-81.11128580756485462188720703125">
        <ele>517.79998779296875</ele>
        <time>2026-03-30T14:30:31.000Z</time>
        <extensions>
          <ns3:TrackPointExtension>
            <ns3:hr>137</ns3:hr>
            <ns3:cad>0</ns3:cad>
          </ns3:TrackPointExtension>
        </extensions>
      </trkpt>
      <trkpt lat="35.97217169590294361114501953125" lon="-81.1112959496676921844482421875">
        <ele>518.20001220703125</ele>
        <time>2026-03-30T14:30:37.000Z</time>
        <extensions>
          <ns3:TrackPointExtension>
            <ns3:hr>133</ns3:hr>
            <ns3:cad>41</ns3:cad>
          </ns3:TrackPointExtension>
        </extensions>
      </trkpt>
      <trkpt lat="35.97216750495135784149169921875" lon="-81.1113043315708637237548828125">
        <ele>518.4000244140625</ele>
        <time>2026-03-30T14:30:40.000Z</time>
        <extensions>
          <ns3:TrackPointExtension>
            <ns3:hr>130</ns3:hr>
            <ns3:cad>0</ns3:cad>
          </ns3:TrackPointExtension>
        </extensions>
      </trkpt>
      <trkpt lat="35.97214219160377979278564453125" lon="-81.111317574977874755859375">
        <ele>518.79998779296875</ele>
        <time>2026-03-30T14:30:45.000Z</time>
        <extensions>
          <ns3:TrackPointExtension>
            <ns3:hr>128</ns3:hr>
            <ns3:cad>0</ns3:cad>
          </ns3:TrackPointExtension>
        </extensions>
      </trkpt>
      <trkpt lat="35.97211972810328006744384765625" lon="-81.11134045757353305816650390625">
        <ele>518.5999755859375</ele>
        <time>2026-03-30T14:30:53.000Z</time>
        <extensions>
          <ns3:TrackPointExtension>
            <ns3:hr>127</ns3:hr>
            <ns3:cad>0</ns3:cad>
          </ns3:TrackPointExtension>
        </extensions>
      </trkpt>
      <trkpt lat="35.97211562097072601318359375" lon="-81.11132092773914337158203125">
        <ele>519</ele>
        <time>2026-03-30T14:30:58.000Z</time>
        <extensions>
          <ns3:TrackPointExtension>
            <ns3:hr>129</ns3:hr>
            <ns3:cad>0</ns3:cad>
          </ns3:TrackPointExtension>
        </extensions>
      </trkpt>
      <trkpt lat="35.97210564650595188140869140625" lon="-81.1113204248249530792236328125">
        <ele>519</ele>
        <time>2026-03-30T14:30:59.000Z</time>
        <extensions>
          <ns3:TrackPointExtension>
            <ns3:hr>129</ns3:hr>
            <ns3:cad>0</ns3:cad>
          </ns3:TrackPointExtension>
        </extensions>
      </trkpt>
      <trkpt lat="35.9721033833920955657958984375" lon="-81.1113231070339679718017578125">
        <ele>519.20001220703125</ele>
        <time>2026-03-30T14:31:00.000Z</time>
        <extensions>
          <ns3:TrackPointExtension>
            <ns3:hr>126</ns3:hr>
            <ns3:cad>0</ns3:cad>
          </ns3:TrackPointExtension>
        </extensions>
      </trkpt>
      <trkpt lat="35.9721043892204761505126953125" lon="-81.11133526079356670379638671875">
        <ele>519.5999755859375</ele>
        <time>2026-03-30T14:31:02.000Z</time>
        <extensions>
          <ns3:TrackPointExtension>
            <ns3:hr>123</ns3:hr>
            <ns3:cad>0</ns3:cad>
          </ns3:TrackPointExtension>
        </extensions>
      </trkpt>
      <trkpt lat="35.97209659405052661895751953125" lon="-81.1113318242132663726806640625">
        <ele>519.79998779296875</ele>
        <time>2026-03-30T14:31:05.000Z</time>
        <extensions>
          <ns3:TrackPointExtension>
            <ns3:hr>122</ns3:hr>
            <ns3:cad>0</ns3:cad>
          </ns3:TrackPointExtension>
        </extensions>
      </trkpt>
      <trkpt lat="35.9720960073173046112060546875" lon="-81.11132629215717315673828125">
        <ele>519.5999755859375</ele>
        <time>2026-03-30T14:31:10.000Z</time>
        <extensions>
          <ns3:TrackPointExtension>
            <ns3:hr>122</ns3:hr>
            <ns3:cad>0</ns3:cad>
          </ns3:TrackPointExtension>
        </extensions>
      </trkpt>
      <trkpt lat="35.97209751605987548828125" lon="-81.1113254539668560028076171875">
        <ele>519.5999755859375</ele>
        <time>2026-03-30T14:31:18.000Z</time>
        <extensions>
          <ns3:TrackPointExtension>
            <ns3:hr>123</ns3:hr>
            <ns3:cad>0</ns3:cad>
          </ns3:TrackPointExtension>
        </extensions>
      </trkpt>
      <trkpt lat="35.97211201675236225128173828125" lon="-81.11130726523697376251220703125">
        <ele>519.20001220703125</ele>
        <time>2026-03-30T14:31:28.000Z</time>
        <extensions>
          <ns3:TrackPointExtension>
            <ns3:hr>122</ns3:hr>
            <ns3:cad>0</ns3:cad>
          </ns3:TrackPointExtension>
        </extensions>
      </trkpt>
      <trkpt lat="35.97209944389760494232177734375" lon="-81.11130005680024623870849609375">
        <ele>519.4000244140625</ele>
        <time>2026-03-30T14:31:37.000Z</time>
        <extensions>
          <ns3:TrackPointExtension>
            <ns3:hr>123</ns3:hr>
            <ns3:cad>0</ns3:cad>
          </ns3:TrackPointExtension>
        </extensions>
      </trkpt>
      <trkpt lat="35.972087793052196502685546875" lon="-81.11130894161760807037353515625">
        <ele>519.4000244140625</ele>
        <time>2026-03-30T14:31:43.000Z</time>
        <extensions>
          <ns3:TrackPointExtension>
            <ns3:hr>127</ns3:hr>
            <ns3:cad>0</ns3:cad>
          </ns3:TrackPointExtension>
        </extensions>
      </trkpt>
      <trkpt lat="35.972083769738674163818359375" lon="-81.1113110370934009552001953125">
        <ele>519.4000244140625</ele>
        <time>2026-03-30T14:31:44.000Z</time>
        <extensions>
          <ns3:TrackPointExtension>
            <ns3:hr>132</ns3:hr>
            <ns3:cad>0</ns3:cad>
          </ns3:TrackPointExtension>
        </extensions>
      </trkpt>
      <trkpt lat="35.972085110843181610107421875" lon="-81.11131195910274982452392578125">
        <ele>519.4000244140625</ele>
        <time>2026-03-30T14:31:46.000Z</time>
        <extensions>
          <ns3:TrackPointExtension>
            <ns3:hr>133</ns3:hr>
            <ns3:cad>0</ns3:cad>
          </ns3:TrackPointExtension>
        </extensions>
      </trkpt>
      <trkpt lat="35.9720688499510288238525390625" lon="-81.1113459058105945587158203125">
        <ele>519.20001220703125</ele>
        <time>2026-03-30T14:31:50.000Z</time>
        <extensions>
          <ns3:TrackPointExtension>
            <ns3:hr>132</ns3:hr>
            <ns3:cad>0</ns3:cad>
          </ns3:TrackPointExtension>
        </extensions>
      </trkpt>
      <trkpt lat="35.9720693528652191162109375" lon="-81.11139410175383090972900390625">
        <ele>518.5999755859375</ele>
        <time>2026-03-30T14:31:57.000Z</time>
        <extensions>
          <ns3:TrackPointExtension>
            <ns3:hr>129</ns3:hr>
            <ns3:cad>0</ns3:cad>
          </ns3:TrackPointExtension>
        </extensions>
      </trkpt>
      <trkpt lat="35.972080416977405548095703125" lon="-81.11140382476150989532470703125">
        <ele>518</ele>
        <time>2026-03-30T14:32:01.000Z</time>
        <extensions>
          <ns3:TrackPointExtension>
            <ns3:hr>126</ns3:hr>
            <ns3:cad>0</ns3:cad>
          </ns3:TrackPointExtension>
        </extensions>
      </trkpt>
      <trkpt lat="35.97208217717707157135009765625" lon="-81.111403405666351318359375">
        <ele>517.79998779296875</ele>
        <time>2026-03-30T14:32:02.000Z</time>
        <extensions>
          <ns3:TrackPointExtension>
            <ns3:hr>125</ns3:hr>
            <ns3:cad>0</ns3:cad>
          </ns3:TrackPointExtension>
        </extensions>
      </trkpt>
      <trkpt lat="35.97208217717707157135009765625" lon="-81.111403405666351318359375">
        <ele>517.5999755859375</ele>
        <time>2026-03-30T14:32:04.000Z</time>
        <extensions>
          <ns3:TrackPointExtension>
            <ns3:hr>122</ns3:hr>
            <ns3:cad>0</ns3:cad>
          </ns3:TrackPointExtension>
        </extensions>
      </trkpt>
      <trkpt lat="35.97208217717707157135009765625" lon="-81.111403405666351318359375">
        <ele>518.20001220703125</ele>
        <time>2026-03-30T14:32:11.000Z</time>
        <extensions>
          <ns3:TrackPointExtension>
            <ns3:hr>125</ns3:hr>
            <ns3:cad>0</ns3:cad>
          </ns3:TrackPointExtension>
        </extensions>
      </trkpt>
      <trkpt lat="35.97208703868091106414794921875" lon="-81.1113891564309597015380859375">
        <ele>518.4000244140625</ele>
        <time>2026-03-30T14:32:13.000Z</time>
        <extensions>
          <ns3:TrackPointExtension>
            <ns3:hr>126</ns3:hr>
            <ns3:cad>0</ns3:cad>
          </ns3:TrackPointExtension>
        </extensions>
      </trkpt>
      <trkpt lat="35.97208318300545215606689453125" lon="-81.1113606579601764678955078125">
        <ele>518.79998779296875</ele>
        <time>2026-03-30T14:32:17.000Z</time>
        <extensions>
          <ns3:TrackPointExtension>
            <ns3:hr>125</ns3:hr>
            <ns3:cad>0</ns3:cad>
          </ns3:TrackPointExtension>
        </extensions>
      </trkpt>
      <trkpt lat="35.97206105478107929229736328125" lon="-81.111336015164852142333984375">
        <ele>519.20001220703125</ele>
        <time>2026-03-30T14:32:20.000Z</time>
        <extensions>
          <ns3:TrackPointExtension>
            <ns3:hr>124</ns3:hr>
            <ns3:cad>45</ns3:cad>
          </ns3:TrackPointExtension>
        </extensions>
      </trkpt>
      <trkpt lat="35.9720410220324993133544921875" lon="-81.11129921860992908477783203125">
        <ele>520</ele>
        <time>2026-03-30T14:32:26.000Z</time>
        <extensions>
          <ns3:TrackPointExtension>
            <ns3:hr>125</ns3:hr>
            <ns3:cad>77</ns3:cad>
          </ns3:TrackPointExtension>
        </extensions>
      </trkpt>
      <trkpt lat="35.97205569036304950714111328125" lon="-81.1112912558019161224365234375">
        <ele>520.4000244140625</ele>
        <time>2026-03-30T14:32:28.000Z</time>
        <extensions>
          <ns3:TrackPointExtension>
            <ns3:hr>125</ns3:hr>
            <ns3:cad>41</ns3:cad>
          </ns3:TrackPointExtension>
        </extensions>
      </trkpt>
      <trkpt lat="35.97207345999777317047119140625" lon="-81.11129947006702423095703125">
        <ele>521</ele>
        <time>2026-03-30T14:32:35.000Z</time>
        <extensions>
          <ns3:TrackPointExtension>
            <ns3:hr>127</ns3:hr>
            <ns3:cad>68</ns3:cad>
          </ns3:TrackPointExtension>
        </extensions>
      </trkpt>
      <trkpt lat="35.97209106199443340301513671875" lon="-81.11130726523697376251220703125">
        <ele>521.79998779296875</ele>
        <time>2026-03-30T14:32:39.000Z</time>
        <extensions>
          <ns3:TrackPointExtension>
            <ns3:hr>130</ns3:hr>
            <ns3:cad>66</ns3:cad>
          </ns3:TrackPointExtension>
        </extensions>
      </trkpt>
      <trkpt lat="35.97209810279309749603271484375" lon="-81.11130458302795886993408203125">
        <ele>522</ele>
        <time>2026-03-30T14:32:42.000Z</time>
        <extensions>
          <ns3:TrackPointExtension>
            <ns3:hr>132</ns3:hr>
            <ns3:cad>0</ns3:cad>
          </ns3:TrackPointExtension>
        </extensions>
      </trkpt>
      <trkpt lat="35.97208703868091106414794921875" lon="-81.11130726523697376251220703125">
        <ele>522.20001220703125</ele>
        <time>2026-03-30T14:32:47.000Z</time>
        <extensions>
          <ns3:TrackPointExtension>
            <ns3:hr>138</ns3:hr>
            <ns3:cad>0</ns3:cad>
          </ns3:TrackPointExtension>
        </extensions>
      </trkpt>
      <trkpt lat="35.9720919840037822723388671875" lon="-81.11127843149006366729736328125">
        <ele>521.79998779296875</ele>
        <time>2026-03-30T14:32:51.000Z</time>
        <extensions>
          <ns3:TrackPointExtension>
            <ns3:hr>140</ns3:hr>
            <ns3:cad>62</ns3:cad>
          </ns3:TrackPointExtension>
        </extensions>
      </trkpt>
      <trkpt lat="35.9721295349299907684326171875" lon="-81.11124314367771148681640625">
        <ele>521.79998779296875</ele>
        <time>2026-03-30T14:32:58.000Z</time>
        <extensions>
          <ns3:TrackPointExtension>
            <ns3:hr>141</ns3:hr>
            <ns3:cad>0</ns3:cad>
          </ns3:TrackPointExtension>
        </extensions>
      </trkpt>
      <trkpt lat="35.9721486456692218780517578125" lon="-81.11125512979924678802490234375">
        <ele>521.4000244140625</ele>
        <time>2026-03-30T14:33:01.000Z</time>
        <extensions>
          <ns3:TrackPointExtension>
            <ns3:hr>138</ns3:hr>
            <ns3:cad>0</ns3:cad>
          </ns3:TrackPointExtension>
        </extensions>
      </trkpt>
      <trkpt lat="35.97215359099209308624267578125" lon="-81.11123970709741115570068359375">
        <ele>521</ele>
        <time>2026-03-30T14:33:04.000Z</time>
        <extensions>
          <ns3:TrackPointExtension>
            <ns3:hr>136</ns3:hr>
            <ns3:cad>68</ns3:cad>
          </ns3:TrackPointExtension>
        </extensions>
      </trkpt>
      <trkpt lat="35.97217873670160770416259765625" lon="-81.111228056252002716064453125">
        <ele>521.20001220703125</ele>
        <time>2026-03-30T14:33:09.000Z</time>
        <extensions>
          <ns3:TrackPointExtension>
            <ns3:hr>135</ns3:hr>
            <ns3:cad>0</ns3:cad>
          </ns3:TrackPointExtension>
        </extensions>
      </trkpt>
      <trkpt lat="35.97220547497272491455078125" lon="-81.11124624498188495635986328125">
        <ele>521</ele>
        <time>2026-03-30T14:33:16.000Z</time>
        <extensions>
          <ns3:TrackPointExtension>
            <ns3:hr>132</ns3:hr>
            <ns3:cad>0</ns3:cad>
          </ns3:TrackPointExtension>
        </extensions>
      </trkpt>
      <trkpt lat="35.97219281829893589019775390625" lon="-81.11123937182128429412841796875">
        <ele>521.20001220703125</ele>
        <time>2026-03-30T14:33:21.000Z</time>
        <extensions>
          <ns3:TrackPointExtension>
            <ns3:hr>129</ns3:hr>
            <ns3:cad>0</ns3:cad>
          </ns3:TrackPointExtension>
        </extensions>
      </trkpt>
      <trkpt lat="35.97216482274234294891357421875" lon="-81.1112453229725360870361328125">
        <ele>521.20001220703125</ele>
        <time>2026-03-30T14:33:25.000Z</time>
        <extensions>
          <ns3:TrackPointExtension>
            <ns3:hr>126</ns3:hr>
            <ns3:cad>0</ns3:cad>
          </ns3:TrackPointExtension>
        </extensions>
      </trkpt>
      <trkpt lat="35.97215862013399600982666015625" lon="-81.11124850809574127197265625">
        <ele>520.5999755859375</ele>
        <time>2026-03-30T14:33:28.000Z</time>
        <extensions>
          <ns3:TrackPointExtension>
            <ns3:hr>123</ns3:hr>
            <ns3:cad>0</ns3:cad>
          </ns3:TrackPointExtension>
        </extensions>
      </trkpt>
      <trkpt lat="35.97216214053332805633544921875" lon="-81.11127004958689212799072265625">
        <ele>520</ele>
        <time>2026-03-30T14:33:30.000Z</time>
        <extensions>
          <ns3:TrackPointExtension>
            <ns3:hr>124</ns3:hr>
            <ns3:cad>0</ns3:cad>
          </ns3:TrackPointExtension>
        </extensions>
      </trkpt>
      <trkpt lat="35.9721659123897552490234375" lon="-81.1112778447568416595458984375">
        <ele>519.5999755859375</ele>
        <time>2026-03-30T14:33:31.000Z</time>
        <extensions>
          <ns3:TrackPointExtension>
            <ns3:hr>123</ns3:hr>
            <ns3:cad>0</ns3:cad>
          </ns3:TrackPointExtension>
        </extensions>
      </trkpt>
      <trkpt lat="35.9721858613193035125732421875" lon="-81.11129150725901126861572265625">
        <ele>519</ele>
        <time>2026-03-30T14:33:34.000Z</time>
        <extensions>
          <ns3:TrackPointExtension>
            <ns3:hr>121</ns3:hr>
            <ns3:cad>0</ns3:cad>
          </ns3:TrackPointExtension>
        </extensions>
      </trkpt>
      <trkpt lat="35.97219516523182392120361328125" lon="-81.11129167489707469940185546875">
        <ele>518.79998779296875</ele>
        <time>2026-03-30T14:33:36.000Z</time>
        <extensions>
          <ns3:TrackPointExtension>
            <ns3:hr>117</ns3:hr>
            <ns3:cad>0</ns3:cad>
          </ns3:TrackPointExtension>
        </extensions>
      </trkpt>
      <trkpt lat="35.9722106717526912689208984375" lon="-81.1112956143915653228759765625">
        <ele>518.5999755859375</ele>
        <time>2026-03-30T14:33:38.000Z</time>
        <extensions>
          <ns3:TrackPointExtension>
            <ns3:hr>117</ns3:hr>
            <ns3:cad>0</ns3:cad>
          </ns3:TrackPointExtension>
        </extensions>
      </trkpt>
      <trkpt lat="35.97220555879175662994384765625" lon="-81.1112966202199459075927734375">
        <ele>518</ele>
        <time>2026-03-30T14:33:42.000Z</time>
        <extensions>
          <ns3:TrackPointExtension>
            <ns3:hr>118</ns3:hr>
            <ns3:cad>0</ns3:cad>
          </ns3:TrackPointExtension>
        </extensions>
      </trkpt>
      <trkpt lat="35.97219818271696567535400390625" lon="-81.11130374483764171600341796875">
        <ele>517.79998779296875</ele>
        <time>2026-03-30T14:33:44.000Z</time>
        <extensions>
          <ns3:TrackPointExtension>
            <ns3:hr>118</ns3:hr>
            <ns3:cad>0</ns3:cad>
          </ns3:TrackPointExtension>
        </extensions>
      </trkpt>
      <trkpt lat="35.97221226431429386138916015625" lon="-81.1113135516643524169921875">
        <ele>516.79998779296875</ele>
        <time>2026-03-30T14:33:49.000Z</time>
        <extensions>
          <ns3:TrackPointExtension>
            <ns3:hr>119</ns3:hr>
            <ns3:cad>53</ns3:cad>
          </ns3:TrackPointExtension>
        </extensions>
      </trkpt>
      <trkpt lat="35.9722160361707210540771484375" lon="-81.1113076843321323394775390625">
        <ele>516.5999755859375</ele>
        <time>2026-03-30T14:33:50.000Z</time>
        <extensions>
          <ns3:TrackPointExtension>
            <ns3:hr>119</ns3:hr>
            <ns3:cad>53</ns3:cad>
          </ns3:TrackPointExtension>
        </extensions>
      </trkpt>
      <trkpt lat="35.972277224063873291015625" lon="-81.11129402182996273040771484375">
        <ele>516.79998779296875</ele>
        <time>2026-03-30T14:33:57.000Z</time>
        <extensions>
          <ns3:TrackPointExtension>
            <ns3:hr>121</ns3:hr>
            <ns3:cad>0</ns3:cad>
          </ns3:TrackPointExtension>
        </extensions>
      </trkpt>
      <trkpt lat="35.97228418104350566864013671875" lon="-81.11128999851644039154052734375">
        <ele>517</ele>
        <time>2026-03-30T14:34:02.000Z</time>
        <extensions>
          <ns3:TrackPointExtension>
            <ns3:hr>118</ns3:hr>
            <ns3:cad>0</ns3:cad>
          </ns3:TrackPointExtension>
        </extensions>
      </trkpt>
      <trkpt lat="35.97229801118373870849609375" lon="-81.111280024051666259765625">
        <ele>517.20001220703125</ele>
        <time>2026-03-30T14:34:04.000Z</time>
        <extensions>
          <ns3:TrackPointExtension>
            <ns3:hr>116</ns3:hr>
            <ns3:cad>56</ns3:cad>
          </ns3:TrackPointExtension>
        </extensions>
      </trkpt>
      <trkpt lat="35.97232357598841190338134765625" lon="-81.1112429760396480560302734375">
        <ele>517.79998779296875</ele>
        <time>2026-03-30T14:34:12.000Z</time>
        <extensions>
          <ns3:TrackPointExtension>
            <ns3:hr>117</ns3:hr>
            <ns3:cad>0</ns3:cad>
          </ns3:TrackPointExtension>
        </extensions>
      </trkpt>
      <trkpt lat="35.97232223488390445709228515625" lon="-81.1112362705171108245849609375">
        <ele>518.4000244140625</ele>
        <time>2026-03-30T14:34:16.000Z</time>
        <extensions>
          <ns3:TrackPointExtension>
            <ns3:hr>120</ns3:hr>
            <ns3:cad>0</ns3:cad>
          </ns3:TrackPointExtension>
        </extensions>
      </trkpt>
      <trkpt lat="35.97232483327388763427734375" lon="-81.1112389527261257171630859375">
        <ele>518.5999755859375</ele>
        <time>2026-03-30T14:34:18.000Z</time>
        <extensions>
          <ns3:TrackPointExtension>
            <ns3:hr>123</ns3:hr>
            <ns3:cad>0</ns3:cad>
          </ns3:TrackPointExtension>
        </extensions>
      </trkpt>
      <trkpt lat="35.97233782522380352020263671875" lon="-81.11122394911944866180419921875">
        <ele>518.5999755859375</ele>
        <time>2026-03-30T14:34:21.000Z</time>
        <extensions>
          <ns3:TrackPointExtension>
            <ns3:hr>124</ns3:hr>
            <ns3:cad>0</ns3:cad>
          </ns3:TrackPointExtension>
        </extensions>
      </trkpt>
      <trkpt lat="35.97234872169792652130126953125" lon="-81.11118488945066928863525390625">
        <ele>518.5999755859375</ele>
        <time>2026-03-30T14:34:28.000Z</time>
        <extensions>
          <ns3:TrackPointExtension>
            <ns3:hr>124</ns3:hr>
            <ns3:cad>0</ns3:cad>
          </ns3:TrackPointExtension>
        </extensions>
      </trkpt>
      <trkpt lat="35.97235576249659061431884765625" lon="-81.11116829328238964080810546875">
        <ele>518.79998779296875</ele>
        <time>2026-03-30T14:34:34.000Z</time>
        <extensions>
          <ns3:TrackPointExtension>
            <ns3:hr>124</ns3:hr>
            <ns3:cad>0</ns3:cad>
          </ns3:TrackPointExtension>
        </extensions>
      </trkpt>
      <trkpt lat="35.972358696162700653076171875" lon="-81.11116762273013591766357421875">
        <ele>518.79998779296875</ele>
        <time>2026-03-30T14:34:37.000Z</time>
        <extensions>
          <ns3:TrackPointExtension>
            <ns3:hr>125</ns3:hr>
            <ns3:cad>0</ns3:cad>
          </ns3:TrackPointExtension>
        </extensions>
      </trkpt>
      <trkpt lat="35.97236900590360164642333984375" lon="-81.11118203960359096527099609375">
        <ele>519</ele>
        <time>2026-03-30T14:34:44.000Z</time>
        <extensions>
          <ns3:TrackPointExtension>
            <ns3:hr>125</ns3:hr>
            <ns3:cad>0</ns3:cad>
          </ns3:TrackPointExtension>
        </extensions>
      </trkpt>
      <trkpt lat="35.97233816049993038177490234375" lon="-81.1111450754106044769287109375">
        <ele>519.79998779296875</ele>
        <time>2026-03-30T14:34:52.000Z</time>
        <extensions>
          <ns3:TrackPointExtension>
            <ns3:hr>127</ns3:hr>
            <ns3:cad>0</ns3:cad>
          </ns3:TrackPointExtension>
        </extensions>
      </trkpt>
      <trkpt lat="35.97233346663415431976318359375" lon="-81.11114767380058765411376953125">
        <ele>520</ele>
        <time>2026-03-30T14:34:53.000Z</time>
        <extensions>
          <ns3:TrackPointExtension>
            <ns3:hr>129</ns3:hr>
            <ns3:cad>0</ns3:cad>
          </ns3:TrackPointExtension>
        </extensions>
      </trkpt>
      <trkpt lat="35.97234117798507213592529296875" lon="-81.1111283116042613983154296875">
        <ele>520.4000244140625</ele>
        <time>2026-03-30T14:34:58.000Z</time>
        <extensions>
          <ns3:TrackPointExtension>
            <ns3:hr>131</ns3:hr>
            <ns3:cad>0</ns3:cad>
          </ns3:TrackPointExtension>
        </extensions>
      </trkpt>
      <trkpt lat="35.9723082371056079864501953125" lon="-81.111128143966197967529296875">
        <ele>520.4000244140625</ele>
        <time>2026-03-30T14:35:05.000Z</time>
        <extensions>
          <ns3:TrackPointExtension>
            <ns3:hr>134</ns3:hr>
            <ns3:cad>0</ns3:cad>
          </ns3:TrackPointExtension>
        </extensions>
      </trkpt>
      <trkpt lat="35.97230471670627593994140625" lon="-81.1111306585371494293212890625">
        <ele>520.5999755859375</ele>
        <time>2026-03-30T14:35:06.000Z</time>
        <extensions>
          <ns3:TrackPointExtension>
            <ns3:hr>134</ns3:hr>
            <ns3:cad>0</ns3:cad>
          </ns3:TrackPointExtension>
        </extensions>
      </trkpt>
      <trkpt lat="35.9722678363323211669921875" lon="-81.1111390404403209686279296875">
        <ele>520.79998779296875</ele>
        <time>2026-03-30T14:35:13.000Z</time>
        <extensions>
          <ns3:TrackPointExtension>
            <ns3:hr>133</ns3:hr>
            <ns3:cad>0</ns3:cad>
          </ns3:TrackPointExtension>
        </extensions>
      </trkpt>
      <trkpt lat="35.9722398407757282257080078125" lon="-81.11112671904265880584716796875">
        <ele>520.5999755859375</ele>
        <time>2026-03-30T14:35:20.000Z</time>
        <extensions>
          <ns3:TrackPointExtension>
            <ns3:hr>133</ns3:hr>
            <ns3:cad>0</ns3:cad>
          </ns3:TrackPointExtension>
        </extensions>
      </trkpt>
      <trkpt lat="35.97217538394033908843994140625" lon="-81.1111350171267986297607421875">
        <ele>520.79998779296875</ele>
        <time>2026-03-30T14:35:28.000Z</time>
        <extensions>
          <ns3:TrackPointExtension>
            <ns3:hr>131</ns3:hr>
            <ns3:cad>0</ns3:cad>
          </ns3:TrackPointExtension>
        </extensions>
      </trkpt>
      <trkpt lat="35.9721674211323261260986328125" lon="-81.11118421889841556549072265625">
        <ele>520.4000244140625</ele>
        <time>2026-03-30T14:35:35.000Z</time>
        <extensions>
          <ns3:TrackPointExtension>
            <ns3:hr>129</ns3:hr>
            <ns3:cad>0</ns3:cad>
          </ns3:TrackPointExtension>
        </extensions>
      </trkpt>
      <trkpt lat="35.9721422754228115081787109375" lon="-81.11119486391544342041015625">
        <ele>519.79998779296875</ele>
        <time>2026-03-30T14:35:43.000Z</time>
        <extensions>
          <ns3:TrackPointExtension>
            <ns3:hr>129</ns3:hr>
            <ns3:cad>0</ns3:cad>
          </ns3:TrackPointExtension>
        </extensions>
      </trkpt>
      <trkpt lat="35.9721489809453487396240234375" lon="-81.111198551952838897705078125">
        <ele>519.4000244140625</ele>
        <time>2026-03-30T14:35:48.000Z</time>
        <extensions>
          <ns3:TrackPointExtension>
            <ns3:hr>126</ns3:hr>
            <ns3:cad>0</ns3:cad>
          </ns3:TrackPointExtension>
        </extensions>
      </trkpt>
      <trkpt lat="35.97214235924184322357177734375" lon="-81.111199557781219482421875">
        <ele>519.5999755859375</ele>
        <time>2026-03-30T14:35:50.000Z</time>
        <extensions>
          <ns3:TrackPointExtension>
            <ns3:hr>124</ns3:hr>
            <ns3:cad>0</ns3:cad>
          </ns3:TrackPointExtension>
        </extensions>
      </trkpt>
      <trkpt lat="35.97213707864284515380859375" lon="-81.1112094484269618988037109375">
        <ele>519.79998779296875</ele>
        <time>2026-03-30T14:35:54.000Z</time>
        <extensions>
          <ns3:TrackPointExtension>
            <ns3:hr>121</ns3:hr>
            <ns3:cad>0</ns3:cad>
          </ns3:TrackPointExtension>
        </extensions>
      </trkpt>
      <trkpt lat="35.97210547886788845062255859375" lon="-81.111200563609600067138671875">
        <ele>520.20001220703125</ele>
        <time>2026-03-30T14:35:58.000Z</time>
        <extensions>
          <ns3:TrackPointExtension>
            <ns3:hr>119</ns3:hr>
            <ns3:cad>0</ns3:cad>
          </ns3:TrackPointExtension>
        </extensions>
      </trkpt>
      <trkpt lat="35.97208184190094470977783203125" lon="-81.11118891276419162750244140625">
        <ele>520.4000244140625</ele>
        <time>2026-03-30T14:36:01.000Z</time>
        <extensions>
          <ns3:TrackPointExtension>
            <ns3:hr>124</ns3:hr>
            <ns3:cad>69</ns3:cad>
          </ns3:TrackPointExtension>
        </extensions>
      </trkpt>
      <trkpt lat="35.97207983024418354034423828125" lon="-81.111179105937480926513671875">
        <ele>520.5999755859375</ele>
        <time>2026-03-30T14:36:02.000Z</time>
        <extensions>
          <ns3:TrackPointExtension>
            <ns3:hr>127</ns3:hr>
            <ns3:cad>69</ns3:cad>
          </ns3:TrackPointExtension>
        </extensions>
      </trkpt>
      <trkpt lat="35.97208133898675441741943359375" lon="-81.11117214895784854888916015625">
        <ele>520.5999755859375</ele>
        <time>2026-03-30T14:36:03.000Z</time>
        <extensions>
          <ns3:TrackPointExtension>
            <ns3:hr>127</ns3:hr>
            <ns3:cad>0</ns3:cad>
          </ns3:TrackPointExtension>
        </extensions>
      </trkpt>
      <trkpt lat="35.97208519466221332550048828125" lon="-81.1111665330827236175537109375">
        <ele>520.79998779296875</ele>
        <time>2026-03-30T14:36:04.000Z</time>
        <extensions>
          <ns3:TrackPointExtension>
            <ns3:hr>128</ns3:hr>
            <ns3:cad>0</ns3:cad>
          </ns3:TrackPointExtension>
        </extensions>
      </trkpt>
      <trkpt lat="35.97209013998508453369140625" lon="-81.1111648567020893096923828125">
        <ele>521.20001220703125</ele>
        <time>2026-03-30T14:36:05.000Z</time>
        <extensions>
          <ns3:TrackPointExtension>
            <ns3:hr>128</ns3:hr>
            <ns3:cad>72</ns3:cad>
          </ns3:TrackPointExtension>
        </extensions>
      </trkpt>
      <trkpt lat="35.9720896370708942413330078125" lon="-81.1111655272543430328369140625">
        <ele>521.4000244140625</ele>
        <time>2026-03-30T14:36:06.000Z</time>
        <extensions>
          <ns3:TrackPointExtension>
            <ns3:hr>128</ns3:hr>
            <ns3:cad>72</ns3:cad>
          </ns3:TrackPointExtension>
        </extensions>
      </trkpt>
      <trkpt lat="35.9720899723470211029052734375" lon="-81.1111430637538433074951171875">
        <ele>522.20001220703125</ele>
        <time>2026-03-30T14:36:09.000Z</time>
        <extensions>
          <ns3:TrackPointExtension>
            <ns3:hr>129</ns3:hr>
            <ns3:cad>72</ns3:cad>
          </ns3:TrackPointExtension>
        </extensions>
      </trkpt>
      <trkpt lat="35.97208620049059391021728515625" lon="-81.11113275401294231414794921875">
        <ele>522.4000244140625</ele>
        <time>2026-03-30T14:36:11.000Z</time>
        <extensions>
          <ns3:TrackPointExtension>
            <ns3:hr>129</ns3:hr>
            <ns3:cad>0</ns3:cad>
          </ns3:TrackPointExtension>
        </extensions>
      </trkpt>
      <trkpt lat="35.97208033315837383270263671875" lon="-81.11112236045300960540771484375">
        <ele>522.5999755859375</ele>
        <time>2026-03-30T14:36:15.000Z</time>
        <extensions>
          <ns3:TrackPointExtension>
            <ns3:hr>132</ns3:hr>
            <ns3:cad>0</ns3:cad>
          </ns3:TrackPointExtension>
        </extensions>
      </trkpt>
      <trkpt lat="35.9721007011830806732177734375" lon="-81.11111305654048919677734375">
        <ele>522.5999755859375</ele>
        <time>2026-03-30T14:36:20.000Z</time>
        <extensions>
          <ns3:TrackPointExtension>
            <ns3:hr>135</ns3:hr>
            <ns3:cad>0</ns3:cad>
          </ns3:TrackPointExtension>
        </extensions>
      </trkpt>
      <trkpt lat="35.97210866399109363555908203125" lon="-81.11112110316753387451171875">
        <ele>522.4000244140625</ele>
        <time>2026-03-30T14:36:22.000Z</time>
        <extensions>
          <ns3:TrackPointExtension>
            <ns3:hr>136</ns3:hr>
            <ns3:cad>0</ns3:cad>
          </ns3:TrackPointExtension>
        </extensions>
      </trkpt>
      <trkpt lat="35.97214286215603351593017578125" lon="-81.1111209355294704437255859375">
        <ele>523.20001220703125</ele>
        <time>2026-03-30T14:36:29.000Z</time>
        <extensions>
          <ns3:TrackPointExtension>
            <ns3:hr>138</ns3:hr>
            <ns3:cad>73</ns3:cad>
          </ns3:TrackPointExtension>
        </extensions>
      </trkpt>
      <trkpt lat="35.97214110195636749267578125" lon="-81.11112403683364391326904296875">
        <ele>523.20001220703125</ele>
        <time>2026-03-30T14:36:30.000Z</time>
        <extensions>
          <ns3:TrackPointExtension>
            <ns3:hr>138</ns3:hr>
            <ns3:cad>75</ns3:cad>
          </ns3:TrackPointExtension>
        </extensions>
      </trkpt>
      <trkpt lat="35.972174964845180511474609375" lon="-81.11113258637487888336181640625">
        <ele>522.79998779296875</ele>
        <time>2026-03-30T14:36:37.000Z</time>
        <extensions>
          <ns3:TrackPointExtension>
            <ns3:hr>139</ns3:hr>
            <ns3:cad>0</ns3:cad>
          </ns3:TrackPointExtension>
        </extensions>
      </trkpt>
      <trkpt lat="35.97220120020210742950439453125" lon="-81.11115303821861743927001953125">
        <ele>522.20001220703125</ele>
        <time>2026-03-30T14:36:43.000Z</time>
        <extensions>
          <ns3:TrackPointExtension>
            <ns3:hr>139</ns3:hr>
            <ns3:cad>0</ns3:cad>
          </ns3:TrackPointExtension>
        </extensions>
      </trkpt>
      <trkpt lat="35.97220539115369319915771484375" lon="-81.11115387640893459320068359375">
        <ele>522</ele>
        <time>2026-03-30T14:36:44.000Z</time>
        <extensions>
          <ns3:TrackPointExtension>
            <ns3:hr>138</ns3:hr>
            <ns3:cad>0</ns3:cad>
          </ns3:TrackPointExtension>
        </extensions>
      </trkpt>
      <trkpt lat="35.97223422490060329437255859375" lon="-81.111142225563526153564453125">
        <ele>521.4000244140625</ele>
        <time>2026-03-30T14:36:48.000Z</time>
        <extensions>
          <ns3:TrackPointExtension>
            <ns3:hr>134</ns3:hr>
            <ns3:cad>50</ns3:cad>
          </ns3:TrackPointExtension>
        </extensions>
      </trkpt>
      <trkpt lat="35.9722539223730564117431640625" lon="-81.1111249588429927825927734375">
        <ele>521.20001220703125</ele>
        <time>2026-03-30T14:36:51.000Z</time>
        <extensions>
          <ns3:TrackPointExtension>
            <ns3:hr>130</ns3:hr>
            <ns3:cad>0</ns3:cad>
          </ns3:TrackPointExtension>
        </extensions>
      </trkpt>
      <trkpt lat="35.9722633101046085357666015625" lon="-81.1111150681972503662109375">
        <ele>521.20001220703125</ele>
        <time>2026-03-30T14:36:52.000Z</time>
        <extensions>
          <ns3:TrackPointExtension>
            <ns3:hr>130</ns3:hr>
            <ns3:cad>0</ns3:cad>
          </ns3:TrackPointExtension>
        </extensions>
      </trkpt>
      <trkpt lat="35.97227177582681179046630859375" lon="-81.11110509373247623443603515625">
        <ele>521</ele>
        <time>2026-03-30T14:36:53.000Z</time>
        <extensions>
          <ns3:TrackPointExtension>
            <ns3:hr>129</ns3:hr>
            <ns3:cad>0</ns3:cad>
          </ns3:TrackPointExtension>
        </extensions>
      </trkpt>
      <trkpt lat="35.97227923572063446044921875" lon="-81.11107550561428070068359375">
        <ele>521.4000244140625</ele>
        <time>2026-03-30T14:36:58.000Z</time>
        <extensions>
          <ns3:TrackPointExtension>
            <ns3:hr>126</ns3:hr>
            <ns3:cad>0</ns3:cad>
          </ns3:TrackPointExtension>
        </extensions>
      </trkpt>
      <trkpt lat="35.97228753380477428436279296875" lon="-81.1110686324536800384521484375">
        <ele>521.5999755859375</ele>
        <time>2026-03-30T14:37:05.000Z</time>
        <extensions>
          <ns3:TrackPointExtension>
            <ns3:hr>127</ns3:hr>
            <ns3:cad>0</ns3:cad>
          </ns3:TrackPointExtension>
        </extensions>
      </trkpt>
      <trkpt lat="35.972321145236492156982421875" lon="-81.111074499785900115966796875">
        <ele>521.20001220703125</ele>
        <time>2026-03-30T14:37:10.000Z</time>
        <extensions>
          <ns3:TrackPointExtension>
            <ns3:hr>123</ns3:hr>
            <ns3:cad>0</ns3:cad>
          </ns3:TrackPointExtension>
        </extensions>
      </trkpt>
      <trkpt lat="35.97232374362647533416748046875" lon="-81.1110773496329784393310546875">
        <ele>521</ele>
        <time>2026-03-30T14:37:11.000Z</time>
        <extensions>
          <ns3:TrackPointExtension>
            <ns3:hr>123</ns3:hr>
            <ns3:cad>0</ns3:cad>
          </ns3:TrackPointExtension>
        </extensions>
      </trkpt>
      <trkpt lat="35.9723236598074436187744140625" lon="-81.11107542179524898529052734375">
        <ele>521</ele>
        <time>2026-03-30T14:37:18.000Z</time>
        <extensions>
          <ns3:TrackPointExtension>
            <ns3:hr>119</ns3:hr>
            <ns3:cad>0</ns3:cad>
          </ns3:TrackPointExtension>
        </extensions>
      </trkpt>
      <trkpt lat="35.972337238490581512451171875" lon="-81.11104206182062625885009765625">
        <ele>521.20001220703125</ele>
        <time>2026-03-30T14:37:20.000Z</time>
        <extensions>
          <ns3:TrackPointExtension>
            <ns3:hr>117</ns3:hr>
            <ns3:cad>0</ns3:cad>
          </ns3:TrackPointExtension>
        </extensions>
      </trkpt>
      <trkpt lat="35.972368419170379638671875" lon="-81.111014820635318756103515625">
        <ele>521.20001220703125</ele>
        <time>2026-03-30T14:37:26.000Z</time>
        <extensions>
          <ns3:TrackPointExtension>
            <ns3:hr>117</ns3:hr>
            <ns3:cad>42</ns3:cad>
          </ns3:TrackPointExtension>
        </extensions>
      </trkpt>
      <trkpt lat="35.97240538336336612701416015625" lon="-81.11099177040159702301025390625">
        <ele>520.5999755859375</ele>
        <time>2026-03-30T14:37:33.000Z</time>
        <extensions>
          <ns3:TrackPointExtension>
            <ns3:hr>118</ns3:hr>
            <ns3:cad>0</ns3:cad>
          </ns3:TrackPointExtension>
        </extensions>
      </trkpt>
      <trkpt lat="35.9724158607423305511474609375" lon="-81.11098523251712322235107421875">
        <ele>520.79998779296875</ele>
        <time>2026-03-30T14:37:41.000Z</time>
        <extensions>
          <ns3:TrackPointExtension>
            <ns3:hr>117</ns3:hr>
            <ns3:cad>75</ns3:cad>
          </ns3:TrackPointExtension>
        </extensions>
      </trkpt>
      <trkpt lat="35.972422398626804351806640625" lon="-81.1109650321304798126220703125">
        <ele>521.20001220703125</ele>
        <time>2026-03-30T14:37:49.000Z</time>
        <extensions>
          <ns3:TrackPointExtension>
            <ns3:hr>118</ns3:hr>
            <ns3:cad>75</ns3:cad>
          </ns3:TrackPointExtension>
        </extensions>
      </trkpt>
      <trkpt lat="35.97245014272630214691162109375" lon="-81.11094516701996326446533203125">
        <ele>520.79998779296875</ele>
        <time>2026-03-30T14:37:57.000Z</time>
        <extensions>
          <ns3:TrackPointExtension>
            <ns3:hr>119</ns3:hr>
            <ns3:cad>0</ns3:cad>
          </ns3:TrackPointExtension>
        </extensions>
      </trkpt>
      <trkpt lat="35.972459614276885986328125" lon="-81.1109137348830699920654296875">
        <ele>520.79998779296875</ele>
        <time>2026-03-30T14:38:05.000Z</time>
        <extensions>
          <ns3:TrackPointExtension>
            <ns3:hr>118</ns3:hr>
            <ns3:cad>0</ns3:cad>
          </ns3:TrackPointExtension>
        </extensions>
      </trkpt>
      <trkpt lat="35.97246824763715267181396484375" lon="-81.1108882538974285125732421875">
        <ele>521.20001220703125</ele>
        <time>2026-03-30T14:38:12.000Z</time>
        <extensions>
          <ns3:TrackPointExtension>
            <ns3:hr>119</ns3:hr>
            <ns3:cad>0</ns3:cad>
          </ns3:TrackPointExtension>
        </extensions>
      </trkpt>
      <trkpt lat="35.972510240972042083740234375" lon="-81.11087174154818058013916015625">
        <ele>520.5999755859375</ele>
        <time>2026-03-30T14:38:19.000Z</time>
        <extensions>
          <ns3:TrackPointExtension>
            <ns3:hr>120</ns3:hr>
            <ns3:cad>40</ns3:cad>
          </ns3:TrackPointExtension>
        </extensions>
      </trkpt>
      <trkpt lat="35.97252524457871913909912109375" lon="-81.11085967160761356353759765625">
        <ele>520.5999755859375</ele>
        <time>2026-03-30T14:38:26.000Z</time>
        <extensions>
          <ns3:TrackPointExtension>
            <ns3:hr>117</ns3:hr>
            <ns3:cad>76</ns3:cad>
          </ns3:TrackPointExtension>
        </extensions>
      </trkpt>
      <trkpt lat="35.972535051405429840087890625" lon="-81.11084559001028537750244140625">
        <ele>520.5999755859375</ele>
        <time>2026-03-30T14:38:35.000Z</time>
        <extensions>
          <ns3:TrackPointExtension>
            <ns3:hr>119</ns3:hr>
            <ns3:cad>0</ns3:cad>
          </ns3:TrackPointExtension>
        </extensions>
      </trkpt>
      <trkpt lat="35.97253379411995410919189453125" lon="-81.1108517087996006011962890625">
        <ele>520</ele>
        <time>2026-03-30T14:38:38.000Z</time>
        <extensions>
          <ns3:TrackPointExtension>
            <ns3:hr>119</ns3:hr>
            <ns3:cad>68</ns3:cad>
          </ns3:TrackPointExtension>
        </extensions>
      </trkpt>
      <trkpt lat="35.97254368476569652557373046875" lon="-81.1108694784343242645263671875">
        <ele>519.4000244140625</ele>
        <time>2026-03-30T14:38:41.000Z</time>
        <extensions>
          <ns3:TrackPointExtension>
            <ns3:hr>121</ns3:hr>
            <ns3:cad>0</ns3:cad>
          </ns3:TrackPointExtension>
        </extensions>
      </trkpt>
      <trkpt lat="35.972551815211772918701171875" lon="-81.110876016318798065185546875">
        <ele>519</ele>
        <time>2026-03-30T14:38:43.000Z</time>
        <extensions>
          <ns3:TrackPointExtension>
            <ns3:hr>121</ns3:hr>
            <ns3:cad>0</ns3:cad>
          </ns3:TrackPointExtension>
        </extensions>
      </trkpt>
      <trkpt lat="35.9725496359169483184814453125" lon="-81.1108859069645404815673828125">
        <ele>518.4000244140625</ele>
        <time>2026-03-30T14:38:47.000Z</time>
        <extensions>
          <ns3:TrackPointExtension>
            <ns3:hr>118</ns3:hr>
            <ns3:cad>49</ns3:cad>
          </ns3:TrackPointExtension>
        </extensions>
      </trkpt>
      <trkpt lat="35.97254921682178974151611328125" lon="-81.11088548786938190460205078125">
        <ele>518.20001220703125</ele>
        <time>2026-03-30T14:38:48.000Z</time>
        <extensions>
          <ns3:TrackPointExtension>
            <ns3:hr>117</ns3:hr>
            <ns3:cad>0</ns3:cad>
          </ns3:TrackPointExtension>
        </extensions>
      </trkpt>
      <trkpt lat="35.9725493006408214569091796875" lon="-81.110900826752185821533203125">
        <ele>518.20001220703125</ele>
        <time>2026-03-30T14:38:51.000Z</time>
        <extensions>
          <ns3:TrackPointExtension>
            <ns3:hr>114</ns3:hr>
            <ns3:cad>0</ns3:cad>
          </ns3:TrackPointExtension>
        </extensions>
      </trkpt>
      <trkpt lat="35.9725843369960784912109375" lon="-81.1109187640249729156494140625">
        <ele>518.20001220703125</ele>
        <time>2026-03-30T14:38:57.000Z</time>
        <extensions>
          <ns3:TrackPointExtension>
            <ns3:hr>114</ns3:hr>
            <ns3:cad>0</ns3:cad>
          </ns3:TrackPointExtension>
        </extensions>
      </trkpt>
      <trkpt lat="35.972598753869533538818359375" lon="-81.1109237931668758392333984375">
        <ele>517.79998779296875</ele>
        <time>2026-03-30T14:39:00.000Z</time>
        <extensions>
          <ns3:TrackPointExtension>
            <ns3:hr>113</ns3:hr>
            <ns3:cad>0</ns3:cad>
          </ns3:TrackPointExtension>
        </extensions>
      </trkpt>
      <trkpt lat="35.97262901253998279571533203125" lon="-81.11093309707939624786376953125">
        <ele>517.20001220703125</ele>
        <time>2026-03-30T14:39:04.000Z</time>
        <extensions>
          <ns3:TrackPointExtension>
            <ns3:hr>113</ns3:hr>
            <ns3:cad>0</ns3:cad>
          </ns3:TrackPointExtension>
        </extensions>
      </trkpt>
      <trkpt lat="35.97263420931994915008544921875" lon="-81.11093980260193347930908203125">
        <ele>516.5999755859375</ele>
        <time>2026-03-30T14:39:06.000Z</time>
        <extensions>
          <ns3:TrackPointExtension>
            <ns3:hr>112</ns3:hr>
            <ns3:cad>54</ns3:cad>
          </ns3:TrackPointExtension>
        </extensions>
      </trkpt>
      <trkpt lat="35.972653739154338836669921875" lon="-81.1109328456223011016845703125">
        <ele>516</ele>
        <time>2026-03-30T14:39:10.000Z</time>
        <extensions>
          <ns3:TrackPointExtension>
            <ns3:hr>111</ns3:hr>
            <ns3:cad>47</ns3:cad>
          </ns3:TrackPointExtension>
        </extensions>
      </trkpt>
      <trkpt lat="35.97264359705150127410888671875" lon="-81.1108453385531902313232421875">
        <ele>517.20001220703125</ele>
        <time>2026-03-30T14:39:17.000Z</time>
        <extensions>
          <ns3:TrackPointExtension>
            <ns3:hr>111</ns3:hr>
            <ns3:cad>71</ns3:cad>
          </ns3:TrackPointExtension>
        </extensions>
      </trkpt>
      <trkpt lat="35.97265298478305339813232421875" lon="-81.11083947122097015380859375">
        <ele>517.5999755859375</ele>
        <time>2026-03-30T14:39:19.000Z</time>
        <extensions>
          <ns3:TrackPointExtension>
            <ns3:hr>111</ns3:hr>
            <ns3:cad>0</ns3:cad>
          </ns3:TrackPointExtension>
        </extensions>
      </trkpt>
      <trkpt lat="35.97266136668622493743896484375" lon="-81.11084257252514362335205078125">
        <ele>517.79998779296875</ele>
        <time>2026-03-30T14:39:21.000Z</time>
        <extensions>
          <ns3:TrackPointExtension>
            <ns3:hr>113</ns3:hr>
            <ns3:cad>0</ns3:cad>
          </ns3:TrackPointExtension>
        </extensions>
      </trkpt>
      <trkpt lat="35.972667820751667022705078125" lon="-81.110839806497097015380859375">
        <ele>517.79998779296875</ele>
        <time>2026-03-30T14:39:23.000Z</time>
        <extensions>
          <ns3:TrackPointExtension>
            <ns3:hr>114</ns3:hr>
            <ns3:cad>0</ns3:cad>
          </ns3:TrackPointExtension>
        </extensions>
      </trkpt>
      <trkpt lat="35.9726701676845550537109375" lon="-81.110835112631320953369140625">
        <ele>517.79998779296875</ele>
        <time>2026-03-30T14:39:24.000Z</time>
        <extensions>
          <ns3:TrackPointExtension>
            <ns3:hr>118</ns3:hr>
            <ns3:cad>0</ns3:cad>
          </ns3:TrackPointExtension>
        </extensions>
      </trkpt>
      <trkpt lat="35.97267293371260166168212890625" lon="-81.1108238808810710906982421875">
        <ele>517.79998779296875</ele>
        <time>2026-03-30T14:39:26.000Z</time>
        <extensions>
          <ns3:TrackPointExtension>
            <ns3:hr>121</ns3:hr>
            <ns3:cad>0</ns3:cad>
          </ns3:TrackPointExtension>
        </extensions>
      </trkpt>
      <trkpt lat="35.97267528064548969268798828125" lon="-81.11080200411379337310791015625">
        <ele>517.5999755859375</ele>
        <time>2026-03-30T14:39:30.000Z</time>
        <extensions>
          <ns3:TrackPointExtension>
            <ns3:hr>123</ns3:hr>
            <ns3:cad>0</ns3:cad>
          </ns3:TrackPointExtension>
        </extensions>
      </trkpt>
      <trkpt lat="35.97272356040775775909423828125" lon="-81.1107923649251461029052734375">
        <ele>516.79998779296875</ele>
        <time>2026-03-30T14:39:37.000Z</time>
        <extensions>
          <ns3:TrackPointExtension>
            <ns3:hr>120</ns3:hr>
            <ns3:cad>0</ns3:cad>
          </ns3:TrackPointExtension>
        </extensions>
      </trkpt>
      <trkpt lat="35.9727323614060878753662109375" lon="-81.1107893474400043487548828125">
        <ele>516.5999755859375</ele>
        <time>2026-03-30T14:39:38.000Z</time>
        <extensions>
          <ns3:TrackPointExtension>
            <ns3:hr>120</ns3:hr>
            <ns3:cad>0</ns3:cad>
          </ns3:TrackPointExtension>
        </extensions>
      </trkpt>
      <trkpt lat="35.9727774560451507568359375" lon="-81.1107544787228107452392578125">
        <ele>516</ele>
        <time>2026-03-30T14:39:44.000Z</time>
        <extensions>
          <ns3:TrackPointExtension>
            <ns3:hr>120</ns3:hr>
            <ns3:cad>0</ns3:cad>
          </ns3:TrackPointExtension>
        </extensions>
      </trkpt>
      <trkpt lat="35.97277686931192874908447265625" lon="-81.11072505824267864227294921875">
        <ele>516</ele>
        <time>2026-03-30T14:39:51.000Z</time>
        <extensions>
          <ns3:TrackPointExtension>
            <ns3:hr>118</ns3:hr>
            <ns3:cad>0</ns3:cad>
          </ns3:TrackPointExtension>
        </extensions>
      </trkpt>
      <trkpt lat="35.97276714630424976348876953125" lon="-81.1107648722827434539794921875">
        <ele>516.20001220703125</ele>
        <time>2026-03-30T14:39:56.000Z</time>
        <extensions>
          <ns3:TrackPointExtension>
            <ns3:hr>117</ns3:hr>
            <ns3:cad>0</ns3:cad>
          </ns3:TrackPointExtension>
        </extensions>
      </trkpt>
      <trkpt lat="35.97276831977069377899169921875" lon="-81.11078389920294284820556640625">
        <ele>515.5999755859375</ele>
        <time>2026-03-30T14:39:59.000Z</time>
        <extensions>
          <ns3:TrackPointExtension>
            <ns3:hr>117</ns3:hr>
            <ns3:cad>0</ns3:cad>
          </ns3:TrackPointExtension>
        </extensions>
      </trkpt>
      <trkpt lat="35.9727990813553333282470703125" lon="-81.1107826419174671173095703125">
        <ele>514.5999755859375</ele>
        <time>2026-03-30T14:40:04.000Z</time>
        <extensions>
          <ns3:TrackPointExtension>
            <ns3:hr>118</ns3:hr>
            <ns3:cad>0</ns3:cad>
          </ns3:TrackPointExtension>
        </extensions>
      </trkpt>
      <trkpt lat="35.972813665866851806640625" lon="-81.11074215732514858245849609375">
        <ele>515.4000244140625</ele>
        <time>2026-03-30T14:40:11.000Z</time>
        <extensions>
          <ns3:TrackPointExtension>
            <ns3:hr>118</ns3:hr>
            <ns3:cad>0</ns3:cad>
          </ns3:TrackPointExtension>
        </extensions>
      </trkpt>
      <trkpt lat="35.972818695008754730224609375" lon="-81.11069329082965850830078125">
        <ele>515.5999755859375</ele>
        <time>2026-03-30T14:40:17.000Z</time>
        <extensions>
          <ns3:TrackPointExtension>
            <ns3:hr>117</ns3:hr>
            <ns3:cad>49</ns3:cad>
          </ns3:TrackPointExtension>
        </extensions>
      </trkpt>
      <trkpt lat="35.97284660674631595611572265625" lon="-81.11067778430879116058349609375">
        <ele>515.4000244140625</ele>
        <time>2026-03-30T14:40:23.000Z</time>
        <extensions>
          <ns3:TrackPointExtension>
            <ns3:hr>117</ns3:hr>
            <ns3:cad>0</ns3:cad>
          </ns3:TrackPointExtension>
        </extensions>
      </trkpt>
      <trkpt lat="35.972860939800739288330078125" lon="-81.11068566329777240753173828125">
        <ele>514.79998779296875</ele>
        <time>2026-03-30T14:40:28.000Z</time>
        <extensions>
          <ns3:TrackPointExtension>
            <ns3:hr>117</ns3:hr>
            <ns3:cad>66</ns3:cad>
          </ns3:TrackPointExtension>
        </extensions>
      </trkpt>
      <trkpt lat="35.972864292562007904052734375" lon="-81.11069153062999248504638671875">
        <ele>514.4000244140625</ele>
        <time>2026-03-30T14:40:30.000Z</time>
        <extensions>
          <ns3:TrackPointExtension>
            <ns3:hr>118</ns3:hr>
            <ns3:cad>66</ns3:cad>
          </ns3:TrackPointExtension>
        </extensions>
      </trkpt>
      <trkpt lat="35.97290192730724811553955078125" lon="-81.11064006574451923370361328125">
        <ele>513.79998779296875</ele>
        <time>2026-03-30T14:40:37.000Z</time>
        <extensions>
          <ns3:TrackPointExtension>
            <ns3:hr>116</ns3:hr>
            <ns3:cad>0</ns3:cad>
          </ns3:TrackPointExtension>
        </extensions>
      </trkpt>
      <trkpt lat="35.9729249775409698486328125" lon="-81.11062514595687389373779296875">
        <ele>513.79998779296875</ele>
        <time>2026-03-30T14:40:41.000Z</time>
        <extensions>
          <ns3:TrackPointExtension>
            <ns3:hr>116</ns3:hr>
            <ns3:cad>73</ns3:cad>
          </ns3:TrackPointExtension>
        </extensions>
      </trkpt>
      <trkpt lat="35.972946770489215850830078125" lon="-81.1106160096824169158935546875">
        <ele>513.79998779296875</ele>
        <time>2026-03-30T14:40:44.000Z</time>
        <extensions>
          <ns3:TrackPointExtension>
            <ns3:hr>117</ns3:hr>
            <ns3:cad>75</ns3:cad>
          </ns3:TrackPointExtension>
        </extensions>
      </trkpt>
      <trkpt lat="35.972962193191051483154296875" lon="-81.11061005853116512298583984375">
        <ele>513.4000244140625</ele>
        <time>2026-03-30T14:40:47.000Z</time>
        <extensions>
          <ns3:TrackPointExtension>
            <ns3:hr>115</ns3:hr>
            <ns3:cad>67</ns3:cad>
          </ns3:TrackPointExtension>
        </extensions>
      </trkpt>
      <trkpt lat="35.97298339940607547760009765625" lon="-81.11061156727373600006103515625">
        <ele>512.79998779296875</ele>
        <time>2026-03-30T14:40:51.000Z</time>
        <extensions>
          <ns3:TrackPointExtension>
            <ns3:hr>114</ns3:hr>
            <ns3:cad>79</ns3:cad>
          </ns3:TrackPointExtension>
        </extensions>
      </trkpt>
      <trkpt lat="35.97298624925315380096435546875" lon="-81.1106253974139690399169921875">
        <ele>512.4000244140625</ele>
        <time>2026-03-30T14:40:54.000Z</time>
        <extensions>
          <ns3:TrackPointExtension>
            <ns3:hr>114</ns3:hr>
            <ns3:cad>40</ns3:cad>
          </ns3:TrackPointExtension>
        </extensions>
      </trkpt>
      <trkpt lat="35.9729958884418010711669921875" lon="-81.11062900163233280181884765625">
        <ele>512</ele>
        <time>2026-03-30T14:40:57.000Z</time>
        <extensions>
          <ns3:TrackPointExtension>
            <ns3:hr>114</ns3:hr>
            <ns3:cad>40</ns3:cad>
          </ns3:TrackPointExtension>
        </extensions>
      </trkpt>
      <trkpt lat="35.97299362532794475555419921875" lon="-81.1106616072356700897216796875">
        <ele>511.399993896484375</ele>
        <time>2026-03-30T14:41:03.000Z</time>
        <extensions>
          <ns3:TrackPointExtension>
            <ns3:hr>113</ns3:hr>
            <ns3:cad>0</ns3:cad>
          </ns3:TrackPointExtension>
        </extensions>
      </trkpt>
      <trkpt lat="35.972991697490215301513671875" lon="-81.1106659658253192901611328125">
        <ele>511.20001220703125</ele>
        <time>2026-03-30T14:41:04.000Z</time>
        <extensions>
          <ns3:TrackPointExtension>
            <ns3:hr>113</ns3:hr>
            <ns3:cad>0</ns3:cad>
          </ns3:TrackPointExtension>
        </extensions>
      </trkpt>
      <trkpt lat="35.97300401888787746429443359375" lon="-81.11068390309810638427734375">
        <ele>510.79998779296875</ele>
        <time>2026-03-30T14:41:11.000Z</time>
        <extensions>
          <ns3:TrackPointExtension>
            <ns3:hr>112</ns3:hr>
            <ns3:cad>62</ns3:cad>
          </ns3:TrackPointExtension>
        </extensions>
      </trkpt>
      <trkpt lat="35.97303838469088077545166015625" lon="-81.1106927879154682159423828125">
        <ele>510.20001220703125</ele>
        <time>2026-03-30T14:41:15.000Z</time>
        <extensions>
          <ns3:TrackPointExtension>
            <ns3:hr>110</ns3:hr>
            <ns3:cad>74</ns3:cad>
          </ns3:TrackPointExtension>
        </extensions>
      </trkpt>
      <trkpt lat="35.9730334393680095672607421875" lon="-81.11071885563433170318603515625">
        <ele>509.600006103515625</ele>
        <time>2026-03-30T14:41:19.000Z</time>
        <extensions>
          <ns3:TrackPointExtension>
            <ns3:hr>109</ns3:hr>
            <ns3:cad>0</ns3:cad>
          </ns3:TrackPointExtension>
        </extensions>
      </trkpt>
      <trkpt lat="35.973046012222766876220703125" lon="-81.11072237603366374969482421875">
        <ele>509.20001220703125</ele>
        <time>2026-03-30T14:41:23.000Z</time>
        <extensions>
          <ns3:TrackPointExtension>
            <ns3:hr>108</ns3:hr>
            <ns3:cad>0</ns3:cad>
          </ns3:TrackPointExtension>
        </extensions>
      </trkpt>
      <trkpt lat="35.97306269221007823944091796875" lon="-81.11073159612715244293212890625">
        <ele>508.79998779296875</ele>
        <time>2026-03-30T14:41:25.000Z</time>
        <extensions>
          <ns3:TrackPointExtension>
            <ns3:hr>108</ns3:hr>
            <ns3:cad>0</ns3:cad>
          </ns3:TrackPointExtension>
        </extensions>
      </trkpt>
      <trkpt lat="35.97308658063411712646484375" lon="-81.11076747067272663116455078125">
        <ele>508</ele>
        <time>2026-03-30T14:41:29.000Z</time>
        <extensions>
          <ns3:TrackPointExtension>
            <ns3:hr>107</ns3:hr>
            <ns3:cad>41</ns3:cad>
          </ns3:TrackPointExtension>
        </extensions>
      </trkpt>
      <trkpt lat="35.9730770252645015716552734375" lon="-81.11078373156487941741943359375">
        <ele>507.600006103515625</ele>
        <time>2026-03-30T14:41:33.000Z</time>
        <extensions>
          <ns3:TrackPointExtension>
            <ns3:hr>108</ns3:hr>
            <ns3:cad>40</ns3:cad>
          </ns3:TrackPointExtension>
        </extensions>
      </trkpt>
      <trkpt lat="35.97306453622877597808837890625" lon="-81.11078691668808460235595703125">
        <ele>507.399993896484375</ele>
        <time>2026-03-30T14:41:35.000Z</time>
        <extensions>
          <ns3:TrackPointExtension>
            <ns3:hr>110</ns3:hr>
            <ns3:cad>40</ns3:cad>
          </ns3:TrackPointExtension>
        </extensions>
      </trkpt>
      <trkpt lat="35.97305682487785816192626953125" lon="-81.11083352006971836090087890625">
        <ele>507</ele>
        <time>2026-03-30T14:41:39.000Z</time>
        <extensions>
          <ns3:TrackPointExtension>
            <ns3:hr>110</ns3:hr>
            <ns3:cad>40</ns3:cad>
          </ns3:TrackPointExtension>
        </extensions>
      </trkpt>
      <trkpt lat="35.9730592556297779083251953125" lon="-81.11084751784801483154296875">
        <ele>506.79998779296875</ele>
        <time>2026-03-30T14:41:40.000Z</time>
        <extensions>
          <ns3:TrackPointExtension>
            <ns3:hr>112</ns3:hr>
            <ns3:cad>40</ns3:cad>
          </ns3:TrackPointExtension>
        </extensions>
      </trkpt>
      <trkpt lat="35.973091609776020050048828125" lon="-81.11088833771646022796630859375">
        <ele>505.79998779296875</ele>
        <time>2026-03-30T14:41:49.000Z</time>
        <extensions>
          <ns3:TrackPointExtension>
            <ns3:hr>113</ns3:hr>
            <ns3:cad>73</ns3:cad>
          </ns3:TrackPointExtension>
        </extensions>
      </trkpt>
      <trkpt lat="35.9730994887650012969970703125" lon="-81.1108849011361598968505859375">
        <ele>505.600006103515625</ele>
        <time>2026-03-30T14:41:50.000Z</time>
        <extensions>
          <ns3:TrackPointExtension>
            <ns3:hr>115</ns3:hr>
            <ns3:cad>73</ns3:cad>
          </ns3:TrackPointExtension>
        </extensions>
      </trkpt>
      <trkpt lat="35.97310795448720455169677734375" lon="-81.11092069186270236968994140625">
        <ele>505</ele>
        <time>2026-03-30T14:41:57.000Z</time>
        <extensions>
          <ns3:TrackPointExtension>
            <ns3:hr>115</ns3:hr>
            <ns3:cad>0</ns3:cad>
          </ns3:TrackPointExtension>
        </extensions>
      </trkpt>
      <trkpt lat="35.9730766899883747100830078125" lon="-81.11093460582196712493896484375">
        <ele>504.79998779296875</ele>
        <time>2026-03-30T14:42:02.000Z</time>
        <extensions>
          <ns3:TrackPointExtension>
            <ns3:hr>115</ns3:hr>
            <ns3:cad>0</ns3:cad>
          </ns3:TrackPointExtension>
        </extensions>
      </trkpt>
      <trkpt lat="35.97304039634764194488525390625" lon="-81.1109234578907489776611328125">
        <ele>505</ele>
        <time>2026-03-30T14:42:05.000Z</time>
        <extensions>
          <ns3:TrackPointExtension>
            <ns3:hr>115</ns3:hr>
            <ns3:cad>0</ns3:cad>
          </ns3:TrackPointExtension>
        </extensions>
      </trkpt>
      <trkpt lat="35.973071157932281494140625" lon="-81.1109549738466739654541015625">
        <ele>505.399993896484375</ele>
        <time>2026-03-30T14:42:13.000Z</time>
        <extensions>
          <ns3:TrackPointExtension>
            <ns3:hr>115</ns3:hr>
            <ns3:cad>0</ns3:cad>
          </ns3:TrackPointExtension>
        </extensions>
      </trkpt>
      <trkpt lat="35.9730475209653377532958984375" lon="-81.1109724082052707672119140625">
        <ele>505.20001220703125</ele>
        <time>2026-03-30T14:42:23.000Z</time>
        <extensions>
          <ns3:TrackPointExtension>
            <ns3:hr>115</ns3:hr>
            <ns3:cad>0</ns3:cad>
          </ns3:TrackPointExtension>
        </extensions>
      </trkpt>
      <trkpt lat="35.973037295043468475341796875" lon="-81.1109767667949199676513671875">
        <ele>505.20001220703125</ele>
        <time>2026-03-30T14:42:31.000Z</time>
        <extensions>
          <ns3:TrackPointExtension>
            <ns3:hr>118</ns3:hr>
            <ns3:cad>0</ns3:cad>
          </ns3:TrackPointExtension>
        </extensions>
      </trkpt>
      <trkpt lat="35.973037295043468475341796875" lon="-81.1109767667949199676513671875">
        <ele>505.20001220703125</ele>
        <time>2026-03-30T14:42:35.000Z</time>
        <extensions>
          <ns3:TrackPointExtension>
            <ns3:hr>119</ns3:hr>
            <ns3:cad>0</ns3:cad>
          </ns3:TrackPointExtension>
        </extensions>
      </trkpt>
      <trkpt lat="35.97303561866283416748046875" lon="-81.11095891334116458892822265625">
        <ele>505.600006103515625</ele>
        <time>2026-03-30T14:42:46.000Z</time>
        <extensions>
          <ns3:TrackPointExtension>
            <ns3:hr>113</ns3:hr>
            <ns3:cad>0</ns3:cad>
          </ns3:TrackPointExtension>
        </extensions>
      </trkpt>
      <trkpt lat="35.97303561866283416748046875" lon="-81.11095891334116458892822265625">
        <ele>505.600006103515625</ele>
        <time>2026-03-30T14:42:48.000Z</time>
        <extensions>
          <ns3:TrackPointExtension>
            <ns3:hr>108</ns3:hr>
            <ns3:cad>0</ns3:cad>
          </ns3:TrackPointExtension>
        </extensions>
      </trkpt>
      <trkpt lat="35.97303561866283416748046875" lon="-81.11095891334116458892822265625">
        <ele>505.600006103515625</ele>
        <time>2026-03-30T14:42:49.000Z</time>
        <extensions>
          <ns3:TrackPointExtension>
            <ns3:hr>102</ns3:hr>
            <ns3:cad>0</ns3:cad>
          </ns3:TrackPointExtension>
        </extensions>
      </trkpt>
      <trkpt lat="35.97303561866283416748046875" lon="-81.11095891334116458892822265625">
        <ele>505.600006103515625</ele>
        <time>2026-03-30T14:42:50.000Z</time>
        <extensions>
          <ns3:TrackPointExtension>
            <ns3:hr>99</ns3:hr>
            <ns3:cad>0</ns3:cad>
          </ns3:TrackPointExtension>
        </extensions>
      </trkpt>
      <trkpt lat="35.97303561866283416748046875" lon="-81.11095891334116458892822265625">
        <ele>505.600006103515625</ele>
        <time>2026-03-30T14:42:51.000Z</time>
        <extensions>
          <ns3:TrackPointExtension>
            <ns3:hr>98</ns3:hr>
            <ns3:cad>0</ns3:cad>
          </ns3:TrackPointExtension>
        </extensions>
      </trkpt>
      <trkpt lat="35.9730149991810321807861328125" lon="-81.11093359999358654022216796875">
        <ele>505.79998779296875</ele>
        <time>2026-03-30T14:43:04.000Z</time>
        <extensions>
          <ns3:TrackPointExtension>
            <ns3:hr>97</ns3:hr>
            <ns3:cad>0</ns3:cad>
          </ns3:TrackPointExtension>
        </extensions>
      </trkpt>
      <trkpt lat="35.9730139933526515960693359375" lon="-81.1109449155628681182861328125">
        <ele>505.79998779296875</ele>
        <time>2026-03-30T14:43:07.000Z</time>
        <extensions>
          <ns3:TrackPointExtension>
            <ns3:hr>94</ns3:hr>
            <ns3:cad>0</ns3:cad>
          </ns3:TrackPointExtension>
        </extensions>
      </trkpt>
      <trkpt lat="35.97301483154296875" lon="-81.11095455475151538848876953125">
        <ele>505.79998779296875</ele>
        <time>2026-03-30T14:43:09.000Z</time>
        <extensions>
          <ns3:TrackPointExtension>
            <ns3:hr>90</ns3:hr>
            <ns3:cad>0</ns3:cad>
          </ns3:TrackPointExtension>
        </extensions>
      </trkpt>
      <trkpt lat="35.97303184680640697479248046875" lon="-81.110989339649677276611328125">
        <ele>505.399993896484375</ele>
        <time>2026-03-30T14:43:15.000Z</time>
        <extensions>
          <ns3:TrackPointExtension>
            <ns3:hr>88</ns3:hr>
            <ns3:cad>0</ns3:cad>
          </ns3:TrackPointExtension>
        </extensions>
      </trkpt>
      <trkpt lat="35.97309839911758899688720703125" lon="-81.11096075735986232757568359375">
        <ele>505.399993896484375</ele>
        <time>2026-03-30T14:43:22.000Z</time>
        <extensions>
          <ns3:TrackPointExtension>
            <ns3:hr>91</ns3:hr>
            <ns3:cad>0</ns3:cad>
          </ns3:TrackPointExtension>
        </extensions>
      </trkpt>
      <trkpt lat="35.97310577519237995147705078125" lon="-81.1109566502273082733154296875">
        <ele>505.600006103515625</ele>
        <time>2026-03-30T14:43:27.000Z</time>
        <extensions>
          <ns3:TrackPointExtension>
            <ns3:hr>94</ns3:hr>
            <ns3:cad>0</ns3:cad>
          </ns3:TrackPointExtension>
        </extensions>
      </trkpt>
      <trkpt lat="35.97310577519237995147705078125" lon="-81.1109566502273082733154296875">
        <ele>505.79998779296875</ele>
        <time>2026-03-30T14:43:33.000Z</time>
        <extensions>
          <ns3:TrackPointExtension>
            <ns3:hr>93</ns3:hr>
            <ns3:cad>0</ns3:cad>
          </ns3:TrackPointExtension>
        </extensions>
      </trkpt>
      <trkpt lat="35.97310577519237995147705078125" lon="-81.1109566502273082733154296875">
        <ele>506.399993896484375</ele>
        <time>2026-03-30T14:43:51.000Z</time>
        <extensions>
          <ns3:TrackPointExtension>
            <ns3:hr>93</ns3:hr>
            <ns3:cad>0</ns3:cad>
          </ns3:TrackPointExtension>
        </extensions>
      </trkpt>
      <trkpt lat="35.97310577519237995147705078125" lon="-81.1109566502273082733154296875">
        <ele>506.600006103515625</ele>
        <time>2026-03-30T14:44:07.000Z</time>
        <extensions>
          <ns3:TrackPointExtension>
            <ns3:hr>96</ns3:hr>
            <ns3:cad>0</ns3:cad>
          </ns3:TrackPointExtension>
        </extensions>
      </trkpt>
      <trkpt lat="35.97310577519237995147705078125" lon="-81.1109566502273082733154296875">
        <ele>506.399993896484375</ele>
        <time>2026-03-30T14:44:11.000Z</time>
        <extensions>
          <ns3:TrackPointExtension>
            <ns3:hr>94</ns3:hr>
            <ns3:cad>0</ns3:cad>
          </ns3:TrackPointExtension>
        </extensions>
      </trkpt>
      <trkpt lat="35.97310577519237995147705078125" lon="-81.1109566502273082733154296875">
        <ele>506</ele>
        <time>2026-03-30T14:44:18.000Z</time>
        <extensions>
          <ns3:TrackPointExtension>
            <ns3:hr>91</ns3:hr>
            <ns3:cad>0</ns3:cad>
          </ns3:TrackPointExtension>
        </extensions>
      </trkpt>
      <trkpt lat="35.97310577519237995147705078125" lon="-81.1109566502273082733154296875">
        <ele>506</ele>
        <time>2026-03-30T14:44:20.000Z</time>
        <extensions>
          <ns3:TrackPointExtension>
            <ns3:hr>88</ns3:hr>
            <ns3:cad>0</ns3:cad>
          </ns3:TrackPointExtension>
        </extensions>
      </trkpt>
      <trkpt lat="35.97310577519237995147705078125" lon="-81.1109566502273082733154296875">
        <ele>506.600006103515625</ele>
        <time>2026-03-30T14:44:31.000Z</time>
        <extensions>
          <ns3:TrackPointExtension>
            <ns3:hr>87</ns3:hr>
            <ns3:cad>0</ns3:cad>
          </ns3:TrackPointExtension>
        </extensions>
      </trkpt>
      <trkpt lat="35.97310577519237995147705078125" lon="-81.1109566502273082733154296875">
        <ele>506.600006103515625</ele>
        <time>2026-03-30T14:44:34.000Z</time>
        <extensions>
          <ns3:TrackPointExtension>
            <ns3:hr>84</ns3:hr>
            <ns3:cad>0</ns3:cad>
          </ns3:TrackPointExtension>
        </extensions>
      </trkpt>
      <trkpt lat="35.97310577519237995147705078125" lon="-81.1109566502273082733154296875">
        <ele>506.399993896484375</ele>
        <time>2026-03-30T14:44:47.000Z</time>
        <extensions>
          <ns3:TrackPointExtension>
            <ns3:hr>86</ns3:hr>
            <ns3:cad>0</ns3:cad>
          </ns3:TrackPointExtension>
        </extensions>
      </trkpt>
      <trkpt lat="35.97310577519237995147705078125" lon="-81.1109566502273082733154296875">
        <ele>506.79998779296875</ele>
        <time>2026-03-30T14:44:50.000Z</time>
        <extensions>
          <ns3:TrackPointExtension>
            <ns3:hr>89</ns3:hr>
            <ns3:cad>0</ns3:cad>
          </ns3:TrackPointExtension>
        </extensions>
      </trkpt>
      <trkpt lat="35.97310577519237995147705078125" lon="-81.1109566502273082733154296875">
        <ele>506.79998779296875</ele>
        <time>2026-03-30T14:44:51.000Z</time>
        <extensions>
          <ns3:TrackPointExtension>
            <ns3:hr>92</ns3:hr>
            <ns3:cad>0</ns3:cad>
          </ns3:TrackPointExtension>
        </extensions>
      </trkpt>
      <trkpt lat="35.97310577519237995147705078125" lon="-81.1109566502273082733154296875">
        <ele>506.79998779296875</ele>
        <time>2026-03-30T14:44:52.000Z</time>
        <extensions>
          <ns3:TrackPointExtension>
            <ns3:hr>95</ns3:hr>
            <ns3:cad>0</ns3:cad>
          </ns3:TrackPointExtension>
        </extensions>
      </trkpt>
      <trkpt lat="35.97310577519237995147705078125" lon="-81.1109566502273082733154296875">
        <ele>507.399993896484375</ele>
        <time>2026-03-30T14:45:05.000Z</time>
        <extensions>
          <ns3:TrackPointExtension>
            <ns3:hr>92</ns3:hr>
            <ns3:cad>0</ns3:cad>
          </ns3:TrackPointExtension>
        </extensions>
      </trkpt>
      <trkpt lat="35.97310577519237995147705078125" lon="-81.1109566502273082733154296875">
        <ele>507.20001220703125</ele>
        <time>2026-03-30T14:45:09.000Z</time>
        <extensions>
          <ns3:TrackPointExtension>
            <ns3:hr>91</ns3:hr>
            <ns3:cad>0</ns3:cad>
          </ns3:TrackPointExtension>
        </extensions>
      </trkpt>
      <trkpt lat="35.97310577519237995147705078125" lon="-81.1109566502273082733154296875">
        <ele>507.20001220703125</ele>
        <time>2026-03-30T14:45:16.000Z</time>
        <extensions>
          <ns3:TrackPointExtension>
            <ns3:hr>88</ns3:hr>
            <ns3:cad>0</ns3:cad>
          </ns3:TrackPointExtension>
        </extensions>
      </trkpt>
      <trkpt lat="35.97310577519237995147705078125" lon="-81.1109566502273082733154296875">
        <ele>507.20001220703125</ele>
        <time>2026-03-30T14:45:20.000Z</time>
        <extensions>
          <ns3:TrackPointExtension>
            <ns3:hr>91</ns3:hr>
            <ns3:cad>0</ns3:cad>
          </ns3:TrackPointExtension>
        </extensions>
      </trkpt>
      <trkpt lat="35.97310577519237995147705078125" lon="-81.1109566502273082733154296875">
        <ele>507.399993896484375</ele>
        <time>2026-03-30T14:45:22.000Z</time>
        <extensions>
          <ns3:TrackPointExtension>
            <ns3:hr>94</ns3:hr>
            <ns3:cad>0</ns3:cad>
          </ns3:TrackPointExtension>
        </extensions>
      </trkpt>
      <trkpt lat="35.97310577519237995147705078125" lon="-81.1109566502273082733154296875">
        <ele>507.600006103515625</ele>
        <time>2026-03-30T14:45:29.000Z</time>
        <extensions>
          <ns3:TrackPointExtension>
            <ns3:hr>98</ns3:hr>
            <ns3:cad>0</ns3:cad>
          </ns3:TrackPointExtension>
        </extensions>
      </trkpt>
      <trkpt lat="35.97310577519237995147705078125" lon="-81.1109566502273082733154296875">
        <ele>507.600006103515625</ele>
        <time>2026-03-30T14:45:30.000Z</time>
        <extensions>
          <ns3:TrackPointExtension>
            <ns3:hr>99</ns3:hr>
            <ns3:cad>0</ns3:cad>
          </ns3:TrackPointExtension>
        </extensions>
      </trkpt>
      <trkpt lat="35.97310577519237995147705078125" lon="-81.1109566502273082733154296875">
        <ele>507.600006103515625</ele>
        <time>2026-03-30T14:45:32.000Z</time>
        <extensions>
          <ns3:TrackPointExtension>
            <ns3:hr>96</ns3:hr>
            <ns3:cad>0</ns3:cad>
          </ns3:TrackPointExtension>
        </extensions>
      </trkpt>
      <trkpt lat="35.97310577519237995147705078125" lon="-81.1109566502273082733154296875">
        <ele>507.399993896484375</ele>
        <time>2026-03-30T14:45:36.000Z</time>
        <extensions>
          <ns3:TrackPointExtension>
            <ns3:hr>93</ns3:hr>
            <ns3:cad>0</ns3:cad>
          </ns3:TrackPointExtension>
        </extensions>
      </trkpt>
      <trkpt lat="35.97310577519237995147705078125" lon="-81.1109566502273082733154296875">
        <ele>507.399993896484375</ele>
        <time>2026-03-30T14:45:45.000Z</time>
        <extensions>
          <ns3:TrackPointExtension>
            <ns3:hr>88</ns3:hr>
            <ns3:cad>0</ns3:cad>
          </ns3:TrackPointExtension>
        </extensions>
      </trkpt>
      <trkpt lat="35.97310577519237995147705078125" lon="-81.1109566502273082733154296875">
        <ele>507.399993896484375</ele>
        <time>2026-03-30T14:45:50.000Z</time>
        <extensions>
          <ns3:TrackPointExtension>
            <ns3:hr>85</ns3:hr>
            <ns3:cad>0</ns3:cad>
          </ns3:TrackPointExtension>
        </extensions>
      </trkpt>
      <trkpt lat="35.97310577519237995147705078125" lon="-81.1109566502273082733154296875">
        <ele>507.399993896484375</ele>
        <time>2026-03-30T14:45:54.000Z</time>
        <extensions>
          <ns3:TrackPointExtension>
            <ns3:hr>90</ns3:hr>
            <ns3:cad>0</ns3:cad>
          </ns3:TrackPointExtension>
        </extensions>
      </trkpt>
      <trkpt lat="35.97310577519237995147705078125" lon="-81.1109566502273082733154296875">
        <ele>507.399993896484375</ele>
        <time>2026-03-30T14:45:56.000Z</time>
        <extensions>
          <ns3:TrackPointExtension>
            <ns3:hr>93</ns3:hr>
            <ns3:cad>0</ns3:cad>
          </ns3:TrackPointExtension>
        </extensions>
      </trkpt>
      <trkpt lat="35.97310577519237995147705078125" lon="-81.1109566502273082733154296875">
        <ele>507.399993896484375</ele>
        <time>2026-03-30T14:46:06.000Z</time>
        <extensions>
          <ns3:TrackPointExtension>
            <ns3:hr>96</ns3:hr>
            <ns3:cad>0</ns3:cad>
          </ns3:TrackPointExtension>
        </extensions>
      </trkpt>
      <trkpt lat="35.97310577519237995147705078125" lon="-81.1109566502273082733154296875">
        <ele>507.399993896484375</ele>
        <time>2026-03-30T14:46:18.000Z</time>
        <extensions>
          <ns3:TrackPointExtension>
            <ns3:hr>97</ns3:hr>
            <ns3:cad>0</ns3:cad>
          </ns3:TrackPointExtension>
        </extensions>
      </trkpt>
      <trkpt lat="35.97310577519237995147705078125" lon="-81.1109566502273082733154296875">
        <ele>507.399993896484375</ele>
        <time>2026-03-30T14:46:22.000Z</time>
        <extensions>
          <ns3:TrackPointExtension>
            <ns3:hr>94</ns3:hr>
            <ns3:cad>0</ns3:cad>
          </ns3:TrackPointExtension>
        </extensions>
      </trkpt>
      <trkpt lat="35.97310577519237995147705078125" lon="-81.1109566502273082733154296875">
        <ele>507.600006103515625</ele>
        <time>2026-03-30T14:46:26.000Z</time>
        <extensions>
          <ns3:TrackPointExtension>
            <ns3:hr>91</ns3:hr>
            <ns3:cad>0</ns3:cad>
          </ns3:TrackPointExtension>
        </extensions>
      </trkpt>
      <trkpt lat="35.97310577519237995147705078125" lon="-81.1109566502273082733154296875">
        <ele>507.79998779296875</ele>
        <time>2026-03-30T14:46:31.000Z</time>
        <extensions>
          <ns3:TrackPointExtension>
            <ns3:hr>91</ns3:hr>
            <ns3:cad>0</ns3:cad>
          </ns3:TrackPointExtension>
        </extensions>
      </trkpt>
      <trkpt lat="35.97310577519237995147705078125" lon="-81.1109566502273082733154296875">
        <ele>508.20001220703125</ele>
        <time>2026-03-30T14:46:38.000Z</time>
        <extensions>
          <ns3:TrackPointExtension>
            <ns3:hr>91</ns3:hr>
            <ns3:cad>0</ns3:cad>
          </ns3:TrackPointExtension>
        </extensions>
      </trkpt>
      <trkpt lat="35.97310577519237995147705078125" lon="-81.1109566502273082733154296875">
        <ele>508.20001220703125</ele>
        <time>2026-03-30T14:46:44.000Z</time>
        <extensions>
          <ns3:TrackPointExtension>
            <ns3:hr>94</ns3:hr>
            <ns3:cad>0</ns3:cad>
          </ns3:TrackPointExtension>
        </extensions>
      </trkpt>
      <trkpt lat="35.97310577519237995147705078125" lon="-81.1109566502273082733154296875">
        <ele>508.20001220703125</ele>
        <time>2026-03-30T14:46:49.000Z</time>
        <extensions>
          <ns3:TrackPointExtension>
            <ns3:hr>97</ns3:hr>
            <ns3:cad>0</ns3:cad>
          </ns3:TrackPointExtension>
        </extensions>
      </trkpt>
      <trkpt lat="35.97310577519237995147705078125" lon="-81.1109566502273082733154296875">
        <ele>508</ele>
        <time>2026-03-30T14:46:54.000Z</time>
        <extensions>
          <ns3:TrackPointExtension>
            <ns3:hr>100</ns3:hr>
            <ns3:cad>0</ns3:cad>
          </ns3:TrackPointExtension>
        </extensions>
      </trkpt>
      <trkpt lat="35.97310577519237995147705078125" lon="-81.1109566502273082733154296875">
        <ele>508.20001220703125</ele>
        <time>2026-03-30T14:46:58.000Z</time>
        <extensions>
          <ns3:TrackPointExtension>
            <ns3:hr>100</ns3:hr>
            <ns3:cad>0</ns3:cad>
          </ns3:TrackPointExtension>
        </extensions>
      </trkpt>
      <trkpt lat="35.97310577519237995147705078125" lon="-81.1109566502273082733154296875">
        <ele>508.20001220703125</ele>
        <time>2026-03-30T14:47:01.000Z</time>
        <extensions>
          <ns3:TrackPointExtension>
            <ns3:hr>97</ns3:hr>
            <ns3:cad>0</ns3:cad>
          </ns3:TrackPointExtension>
        </extensions>
      </trkpt>
      <trkpt lat="35.97310577519237995147705078125" lon="-81.1109566502273082733154296875">
        <ele>508.20001220703125</ele>
        <time>2026-03-30T14:47:08.000Z</time>
        <extensions>
          <ns3:TrackPointExtension>
            <ns3:hr>94</ns3:hr>
            <ns3:cad>0</ns3:cad>
          </ns3:TrackPointExtension>
        </extensions>
      </trkpt>
      <trkpt lat="35.9730978123843669891357421875" lon="-81.1109626851975917816162109375">
        <ele>508.399993896484375</ele>
        <time>2026-03-30T14:47:18.000Z</time>
        <extensions>
          <ns3:TrackPointExtension>
            <ns3:hr>94</ns3:hr>
            <ns3:cad>0</ns3:cad>
          </ns3:TrackPointExtension>
        </extensions>
      </trkpt>
      <trkpt lat="35.9731132350862026214599609375" lon="-81.1109526269137859344482421875">
        <ele>508.399993896484375</ele>
        <time>2026-03-30T14:47:30.000Z</time>
        <extensions>
          <ns3:TrackPointExtension>
            <ns3:hr>96</ns3:hr>
            <ns3:cad>0</ns3:cad>
          </ns3:TrackPointExtension>
        </extensions>
      </trkpt>
      <trkpt lat="35.9731073677539825439453125" lon="-81.11094851978123188018798828125">
        <ele>508.20001220703125</ele>
        <time>2026-03-30T14:47:35.000Z</time>
        <extensions>
          <ns3:TrackPointExtension>
            <ns3:hr>99</ns3:hr>
            <ns3:cad>0</ns3:cad>
          </ns3:TrackPointExtension>
        </extensions>
      </trkpt>
      <trkpt lat="35.97310359589755535125732421875" lon="-81.11095857806503772735595703125">
        <ele>507.79998779296875</ele>
        <time>2026-03-30T14:47:37.000Z</time>
        <extensions>
          <ns3:TrackPointExtension>
            <ns3:hr>98</ns3:hr>
            <ns3:cad>0</ns3:cad>
          </ns3:TrackPointExtension>
        </extensions>
      </trkpt>
      <trkpt lat="35.9731088764965534210205078125" lon="-81.1109472624957561492919921875">
        <ele>506.79998779296875</ele>
        <time>2026-03-30T14:47:41.000Z</time>
        <extensions>
          <ns3:TrackPointExtension>
            <ns3:hr>100</ns3:hr>
            <ns3:cad>0</ns3:cad>
          </ns3:TrackPointExtension>
        </extensions>
      </trkpt>
      <trkpt lat="35.97309404052793979644775390625" lon="-81.11094634048640727996826171875">
        <ele>506.399993896484375</ele>
        <time>2026-03-30T14:47:44.000Z</time>
        <extensions>
          <ns3:TrackPointExtension>
            <ns3:hr>103</ns3:hr>
            <ns3:cad>0</ns3:cad>
          </ns3:TrackPointExtension>
        </extensions>
      </trkpt>
      <trkpt lat="35.973065793514251708984375" lon="-81.11093577928841114044189453125">
        <ele>505.79998779296875</ele>
        <time>2026-03-30T14:47:48.000Z</time>
        <extensions>
          <ns3:TrackPointExtension>
            <ns3:hr>104</ns3:hr>
            <ns3:cad>0</ns3:cad>
          </ns3:TrackPointExtension>
        </extensions>
      </trkpt>
      <trkpt lat="35.9730569086968898773193359375" lon="-81.1109452508389949798583984375">
        <ele>505.600006103515625</ele>
        <time>2026-03-30T14:47:52.000Z</time>
        <extensions>
          <ns3:TrackPointExtension>
            <ns3:hr>106</ns3:hr>
            <ns3:cad>0</ns3:cad>
          </ns3:TrackPointExtension>
        </extensions>
      </trkpt>
      <trkpt lat="35.9730522148311138153076171875" lon="-81.11095002852380275726318359375">
        <ele>505.600006103515625</ele>
        <time>2026-03-30T14:47:53.000Z</time>
        <extensions>
          <ns3:TrackPointExtension>
            <ns3:hr>111</ns3:hr>
            <ns3:cad>0</ns3:cad>
          </ns3:TrackPointExtension>
        </extensions>
      </trkpt>
      <trkpt lat="35.973033271729946136474609375" lon="-81.110980622470378875732421875">
        <ele>504.79998779296875</ele>
        <time>2026-03-30T14:47:57.000Z</time>
        <extensions>
          <ns3:TrackPointExtension>
            <ns3:hr>114</ns3:hr>
            <ns3:cad>0</ns3:cad>
          </ns3:TrackPointExtension>
        </extensions>
      </trkpt>
      <trkpt lat="35.97304006107151508331298828125" lon="-81.1109871603548526763916015625">
        <ele>504.600006103515625</ele>
        <time>2026-03-30T14:47:58.000Z</time>
        <extensions>
          <ns3:TrackPointExtension>
            <ns3:hr>114</ns3:hr>
            <ns3:cad>0</ns3:cad>
          </ns3:TrackPointExtension>
        </extensions>
      </trkpt>
      <trkpt lat="35.97304492257535457611083984375" lon="-81.11099445261061191558837890625">
        <ele>504.399993896484375</ele>
        <time>2026-03-30T14:47:59.000Z</time>
        <extensions>
          <ns3:TrackPointExtension>
            <ns3:hr>114</ns3:hr>
            <ns3:cad>0</ns3:cad>
          </ns3:TrackPointExtension>
        </extensions>
      </trkpt>
      <trkpt lat="35.97303302027285099029541015625" lon="-81.11100819893181324005126953125">
        <ele>503.600006103515625</ele>
        <time>2026-03-30T14:48:05.000Z</time>
        <extensions>
          <ns3:TrackPointExtension>
            <ns3:hr>114</ns3:hr>
            <ns3:cad>73</ns3:cad>
          </ns3:TrackPointExtension>
        </extensions>
      </trkpt>
      <trkpt lat="35.97303285263478755950927734375" lon="-81.111016832292079925537109375">
        <ele>503.399993896484375</ele>
        <time>2026-03-30T14:48:06.000Z</time>
        <extensions>
          <ns3:TrackPointExtension>
            <ns3:hr>114</ns3:hr>
            <ns3:cad>0</ns3:cad>
          </ns3:TrackPointExtension>
        </extensions>
      </trkpt>
      <trkpt lat="35.97302748821675777435302734375" lon="-81.111049689352512359619140625">
        <ele>502.20001220703125</ele>
        <time>2026-03-30T14:48:10.000Z</time>
        <extensions>
          <ns3:TrackPointExtension>
            <ns3:hr>114</ns3:hr>
            <ns3:cad>0</ns3:cad>
          </ns3:TrackPointExtension>
        </extensions>
      </trkpt>
      <trkpt lat="35.9730274043977260589599609375" lon="-81.1110575683414936065673828125">
        <ele>502</ele>
        <time>2026-03-30T14:48:12.000Z</time>
        <extensions>
          <ns3:TrackPointExtension>
            <ns3:hr>114</ns3:hr>
            <ns3:cad>0</ns3:cad>
          </ns3:TrackPointExtension>
        </extensions>
      </trkpt>
      <trkpt lat="35.97301483154296875" lon="-81.1110793612897396087646484375">
        <ele>501.79998779296875</ele>
        <time>2026-03-30T14:48:16.000Z</time>
        <extensions>
          <ns3:TrackPointExtension>
            <ns3:hr>110</ns3:hr>
            <ns3:cad>0</ns3:cad>
          </ns3:TrackPointExtension>
        </extensions>
      </trkpt>
      <trkpt lat="35.97300955094397068023681640625" lon="-81.11109486781060695648193359375">
        <ele>501.20001220703125</ele>
        <time>2026-03-30T14:48:19.000Z</time>
        <extensions>
          <ns3:TrackPointExtension>
            <ns3:hr>110</ns3:hr>
            <ns3:cad>0</ns3:cad>
          </ns3:TrackPointExtension>
        </extensions>
      </trkpt>
      <trkpt lat="35.9730206988751888275146484375" lon="-81.11114147119224071502685546875">
        <ele>500</ele>
        <time>2026-03-30T14:48:23.000Z</time>
        <extensions>
          <ns3:TrackPointExtension>
            <ns3:hr>111</ns3:hr>
            <ns3:cad>0</ns3:cad>
          </ns3:TrackPointExtension>
        </extensions>
      </trkpt>
      <trkpt lat="35.97302966751158237457275390625" lon="-81.1111568100750446319580078125">
        <ele>499.399993896484375</ele>
        <time>2026-03-30T14:48:26.000Z</time>
        <extensions>
          <ns3:TrackPointExtension>
            <ns3:hr>112</ns3:hr>
            <ns3:cad>0</ns3:cad>
          </ns3:TrackPointExtension>
        </extensions>
      </trkpt>
      <trkpt lat="35.97305146045982837677001953125" lon="-81.11117499880492687225341796875">
        <ele>499</ele>
        <time>2026-03-30T14:48:33.000Z</time>
        <extensions>
          <ns3:TrackPointExtension>
            <ns3:hr>112</ns3:hr>
            <ns3:cad>0</ns3:cad>
          </ns3:TrackPointExtension>
        </extensions>
      </trkpt>
      <trkpt lat="35.97304500639438629150390625" lon="-81.11117281951010227203369140625">
        <ele>498</ele>
        <time>2026-03-30T14:48:41.000Z</time>
        <extensions>
          <ns3:TrackPointExtension>
            <ns3:hr>111</ns3:hr>
            <ns3:cad>0</ns3:cad>
          </ns3:TrackPointExtension>
        </extensions>
      </trkpt>
      <trkpt lat="35.97304291091859340667724609375" lon="-81.11118170432746410369873046875">
        <ele>497.79998779296875</ele>
        <time>2026-03-30T14:48:42.000Z</time>
        <extensions>
          <ns3:TrackPointExtension>
            <ns3:hr>111</ns3:hr>
            <ns3:cad>0</ns3:cad>
          </ns3:TrackPointExtension>
        </extensions>
      </trkpt>
      <trkpt lat="35.97304224036633968353271484375" lon="-81.111195869743824005126953125">
        <ele>497</ele>
        <time>2026-03-30T14:48:48.000Z</time>
        <extensions>
          <ns3:TrackPointExtension>
            <ns3:hr>111</ns3:hr>
            <ns3:cad>0</ns3:cad>
          </ns3:TrackPointExtension>
        </extensions>
      </trkpt>
      <trkpt lat="35.97304425202310085296630859375" lon="-81.11125362105667591094970703125">
        <ele>495.79998779296875</ele>
        <time>2026-03-30T14:48:55.000Z</time>
        <extensions>
          <ns3:TrackPointExtension>
            <ns3:hr>112</ns3:hr>
            <ns3:cad>0</ns3:cad>
          </ns3:TrackPointExtension>
        </extensions>
      </trkpt>
      <trkpt lat="35.97304341383278369903564453125" lon="-81.11128605902194976806640625">
        <ele>494.79998779296875</ele>
        <time>2026-03-30T14:48:59.000Z</time>
        <extensions>
          <ns3:TrackPointExtension>
            <ns3:hr>112</ns3:hr>
            <ns3:cad>0</ns3:cad>
          </ns3:TrackPointExtension>
        </extensions>
      </trkpt>
      <trkpt lat="35.973053388297557830810546875" lon="-81.11130751669406890869140625">
        <ele>494</ele>
        <time>2026-03-30T14:49:02.000Z</time>
        <extensions>
          <ns3:TrackPointExtension>
            <ns3:hr>112</ns3:hr>
            <ns3:cad>41</ns3:cad>
          </ns3:TrackPointExtension>
        </extensions>
      </trkpt>
      <trkpt lat="35.9730632789433002471923828125" lon="-81.11133106984198093414306640625">
        <ele>493.79998779296875</ele>
        <time>2026-03-30T14:49:04.000Z</time>
        <extensions>
          <ns3:TrackPointExtension>
            <ns3:hr>111</ns3:hr>
            <ns3:cad>41</ns3:cad>
          </ns3:TrackPointExtension>
        </extensions>
      </trkpt>
      <trkpt lat="35.97307157702744007110595703125" lon="-81.111321263015270233154296875">
        <ele>493.399993896484375</ele>
        <time>2026-03-30T14:49:07.000Z</time>
        <extensions>
          <ns3:TrackPointExtension>
            <ns3:hr>109</ns3:hr>
            <ns3:cad>0</ns3:cad>
          </ns3:TrackPointExtension>
        </extensions>
      </trkpt>
      <trkpt lat="35.973065793514251708984375" lon="-81.1113428883254528045654296875">
        <ele>492.600006103515625</ele>
        <time>2026-03-30T14:49:13.000Z</time>
        <extensions>
          <ns3:TrackPointExtension>
            <ns3:hr>107</ns3:hr>
            <ns3:cad>0</ns3:cad>
          </ns3:TrackPointExtension>
        </extensions>
      </trkpt>
      <trkpt lat="35.97305682487785816192626953125" lon="-81.1113430559635162353515625">
        <ele>492.20001220703125</ele>
        <time>2026-03-30T14:49:15.000Z</time>
        <extensions>
          <ns3:TrackPointExtension>
            <ns3:hr>107</ns3:hr>
            <ns3:cad>0</ns3:cad>
          </ns3:TrackPointExtension>
        </extensions>
      </trkpt>
      <trkpt lat="35.9730421565473079681396484375" lon="-81.111353449523448944091796875">
        <ele>491.600006103515625</ele>
        <time>2026-03-30T14:49:18.000Z</time>
        <extensions>
          <ns3:TrackPointExtension>
            <ns3:hr>107</ns3:hr>
            <ns3:cad>0</ns3:cad>
          </ns3:TrackPointExtension>
        </extensions>
      </trkpt>
      <trkpt lat="35.97304098308086395263671875" lon="-81.1113640107214450836181640625">
        <ele>491.399993896484375</ele>
        <time>2026-03-30T14:49:19.000Z</time>
        <extensions>
          <ns3:TrackPointExtension>
            <ns3:hr>110</ns3:hr>
            <ns3:cad>79</ns3:cad>
          </ns3:TrackPointExtension>
        </extensions>
      </trkpt>
      <trkpt lat="35.97305213101208209991455078125" lon="-81.11140734516084194183349609375">
        <ele>490.600006103515625</ele>
        <time>2026-03-30T14:49:22.000Z</time>
        <extensions>
          <ns3:TrackPointExtension>
            <ns3:hr>110</ns3:hr>
            <ns3:cad>79</ns3:cad>
          </ns3:TrackPointExtension>
        </extensions>
      </trkpt>
      <trkpt lat="35.97305514849722385406494140625" lon="-81.1114153079688549041748046875">
        <ele>490.399993896484375</ele>
        <time>2026-03-30T14:49:23.000Z</time>
        <extensions>
          <ns3:TrackPointExtension>
            <ns3:hr>110</ns3:hr>
            <ns3:cad>79</ns3:cad>
          </ns3:TrackPointExtension>
        </extensions>
      </trkpt>
      <trkpt lat="35.97305313684046268463134765625" lon="-81.11142880283296108245849609375">
        <ele>489.79998779296875</ele>
        <time>2026-03-30T14:49:26.000Z</time>
        <extensions>
          <ns3:TrackPointExtension>
            <ns3:hr>111</ns3:hr>
            <ns3:cad>78</ns3:cad>
          </ns3:TrackPointExtension>
        </extensions>
      </trkpt>
      <trkpt lat="35.973039977252483367919921875" lon="-81.11145495437085628509521484375">
        <ele>489.399993896484375</ele>
        <time>2026-03-30T14:49:30.000Z</time>
        <extensions>
          <ns3:TrackPointExtension>
            <ns3:hr>111</ns3:hr>
            <ns3:cad>45</ns3:cad>
          </ns3:TrackPointExtension>
        </extensions>
      </trkpt>
      <trkpt lat="35.97301843576133251190185546875" lon="-81.1115068383514881134033203125">
        <ele>488.20001220703125</ele>
        <time>2026-03-30T14:49:36.000Z</time>
        <extensions>
          <ns3:TrackPointExtension>
            <ns3:hr>109</ns3:hr>
            <ns3:cad>47</ns3:cad>
          </ns3:TrackPointExtension>
        </extensions>
      </trkpt>
      <trkpt lat="35.973022542893886566162109375" lon="-81.1115614883601665496826171875">
        <ele>487.20001220703125</ele>
        <time>2026-03-30T14:49:40.000Z</time>
        <extensions>
          <ns3:TrackPointExtension>
            <ns3:hr>108</ns3:hr>
            <ns3:cad>44</ns3:cad>
          </ns3:TrackPointExtension>
        </extensions>
      </trkpt>
      <trkpt lat="35.97301608882844448089599609375" lon="-81.111591160297393798828125">
        <ele>486.399993896484375</ele>
        <time>2026-03-30T14:49:44.000Z</time>
        <extensions>
          <ns3:TrackPointExtension>
            <ns3:hr>106</ns3:hr>
            <ns3:cad>44</ns3:cad>
          </ns3:TrackPointExtension>
        </extensions>
      </trkpt>
      <trkpt lat="35.97301390953361988067626953125" lon="-81.111597530543804168701171875">
        <ele>486</ele>
        <time>2026-03-30T14:49:46.000Z</time>
        <extensions>
          <ns3:TrackPointExtension>
            <ns3:hr>106</ns3:hr>
            <ns3:cad>44</ns3:cad>
          </ns3:TrackPointExtension>
        </extensions>
      </trkpt>
      <trkpt lat="35.9730076231062412261962890625" lon="-81.111603565514087677001953125">
        <ele>485.600006103515625</ele>
        <time>2026-03-30T14:49:49.000Z</time>
        <extensions>
          <ns3:TrackPointExtension>
            <ns3:hr>106</ns3:hr>
            <ns3:cad>0</ns3:cad>
          </ns3:TrackPointExtension>
        </extensions>
      </trkpt>
      <trkpt lat="35.973009131848812103271484375" lon="-81.1116201616823673248291015625">
        <ele>485.20001220703125</ele>
        <time>2026-03-30T14:49:52.000Z</time>
        <extensions>
          <ns3:TrackPointExtension>
            <ns3:hr>106</ns3:hr>
            <ns3:cad>79</ns3:cad>
          </ns3:TrackPointExtension>
        </extensions>
      </trkpt>
      <trkpt lat="35.97300988622009754180908203125" lon="-81.111634075641632080078125">
        <ele>485</ele>
        <time>2026-03-30T14:49:53.000Z</time>
        <extensions>
          <ns3:TrackPointExtension>
            <ns3:hr>106</ns3:hr>
            <ns3:cad>79</ns3:cad>
          </ns3:TrackPointExtension>
        </extensions>
      </trkpt>
      <trkpt lat="35.9730089642107486724853515625" lon="-81.1116801761090755462646484375">
        <ele>483.79998779296875</ele>
        <time>2026-03-30T14:49:58.000Z</time>
        <extensions>
          <ns3:TrackPointExtension>
            <ns3:hr>106</ns3:hr>
            <ns3:cad>76</ns3:cad>
          </ns3:TrackPointExtension>
        </extensions>
      </trkpt>
      <trkpt lat="35.9730086289346218109130859375" lon="-81.1117158830165863037109375">
        <ele>483.20001220703125</ele>
        <time>2026-03-30T14:50:02.000Z</time>
        <extensions>
          <ns3:TrackPointExtension>
            <ns3:hr>106</ns3:hr>
            <ns3:cad>69</ns3:cad>
          </ns3:TrackPointExtension>
        </extensions>
      </trkpt>
      <trkpt lat="35.97299982793629169464111328125" lon="-81.11172837205231189727783203125">
        <ele>482.79998779296875</ele>
        <time>2026-03-30T14:50:07.000Z</time>
        <extensions>
          <ns3:TrackPointExtension>
            <ns3:hr>105</ns3:hr>
            <ns3:cad>0</ns3:cad>
          </ns3:TrackPointExtension>
        </extensions>
      </trkpt>
      <trkpt lat="35.9729881770908832550048828125" lon="-81.111756451427936553955078125">
        <ele>482.20001220703125</ele>
        <time>2026-03-30T14:50:10.000Z</time>
        <extensions>
          <ns3:TrackPointExtension>
            <ns3:hr>104</ns3:hr>
            <ns3:cad>43</ns3:cad>
          </ns3:TrackPointExtension>
        </extensions>
      </trkpt>
      <trkpt lat="35.97298423759639263153076171875" lon="-81.1117877997457981109619140625">
        <ele>481.600006103515625</ele>
        <time>2026-03-30T14:50:13.000Z</time>
        <extensions>
          <ns3:TrackPointExtension>
            <ns3:hr>105</ns3:hr>
            <ns3:cad>0</ns3:cad>
          </ns3:TrackPointExtension>
        </extensions>
      </trkpt>
      <trkpt lat="35.9729754365980625152587890625" lon="-81.11180732958018779754638671875">
        <ele>481.20001220703125</ele>
        <time>2026-03-30T14:50:19.000Z</time>
        <extensions>
          <ns3:TrackPointExtension>
            <ns3:hr>108</ns3:hr>
            <ns3:cad>0</ns3:cad>
          </ns3:TrackPointExtension>
        </extensions>
      </trkpt>
      <trkpt lat="35.9729690663516521453857421875" lon="-81.111823506653308868408203125">
        <ele>480.600006103515625</ele>
        <time>2026-03-30T14:50:22.000Z</time>
        <extensions>
          <ns3:TrackPointExtension>
            <ns3:hr>109</ns3:hr>
            <ns3:cad>0</ns3:cad>
          </ns3:TrackPointExtension>
        </extensions>
      </trkpt>
      <trkpt lat="35.9729625284671783447265625" lon="-81.111832559108734130859375">
        <ele>480</ele>
        <time>2026-03-30T14:50:27.000Z</time>
        <extensions>
          <ns3:TrackPointExtension>
            <ns3:hr>109</ns3:hr>
            <ns3:cad>0</ns3:cad>
          </ns3:TrackPointExtension>
        </extensions>
      </trkpt>
      <trkpt lat="35.9729633666574954986572265625" lon="-81.11183431930840015411376953125">
        <ele>479.600006103515625</ele>
        <time>2026-03-30T14:50:30.000Z</time>
        <extensions>
          <ns3:TrackPointExtension>
            <ns3:hr>110</ns3:hr>
            <ns3:cad>0</ns3:cad>
          </ns3:TrackPointExtension>
        </extensions>
      </trkpt>
      <trkpt lat="35.9729625284671783447265625" lon="-81.1118768155574798583984375">
        <ele>478.79998779296875</ele>
        <time>2026-03-30T14:50:34.000Z</time>
        <extensions>
          <ns3:TrackPointExtension>
            <ns3:hr>111</ns3:hr>
            <ns3:cad>0</ns3:cad>
          </ns3:TrackPointExtension>
        </extensions>
      </trkpt>
      <trkpt lat="35.97295783460140228271484375" lon="-81.11191227100789546966552734375">
        <ele>478.399993896484375</ele>
        <time>2026-03-30T14:50:36.000Z</time>
        <extensions>
          <ns3:TrackPointExtension>
            <ns3:hr>110</ns3:hr>
            <ns3:cad>0</ns3:cad>
          </ns3:TrackPointExtension>
        </extensions>
      </trkpt>
      <trkpt lat="35.97296982072293758392333984375" lon="-81.111932806670665740966796875">
        <ele>477.600006103515625</ele>
        <time>2026-03-30T14:50:40.000Z</time>
        <extensions>
          <ns3:TrackPointExtension>
            <ns3:hr>109</ns3:hr>
            <ns3:cad>0</ns3:cad>
          </ns3:TrackPointExtension>
        </extensions>
      </trkpt>
      <trkpt lat="35.9729710780084133148193359375" lon="-81.11192819662392139434814453125">
        <ele>477.399993896484375</ele>
        <time>2026-03-30T14:50:42.000Z</time>
        <extensions>
          <ns3:TrackPointExtension>
            <ns3:hr>108</ns3:hr>
            <ns3:cad>0</ns3:cad>
          </ns3:TrackPointExtension>
        </extensions>
      </trkpt>
      <trkpt lat="35.97296428866684436798095703125" lon="-81.1119259335100650787353515625">
        <ele>477</ele>
        <time>2026-03-30T14:50:45.000Z</time>
        <extensions>
          <ns3:TrackPointExtension>
            <ns3:hr>107</ns3:hr>
            <ns3:cad>0</ns3:cad>
          </ns3:TrackPointExtension>
        </extensions>
      </trkpt>
      <trkpt lat="35.97296797670423984527587890625" lon="-81.111976392567157745361328125">
        <ele>476.399993896484375</ele>
        <time>2026-03-30T14:50:52.000Z</time>
        <extensions>
          <ns3:TrackPointExtension>
            <ns3:hr>106</ns3:hr>
            <ns3:cad>62</ns3:cad>
          </ns3:TrackPointExtension>
        </extensions>
      </trkpt>
      <trkpt lat="35.97296898253262042999267578125" lon="-81.1119869537651538848876953125">
        <ele>476.20001220703125</ele>
        <time>2026-03-30T14:50:53.000Z</time>
        <extensions>
          <ns3:TrackPointExtension>
            <ns3:hr>107</ns3:hr>
            <ns3:cad>0</ns3:cad>
          </ns3:TrackPointExtension>
        </extensions>
      </trkpt>
      <trkpt lat="35.972954146564006805419921875" lon="-81.112034730613231658935546875">
        <ele>475.20001220703125</ele>
        <time>2026-03-30T14:51:02.000Z</time>
        <extensions>
          <ns3:TrackPointExtension>
            <ns3:hr>108</ns3:hr>
            <ns3:cad>0</ns3:cad>
          </ns3:TrackPointExtension>
        </extensions>
      </trkpt>
      <trkpt lat="35.9729449264705181121826171875" lon="-81.11208024434745311737060546875">
        <ele>474.20001220703125</ele>
        <time>2026-03-30T14:51:09.000Z</time>
        <extensions>
          <ns3:TrackPointExtension>
            <ns3:hr>107</ns3:hr>
            <ns3:cad>69</ns3:cad>
          </ns3:TrackPointExtension>
        </extensions>
      </trkpt>
      <trkpt lat="35.97294886596500873565673828125" lon="-81.11209399066865444183349609375">
        <ele>474</ele>
        <time>2026-03-30T14:51:11.000Z</time>
        <extensions>
          <ns3:TrackPointExtension>
            <ns3:hr>107</ns3:hr>
            <ns3:cad>69</ns3:cad>
          </ns3:TrackPointExtension>
        </extensions>
      </trkpt>
      <trkpt lat="35.97295808605849742889404296875" lon="-81.1121190525591373443603515625">
        <ele>473.600006103515625</ele>
        <time>2026-03-30T14:51:14.000Z</time>
        <extensions>
          <ns3:TrackPointExtension>
            <ns3:hr>104</ns3:hr>
            <ns3:cad>69</ns3:cad>
          </ns3:TrackPointExtension>
        </extensions>
      </trkpt>
      <trkpt lat="35.972958169877529144287109375" lon="-81.11213673837482929229736328125">
        <ele>473.399993896484375</ele>
        <time>2026-03-30T14:51:16.000Z</time>
        <extensions>
          <ns3:TrackPointExtension>
            <ns3:hr>101</ns3:hr>
            <ns3:cad>69</ns3:cad>
          </ns3:TrackPointExtension>
        </extensions>
      </trkpt>
      <trkpt lat="35.972953476011753082275390625" lon="-81.112150065600872039794921875">
        <ele>473.20001220703125</ele>
        <time>2026-03-30T14:51:19.000Z</time>
        <extensions>
          <ns3:TrackPointExtension>
            <ns3:hr>100</ns3:hr>
            <ns3:cad>55</ns3:cad>
          </ns3:TrackPointExtension>
        </extensions>
      </trkpt>
      <trkpt lat="35.97295247018337249755859375" lon="-81.11222122795879840850830078125">
        <ele>472.399993896484375</ele>
        <time>2026-03-30T14:51:27.000Z</time>
        <extensions>
          <ns3:TrackPointExtension>
            <ns3:hr>100</ns3:hr>
            <ns3:cad>0</ns3:cad>
          </ns3:TrackPointExtension>
        </extensions>
      </trkpt>
      <trkpt lat="35.97297116182744503021240234375" lon="-81.11223849467933177947998046875">
        <ele>472.399993896484375</ele>
        <time>2026-03-30T14:51:36.000Z</time>
        <extensions>
          <ns3:TrackPointExtension>
            <ns3:hr>101</ns3:hr>
            <ns3:cad>0</ns3:cad>
          </ns3:TrackPointExtension>
        </extensions>
      </trkpt>
      <trkpt lat="35.97297216765582561492919921875" lon="-81.112241931259632110595703125">
        <ele>472.600006103515625</ele>
        <time>2026-03-30T14:51:38.000Z</time>
        <extensions>
          <ns3:TrackPointExtension>
            <ns3:hr>104</ns3:hr>
            <ns3:cad>0</ns3:cad>
          </ns3:TrackPointExtension>
        </extensions>
      </trkpt>
      <trkpt lat="35.97299429588019847869873046875" lon="-81.11224352382123470306396484375">
        <ele>473</ele>
        <time>2026-03-30T14:51:44.000Z</time>
        <extensions>
          <ns3:TrackPointExtension>
            <ns3:hr>103</ns3:hr>
            <ns3:cad>0</ns3:cad>
          </ns3:TrackPointExtension>
        </extensions>
      </trkpt>
      <trkpt lat="35.97297920845448970794677734375" lon="-81.112241260707378387451171875">
        <ele>473.20001220703125</ele>
        <time>2026-03-30T14:51:50.000Z</time>
        <extensions>
          <ns3:TrackPointExtension>
            <ns3:hr>103</ns3:hr>
            <ns3:cad>0</ns3:cad>
          </ns3:TrackPointExtension>
        </extensions>
      </trkpt>
      <trkpt lat="35.9729740954935550689697265625" lon="-81.11225835978984832763671875">
        <ele>473.20001220703125</ele>
        <time>2026-03-30T14:51:54.000Z</time>
        <extensions>
          <ns3:TrackPointExtension>
            <ns3:hr>106</ns3:hr>
            <ns3:cad>0</ns3:cad>
          </ns3:TrackPointExtension>
        </extensions>
      </trkpt>
      <trkpt lat="35.972982980310916900634765625" lon="-81.1123059689998626708984375">
        <ele>472.79998779296875</ele>
        <time>2026-03-30T14:51:58.000Z</time>
        <extensions>
          <ns3:TrackPointExtension>
            <ns3:hr>107</ns3:hr>
            <ns3:cad>52</ns3:cad>
          </ns3:TrackPointExtension>
        </extensions>
      </trkpt>
      <trkpt lat="35.97299178130924701690673828125" lon="-81.1123239062726497650146484375">
        <ele>472.79998779296875</ele>
        <time>2026-03-30T14:52:00.000Z</time>
        <extensions>
          <ns3:TrackPointExtension>
            <ns3:hr>110</ns3:hr>
            <ns3:cad>0</ns3:cad>
          </ns3:TrackPointExtension>
        </extensions>
      </trkpt>
      <trkpt lat="35.97297258675098419189453125" lon="-81.11232315190136432647705078125">
        <ele>472.79998779296875</ele>
        <time>2026-03-30T14:52:05.000Z</time>
        <extensions>
          <ns3:TrackPointExtension>
            <ns3:hr>109</ns3:hr>
            <ns3:cad>0</ns3:cad>
          </ns3:TrackPointExtension>
        </extensions>
      </trkpt>
      <trkpt lat="35.9729647077620029449462890625" lon="-81.11232566647231578826904296875">
        <ele>472.79998779296875</ele>
        <time>2026-03-30T14:52:06.000Z</time>
        <extensions>
          <ns3:TrackPointExtension>
            <ns3:hr>105</ns3:hr>
            <ns3:cad>0</ns3:cad>
          </ns3:TrackPointExtension>
        </extensions>
      </trkpt>
      <trkpt lat="35.97296051681041717529296875" lon="-81.11232968978583812713623046875">
        <ele>472.79998779296875</ele>
        <time>2026-03-30T14:52:07.000Z</time>
        <extensions>
          <ns3:TrackPointExtension>
            <ns3:hr>100</ns3:hr>
            <ns3:cad>0</ns3:cad>
          </ns3:TrackPointExtension>
        </extensions>
      </trkpt>
      <trkpt lat="35.97295649349689483642578125" lon="-81.1123272590339183807373046875">
        <ele>472.600006103515625</ele>
        <time>2026-03-30T14:52:09.000Z</time>
        <extensions>
          <ns3:TrackPointExtension>
            <ns3:hr>97</ns3:hr>
            <ns3:cad>0</ns3:cad>
          </ns3:TrackPointExtension>
        </extensions>
      </trkpt>
      <trkpt lat="35.9729449264705181121826171875" lon="-81.1123185418546199798583984375">
        <ele>472.399993896484375</ele>
        <time>2026-03-30T14:52:12.000Z</time>
        <extensions>
          <ns3:TrackPointExtension>
            <ns3:hr>98</ns3:hr>
            <ns3:cad>0</ns3:cad>
          </ns3:TrackPointExtension>
        </extensions>
      </trkpt>
      <trkpt lat="35.97296076826751232147216796875" lon="-81.112296581268310546875">
        <ele>472.399993896484375</ele>
        <time>2026-03-30T14:52:15.000Z</time>
        <extensions>
          <ns3:TrackPointExtension>
            <ns3:hr>101</ns3:hr>
            <ns3:cad>0</ns3:cad>
          </ns3:TrackPointExtension>
        </extensions>
      </trkpt>
      <trkpt lat="35.97295540384948253631591796875" lon="-81.1122907139360904693603515625">
        <ele>472</ele>
        <time>2026-03-30T14:52:19.000Z</time>
        <extensions>
          <ns3:TrackPointExtension>
            <ns3:hr>101</ns3:hr>
            <ns3:cad>0</ns3:cad>
          </ns3:TrackPointExtension>
        </extensions>
      </trkpt>
      <trkpt lat="35.97292833030223846435546875" lon="-81.1123074777424335479736328125">
        <ele>471.399993896484375</ele>
        <time>2026-03-30T14:52:29.000Z</time>
        <extensions>
          <ns3:TrackPointExtension>
            <ns3:hr>102</ns3:hr>
            <ns3:cad>0</ns3:cad>
          </ns3:TrackPointExtension>
        </extensions>
      </trkpt>
      <trkpt lat="35.9729422442615032196044921875" lon="-81.1123115010559558868408203125">
        <ele>471.399993896484375</ele>
        <time>2026-03-30T14:52:38.000Z</time>
        <extensions>
          <ns3:TrackPointExtension>
            <ns3:hr>99</ns3:hr>
            <ns3:cad>0</ns3:cad>
          </ns3:TrackPointExtension>
        </extensions>
      </trkpt>
      <trkpt lat="35.97294903360307216644287109375" lon="-81.1123121716082096099853515625">
        <ele>471.600006103515625</ele>
        <time>2026-03-30T14:52:41.000Z</time>
        <extensions>
          <ns3:TrackPointExtension>
            <ns3:hr>98</ns3:hr>
            <ns3:cad>0</ns3:cad>
          </ns3:TrackPointExtension>
        </extensions>
      </trkpt>
      <trkpt lat="35.97289589233696460723876953125" lon="-81.1123584397137165069580078125">
        <ele>471</ele>
        <time>2026-03-30T14:52:48.000Z</time>
        <extensions>
          <ns3:TrackPointExtension>
            <ns3:hr>98</ns3:hr>
            <ns3:cad>0</ns3:cad>
          </ns3:TrackPointExtension>
        </extensions>
      </trkpt>
      <trkpt lat="35.97289388068020343780517578125" lon="-81.11235969699919223785400390625">
        <ele>471</ele>
        <time>2026-03-30T14:52:49.000Z</time>
        <extensions>
          <ns3:TrackPointExtension>
            <ns3:hr>99</ns3:hr>
            <ns3:cad>0</ns3:cad>
          </ns3:TrackPointExtension>
        </extensions>
      </trkpt>
      <trkpt lat="35.97287057898938655853271484375" lon="-81.11238718964159488677978515625">
        <ele>470.600006103515625</ele>
        <time>2026-03-30T14:52:55.000Z</time>
        <extensions>
          <ns3:TrackPointExtension>
            <ns3:hr>99</ns3:hr>
            <ns3:cad>41</ns3:cad>
          </ns3:TrackPointExtension>
        </extensions>
      </trkpt>
      <trkpt lat="35.97286202944815158843994140625" lon="-81.11239506863057613372802734375">
        <ele>469.79998779296875</ele>
        <time>2026-03-30T14:53:02.000Z</time>
        <extensions>
          <ns3:TrackPointExtension>
            <ns3:hr>100</ns3:hr>
            <ns3:cad>0</ns3:cad>
          </ns3:TrackPointExtension>
        </extensions>
      </trkpt>
      <trkpt lat="35.9728557430207729339599609375" lon="-81.112442426383495330810546875">
        <ele>469.20001220703125</ele>
        <time>2026-03-30T14:53:09.000Z</time>
        <extensions>
          <ns3:TrackPointExtension>
            <ns3:hr>101</ns3:hr>
            <ns3:cad>0</ns3:cad>
          </ns3:TrackPointExtension>
        </extensions>
      </trkpt>
      <trkpt lat="35.97284778021275997161865234375" lon="-81.11244820989668369293212890625">
        <ele>468.79998779296875</ele>
        <time>2026-03-30T14:53:11.000Z</time>
        <extensions>
          <ns3:TrackPointExtension>
            <ns3:hr>100</ns3:hr>
            <ns3:cad>0</ns3:cad>
          </ns3:TrackPointExtension>
        </extensions>
      </trkpt>
      <trkpt lat="35.972818024456501007080078125" lon="-81.11243144609034061431884765625">
        <ele>468.20001220703125</ele>
        <time>2026-03-30T14:53:15.000Z</time>
        <extensions>
          <ns3:TrackPointExtension>
            <ns3:hr>100</ns3:hr>
            <ns3:cad>41</ns3:cad>
          </ns3:TrackPointExtension>
        </extensions>
      </trkpt>
      <trkpt lat="35.9728031046688556671142578125" lon="-81.11242859624326229095458984375">
        <ele>467.79998779296875</ele>
        <time>2026-03-30T14:53:17.000Z</time>
        <extensions>
          <ns3:TrackPointExtension>
            <ns3:hr>100</ns3:hr>
            <ns3:cad>41</ns3:cad>
          </ns3:TrackPointExtension>
        </extensions>
      </trkpt>
      <trkpt lat="35.97278323955833911895751953125" lon="-81.11245173029601573944091796875">
        <ele>466.79998779296875</ele>
        <time>2026-03-30T14:53:23.000Z</time>
        <extensions>
          <ns3:TrackPointExtension>
            <ns3:hr>100</ns3:hr>
            <ns3:cad>66</ns3:cad>
          </ns3:TrackPointExtension>
        </extensions>
      </trkpt>
      <trkpt lat="35.9727756120264530181884765625" lon="-81.112462542951107025146484375">
        <ele>466.600006103515625</ele>
        <time>2026-03-30T14:53:25.000Z</time>
        <extensions>
          <ns3:TrackPointExtension>
            <ns3:hr>101</ns3:hr>
            <ns3:cad>66</ns3:cad>
          </ns3:TrackPointExtension>
        </extensions>
      </trkpt>
      <trkpt lat="35.972754657268524169921875" lon="-81.1124789714813232421875">
        <ele>465.79998779296875</ele>
        <time>2026-03-30T14:53:29.000Z</time>
        <extensions>
          <ns3:TrackPointExtension>
            <ns3:hr>100</ns3:hr>
            <ns3:cad>79</ns3:cad>
          </ns3:TrackPointExtension>
        </extensions>
      </trkpt>
      <trkpt lat="35.97273160703480243682861328125" lon="-81.1124898679554462432861328125">
        <ele>465</ele>
        <time>2026-03-30T14:53:35.000Z</time>
        <extensions>
          <ns3:TrackPointExtension>
            <ns3:hr>100</ns3:hr>
            <ns3:cad>0</ns3:cad>
          </ns3:TrackPointExtension>
        </extensions>
      </trkpt>
      <trkpt lat="35.97272523678839206695556640625" lon="-81.11250436864793300628662109375">
        <ele>464.79998779296875</ele>
        <time>2026-03-30T14:53:37.000Z</time>
        <extensions>
          <ns3:TrackPointExtension>
            <ns3:hr>100</ns3:hr>
            <ns3:cad>0</ns3:cad>
          </ns3:TrackPointExtension>
        </extensions>
      </trkpt>
      <trkpt lat="35.9727125801146030426025390625" lon="-81.11255499534308910369873046875">
        <ele>463.79998779296875</ele>
        <time>2026-03-30T14:53:42.000Z</time>
        <extensions>
          <ns3:TrackPointExtension>
            <ns3:hr>103</ns3:hr>
            <ns3:cad>0</ns3:cad>
          </ns3:TrackPointExtension>
        </extensions>
      </trkpt>
      <trkpt lat="35.97270847298204898834228515625" lon="-81.11255818046629428863525390625">
        <ele>463.600006103515625</ele>
        <time>2026-03-30T14:53:44.000Z</time>
        <extensions>
          <ns3:TrackPointExtension>
            <ns3:hr>105</ns3:hr>
            <ns3:cad>0</ns3:cad>
          </ns3:TrackPointExtension>
        </extensions>
      </trkpt>
      <trkpt lat="35.9726701676845550537109375" lon="-81.11260662786662578582763671875">
        <ele>462.600006103515625</ele>
        <time>2026-03-30T14:53:51.000Z</time>
        <extensions>
          <ns3:TrackPointExtension>
            <ns3:hr>106</ns3:hr>
            <ns3:cad>80</ns3:cad>
          </ns3:TrackPointExtension>
        </extensions>
      </trkpt>
      <trkpt lat="35.9726674854755401611328125" lon="-81.11260436475276947021484375">
        <ele>462.399993896484375</ele>
        <time>2026-03-30T14:53:52.000Z</time>
        <extensions>
          <ns3:TrackPointExtension>
            <ns3:hr>107</ns3:hr>
            <ns3:cad>41</ns3:cad>
          </ns3:TrackPointExtension>
        </extensions>
      </trkpt>
      <trkpt lat="35.9726379811763763427734375" lon="-81.11259070225059986114501953125">
        <ele>461.399993896484375</ele>
        <time>2026-03-30T14:54:00.000Z</time>
        <extensions>
          <ns3:TrackPointExtension>
            <ns3:hr>105</ns3:hr>
            <ns3:cad>0</ns3:cad>
          </ns3:TrackPointExtension>
        </extensions>
      </trkpt>
      <trkpt lat="35.972618870437145233154296875" lon="-81.11267167143523693084716796875">
        <ele>460.399993896484375</ele>
        <time>2026-03-30T14:54:09.000Z</time>
        <extensions>
          <ns3:TrackPointExtension>
            <ns3:hr>103</ns3:hr>
            <ns3:cad>0</ns3:cad>
          </ns3:TrackPointExtension>
        </extensions>
      </trkpt>
      <trkpt lat="35.9726213850080966949462890625" lon="-81.11271173693239688873291015625">
        <ele>459.20001220703125</ele>
        <time>2026-03-30T14:54:16.000Z</time>
        <extensions>
          <ns3:TrackPointExtension>
            <ns3:hr>105</ns3:hr>
            <ns3:cad>41</ns3:cad>
          </ns3:TrackPointExtension>
        </extensions>
      </trkpt>
      <trkpt lat="35.972620882093906402587890625" lon="-81.11271039582788944244384765625">
        <ele>459.20001220703125</ele>
        <time>2026-03-30T14:54:17.000Z</time>
        <extensions>
          <ns3:TrackPointExtension>
            <ns3:hr>108</ns3:hr>
            <ns3:cad>41</ns3:cad>
          </ns3:TrackPointExtension>
        </extensions>
      </trkpt>
      <trkpt lat="35.97261945717036724090576171875" lon="-81.11270955763757228851318359375">
        <ele>459</ele>
        <time>2026-03-30T14:54:18.000Z</time>
        <extensions>
          <ns3:TrackPointExtension>
            <ns3:hr>113</ns3:hr>
            <ns3:cad>41</ns3:cad>
          </ns3:TrackPointExtension>
        </extensions>
      </trkpt>
      <trkpt lat="35.9726264141499996185302734375" lon="-81.11270888708531856536865234375">
        <ele>458.20001220703125</ele>
        <time>2026-03-30T14:54:23.000Z</time>
        <extensions>
          <ns3:TrackPointExtension>
            <ns3:hr>114</ns3:hr>
            <ns3:cad>0</ns3:cad>
          </ns3:TrackPointExtension>
        </extensions>
      </trkpt>
      <trkpt lat="35.97262063063681125640869140625" lon="-81.1127121560275554656982421875">
        <ele>458</ele>
        <time>2026-03-30T14:54:25.000Z</time>
        <extensions>
          <ns3:TrackPointExtension>
            <ns3:hr>111</ns3:hr>
            <ns3:cad>0</ns3:cad>
          </ns3:TrackPointExtension>
        </extensions>
      </trkpt>
      <trkpt lat="35.97261459566652774810791015625" lon="-81.112711988389492034912109375">
        <ele>457.79998779296875</ele>
        <time>2026-03-30T14:54:26.000Z</time>
        <extensions>
          <ns3:TrackPointExtension>
            <ns3:hr>109</ns3:hr>
            <ns3:cad>0</ns3:cad>
          </ns3:TrackPointExtension>
        </extensions>
      </trkpt>
      <trkpt lat="35.97260269336402416229248046875" lon="-81.11271022818982601165771484375">
        <ele>457.20001220703125</ele>
        <time>2026-03-30T14:54:28.000Z</time>
        <extensions>
          <ns3:TrackPointExtension>
            <ns3:hr>105</ns3:hr>
            <ns3:cad>68</ns3:cad>
          </ns3:TrackPointExtension>
        </extensions>
      </trkpt>
      <trkpt lat="35.972599089145660400390625" lon="-81.112706959247589111328125">
        <ele>457.20001220703125</ele>
        <time>2026-03-30T14:54:29.000Z</time>
        <extensions>
          <ns3:TrackPointExtension>
            <ns3:hr>105</ns3:hr>
            <ns3:cad>68</ns3:cad>
          </ns3:TrackPointExtension>
        </extensions>
      </trkpt>
      <trkpt lat="35.9725838340818881988525390625" lon="-81.112706623971462249755859375">
        <ele>457.20001220703125</ele>
        <time>2026-03-30T14:54:34.000Z</time>
        <extensions>
          <ns3:TrackPointExtension>
            <ns3:hr>103</ns3:hr>
            <ns3:cad>0</ns3:cad>
          </ns3:TrackPointExtension>
        </extensions>
      </trkpt>
      <trkpt lat="35.97261585295200347900390625" lon="-81.11275616101920604705810546875">
        <ele>456.399993896484375</ele>
        <time>2026-03-30T14:54:41.000Z</time>
        <extensions>
          <ns3:TrackPointExtension>
            <ns3:hr>103</ns3:hr>
            <ns3:cad>0</ns3:cad>
          </ns3:TrackPointExtension>
        </extensions>
      </trkpt>
      <trkpt lat="35.97263806499540805816650390625" lon="-81.11278600059449672698974609375">
        <ele>456.20001220703125</ele>
        <time>2026-03-30T14:54:48.000Z</time>
        <extensions>
          <ns3:TrackPointExtension>
            <ns3:hr>106</ns3:hr>
            <ns3:cad>0</ns3:cad>
          </ns3:TrackPointExtension>
        </extensions>
      </trkpt>
      <trkpt lat="35.97263052128255367279052734375" lon="-81.1127865873277187347412109375">
        <ele>456.399993896484375</ele>
        <time>2026-03-30T14:54:49.000Z</time>
        <extensions>
          <ns3:TrackPointExtension>
            <ns3:hr>109</ns3:hr>
            <ns3:cad>0</ns3:cad>
          </ns3:TrackPointExtension>
        </extensions>
      </trkpt>
      <trkpt lat="35.9726197086274623870849609375" lon="-81.11279019154608249664306640625">
        <ele>456.399993896484375</ele>
        <time>2026-03-30T14:54:50.000Z</time>
        <extensions>
          <ns3:TrackPointExtension>
            <ns3:hr>112</ns3:hr>
            <ns3:cad>0</ns3:cad>
          </ns3:TrackPointExtension>
        </extensions>
      </trkpt>
      <trkpt lat="35.9726103208959102630615234375" lon="-81.1127941310405731201171875">
        <ele>456.600006103515625</ele>
        <time>2026-03-30T14:54:51.000Z</time>
        <extensions>
          <ns3:TrackPointExtension>
            <ns3:hr>114</ns3:hr>
            <ns3:cad>0</ns3:cad>
          </ns3:TrackPointExtension>
        </extensions>
      </trkpt>
      <trkpt lat="35.9725856781005859375" lon="-81.1127926222980022430419921875">
        <ele>457</ele>
        <time>2026-03-30T14:54:54.000Z</time>
        <extensions>
          <ns3:TrackPointExtension>
            <ns3:hr>115</ns3:hr>
            <ns3:cad>0</ns3:cad>
          </ns3:TrackPointExtension>
        </extensions>
      </trkpt>
      <trkpt lat="35.97258090041577816009521484375" lon="-81.11277141608297824859619140625">
        <ele>457.20001220703125</ele>
        <time>2026-03-30T14:54:57.000Z</time>
        <extensions>
          <ns3:TrackPointExtension>
            <ns3:hr>116</ns3:hr>
            <ns3:cad>0</ns3:cad>
          </ns3:TrackPointExtension>
        </extensions>
      </trkpt>
      <trkpt lat="35.972582660615444183349609375" lon="-81.11276605166494846343994140625">
        <ele>457.399993896484375</ele>
        <time>2026-03-30T14:55:03.000Z</time>
        <extensions>
          <ns3:TrackPointExtension>
            <ns3:hr>119</ns3:hr>
            <ns3:cad>0</ns3:cad>
          </ns3:TrackPointExtension>
        </extensions>
      </trkpt>
      <trkpt lat="35.9725831635296344757080078125" lon="-81.11277661286294460296630859375">
        <ele>457.20001220703125</ele>
        <time>2026-03-30T14:55:04.000Z</time>
        <extensions>
          <ns3:TrackPointExtension>
            <ns3:hr>120</ns3:hr>
            <ns3:cad>0</ns3:cad>
          </ns3:TrackPointExtension>
        </extensions>
      </trkpt>
      <trkpt lat="35.97257503308355808258056640625" lon="-81.1127976514399051666259765625">
        <ele>456.600006103515625</ele>
        <time>2026-03-30T14:55:13.000Z</time>
        <extensions>
          <ns3:TrackPointExtension>
            <ns3:hr>123</ns3:hr>
            <ns3:cad>55</ns3:cad>
          </ns3:TrackPointExtension>
        </extensions>
      </trkpt>
      <trkpt lat="35.9725682437419891357421875" lon="-81.11279773525893688201904296875">
        <ele>456</ele>
        <time>2026-03-30T14:55:16.000Z</time>
        <extensions>
          <ns3:TrackPointExtension>
            <ns3:hr>122</ns3:hr>
            <ns3:cad>0</ns3:cad>
          </ns3:TrackPointExtension>
        </extensions>
      </trkpt>
      <trkpt lat="35.9725617058575153350830078125" lon="-81.1128013394773006439208984375">
        <ele>456</ele>
        <time>2026-03-30T14:55:21.000Z</time>
        <extensions>
          <ns3:TrackPointExtension>
            <ns3:hr>123</ns3:hr>
            <ns3:cad>0</ns3:cad>
          </ns3:TrackPointExtension>
        </extensions>
      </trkpt>
      <trkpt lat="35.97255927510559558868408203125" lon="-81.1128207854926586151123046875">
        <ele>455.79998779296875</ele>
        <time>2026-03-30T14:55:24.000Z</time>
        <extensions>
          <ns3:TrackPointExtension>
            <ns3:hr>126</ns3:hr>
            <ns3:cad>0</ns3:cad>
          </ns3:TrackPointExtension>
        </extensions>
      </trkpt>
      <trkpt lat="35.9725633822381496429443359375" lon="-81.1128295026719570159912109375">
        <ele>455</ele>
        <time>2026-03-30T14:55:27.000Z</time>
        <extensions>
          <ns3:TrackPointExtension>
            <ns3:hr>128</ns3:hr>
            <ns3:cad>0</ns3:cad>
          </ns3:TrackPointExtension>
        </extensions>
      </trkpt>
      <trkpt lat="35.97256757318973541259765625" lon="-81.1128036864101886749267578125">
        <ele>454.20001220703125</ele>
        <time>2026-03-30T14:55:30.000Z</time>
        <extensions>
          <ns3:TrackPointExtension>
            <ns3:hr>127</ns3:hr>
            <ns3:cad>0</ns3:cad>
          </ns3:TrackPointExtension>
        </extensions>
      </trkpt>
      <trkpt lat="35.97256866283714771270751953125" lon="-81.11279203556478023529052734375">
        <ele>454</ele>
        <time>2026-03-30T14:55:32.000Z</time>
        <extensions>
          <ns3:TrackPointExtension>
            <ns3:hr>124</ns3:hr>
            <ns3:cad>0</ns3:cad>
          </ns3:TrackPointExtension>
        </extensions>
      </trkpt>
      <trkpt lat="35.972565896809101104736328125" lon="-81.1127906106412410736083984375">
        <ele>454</ele>
        <time>2026-03-30T14:55:34.000Z</time>
        <extensions>
          <ns3:TrackPointExtension>
            <ns3:hr>121</ns3:hr>
            <ns3:cad>0</ns3:cad>
          </ns3:TrackPointExtension>
        </extensions>
      </trkpt>
      <trkpt lat="35.97257025539875030517578125" lon="-81.11279882490634918212890625">
        <ele>453.79998779296875</ele>
        <time>2026-03-30T14:55:37.000Z</time>
        <extensions>
          <ns3:TrackPointExtension>
            <ns3:hr>119</ns3:hr>
            <ns3:cad>0</ns3:cad>
          </ns3:TrackPointExtension>
        </extensions>
      </trkpt>
      <trkpt lat="35.9725777991116046905517578125" lon="-81.11280712299048900604248046875">
        <ele>453.79998779296875</ele>
        <time>2026-03-30T14:55:38.000Z</time>
        <extensions>
          <ns3:TrackPointExtension>
            <ns3:hr>119</ns3:hr>
            <ns3:cad>0</ns3:cad>
          </ns3:TrackPointExtension>
        </extensions>
      </trkpt>
      <trkpt lat="35.97260168753564357757568359375" lon="-81.11282388679683208465576171875">
        <ele>453</ele>
        <time>2026-03-30T14:55:44.000Z</time>
        <extensions>
          <ns3:TrackPointExtension>
            <ns3:hr>118</ns3:hr>
            <ns3:cad>0</ns3:cad>
          </ns3:TrackPointExtension>
        </extensions>
      </trkpt>
      <trkpt lat="35.972601436078548431396484375" lon="-81.1128222942352294921875">
        <ele>452.79998779296875</ele>
        <time>2026-03-30T14:55:46.000Z</time>
        <extensions>
          <ns3:TrackPointExtension>
            <ns3:hr>118</ns3:hr>
            <ns3:cad>0</ns3:cad>
          </ns3:TrackPointExtension>
        </extensions>
      </trkpt>
      <trkpt lat="35.9725784696638584136962890625" lon="-81.11283042468130588531494140625">
        <ele>452.79998779296875</ele>
        <time>2026-03-30T14:55:52.000Z</time>
        <extensions>
          <ns3:TrackPointExtension>
            <ns3:hr>118</ns3:hr>
            <ns3:cad>0</ns3:cad>
          </ns3:TrackPointExtension>
        </extensions>
      </trkpt>
      <trkpt lat="35.9725871868431568145751953125" lon="-81.11281299032270908355712890625">
        <ele>452.79998779296875</ele>
        <time>2026-03-30T14:55:59.000Z</time>
        <extensions>
          <ns3:TrackPointExtension>
            <ns3:hr>117</ns3:hr>
            <ns3:cad>0</ns3:cad>
          </ns3:TrackPointExtension>
        </extensions>
      </trkpt>
      <trkpt lat="35.97257687710225582122802734375" lon="-81.11280779354274272918701171875">
        <ele>453</ele>
        <time>2026-03-30T14:56:09.000Z</time>
        <extensions>
          <ns3:TrackPointExtension>
            <ns3:hr>114</ns3:hr>
            <ns3:cad>0</ns3:cad>
          </ns3:TrackPointExtension>
        </extensions>
      </trkpt>
      <trkpt lat="35.972563885152339935302734375" lon="-81.11279237084090709686279296875">
        <ele>453.20001220703125</ele>
        <time>2026-03-30T14:56:16.000Z</time>
        <extensions>
          <ns3:TrackPointExtension>
            <ns3:hr>114</ns3:hr>
            <ns3:cad>0</ns3:cad>
          </ns3:TrackPointExtension>
        </extensions>
      </trkpt>
      <trkpt lat="35.9725684113800525665283203125" lon="-81.1127834022045135498046875">
        <ele>453</ele>
        <time>2026-03-30T14:56:22.000Z</time>
        <extensions>
          <ns3:TrackPointExtension>
            <ns3:hr>113</ns3:hr>
            <ns3:cad>0</ns3:cad>
          </ns3:TrackPointExtension>
        </extensions>
      </trkpt>
      <trkpt lat="35.97256195731461048126220703125" lon="-81.11279605887830257415771484375">
        <ele>452.79998779296875</ele>
        <time>2026-03-30T14:56:24.000Z</time>
        <extensions>
          <ns3:TrackPointExtension>
            <ns3:hr>116</ns3:hr>
            <ns3:cad>0</ns3:cad>
          </ns3:TrackPointExtension>
        </extensions>
      </trkpt>
      <trkpt lat="35.97255885601043701171875" lon="-81.1128013394773006439208984375">
        <ele>452.79998779296875</ele>
        <time>2026-03-30T14:56:25.000Z</time>
        <extensions>
          <ns3:TrackPointExtension>
            <ns3:hr>122</ns3:hr>
            <ns3:cad>0</ns3:cad>
          </ns3:TrackPointExtension>
        </extensions>
      </trkpt>
      <trkpt lat="35.97255860455334186553955078125" lon="-81.1127941310405731201171875">
        <ele>452.399993896484375</ele>
        <time>2026-03-30T14:56:27.000Z</time>
        <extensions>
          <ns3:TrackPointExtension>
            <ns3:hr>125</ns3:hr>
            <ns3:cad>0</ns3:cad>
          </ns3:TrackPointExtension>
        </extensions>
      </trkpt>
      <trkpt lat="35.9725613705813884735107421875" lon="-81.11279203556478023529052734375">
        <ele>452.399993896484375</ele>
        <time>2026-03-30T14:56:28.000Z</time>
        <extensions>
          <ns3:TrackPointExtension>
            <ns3:hr>126</ns3:hr>
            <ns3:cad>0</ns3:cad>
          </ns3:TrackPointExtension>
        </extensions>
      </trkpt>
      <trkpt lat="35.97259850241243839263916015625" lon="-81.11279522068798542022705078125">
        <ele>452.20001220703125</ele>
        <time>2026-03-30T14:56:33.000Z</time>
        <extensions>
          <ns3:TrackPointExtension>
            <ns3:hr>126</ns3:hr>
            <ns3:cad>0</ns3:cad>
          </ns3:TrackPointExtension>
        </extensions>
      </trkpt>
      <trkpt lat="35.97260587848722934722900390625" lon="-81.1127949692308902740478515625">
        <ele>452.399993896484375</ele>
        <time>2026-03-30T14:56:38.000Z</time>
        <extensions>
          <ns3:TrackPointExtension>
            <ns3:hr>123</ns3:hr>
            <ns3:cad>0</ns3:cad>
          </ns3:TrackPointExtension>
        </extensions>
      </trkpt>
      <trkpt lat="35.97260537557303905487060546875" lon="-81.1127939634025096893310546875">
        <ele>452.600006103515625</ele>
        <time>2026-03-30T14:56:39.000Z</time>
        <extensions>
          <ns3:TrackPointExtension>
            <ns3:hr>122</ns3:hr>
            <ns3:cad>0</ns3:cad>
          </ns3:TrackPointExtension>
        </extensions>
      </trkpt>
      <trkpt lat="35.97258173860609531402587890625" lon="-81.11279991455376148223876953125">
        <ele>452.600006103515625</ele>
        <time>2026-03-30T14:56:46.000Z</time>
        <extensions>
          <ns3:TrackPointExtension>
            <ns3:hr>124</ns3:hr>
            <ns3:cad>50</ns3:cad>
          </ns3:TrackPointExtension>
        </extensions>
      </trkpt>
      <trkpt lat="35.9725667349994182586669921875" lon="-81.112815923988819122314453125">
        <ele>453.399993896484375</ele>
        <time>2026-03-30T14:56:54.000Z</time>
        <extensions>
          <ns3:TrackPointExtension>
            <ns3:hr>125</ns3:hr>
            <ns3:cad>0</ns3:cad>
          </ns3:TrackPointExtension>
        </extensions>
      </trkpt>
      <trkpt lat="35.97256748937070369720458984375" lon="-81.11281533725559711456298828125">
        <ele>452.79998779296875</ele>
        <time>2026-03-30T14:56:58.000Z</time>
        <extensions>
          <ns3:TrackPointExtension>
            <ns3:hr>128</ns3:hr>
            <ns3:cad>0</ns3:cad>
          </ns3:TrackPointExtension>
        </extensions>
      </trkpt>
      <trkpt lat="35.97255927510559558868408203125" lon="-81.1128316819667816162109375">
        <ele>452.79998779296875</ele>
        <time>2026-03-30T14:57:03.000Z</time>
        <extensions>
          <ns3:TrackPointExtension>
            <ns3:hr>126</ns3:hr>
            <ns3:cad>0</ns3:cad>
          </ns3:TrackPointExtension>
        </extensions>
      </trkpt>
      <trkpt lat="35.97255910746753215789794921875" lon="-81.11285087652504444122314453125">
        <ele>451.79998779296875</ele>
        <time>2026-03-30T14:57:07.000Z</time>
        <extensions>
          <ns3:TrackPointExtension>
            <ns3:hr>126</ns3:hr>
            <ns3:cad>0</ns3:cad>
          </ns3:TrackPointExtension>
        </extensions>
      </trkpt>
      <trkpt lat="35.97257050685584545135498046875" lon="-81.1128727532923221588134765625">
        <ele>451.399993896484375</ele>
        <time>2026-03-30T14:57:11.000Z</time>
        <extensions>
          <ns3:TrackPointExtension>
            <ns3:hr>126</ns3:hr>
            <ns3:cad>51</ns3:cad>
          </ns3:TrackPointExtension>
        </extensions>
      </trkpt>
      <trkpt lat="35.97260378301143646240234375" lon="-81.112897060811519622802734375">
        <ele>451.79998779296875</ele>
        <time>2026-03-30T14:57:16.000Z</time>
        <extensions>
          <ns3:TrackPointExtension>
            <ns3:hr>129</ns3:hr>
            <ns3:cad>0</ns3:cad>
          </ns3:TrackPointExtension>
        </extensions>
      </trkpt>
      <trkpt lat="35.97261141054332256317138671875" lon="-81.11290703527629375457763671875">
        <ele>451.79998779296875</ele>
        <time>2026-03-30T14:57:18.000Z</time>
        <extensions>
          <ns3:TrackPointExtension>
            <ns3:hr>129</ns3:hr>
            <ns3:cad>0</ns3:cad>
          </ns3:TrackPointExtension>
        </extensions>
      </trkpt>
      <trkpt lat="35.972598753869533538818359375" lon="-81.11289731226861476898193359375">
        <ele>452.20001220703125</ele>
        <time>2026-03-30T14:57:26.000Z</time>
        <extensions>
          <ns3:TrackPointExtension>
            <ns3:hr>129</ns3:hr>
            <ns3:cad>0</ns3:cad>
          </ns3:TrackPointExtension>
        </extensions>
      </trkpt>
      <trkpt lat="35.9725563414394855499267578125" lon="-81.11285640858113765716552734375">
        <ele>452.20001220703125</ele>
        <time>2026-03-30T14:57:34.000Z</time>
        <extensions>
          <ns3:TrackPointExtension>
            <ns3:hr>128</ns3:hr>
            <ns3:cad>67</ns3:cad>
          </ns3:TrackPointExtension>
        </extensions>
      </trkpt>
      <trkpt lat="35.97252977080643177032470703125" lon="-81.1128751002252101898193359375">
        <ele>451.600006103515625</ele>
        <time>2026-03-30T14:57:40.000Z</time>
        <extensions>
          <ns3:TrackPointExtension>
            <ns3:hr>128</ns3:hr>
            <ns3:cad>0</ns3:cad>
          </ns3:TrackPointExtension>
        </extensions>
      </trkpt>
      <trkpt lat="35.972521640360355377197265625" lon="-81.11288222484290599822998046875">
        <ele>451.20001220703125</ele>
        <time>2026-03-30T14:57:46.000Z</time>
        <extensions>
          <ns3:TrackPointExtension>
            <ns3:hr>128</ns3:hr>
            <ns3:cad>0</ns3:cad>
          </ns3:TrackPointExtension>
        </extensions>
      </trkpt>
      <trkpt lat="35.97251535393297672271728515625" lon="-81.11289228312671184539794921875">
        <ele>451.399993896484375</ele>
        <time>2026-03-30T14:57:48.000Z</time>
        <extensions>
          <ns3:TrackPointExtension>
            <ns3:hr>128</ns3:hr>
            <ns3:cad>0</ns3:cad>
          </ns3:TrackPointExtension>
        </extensions>
      </trkpt>
      <trkpt lat="35.97251250408589839935302734375" lon="-81.112897060811519622802734375">
        <ele>451.399993896484375</ele>
        <time>2026-03-30T14:57:49.000Z</time>
        <extensions>
          <ns3:TrackPointExtension>
            <ns3:hr>128</ns3:hr>
            <ns3:cad>0</ns3:cad>
          </ns3:TrackPointExtension>
        </extensions>
      </trkpt>
      <trkpt lat="35.97253806889057159423828125" lon="-81.1128918640315532684326171875">
        <ele>451.399993896484375</ele>
        <time>2026-03-30T14:57:57.000Z</time>
        <extensions>
          <ns3:TrackPointExtension>
            <ns3:hr>125</ns3:hr>
            <ns3:cad>0</ns3:cad>
          </ns3:TrackPointExtension>
        </extensions>
      </trkpt>
      <trkpt lat="35.97254049964249134063720703125" lon="-81.112897731363773345947265625">
        <ele>451.399993896484375</ele>
        <time>2026-03-30T14:57:59.000Z</time>
        <extensions>
          <ns3:TrackPointExtension>
            <ns3:hr>123</ns3:hr>
            <ns3:cad>0</ns3:cad>
          </ns3:TrackPointExtension>
        </extensions>
      </trkpt>
      <trkpt lat="35.9725050441920757293701171875" lon="-81.11290368251502513885498046875">
        <ele>451.399993896484375</ele>
        <time>2026-03-30T14:58:07.000Z</time>
        <extensions>
          <ns3:TrackPointExtension>
            <ns3:hr>122</ns3:hr>
            <ns3:cad>0</ns3:cad>
          </ns3:TrackPointExtension>
        </extensions>
      </trkpt>
      <trkpt lat="35.97249138168990612030029296875" lon="-81.1128848232328891754150390625">
        <ele>452.399993896484375</ele>
        <time>2026-03-30T14:58:12.000Z</time>
        <extensions>
          <ns3:TrackPointExtension>
            <ns3:hr>125</ns3:hr>
            <ns3:cad>0</ns3:cad>
          </ns3:TrackPointExtension>
        </extensions>
      </trkpt>
      <trkpt lat="35.97249783575534820556640625" lon="-81.11288440413773059844970703125">
        <ele>452.600006103515625</ele>
        <time>2026-03-30T14:58:13.000Z</time>
        <extensions>
          <ns3:TrackPointExtension>
            <ns3:hr>125</ns3:hr>
            <ns3:cad>0</ns3:cad>
          </ns3:TrackPointExtension>
        </extensions>
      </trkpt>
      <trkpt lat="35.97249976359307765960693359375" lon="-81.112882308661937713623046875">
        <ele>453</ele>
        <time>2026-03-30T14:58:14.000Z</time>
        <extensions>
          <ns3:TrackPointExtension>
            <ns3:hr>125</ns3:hr>
            <ns3:cad>0</ns3:cad>
          </ns3:TrackPointExtension>
        </extensions>
      </trkpt>
      <trkpt lat="35.9724809043109416961669921875" lon="-81.1128714121878147125244140625">
        <ele>454</ele>
        <time>2026-03-30T14:58:18.000Z</time>
        <extensions>
          <ns3:TrackPointExtension>
            <ns3:hr>124</ns3:hr>
            <ns3:cad>0</ns3:cad>
          </ns3:TrackPointExtension>
        </extensions>
      </trkpt>
      <trkpt lat="35.9724725224077701568603515625" lon="-81.11286990344524383544921875">
        <ele>454.20001220703125</ele>
        <time>2026-03-30T14:58:19.000Z</time>
        <extensions>
          <ns3:TrackPointExtension>
            <ns3:hr>123</ns3:hr>
            <ns3:cad>0</ns3:cad>
          </ns3:TrackPointExtension>
        </extensions>
      </trkpt>
      <trkpt lat="35.97247009165585041046142578125" lon="-81.11285322345793247222900390625">
        <ele>454.79998779296875</ele>
        <time>2026-03-30T14:58:23.000Z</time>
        <extensions>
          <ns3:TrackPointExtension>
            <ns3:hr>126</ns3:hr>
            <ns3:cad>0</ns3:cad>
          </ns3:TrackPointExtension>
        </extensions>
      </trkpt>
      <trkpt lat="35.9724691696465015411376953125" lon="-81.1128526367247104644775390625">
        <ele>455</ele>
        <time>2026-03-30T14:58:24.000Z</time>
        <extensions>
          <ns3:TrackPointExtension>
            <ns3:hr>127</ns3:hr>
            <ns3:cad>0</ns3:cad>
          </ns3:TrackPointExtension>
        </extensions>
      </trkpt>
      <trkpt lat="35.9724798984825611114501953125" lon="-81.1128194443881511688232421875">
        <ele>456.20001220703125</ele>
        <time>2026-03-30T14:58:30.000Z</time>
        <extensions>
          <ns3:TrackPointExtension>
            <ns3:hr>128</ns3:hr>
            <ns3:cad>0</ns3:cad>
          </ns3:TrackPointExtension>
        </extensions>
      </trkpt>
      <trkpt lat="35.97247830592095851898193359375" lon="-81.112807877361774444580078125">
        <ele>456.399993896484375</ele>
        <time>2026-03-30T14:58:31.000Z</time>
        <extensions>
          <ns3:TrackPointExtension>
            <ns3:hr>128</ns3:hr>
            <ns3:cad>0</ns3:cad>
          </ns3:TrackPointExtension>
        </extensions>
      </trkpt>
      <trkpt lat="35.9724869392812252044677734375" lon="-81.1127892695367336273193359375">
        <ele>457.399993896484375</ele>
        <time>2026-03-30T14:58:35.000Z</time>
        <extensions>
          <ns3:TrackPointExtension>
            <ns3:hr>130</ns3:hr>
            <ns3:cad>0</ns3:cad>
          </ns3:TrackPointExtension>
        </extensions>
      </trkpt>
      <trkpt lat="35.97250311635434627532958984375" lon="-81.11278482712805271148681640625">
        <ele>457.600006103515625</ele>
        <time>2026-03-30T14:58:38.000Z</time>
        <extensions>
          <ns3:TrackPointExtension>
            <ns3:hr>134</ns3:hr>
            <ns3:cad>75</ns3:cad>
          </ns3:TrackPointExtension>
        </extensions>
      </trkpt>
      <trkpt lat="35.9724990092217922210693359375" lon="-81.11278080381453037261962890625">
        <ele>457.399993896484375</ele>
        <time>2026-03-30T14:58:41.000Z</time>
        <extensions>
          <ns3:TrackPointExtension>
            <ns3:hr>137</ns3:hr>
            <ns3:cad>0</ns3:cad>
          </ns3:TrackPointExtension>
        </extensions>
      </trkpt>
      <trkpt lat="35.97248266451060771942138671875" lon="-81.11277996562421321868896484375">
        <ele>457.600006103515625</ele>
        <time>2026-03-30T14:58:46.000Z</time>
        <extensions>
          <ns3:TrackPointExtension>
            <ns3:hr>138</ns3:hr>
            <ns3:cad>0</ns3:cad>
          </ns3:TrackPointExtension>
        </extensions>
      </trkpt>
      <trkpt lat="35.97248467616736888885498046875" lon="-81.11278600059449672698974609375">
        <ele>458.20001220703125</ele>
        <time>2026-03-30T14:58:53.000Z</time>
        <extensions>
          <ns3:TrackPointExtension>
            <ns3:hr>139</ns3:hr>
            <ns3:cad>0</ns3:cad>
          </ns3:TrackPointExtension>
        </extensions>
      </trkpt>
      <trkpt lat="35.97248584963381290435791015625" lon="-81.1127859167754650115966796875">
        <ele>458.399993896484375</ele>
        <time>2026-03-30T14:58:54.000Z</time>
        <extensions>
          <ns3:TrackPointExtension>
            <ns3:hr>140</ns3:hr>
            <ns3:cad>0</ns3:cad>
          </ns3:TrackPointExtension>
        </extensions>
      </trkpt>
      <trkpt lat="35.972516946494579315185546875" lon="-81.11276655457913875579833984375">
        <ele>458.600006103515625</ele>
        <time>2026-03-30T14:59:00.000Z</time>
        <extensions>
          <ns3:TrackPointExtension>
            <ns3:hr>140</ns3:hr>
            <ns3:cad>0</ns3:cad>
          </ns3:TrackPointExtension>
        </extensions>
      </trkpt>
      <trkpt lat="35.97256178967654705047607421875" lon="-81.11273218877613544464111328125">
        <ele>459.600006103515625</ele>
        <time>2026-03-30T14:59:05.000Z</time>
        <extensions>
          <ns3:TrackPointExtension>
            <ns3:hr>140</ns3:hr>
            <ns3:cad>43</ns3:cad>
          </ns3:TrackPointExtension>
        </extensions>
      </trkpt>
      <trkpt lat="35.97255282104015350341796875" lon="-81.112728416919708251953125">
        <ele>459.79998779296875</ele>
        <time>2026-03-30T14:59:07.000Z</time>
        <extensions>
          <ns3:TrackPointExtension>
            <ns3:hr>140</ns3:hr>
            <ns3:cad>43</ns3:cad>
          </ns3:TrackPointExtension>
        </extensions>
      </trkpt>
      <trkpt lat="35.97251233644783496856689453125" lon="-81.112718693912029266357421875">
        <ele>459.600006103515625</ele>
        <time>2026-03-30T14:59:17.000Z</time>
        <extensions>
          <ns3:TrackPointExtension>
            <ns3:hr>139</ns3:hr>
            <ns3:cad>0</ns3:cad>
          </ns3:TrackPointExtension>
        </extensions>
      </trkpt>
      <trkpt lat="35.97247495315968990325927734375" lon="-81.11274518072605133056640625">
        <ele>458.79998779296875</ele>
        <time>2026-03-30T14:59:23.000Z</time>
        <extensions>
          <ns3:TrackPointExtension>
            <ns3:hr>138</ns3:hr>
            <ns3:cad>50</ns3:cad>
          </ns3:TrackPointExtension>
        </extensions>
      </trkpt>
      <trkpt lat="35.97246154211461544036865234375" lon="-81.11275649629533290863037109375">
        <ele>458.399993896484375</ele>
        <time>2026-03-30T14:59:25.000Z</time>
        <extensions>
          <ns3:TrackPointExtension>
            <ns3:hr>138</ns3:hr>
            <ns3:cad>49</ns3:cad>
          </ns3:TrackPointExtension>
        </extensions>
      </trkpt>
      <trkpt lat="35.97245601005852222442626953125" lon="-81.112783066928386688232421875">
        <ele>457.399993896484375</ele>
        <time>2026-03-30T14:59:30.000Z</time>
        <extensions>
          <ns3:TrackPointExtension>
            <ns3:hr>138</ns3:hr>
            <ns3:cad>0</ns3:cad>
          </ns3:TrackPointExtension>
        </extensions>
      </trkpt>
      <trkpt lat="35.9724550880491733551025390625" lon="-81.112790443003177642822265625">
        <ele>457</ele>
        <time>2026-03-30T14:59:31.000Z</time>
        <extensions>
          <ns3:TrackPointExtension>
            <ns3:hr>139</ns3:hr>
            <ns3:cad>0</ns3:cad>
          </ns3:TrackPointExtension>
        </extensions>
      </trkpt>
      <trkpt lat="35.9724594466388225555419921875" lon="-81.11282086931169033050537109375">
        <ele>456</ele>
        <time>2026-03-30T14:59:34.000Z</time>
        <extensions>
          <ns3:TrackPointExtension>
            <ns3:hr>139</ns3:hr>
            <ns3:cad>0</ns3:cad>
          </ns3:TrackPointExtension>
        </extensions>
      </trkpt>
      <trkpt lat="35.9724457003176212310791015625" lon="-81.11282086931169033050537109375">
        <ele>455.399993896484375</ele>
        <time>2026-03-30T14:59:37.000Z</time>
        <extensions>
          <ns3:TrackPointExtension>
            <ns3:hr>138</ns3:hr>
            <ns3:cad>0</ns3:cad>
          </ns3:TrackPointExtension>
        </extensions>
      </trkpt>
      <trkpt lat="35.9724413417279720306396484375" lon="-81.11282296478748321533203125">
        <ele>455.399993896484375</ele>
        <time>2026-03-30T14:59:38.000Z</time>
        <extensions>
          <ns3:TrackPointExtension>
            <ns3:hr>129</ns3:hr>
            <ns3:cad>0</ns3:cad>
          </ns3:TrackPointExtension>
        </extensions>
      </trkpt>
      <trkpt lat="35.97243773750960826873779296875" lon="-81.11282606609165668487548828125">
        <ele>455.600006103515625</ele>
        <time>2026-03-30T14:59:39.000Z</time>
        <extensions>
          <ns3:TrackPointExtension>
            <ns3:hr>124</ns3:hr>
            <ns3:cad>70</ns3:cad>
          </ns3:TrackPointExtension>
        </extensions>
      </trkpt>
      <trkpt lat="35.97242834977805614471435546875" lon="-81.112830676138401031494140625">
        <ele>455.600006103515625</ele>
        <time>2026-03-30T14:59:41.000Z</time>
        <extensions>
          <ns3:TrackPointExtension>
            <ns3:hr>121</ns3:hr>
            <ns3:cad>70</ns3:cad>
          </ns3:TrackPointExtension>
        </extensions>
      </trkpt>
      <trkpt lat="35.9724111668765544891357421875" lon="-81.112849451601505279541015625">
        <ele>455.20001220703125</ele>
        <time>2026-03-30T14:59:44.000Z</time>
        <extensions>
          <ns3:TrackPointExtension>
            <ns3:hr>122</ns3:hr>
            <ns3:cad>70</ns3:cad>
          </ns3:TrackPointExtension>
        </extensions>
      </trkpt>
      <trkpt lat="35.9724046289920806884765625" lon="-81.1128585040569305419921875">
        <ele>455</ele>
        <time>2026-03-30T14:59:45.000Z</time>
        <extensions>
          <ns3:TrackPointExtension>
            <ns3:hr>121</ns3:hr>
            <ns3:cad>70</ns3:cad>
          </ns3:TrackPointExtension>
        </extensions>
      </trkpt>
      <trkpt lat="35.972372777760028839111328125" lon="-81.11292094923555850982666015625">
        <ele>454.20001220703125</ele>
        <time>2026-03-30T14:59:52.000Z</time>
        <extensions>
          <ns3:TrackPointExtension>
            <ns3:hr>120</ns3:hr>
            <ns3:cad>41</ns3:cad>
          </ns3:TrackPointExtension>
        </extensions>
      </trkpt>
      <trkpt lat="35.97237705253064632415771484375" lon="-81.11294567584991455078125">
        <ele>454</ele>
        <time>2026-03-30T14:59:54.000Z</time>
        <extensions>
          <ns3:TrackPointExtension>
            <ns3:hr>120</ns3:hr>
            <ns3:cad>0</ns3:cad>
          </ns3:TrackPointExtension>
        </extensions>
      </trkpt>
      <trkpt lat="35.9723967500030994415283203125" lon="-81.1129904352128505706787109375">
        <ele>453.600006103515625</ele>
        <time>2026-03-30T14:59:59.000Z</time>
        <extensions>
          <ns3:TrackPointExtension>
            <ns3:hr>118</ns3:hr>
            <ns3:cad>0</ns3:cad>
          </ns3:TrackPointExtension>
        </extensions>
      </trkpt>
      <trkpt lat="35.97241074778139591217041015625" lon="-81.1129971407353878021240234375">
        <ele>452.79998779296875</ele>
        <time>2026-03-30T15:00:03.000Z</time>
        <extensions>
          <ns3:TrackPointExtension>
            <ns3:hr>115</ns3:hr>
            <ns3:cad>0</ns3:cad>
          </ns3:TrackPointExtension>
        </extensions>
      </trkpt>
      <trkpt lat="35.97241845913231372833251953125" lon="-81.1130033433437347412109375">
        <ele>452.399993896484375</ele>
        <time>2026-03-30T15:00:06.000Z</time>
        <extensions>
          <ns3:TrackPointExtension>
            <ns3:hr>114</ns3:hr>
            <ns3:cad>0</ns3:cad>
          </ns3:TrackPointExtension>
        </extensions>
      </trkpt>
      <trkpt lat="35.97242382355034351348876953125" lon="-81.11301432363688945770263671875">
        <ele>452.20001220703125</ele>
        <time>2026-03-30T15:00:10.000Z</time>
        <extensions>
          <ns3:TrackPointExtension>
            <ns3:hr>111</ns3:hr>
            <ns3:cad>0</ns3:cad>
          </ns3:TrackPointExtension>
        </extensions>
      </trkpt>
      <trkpt lat="35.9724547527730464935302734375" lon="-81.1130219511687755584716796875">
        <ele>451.600006103515625</ele>
        <time>2026-03-30T15:00:14.000Z</time>
        <extensions>
          <ns3:TrackPointExtension>
            <ns3:hr>109</ns3:hr>
            <ns3:cad>0</ns3:cad>
          </ns3:TrackPointExtension>
        </extensions>
      </trkpt>
      <trkpt lat="35.97248618490993976593017578125" lon="-81.1130001582205295562744140625">
        <ele>450.79998779296875</ele>
        <time>2026-03-30T15:00:21.000Z</time>
        <extensions>
          <ns3:TrackPointExtension>
            <ns3:hr>109</ns3:hr>
            <ns3:cad>40</ns3:cad>
          </ns3:TrackPointExtension>
        </extensions>
      </trkpt>
      <trkpt lat="35.9724862687289714813232421875" lon="-81.11299839802086353302001953125">
        <ele>450.600006103515625</ele>
        <time>2026-03-30T15:00:23.000Z</time>
        <extensions>
          <ns3:TrackPointExtension>
            <ns3:hr>110</ns3:hr>
            <ns3:cad>40</ns3:cad>
          </ns3:TrackPointExtension>
        </extensions>
      </trkpt>
      <trkpt lat="35.972488783299922943115234375" lon="-81.112994290888309478759765625">
        <ele>450</ele>
        <time>2026-03-30T15:00:27.000Z</time>
        <extensions>
          <ns3:TrackPointExtension>
            <ns3:hr>112</ns3:hr>
            <ns3:cad>0</ns3:cad>
          </ns3:TrackPointExtension>
        </extensions>
      </trkpt>
      <trkpt lat="35.97249674610793590545654296875" lon="-81.11299152486026287078857421875">
        <ele>449.600006103515625</ele>
        <time>2026-03-30T15:00:29.000Z</time>
        <extensions>
          <ns3:TrackPointExtension>
            <ns3:hr>112</ns3:hr>
            <ns3:cad>0</ns3:cad>
          </ns3:TrackPointExtension>
        </extensions>
      </trkpt>
      <trkpt lat="35.972513258457183837890625" lon="-81.112996637821197509765625">
        <ele>448.600006103515625</ele>
        <time>2026-03-30T15:00:34.000Z</time>
        <extensions>
          <ns3:TrackPointExtension>
            <ns3:hr>111</ns3:hr>
            <ns3:cad>77</ns3:cad>
          </ns3:TrackPointExtension>
        </extensions>
      </trkpt>
      <trkpt lat="35.972527004778385162353515625" lon="-81.11301063559949398040771484375">
        <ele>448</ele>
        <time>2026-03-30T15:00:38.000Z</time>
        <extensions>
          <ns3:TrackPointExtension>
            <ns3:hr>114</ns3:hr>
            <ns3:cad>0</ns3:cad>
          </ns3:TrackPointExtension>
        </extensions>
      </trkpt>
      <trkpt lat="35.97252868115901947021484375" lon="-81.11301197670400142669677734375">
        <ele>448</ele>
        <time>2026-03-30T15:00:39.000Z</time>
        <extensions>
          <ns3:TrackPointExtension>
            <ns3:hr>117</ns3:hr>
            <ns3:cad>0</ns3:cad>
          </ns3:TrackPointExtension>
        </extensions>
      </trkpt>
      <trkpt lat="35.97253178246319293975830078125" lon="-81.113018430769443511962890625">
        <ele>448</ele>
        <time>2026-03-30T15:00:41.000Z</time>
        <extensions>
          <ns3:TrackPointExtension>
            <ns3:hr>119</ns3:hr>
            <ns3:cad>0</ns3:cad>
          </ns3:TrackPointExtension>
        </extensions>
      </trkpt>
      <trkpt lat="35.9725412540137767791748046875" lon="-81.1130709014832973480224609375">
        <ele>447.79998779296875</ele>
        <time>2026-03-30T15:00:48.000Z</time>
        <extensions>
          <ns3:TrackPointExtension>
            <ns3:hr>117</ns3:hr>
            <ns3:cad>0</ns3:cad>
          </ns3:TrackPointExtension>
        </extensions>
      </trkpt>
      <trkpt lat="35.972555838525295257568359375" lon="-81.11306042410433292388916015625">
        <ele>447.600006103515625</ele>
        <time>2026-03-30T15:00:51.000Z</time>
        <extensions>
          <ns3:TrackPointExtension>
            <ns3:hr>116</ns3:hr>
            <ns3:cad>0</ns3:cad>
          </ns3:TrackPointExtension>
        </extensions>
      </trkpt>
      <trkpt lat="35.972571931779384613037109375" lon="-81.11305824480950832366943359375">
        <ele>446.79998779296875</ele>
        <time>2026-03-30T15:00:54.000Z</time>
        <extensions>
          <ns3:TrackPointExtension>
            <ns3:hr>115</ns3:hr>
            <ns3:cad>0</ns3:cad>
          </ns3:TrackPointExtension>
        </extensions>
      </trkpt>
      <trkpt lat="35.97252666950225830078125" lon="-81.11303754150867462158203125">
        <ele>446.79998779296875</ele>
        <time>2026-03-30T15:01:00.000Z</time>
        <extensions>
          <ns3:TrackPointExtension>
            <ns3:hr>118</ns3:hr>
            <ns3:cad>0</ns3:cad>
          </ns3:TrackPointExtension>
        </extensions>
      </trkpt>
      <trkpt lat="35.972523652017116546630859375" lon="-81.11304223537445068359375">
        <ele>446.399993896484375</ele>
        <time>2026-03-30T15:01:03.000Z</time>
        <extensions>
          <ns3:TrackPointExtension>
            <ns3:hr>121</ns3:hr>
            <ns3:cad>0</ns3:cad>
          </ns3:TrackPointExtension>
        </extensions>
      </trkpt>
      <trkpt lat="35.972533710300922393798828125" lon="-81.11307886429131031036376953125">
        <ele>446.20001220703125</ele>
        <time>2026-03-30T15:01:10.000Z</time>
        <extensions>
          <ns3:TrackPointExtension>
            <ns3:hr>124</ns3:hr>
            <ns3:cad>0</ns3:cad>
          </ns3:TrackPointExtension>
        </extensions>
      </trkpt>
      <trkpt lat="35.97255441360175609588623046875" lon="-81.1130516231060028076171875">
        <ele>446</ele>
        <time>2026-03-30T15:01:15.000Z</time>
        <extensions>
          <ns3:TrackPointExtension>
            <ns3:hr>121</ns3:hr>
            <ns3:cad>0</ns3:cad>
          </ns3:TrackPointExtension>
        </extensions>
      </trkpt>
      <trkpt lat="35.97255072556436061859130859375" lon="-81.113062016665935516357421875">
        <ele>445.79998779296875</ele>
        <time>2026-03-30T15:01:17.000Z</time>
        <extensions>
          <ns3:TrackPointExtension>
            <ns3:hr>119</ns3:hr>
            <ns3:cad>0</ns3:cad>
          </ns3:TrackPointExtension>
        </extensions>
      </trkpt>
      <trkpt lat="35.972546450793743133544921875" lon="-81.11307852901518344879150390625">
        <ele>445.399993896484375</ele>
        <time>2026-03-30T15:01:19.000Z</time>
        <extensions>
          <ns3:TrackPointExtension>
            <ns3:hr>119</ns3:hr>
            <ns3:cad>0</ns3:cad>
          </ns3:TrackPointExtension>
        </extensions>
      </trkpt>
      <trkpt lat="35.97255240194499492645263671875" lon="-81.11309713684022426605224609375">
        <ele>444.79998779296875</ele>
        <time>2026-03-30T15:01:23.000Z</time>
        <extensions>
          <ns3:TrackPointExtension>
            <ns3:hr>120</ns3:hr>
            <ns3:cad>0</ns3:cad>
          </ns3:TrackPointExtension>
        </extensions>
      </trkpt>
      <trkpt lat="35.97255441360175609588623046875" lon="-81.11310082487761974334716796875">
        <ele>444.399993896484375</ele>
        <time>2026-03-30T15:01:26.000Z</time>
        <extensions>
          <ns3:TrackPointExtension>
            <ns3:hr>120</ns3:hr>
            <ns3:cad>0</ns3:cad>
          </ns3:TrackPointExtension>
        </extensions>
      </trkpt>
      <trkpt lat="35.9725717641413211822509765625" lon="-81.113103926181793212890625">
        <ele>444.399993896484375</ele>
        <time>2026-03-30T15:01:33.000Z</time>
        <extensions>
          <ns3:TrackPointExtension>
            <ns3:hr>120</ns3:hr>
            <ns3:cad>0</ns3:cad>
          </ns3:TrackPointExtension>
        </extensions>
      </trkpt>
      <trkpt lat="35.97256681881844997406005859375" lon="-81.11308724619448184967041015625">
        <ele>444.20001220703125</ele>
        <time>2026-03-30T15:01:40.000Z</time>
        <extensions>
          <ns3:TrackPointExtension>
            <ns3:hr>120</ns3:hr>
            <ns3:cad>0</ns3:cad>
          </ns3:TrackPointExtension>
        </extensions>
      </trkpt>
      <trkpt lat="35.97253144718706607818603515625" lon="-81.113101579248905181884765625">
        <ele>443.20001220703125</ele>
        <time>2026-03-30T15:01:46.000Z</time>
        <extensions>
          <ns3:TrackPointExtension>
            <ns3:hr>120</ns3:hr>
            <ns3:cad>0</ns3:cad>
          </ns3:TrackPointExtension>
        </extensions>
      </trkpt>
      <trkpt lat="35.9725419245660305023193359375" lon="-81.1131025850772857666015625">
        <ele>442.600006103515625</ele>
        <time>2026-03-30T15:01:52.000Z</time>
        <extensions>
          <ns3:TrackPointExtension>
            <ns3:hr>117</ns3:hr>
            <ns3:cad>0</ns3:cad>
          </ns3:TrackPointExtension>
        </extensions>
      </trkpt>
      <trkpt lat="35.97253412939608097076416015625" lon="-81.11310451291501522064208984375">
        <ele>442.600006103515625</ele>
        <time>2026-03-30T15:01:55.000Z</time>
        <extensions>
          <ns3:TrackPointExtension>
            <ns3:hr>115</ns3:hr>
            <ns3:cad>0</ns3:cad>
          </ns3:TrackPointExtension>
        </extensions>
      </trkpt>
      <trkpt lat="35.9725342132151126861572265625" lon="-81.11313049681484699249267578125">
        <ele>442.20001220703125</ele>
        <time>2026-03-30T15:02:02.000Z</time>
        <extensions>
          <ns3:TrackPointExtension>
            <ns3:hr>115</ns3:hr>
            <ns3:cad>0</ns3:cad>
          </ns3:TrackPointExtension>
        </extensions>
      </trkpt>
      <trkpt lat="35.9725637175142765045166015625" lon="-81.1131594143807888031005859375">
        <ele>441.600006103515625</ele>
        <time>2026-03-30T15:02:08.000Z</time>
        <extensions>
          <ns3:TrackPointExtension>
            <ns3:hr>118</ns3:hr>
            <ns3:cad>0</ns3:cad>
          </ns3:TrackPointExtension>
        </extensions>
      </trkpt>
      <trkpt lat="35.97257151268422603607177734375" lon="-81.11317257396876811981201171875">
        <ele>441.20001220703125</ele>
        <time>2026-03-30T15:02:10.000Z</time>
        <extensions>
          <ns3:TrackPointExtension>
            <ns3:hr>122</ns3:hr>
            <ns3:cad>0</ns3:cad>
          </ns3:TrackPointExtension>
        </extensions>
      </trkpt>
      <trkpt lat="35.97257553599774837493896484375" lon="-81.1131763458251953125">
        <ele>441.20001220703125</ele>
        <time>2026-03-30T15:02:11.000Z</time>
        <extensions>
          <ns3:TrackPointExtension>
            <ns3:hr>123</ns3:hr>
            <ns3:cad>0</ns3:cad>
          </ns3:TrackPointExtension>
        </extensions>
      </trkpt>
      <trkpt lat="35.9725912101566791534423828125" lon="-81.11319688148796558380126953125">
        <ele>441</ele>
        <time>2026-03-30T15:02:14.000Z</time>
        <extensions>
          <ns3:TrackPointExtension>
            <ns3:hr>125</ns3:hr>
            <ns3:cad>0</ns3:cad>
          </ns3:TrackPointExtension>
        </extensions>
      </trkpt>
      <trkpt lat="35.9725804813206195831298828125" lon="-81.11320316791534423828125">
        <ele>441</ele>
        <time>2026-03-30T15:02:18.000Z</time>
        <extensions>
          <ns3:TrackPointExtension>
            <ns3:hr>128</ns3:hr>
            <ns3:cad>0</ns3:cad>
          </ns3:TrackPointExtension>
        </extensions>
      </trkpt>
      <trkpt lat="35.9725667349994182586669921875" lon="-81.11319503746926784515380859375">
        <ele>441</ele>
        <time>2026-03-30T15:02:20.000Z</time>
        <extensions>
          <ns3:TrackPointExtension>
            <ns3:hr>126</ns3:hr>
            <ns3:cad>44</ns3:cad>
          </ns3:TrackPointExtension>
        </extensions>
      </trkpt>
      <trkpt lat="35.97254611551761627197265625" lon="-81.1132009886205196380615234375">
        <ele>440.399993896484375</ele>
        <time>2026-03-30T15:02:26.000Z</time>
        <extensions>
          <ns3:TrackPointExtension>
            <ns3:hr>124</ns3:hr>
            <ns3:cad>0</ns3:cad>
          </ns3:TrackPointExtension>
        </extensions>
      </trkpt>
      <trkpt lat="35.97254971973598003387451171875" lon="-81.11321188509464263916015625">
        <ele>440.20001220703125</ele>
        <time>2026-03-30T15:02:30.000Z</time>
        <extensions>
          <ns3:TrackPointExtension>
            <ns3:hr>125</ns3:hr>
            <ns3:cad>0</ns3:cad>
          </ns3:TrackPointExtension>
        </extensions>
      </trkpt>
      <trkpt lat="35.9725601971149444580078125" lon="-81.11324063502252101898193359375">
        <ele>439.600006103515625</ele>
        <time>2026-03-30T15:02:33.000Z</time>
        <extensions>
          <ns3:TrackPointExtension>
            <ns3:hr>124</ns3:hr>
            <ns3:cad>0</ns3:cad>
          </ns3:TrackPointExtension>
        </extensions>
      </trkpt>
      <trkpt lat="35.97257553599774837493896484375" lon="-81.11326578073203563690185546875">
        <ele>439</ele>
        <time>2026-03-30T15:02:36.000Z</time>
        <extensions>
          <ns3:TrackPointExtension>
            <ns3:hr>123</ns3:hr>
            <ns3:cad>61</ns3:cad>
          </ns3:TrackPointExtension>
        </extensions>
      </trkpt>
      <trkpt lat="35.9726005978882312774658203125" lon="-81.11327986232936382293701171875">
        <ele>438.79998779296875</ele>
        <time>2026-03-30T15:02:40.000Z</time>
        <extensions>
          <ns3:TrackPointExtension>
            <ns3:hr>122</ns3:hr>
            <ns3:cad>0</ns3:cad>
          </ns3:TrackPointExtension>
        </extensions>
      </trkpt>
      <trkpt lat="35.97263169474899768829345703125" lon="-81.11329092644155025482177734375">
        <ele>438</ele>
        <time>2026-03-30T15:02:45.000Z</time>
        <extensions>
          <ns3:TrackPointExtension>
            <ns3:hr>122</ns3:hr>
            <ns3:cad>0</ns3:cad>
          </ns3:TrackPointExtension>
        </extensions>
      </trkpt>
      <trkpt lat="35.9726391546428203582763671875" lon="-81.11329545266926288604736328125">
        <ele>438</ele>
        <time>2026-03-30T15:02:46.000Z</time>
        <extensions>
          <ns3:TrackPointExtension>
            <ns3:hr>122</ns3:hr>
            <ns3:cad>0</ns3:cad>
          </ns3:TrackPointExtension>
        </extensions>
      </trkpt>
      <trkpt lat="35.972649045288562774658203125" lon="-81.11331238411366939544677734375">
        <ele>437.399993896484375</ele>
        <time>2026-03-30T15:02:53.000Z</time>
        <extensions>
          <ns3:TrackPointExtension>
            <ns3:hr>122</ns3:hr>
            <ns3:cad>0</ns3:cad>
          </ns3:TrackPointExtension>
        </extensions>
      </trkpt>
      <trkpt lat="35.97269204445183277130126953125" lon="-81.11326443962752819061279296875">
        <ele>438.20001220703125</ele>
        <time>2026-03-30T15:03:00.000Z</time>
        <extensions>
          <ns3:TrackPointExtension>
            <ns3:hr>118</ns3:hr>
            <ns3:cad>0</ns3:cad>
          </ns3:TrackPointExtension>
        </extensions>
      </trkpt>
      <trkpt lat="35.97270880825817584991455078125" lon="-81.1132469214498996734619140625">
        <ele>439</ele>
        <time>2026-03-30T15:03:07.000Z</time>
        <extensions>
          <ns3:TrackPointExtension>
            <ns3:hr>115</ns3:hr>
            <ns3:cad>0</ns3:cad>
          </ns3:TrackPointExtension>
        </extensions>
      </trkpt>
      <trkpt lat="35.97270880825817584991455078125" lon="-81.11324331723153591156005859375">
        <ele>439.20001220703125</ele>
        <time>2026-03-30T15:03:08.000Z</time>
        <extensions>
          <ns3:TrackPointExtension>
            <ns3:hr>114</ns3:hr>
            <ns3:cad>0</ns3:cad>
          </ns3:TrackPointExtension>
        </extensions>
      </trkpt>
      <trkpt lat="35.972701013088226318359375" lon="-81.1132257990539073944091796875">
        <ele>440.20001220703125</ele>
        <time>2026-03-30T15:03:13.000Z</time>
        <extensions>
          <ns3:TrackPointExtension>
            <ns3:hr>114</ns3:hr>
            <ns3:cad>0</ns3:cad>
          </ns3:TrackPointExtension>
        </extensions>
      </trkpt>
      <trkpt lat="35.9726981632411479949951171875" lon="-81.11321859061717987060546875">
        <ele>440.399993896484375</ele>
        <time>2026-03-30T15:03:14.000Z</time>
        <extensions>
          <ns3:TrackPointExtension>
            <ns3:hr>114</ns3:hr>
            <ns3:cad>0</ns3:cad>
          </ns3:TrackPointExtension>
        </extensions>
      </trkpt>
      <trkpt lat="35.97269405610859394073486328125" lon="-81.11322797834873199462890625">
        <ele>441</ele>
        <time>2026-03-30T15:03:21.000Z</time>
        <extensions>
          <ns3:TrackPointExtension>
            <ns3:hr>117</ns3:hr>
            <ns3:cad>0</ns3:cad>
          </ns3:TrackPointExtension>
        </extensions>
      </trkpt>
      <trkpt lat="35.972730852663516998291015625" lon="-81.1132174171507358551025390625">
        <ele>440.399993896484375</ele>
        <time>2026-03-30T15:03:28.000Z</time>
        <extensions>
          <ns3:TrackPointExtension>
            <ns3:hr>120</ns3:hr>
            <ns3:cad>0</ns3:cad>
          </ns3:TrackPointExtension>
        </extensions>
      </trkpt>
      <trkpt lat="35.97272775135934352874755859375" lon="-81.1132187582552433013916015625">
        <ele>440.20001220703125</ele>
        <time>2026-03-30T15:03:30.000Z</time>
        <extensions>
          <ns3:TrackPointExtension>
            <ns3:hr>123</ns3:hr>
            <ns3:cad>0</ns3:cad>
          </ns3:TrackPointExtension>
        </extensions>
      </trkpt>
      <trkpt lat="35.97274401225149631500244140625" lon="-81.1132311634719371795654296875">
        <ele>440.20001220703125</ele>
        <time>2026-03-30T15:03:34.000Z</time>
        <extensions>
          <ns3:TrackPointExtension>
            <ns3:hr>126</ns3:hr>
            <ns3:cad>0</ns3:cad>
          </ns3:TrackPointExtension>
        </extensions>
      </trkpt>
      <trkpt lat="35.97274669446051120758056640625" lon="-81.113221943378448486328125">
        <ele>441.399993896484375</ele>
        <time>2026-03-30T15:03:40.000Z</time>
        <extensions>
          <ns3:TrackPointExtension>
            <ns3:hr>126</ns3:hr>
            <ns3:cad>63</ns3:cad>
          </ns3:TrackPointExtension>
        </extensions>
      </trkpt>
      <trkpt lat="35.9727518074214458465576171875" lon="-81.11321481876075267791748046875">
        <ele>441.600006103515625</ele>
        <time>2026-03-30T15:03:41.000Z</time>
        <extensions>
          <ns3:TrackPointExtension>
            <ns3:hr>126</ns3:hr>
            <ns3:cad>63</ns3:cad>
          </ns3:TrackPointExtension>
        </extensions>
      </trkpt>
      <trkpt lat="35.97275256179273128509521484375" lon="-81.113198809325695037841796875">
        <ele>442</ele>
        <time>2026-03-30T15:03:45.000Z</time>
        <extensions>
          <ns3:TrackPointExtension>
            <ns3:hr>130</ns3:hr>
            <ns3:cad>0</ns3:cad>
          </ns3:TrackPointExtension>
        </extensions>
      </trkpt>
      <trkpt lat="35.97275189124047756195068359375" lon="-81.11319872550666332244873046875">
        <ele>441.79998779296875</ele>
        <time>2026-03-30T15:03:46.000Z</time>
        <extensions>
          <ns3:TrackPointExtension>
            <ns3:hr>132</ns3:hr>
            <ns3:cad>0</ns3:cad>
          </ns3:TrackPointExtension>
        </extensions>
      </trkpt>
      <trkpt lat="35.97272976301610469818115234375" lon="-81.1132221110165119171142578125">
        <ele>441</ele>
        <time>2026-03-30T15:03:52.000Z</time>
        <extensions>
          <ns3:TrackPointExtension>
            <ns3:hr>135</ns3:hr>
            <ns3:cad>0</ns3:cad>
          </ns3:TrackPointExtension>
        </extensions>
      </trkpt>
      <trkpt lat="35.97272976301610469818115234375" lon="-81.1132221110165119171142578125">
        <ele>441</ele>
        <time>2026-03-30T15:03:55.000Z</time>
        <extensions>
          <ns3:TrackPointExtension>
            <ns3:hr>138</ns3:hr>
            <ns3:cad>0</ns3:cad>
          </ns3:TrackPointExtension>
        </extensions>
      </trkpt>
      <trkpt lat="35.97272976301610469818115234375" lon="-81.1132221110165119171142578125">
        <ele>441</ele>
        <time>2026-03-30T15:04:00.000Z</time>
        <extensions>
          <ns3:TrackPointExtension>
            <ns3:hr>138</ns3:hr>
            <ns3:cad>0</ns3:cad>
          </ns3:TrackPointExtension>
        </extensions>
      </trkpt>
      <trkpt lat="35.97272976301610469818115234375" lon="-81.1132221110165119171142578125">
        <ele>440.79998779296875</ele>
        <time>2026-03-30T15:04:03.000Z</time>
        <extensions>
          <ns3:TrackPointExtension>
            <ns3:hr>135</ns3:hr>
            <ns3:cad>0</ns3:cad>
          </ns3:TrackPointExtension>
        </extensions>
      </trkpt>
      <trkpt lat="35.9727283380925655364990234375" lon="-81.11325136385858058929443359375">
        <ele>441.20001220703125</ele>
        <time>2026-03-30T15:04:09.000Z</time>
        <extensions>
          <ns3:TrackPointExtension>
            <ns3:hr>135</ns3:hr>
            <ns3:cad>0</ns3:cad>
          </ns3:TrackPointExtension>
        </extensions>
      </trkpt>
      <trkpt lat="35.97272858954966068267822265625" lon="-81.11325035803020000457763671875">
        <ele>441.20001220703125</ele>
        <time>2026-03-30T15:04:10.000Z</time>
        <extensions>
          <ns3:TrackPointExtension>
            <ns3:hr>134</ns3:hr>
            <ns3:cad>0</ns3:cad>
          </ns3:TrackPointExtension>
        </extensions>
      </trkpt>
      <trkpt lat="35.97273831255733966827392578125" lon="-81.11325555481016635894775390625">
        <ele>441.399993896484375</ele>
        <time>2026-03-30T15:04:19.000Z</time>
        <extensions>
          <ns3:TrackPointExtension>
            <ns3:hr>134</ns3:hr>
            <ns3:cad>0</ns3:cad>
          </ns3:TrackPointExtension>
        </extensions>
      </trkpt>
      <trkpt lat="35.972740240395069122314453125" lon="-81.1132532916963100433349609375">
        <ele>441.20001220703125</ele>
        <time>2026-03-30T15:04:26.000Z</time>
        <extensions>
          <ns3:TrackPointExtension>
            <ns3:hr>131</ns3:hr>
            <ns3:cad>0</ns3:cad>
          </ns3:TrackPointExtension>
        </extensions>
      </trkpt>
      <trkpt lat="35.972736887633800506591796875" lon="-81.11325320787727832794189453125">
        <ele>441</ele>
        <time>2026-03-30T15:04:30.000Z</time>
        <extensions>
          <ns3:TrackPointExtension>
            <ns3:hr>129</ns3:hr>
            <ns3:cad>0</ns3:cad>
          </ns3:TrackPointExtension>
        </extensions>
      </trkpt>
      <trkpt lat="35.97274501807987689971923828125" lon="-81.11323728226125240325927734375">
        <ele>441</ele>
        <time>2026-03-30T15:04:35.000Z</time>
        <extensions>
          <ns3:TrackPointExtension>
            <ns3:hr>126</ns3:hr>
            <ns3:cad>0</ns3:cad>
          </ns3:TrackPointExtension>
        </extensions>
      </trkpt>
      <trkpt lat="35.9727466106414794921875" lon="-81.11324532888829708099365234375">
        <ele>441.20001220703125</ele>
        <time>2026-03-30T15:04:41.000Z</time>
        <extensions>
          <ns3:TrackPointExtension>
            <ns3:hr>124</ns3:hr>
            <ns3:cad>0</ns3:cad>
          </ns3:TrackPointExtension>
        </extensions>
      </trkpt>
      <trkpt lat="35.97275541163980960845947265625" lon="-81.11327433027327060699462890625">
        <ele>441</ele>
        <time>2026-03-30T15:04:51.000Z</time>
        <extensions>
          <ns3:TrackPointExtension>
            <ns3:hr>121</ns3:hr>
            <ns3:cad>0</ns3:cad>
          </ns3:TrackPointExtension>
        </extensions>
      </trkpt>
      <trkpt lat="35.97275457344949245452880859375" lon="-81.11327919177711009979248046875">
        <ele>441</ele>
        <time>2026-03-30T15:04:53.000Z</time>
        <extensions>
          <ns3:TrackPointExtension>
            <ns3:hr>122</ns3:hr>
            <ns3:cad>0</ns3:cad>
          </ns3:TrackPointExtension>
        </extensions>
      </trkpt>
      <trkpt lat="35.9727551601827144622802734375" lon="-81.113277934491634368896484375">
        <ele>441</ele>
        <time>2026-03-30T15:04:54.000Z</time>
        <extensions>
          <ns3:TrackPointExtension>
            <ns3:hr>119</ns3:hr>
            <ns3:cad>0</ns3:cad>
          </ns3:TrackPointExtension>
        </extensions>
      </trkpt>
      <trkpt lat="35.97275541163980960845947265625" lon="-81.1132797785103321075439453125">
        <ele>441</ele>
        <time>2026-03-30T15:04:55.000Z</time>
        <extensions>
          <ns3:TrackPointExtension>
            <ns3:hr>114</ns3:hr>
            <ns3:cad>0</ns3:cad>
          </ns3:TrackPointExtension>
        </extensions>
      </trkpt>
      <trkpt lat="35.9727628715336322784423828125" lon="-81.113263852894306182861328125">
        <ele>441</ele>
        <time>2026-03-30T15:05:06.000Z</time>
        <extensions>
          <ns3:TrackPointExtension>
            <ns3:hr>114</ns3:hr>
            <ns3:cad>0</ns3:cad>
          </ns3:TrackPointExtension>
        </extensions>
      </trkpt>
      <trkpt lat="35.97275742329657077789306640625" lon="-81.113254129886627197265625">
        <ele>440.79998779296875</ele>
        <time>2026-03-30T15:05:14.000Z</time>
        <extensions>
          <ns3:TrackPointExtension>
            <ns3:hr>117</ns3:hr>
            <ns3:cad>0</ns3:cad>
          </ns3:TrackPointExtension>
        </extensions>
      </trkpt>
      <trkpt lat="35.97274283878505229949951171875" lon="-81.11326192505657672882080078125">
        <ele>440.600006103515625</ele>
        <time>2026-03-30T15:05:17.000Z</time>
        <extensions>
          <ns3:TrackPointExtension>
            <ns3:hr>117</ns3:hr>
            <ns3:cad>0</ns3:cad>
          </ns3:TrackPointExtension>
        </extensions>
      </trkpt>
      <trkpt lat="35.97272020764648914337158203125" lon="-81.1132392100989818572998046875">
        <ele>440.600006103515625</ele>
        <time>2026-03-30T15:05:28.000Z</time>
        <extensions>
          <ns3:TrackPointExtension>
            <ns3:hr>118</ns3:hr>
            <ns3:cad>0</ns3:cad>
          </ns3:TrackPointExtension>
        </extensions>
      </trkpt>
      <trkpt lat="35.972715429961681365966796875" lon="-81.1132244579493999481201171875">
        <ele>440.79998779296875</ele>
        <time>2026-03-30T15:05:32.000Z</time>
        <extensions>
          <ns3:TrackPointExtension>
            <ns3:hr>119</ns3:hr>
            <ns3:cad>0</ns3:cad>
          </ns3:TrackPointExtension>
        </extensions>
      </trkpt>
      <trkpt lat="35.97271777689456939697265625" lon="-81.1132200993597507476806640625">
        <ele>440.79998779296875</ele>
        <time>2026-03-30T15:05:33.000Z</time>
        <extensions>
          <ns3:TrackPointExtension>
            <ns3:hr>120</ns3:hr>
            <ns3:cad>0</ns3:cad>
          </ns3:TrackPointExtension>
        </extensions>
      </trkpt>
      <trkpt lat="35.97272791899740695953369140625" lon="-81.113211549818515777587890625">
        <ele>441</ele>
        <time>2026-03-30T15:05:36.000Z</time>
        <extensions>
          <ns3:TrackPointExtension>
            <ns3:hr>120</ns3:hr>
            <ns3:cad>0</ns3:cad>
          </ns3:TrackPointExtension>
        </extensions>
      </trkpt>
      <trkpt lat="35.97276295535266399383544921875" lon="-81.11320526339113712310791015625">
        <ele>440.79998779296875</ele>
        <time>2026-03-30T15:05:42.000Z</time>
        <extensions>
          <ns3:TrackPointExtension>
            <ns3:hr>116</ns3:hr>
            <ns3:cad>0</ns3:cad>
          </ns3:TrackPointExtension>
        </extensions>
      </trkpt>
      <trkpt lat="35.97276278771460056304931640625" lon="-81.1132050119340419769287109375">
        <ele>440.600006103515625</ele>
        <time>2026-03-30T15:05:43.000Z</time>
        <extensions>
          <ns3:TrackPointExtension>
            <ns3:hr>115</ns3:hr>
            <ns3:cad>0</ns3:cad>
          </ns3:TrackPointExtension>
        </extensions>
      </trkpt>
      <trkpt lat="35.9727565012872219085693359375" lon="-81.113203503191471099853515625">
        <ele>440.600006103515625</ele>
        <time>2026-03-30T15:05:45.000Z</time>
        <extensions>
          <ns3:TrackPointExtension>
            <ns3:hr>111</ns3:hr>
            <ns3:cad>0</ns3:cad>
          </ns3:TrackPointExtension>
        </extensions>
      </trkpt>
      <trkpt lat="35.97273789346218109130859375" lon="-81.11320140771567821502685546875">
        <ele>440.399993896484375</ele>
        <time>2026-03-30T15:05:47.000Z</time>
        <extensions>
          <ns3:TrackPointExtension>
            <ns3:hr>113</ns3:hr>
            <ns3:cad>0</ns3:cad>
          </ns3:TrackPointExtension>
        </extensions>
      </trkpt>
      <trkpt lat="35.97270344384014606475830078125" lon="-81.11319243907928466796875">
        <ele>439.79998779296875</ele>
        <time>2026-03-30T15:05:50.000Z</time>
        <extensions>
          <ns3:TrackPointExtension>
            <ns3:hr>115</ns3:hr>
            <ns3:cad>0</ns3:cad>
          </ns3:TrackPointExtension>
        </extensions>
      </trkpt>
      <trkpt lat="35.97268248908221721649169921875" lon="-81.113196127116680145263671875">
        <ele>439.399993896484375</ele>
        <time>2026-03-30T15:05:52.000Z</time>
        <extensions>
          <ns3:TrackPointExtension>
            <ns3:hr>116</ns3:hr>
            <ns3:cad>0</ns3:cad>
          </ns3:TrackPointExtension>
        </extensions>
      </trkpt>
      <trkpt lat="35.972676537930965423583984375" lon="-81.1132340133190155029296875">
        <ele>439</ele>
        <time>2026-03-30T15:05:57.000Z</time>
        <extensions>
          <ns3:TrackPointExtension>
            <ns3:hr>117</ns3:hr>
            <ns3:cad>0</ns3:cad>
          </ns3:TrackPointExtension>
        </extensions>
      </trkpt>
      <trkpt lat="35.972663462162017822265625" lon="-81.11328271217644214630126953125">
        <ele>438.399993896484375</ele>
        <time>2026-03-30T15:06:02.000Z</time>
        <extensions>
          <ns3:TrackPointExtension>
            <ns3:hr>117</ns3:hr>
            <ns3:cad>0</ns3:cad>
          </ns3:TrackPointExtension>
        </extensions>
      </trkpt>
      <trkpt lat="35.9726639650762081146240234375" lon="-81.1132925190031528472900390625">
        <ele>438.20001220703125</ele>
        <time>2026-03-30T15:06:03.000Z</time>
        <extensions>
          <ns3:TrackPointExtension>
            <ns3:hr>117</ns3:hr>
            <ns3:cad>0</ns3:cad>
          </ns3:TrackPointExtension>
        </extensions>
      </trkpt>
      <trkpt lat="35.97268098033964633941650390625" lon="-81.1132660321891307830810546875">
        <ele>437.600006103515625</ele>
        <time>2026-03-30T15:06:06.000Z</time>
        <extensions>
          <ns3:TrackPointExtension>
            <ns3:hr>120</ns3:hr>
            <ns3:cad>0</ns3:cad>
          </ns3:TrackPointExtension>
        </extensions>
      </trkpt>
      <trkpt lat="35.97269606776535511016845703125" lon="-81.113263182342052459716796875">
        <ele>437.399993896484375</ele>
        <time>2026-03-30T15:06:08.000Z</time>
        <extensions>
          <ns3:TrackPointExtension>
            <ns3:hr>120</ns3:hr>
            <ns3:cad>0</ns3:cad>
          </ns3:TrackPointExtension>
        </extensions>
      </trkpt>
      <trkpt lat="35.97270143218338489532470703125" lon="-81.11326016485691070556640625">
        <ele>437.399993896484375</ele>
        <time>2026-03-30T15:06:09.000Z</time>
        <extensions>
          <ns3:TrackPointExtension>
            <ns3:hr>120</ns3:hr>
            <ns3:cad>0</ns3:cad>
          </ns3:TrackPointExtension>
        </extensions>
      </trkpt>
      <trkpt lat="35.972730182111263275146484375" lon="-81.1133126355707645416259765625">
        <ele>437.399993896484375</ele>
        <time>2026-03-30T15:06:16.000Z</time>
        <extensions>
          <ns3:TrackPointExtension>
            <ns3:hr>121</ns3:hr>
            <ns3:cad>0</ns3:cad>
          </ns3:TrackPointExtension>
        </extensions>
      </trkpt>
      <trkpt lat="35.9727494604885578155517578125" lon="-81.11332898028194904327392578125">
        <ele>437.399993896484375</ele>
        <time>2026-03-30T15:06:20.000Z</time>
        <extensions>
          <ns3:TrackPointExtension>
            <ns3:hr>118</ns3:hr>
            <ns3:cad>0</ns3:cad>
          </ns3:TrackPointExtension>
        </extensions>
      </trkpt>
      <trkpt lat="35.9727632068097591400146484375" lon="-81.113334931433200836181640625">
        <ele>437.399993896484375</ele>
        <time>2026-03-30T15:06:22.000Z</time>
        <extensions>
          <ns3:TrackPointExtension>
            <ns3:hr>113</ns3:hr>
            <ns3:cad>0</ns3:cad>
          </ns3:TrackPointExtension>
        </extensions>
      </trkpt>
      <trkpt lat="35.97276194952428340911865234375" lon="-81.11333317123353481292724609375">
        <ele>437.20001220703125</ele>
        <time>2026-03-30T15:06:23.000Z</time>
        <extensions>
          <ns3:TrackPointExtension>
            <ns3:hr>109</ns3:hr>
            <ns3:cad>0</ns3:cad>
          </ns3:TrackPointExtension>
        </extensions>
      </trkpt>
      <trkpt lat="35.97276069223880767822265625" lon="-81.11333266831934452056884765625">
        <ele>437.20001220703125</ele>
        <time>2026-03-30T15:06:24.000Z</time>
        <extensions>
          <ns3:TrackPointExtension>
            <ns3:hr>109</ns3:hr>
            <ns3:cad>0</ns3:cad>
          </ns3:TrackPointExtension>
        </extensions>
      </trkpt>
      <trkpt lat="35.97276664339005947113037109375" lon="-81.11334239132702350616455078125">
        <ele>437</ele>
        <time>2026-03-30T15:06:26.000Z</time>
        <extensions>
          <ns3:TrackPointExtension>
            <ns3:hr>110</ns3:hr>
            <ns3:cad>0</ns3:cad>
          </ns3:TrackPointExtension>
        </extensions>
      </trkpt>
      <trkpt lat="35.97278977744281291961669921875" lon="-81.113330237567424774169921875">
        <ele>437</ele>
        <time>2026-03-30T15:06:30.000Z</time>
        <extensions>
          <ns3:TrackPointExtension>
            <ns3:hr>114</ns3:hr>
            <ns3:cad>0</ns3:cad>
          </ns3:TrackPointExtension>
        </extensions>
      </trkpt>
      <trkpt lat="35.972795225679874420166015625" lon="-81.11332261003553867340087890625">
        <ele>437.20001220703125</ele>
        <time>2026-03-30T15:06:34.000Z</time>
        <extensions>
          <ns3:TrackPointExtension>
            <ns3:hr>114</ns3:hr>
            <ns3:cad>69</ns3:cad>
          </ns3:TrackPointExtension>
        </extensions>
      </trkpt>
      <trkpt lat="35.9727481193840503692626953125" lon="-81.1132931895554065704345703125">
        <ele>437.399993896484375</ele>
        <time>2026-03-30T15:06:40.000Z</time>
        <extensions>
          <ns3:TrackPointExtension>
            <ns3:hr>111</ns3:hr>
            <ns3:cad>0</ns3:cad>
          </ns3:TrackPointExtension>
        </extensions>
      </trkpt>
      <trkpt lat="35.97277686931192874908447265625" lon="-81.1132770963013172149658203125">
        <ele>437</ele>
        <time>2026-03-30T15:06:44.000Z</time>
        <extensions>
          <ns3:TrackPointExtension>
            <ns3:hr>110</ns3:hr>
            <ns3:cad>0</ns3:cad>
          </ns3:TrackPointExtension>
        </extensions>
      </trkpt>
      <trkpt lat="35.97279413603246212005615234375" lon="-81.1132385395467281341552734375">
        <ele>437.79998779296875</ele>
        <time>2026-03-30T15:06:49.000Z</time>
        <extensions>
          <ns3:TrackPointExtension>
            <ns3:hr>111</ns3:hr>
            <ns3:cad>0</ns3:cad>
          </ns3:TrackPointExtension>
        </extensions>
      </trkpt>
      <trkpt lat="35.97281659953296184539794921875" lon="-81.1132179200649261474609375">
        <ele>438.399993896484375</ele>
        <time>2026-03-30T15:06:55.000Z</time>
        <extensions>
          <ns3:TrackPointExtension>
            <ns3:hr>111</ns3:hr>
            <ns3:cad>55</ns3:cad>
          </ns3:TrackPointExtension>
        </extensions>
      </trkpt>
      <trkpt lat="35.972814001142978668212890625" lon="-81.1132291518151760101318359375">
        <ele>438.600006103515625</ele>
        <time>2026-03-30T15:07:04.000Z</time>
        <extensions>
          <ns3:TrackPointExtension>
            <ns3:hr>113</ns3:hr>
            <ns3:cad>0</ns3:cad>
          </ns3:TrackPointExtension>
        </extensions>
      </trkpt>
      <trkpt lat="35.97279665060341358184814453125" lon="-81.11320828087627887725830078125">
        <ele>438.600006103515625</ele>
        <time>2026-03-30T15:07:11.000Z</time>
        <extensions>
          <ns3:TrackPointExtension>
            <ns3:hr>114</ns3:hr>
            <ns3:cad>0</ns3:cad>
          </ns3:TrackPointExtension>
        </extensions>
      </trkpt>
      <trkpt lat="35.972796566784381866455078125" lon="-81.1131852306425571441650390625">
        <ele>438.600006103515625</ele>
        <time>2026-03-30T15:07:24.000Z</time>
        <extensions>
          <ns3:TrackPointExtension>
            <ns3:hr>114</ns3:hr>
            <ns3:cad>0</ns3:cad>
          </ns3:TrackPointExtension>
        </extensions>
      </trkpt>
      <trkpt lat="35.9727813117206096649169921875" lon="-81.113220266997814178466796875">
        <ele>438.20001220703125</ele>
        <time>2026-03-30T15:07:31.000Z</time>
        <extensions>
          <ns3:TrackPointExtension>
            <ns3:hr>113</ns3:hr>
            <ns3:cad>0</ns3:cad>
          </ns3:TrackPointExtension>
        </extensions>
      </trkpt>
      <trkpt lat="35.97279279492795467376708984375" lon="-81.1132449097931385040283203125">
        <ele>437.399993896484375</ele>
        <time>2026-03-30T15:07:36.000Z</time>
        <extensions>
          <ns3:TrackPointExtension>
            <ns3:hr>117</ns3:hr>
            <ns3:cad>0</ns3:cad>
          </ns3:TrackPointExtension>
        </extensions>
      </trkpt>
      <trkpt lat="35.9727947227656841278076171875" lon="-81.1132556386291980743408203125">
        <ele>437.399993896484375</ele>
        <time>2026-03-30T15:07:37.000Z</time>
        <extensions>
          <ns3:TrackPointExtension>
            <ns3:hr>118</ns3:hr>
            <ns3:cad>0</ns3:cad>
          </ns3:TrackPointExtension>
        </extensions>
      </trkpt>
      <trkpt lat="35.972797572612762451171875" lon="-81.113267205655574798583984375">
        <ele>437.20001220703125</ele>
        <time>2026-03-30T15:07:38.000Z</time>
        <extensions>
          <ns3:TrackPointExtension>
            <ns3:hr>121</ns3:hr>
            <ns3:cad>0</ns3:cad>
          </ns3:TrackPointExtension>
        </extensions>
      </trkpt>
      <trkpt lat="35.97280268557369709014892578125" lon="-81.11329494975507259368896484375">
        <ele>436.20001220703125</ele>
        <time>2026-03-30T15:07:42.000Z</time>
        <extensions>
          <ns3:TrackPointExtension>
            <ns3:hr>123</ns3:hr>
            <ns3:cad>0</ns3:cad>
          </ns3:TrackPointExtension>
        </extensions>
      </trkpt>
      <trkpt lat="35.97279715351760387420654296875" lon="-81.1132730729877948760986328125">
        <ele>435.79998779296875</ele>
        <time>2026-03-30T15:07:45.000Z</time>
        <extensions>
          <ns3:TrackPointExtension>
            <ns3:hr>123</ns3:hr>
            <ns3:cad>0</ns3:cad>
          </ns3:TrackPointExtension>
        </extensions>
      </trkpt>
      <trkpt lat="35.97277519293129444122314453125" lon="-81.113279946148395538330078125">
        <ele>435</ele>
        <time>2026-03-30T15:07:50.000Z</time>
        <extensions>
          <ns3:TrackPointExtension>
            <ns3:hr>121</ns3:hr>
            <ns3:cad>0</ns3:cad>
          </ns3:TrackPointExtension>
        </extensions>
      </trkpt>
      <trkpt lat="35.97276563756167888641357421875" lon="-81.11328271217644214630126953125">
        <ele>435</ele>
        <time>2026-03-30T15:07:52.000Z</time>
        <extensions>
          <ns3:TrackPointExtension>
            <ns3:hr>119</ns3:hr>
            <ns3:cad>0</ns3:cad>
          </ns3:TrackPointExtension>
        </extensions>
      </trkpt>
      <trkpt lat="35.9727479517459869384765625" lon="-81.11327365972101688385009765625">
        <ele>434.600006103515625</ele>
        <time>2026-03-30T15:07:58.000Z</time>
        <extensions>
          <ns3:TrackPointExtension>
            <ns3:hr>117</ns3:hr>
            <ns3:cad>0</ns3:cad>
          </ns3:TrackPointExtension>
        </extensions>
      </trkpt>
      <trkpt lat="35.97275943495333194732666015625" lon="-81.11326511017978191375732421875">
        <ele>434.600006103515625</ele>
        <time>2026-03-30T15:08:02.000Z</time>
        <extensions>
          <ns3:TrackPointExtension>
            <ns3:hr>114</ns3:hr>
            <ns3:cad>0</ns3:cad>
          </ns3:TrackPointExtension>
        </extensions>
      </trkpt>
      <trkpt lat="35.97276069223880767822265625" lon="-81.11326494254171848297119140625">
        <ele>434.600006103515625</ele>
        <time>2026-03-30T15:08:06.000Z</time>
        <extensions>
          <ns3:TrackPointExtension>
            <ns3:hr>112</ns3:hr>
            <ns3:cad>0</ns3:cad>
          </ns3:TrackPointExtension>
        </extensions>
      </trkpt>
      <trkpt lat="35.9727447666227817535400390625" lon="-81.113263852894306182861328125">
        <ele>435</ele>
        <time>2026-03-30T15:08:17.000Z</time>
        <extensions>
          <ns3:TrackPointExtension>
            <ns3:hr>111</ns3:hr>
            <ns3:cad>65</ns3:cad>
          </ns3:TrackPointExtension>
        </extensions>
      </trkpt>
      <trkpt lat="35.97272758372128009796142578125" lon="-81.1132710613310337066650390625">
        <ele>435</ele>
        <time>2026-03-30T15:08:25.000Z</time>
        <extensions>
          <ns3:TrackPointExtension>
            <ns3:hr>111</ns3:hr>
            <ns3:cad>62</ns3:cad>
          </ns3:TrackPointExtension>
        </extensions>
      </trkpt>
      <trkpt lat="35.97273378632962703704833984375" lon="-81.11327583901584148406982421875">
        <ele>435.20001220703125</ele>
        <time>2026-03-30T15:08:31.000Z</time>
        <extensions>
          <ns3:TrackPointExtension>
            <ns3:hr>111</ns3:hr>
            <ns3:cad>0</ns3:cad>
          </ns3:TrackPointExtension>
        </extensions>
      </trkpt>
      <trkpt lat="35.9727202914655208587646484375" lon="-81.11328204162418842315673828125">
        <ele>435.20001220703125</ele>
        <time>2026-03-30T15:08:35.000Z</time>
        <extensions>
          <ns3:TrackPointExtension>
            <ns3:hr>114</ns3:hr>
            <ns3:cad>0</ns3:cad>
          </ns3:TrackPointExtension>
        </extensions>
      </trkpt>
      <trkpt lat="35.97272020764648914337158203125" lon="-81.11329478211700916290283203125">
        <ele>435</ele>
        <time>2026-03-30T15:08:38.000Z</time>
        <extensions>
          <ns3:TrackPointExtension>
            <ns3:hr>116</ns3:hr>
            <ns3:cad>0</ns3:cad>
          </ns3:TrackPointExtension>
        </extensions>
      </trkpt>
      <trkpt lat="35.9727149270474910736083984375" lon="-81.1133005656301975250244140625">
        <ele>435</ele>
        <time>2026-03-30T15:08:44.000Z</time>
        <extensions>
          <ns3:TrackPointExtension>
            <ns3:hr>117</ns3:hr>
            <ns3:cad>0</ns3:cad>
          </ns3:TrackPointExtension>
        </extensions>
      </trkpt>
      <trkpt lat="35.97270880825817584991455078125" lon="-81.1133059300482273101806640625">
        <ele>436.20001220703125</ele>
        <time>2026-03-30T15:08:50.000Z</time>
        <extensions>
          <ns3:TrackPointExtension>
            <ns3:hr>117</ns3:hr>
            <ns3:cad>0</ns3:cad>
          </ns3:TrackPointExtension>
        </extensions>
      </trkpt>
      <trkpt lat="35.97269942052662372589111328125" lon="-81.1133045889437198638916015625">
        <ele>436.20001220703125</ele>
        <time>2026-03-30T15:08:51.000Z</time>
        <extensions>
          <ns3:TrackPointExtension>
            <ns3:hr>117</ns3:hr>
            <ns3:cad>0</ns3:cad>
          </ns3:TrackPointExtension>
        </extensions>
      </trkpt>
      <trkpt lat="35.97268081270158290863037109375" lon="-81.11329159699380397796630859375">
        <ele>436.399993896484375</ele>
        <time>2026-03-30T15:08:57.000Z</time>
        <extensions>
          <ns3:TrackPointExtension>
            <ns3:hr>118</ns3:hr>
            <ns3:cad>0</ns3:cad>
          </ns3:TrackPointExtension>
        </extensions>
      </trkpt>
      <trkpt lat="35.97267511300742626190185546875" lon="-81.11329503357410430908203125">
        <ele>436.399993896484375</ele>
        <time>2026-03-30T15:08:59.000Z</time>
        <extensions>
          <ns3:TrackPointExtension>
            <ns3:hr>121</ns3:hr>
            <ns3:cad>0</ns3:cad>
          </ns3:TrackPointExtension>
        </extensions>
      </trkpt>
      <trkpt lat="35.9726728498935699462890625" lon="-81.1132965423166751861572265625">
        <ele>436.399993896484375</ele>
        <time>2026-03-30T15:09:00.000Z</time>
        <extensions>
          <ns3:TrackPointExtension>
            <ns3:hr>124</ns3:hr>
            <ns3:cad>0</ns3:cad>
          </ns3:TrackPointExtension>
        </extensions>
      </trkpt>
      <trkpt lat="35.97266279160976409912109375" lon="-81.11331841908395290374755859375">
        <ele>435.79998779296875</ele>
        <time>2026-03-30T15:09:04.000Z</time>
        <extensions>
          <ns3:TrackPointExtension>
            <ns3:hr>127</ns3:hr>
            <ns3:cad>0</ns3:cad>
          </ns3:TrackPointExtension>
        </extensions>
      </trkpt>
      <trkpt lat="35.97266145050525665283203125" lon="-81.11332210712134838104248046875">
        <ele>435.600006103515625</ele>
        <time>2026-03-30T15:09:05.000Z</time>
        <extensions>
          <ns3:TrackPointExtension>
            <ns3:hr>127</ns3:hr>
            <ns3:cad>0</ns3:cad>
          </ns3:TrackPointExtension>
        </extensions>
      </trkpt>
      <trkpt lat="35.97265248186886310577392578125" lon="-81.113335601985454559326171875">
        <ele>435.20001220703125</ele>
        <time>2026-03-30T15:09:10.000Z</time>
        <extensions>
          <ns3:TrackPointExtension>
            <ns3:hr>128</ns3:hr>
            <ns3:cad>0</ns3:cad>
          </ns3:TrackPointExtension>
        </extensions>
      </trkpt>
      <trkpt lat="35.972668491303920745849609375" lon="-81.113328225910663604736328125">
        <ele>435.20001220703125</ele>
        <time>2026-03-30T15:09:14.000Z</time>
        <extensions>
          <ns3:TrackPointExtension>
            <ns3:hr>131</ns3:hr>
            <ns3:cad>0</ns3:cad>
          </ns3:TrackPointExtension>
        </extensions>
      </trkpt>
      <trkpt lat="35.97265801392495632171630859375" lon="-81.11332864500582218170166015625">
        <ele>435</ele>
        <time>2026-03-30T15:09:16.000Z</time>
        <extensions>
          <ns3:TrackPointExtension>
            <ns3:hr>134</ns3:hr>
            <ns3:cad>0</ns3:cad>
          </ns3:TrackPointExtension>
        </extensions>
      </trkpt>
      <trkpt lat="35.972599424421787261962890625" lon="-81.11334205605089664459228515625">
        <ele>434.79998779296875</ele>
        <time>2026-03-30T15:09:23.000Z</time>
        <extensions>
          <ns3:TrackPointExtension>
            <ns3:hr>138</ns3:hr>
            <ns3:cad>0</ns3:cad>
          </ns3:TrackPointExtension>
        </extensions>
      </trkpt>
      <trkpt lat="35.9725858457386493682861328125" lon="-81.11334825865924358367919921875">
        <ele>434.399993896484375</ele>
        <time>2026-03-30T15:09:24.000Z</time>
        <extensions>
          <ns3:TrackPointExtension>
            <ns3:hr>138</ns3:hr>
            <ns3:cad>0</ns3:cad>
          </ns3:TrackPointExtension>
        </extensions>
      </trkpt>
      <trkpt lat="35.9725788049399852752685546875" lon="-81.11335077323019504547119140625">
        <ele>434</ele>
        <time>2026-03-30T15:09:27.000Z</time>
        <extensions>
          <ns3:TrackPointExtension>
            <ns3:hr>134</ns3:hr>
            <ns3:cad>0</ns3:cad>
          </ns3:TrackPointExtension>
        </extensions>
      </trkpt>
      <trkpt lat="35.972578637301921844482421875" lon="-81.11335094086825847625732421875">
        <ele>434</ele>
        <time>2026-03-30T15:09:28.000Z</time>
        <extensions>
          <ns3:TrackPointExtension>
            <ns3:hr>133</ns3:hr>
            <ns3:cad>0</ns3:cad>
          </ns3:TrackPointExtension>
        </extensions>
      </trkpt>
      <trkpt lat="35.9725855104625225067138671875" lon="-81.113345660269260406494140625">
        <ele>433.79998779296875</ele>
        <time>2026-03-30T15:09:30.000Z</time>
        <extensions>
          <ns3:TrackPointExtension>
            <ns3:hr>127</ns3:hr>
            <ns3:cad>41</ns3:cad>
          </ns3:TrackPointExtension>
        </extensions>
      </trkpt>
      <trkpt lat="35.97259045578539371490478515625" lon="-81.11334054730832576751708984375">
        <ele>433.600006103515625</ele>
        <time>2026-03-30T15:09:31.000Z</time>
        <extensions>
          <ns3:TrackPointExtension>
            <ns3:hr>121</ns3:hr>
            <ns3:cad>41</ns3:cad>
          </ns3:TrackPointExtension>
        </extensions>
      </trkpt>
      <trkpt lat="35.972595401108264923095703125" lon="-81.1133361048996448516845703125">
        <ele>433.399993896484375</ele>
        <time>2026-03-30T15:09:32.000Z</time>
        <extensions>
          <ns3:TrackPointExtension>
            <ns3:hr>121</ns3:hr>
            <ns3:cad>41</ns3:cad>
          </ns3:TrackPointExtension>
        </extensions>
      </trkpt>
      <trkpt lat="35.97259816713631153106689453125" lon="-81.11333367414772510528564453125">
        <ele>433</ele>
        <time>2026-03-30T15:09:34.000Z</time>
        <extensions>
          <ns3:TrackPointExtension>
            <ns3:hr>120</ns3:hr>
            <ns3:cad>41</ns3:cad>
          </ns3:TrackPointExtension>
        </extensions>
      </trkpt>
      <trkpt lat="35.97259548492729663848876953125" lon="-81.1133334226906299591064453125">
        <ele>431.79998779296875</ele>
        <time>2026-03-30T15:09:37.000Z</time>
        <extensions>
          <ns3:TrackPointExtension>
            <ns3:hr>120</ns3:hr>
            <ns3:cad>0</ns3:cad>
          </ns3:TrackPointExtension>
        </extensions>
      </trkpt>
      <trkpt lat="35.9725709259510040283203125" lon="-81.11334457062184810638427734375">
        <ele>431.600006103515625</ele>
        <time>2026-03-30T15:09:38.000Z</time>
        <extensions>
          <ns3:TrackPointExtension>
            <ns3:hr>120</ns3:hr>
            <ns3:cad>0</ns3:cad>
          </ns3:TrackPointExtension>
        </extensions>
      </trkpt>
      <trkpt lat="35.9725848399102687835693359375" lon="-81.11334423534572124481201171875">
        <ele>432</ele>
        <time>2026-03-30T15:09:41.000Z</time>
        <extensions>
          <ns3:TrackPointExtension>
            <ns3:hr>120</ns3:hr>
            <ns3:cad>0</ns3:cad>
          </ns3:TrackPointExtension>
        </extensions>
      </trkpt>
      <trkpt lat="35.9725898690521717071533203125" lon="-81.11335060559213161468505859375">
        <ele>432.20001220703125</ele>
        <time>2026-03-30T15:09:43.000Z</time>
        <extensions>
          <ns3:TrackPointExtension>
            <ns3:hr>122</ns3:hr>
            <ns3:cad>0</ns3:cad>
          </ns3:TrackPointExtension>
        </extensions>
      </trkpt>
      <trkpt lat="35.9725979156792163848876953125" lon="-81.11335211433470249176025390625">
        <ele>432.399993896484375</ele>
        <time>2026-03-30T15:09:45.000Z</time>
        <extensions>
          <ns3:TrackPointExtension>
            <ns3:hr>125</ns3:hr>
            <ns3:cad>75</ns3:cad>
          </ns3:TrackPointExtension>
        </extensions>
      </trkpt>
      <trkpt lat="35.9726187027990818023681640625" lon="-81.1133552156388759613037109375">
        <ele>432.399993896484375</ele>
        <time>2026-03-30T15:09:51.000Z</time>
        <extensions>
          <ns3:TrackPointExtension>
            <ns3:hr>127</ns3:hr>
            <ns3:cad>0</ns3:cad>
          </ns3:TrackPointExtension>
        </extensions>
      </trkpt>
      <trkpt lat="35.9725975804030895233154296875" lon="-81.11339469440281391143798828125">
        <ele>432.600006103515625</ele>
        <time>2026-03-30T15:09:57.000Z</time>
        <extensions>
          <ns3:TrackPointExtension>
            <ns3:hr>127</ns3:hr>
            <ns3:cad>0</ns3:cad>
          </ns3:TrackPointExtension>
        </extensions>
      </trkpt>
      <trkpt lat="35.97260889597237110137939453125" lon="-81.1133944429457187652587890625">
        <ele>431.399993896484375</ele>
        <time>2026-03-30T15:10:03.000Z</time>
        <extensions>
          <ns3:TrackPointExtension>
            <ns3:hr>124</ns3:hr>
            <ns3:cad>0</ns3:cad>
          </ns3:TrackPointExtension>
        </extensions>
      </trkpt>
      <trkpt lat="35.97263303585350513458251953125" lon="-81.11342084594070911407470703125">
        <ele>431.20001220703125</ele>
        <time>2026-03-30T15:10:10.000Z</time>
        <extensions>
          <ns3:TrackPointExtension>
            <ns3:hr>123</ns3:hr>
            <ns3:cad>0</ns3:cad>
          </ns3:TrackPointExtension>
        </extensions>
      </trkpt>
      <trkpt lat="35.97264678217470645904541015625" lon="-81.113417409360408782958984375">
        <ele>430.79998779296875</ele>
        <time>2026-03-30T15:10:14.000Z</time>
        <extensions>
          <ns3:TrackPointExtension>
            <ns3:hr>122</ns3:hr>
            <ns3:cad>0</ns3:cad>
          </ns3:TrackPointExtension>
        </extensions>
      </trkpt>
      <trkpt lat="35.97264326177537441253662109375" lon="-81.1134179122745990753173828125">
        <ele>430.600006103515625</ele>
        <time>2026-03-30T15:10:17.000Z</time>
        <extensions>
          <ns3:TrackPointExtension>
            <ns3:hr>122</ns3:hr>
            <ns3:cad>0</ns3:cad>
          </ns3:TrackPointExtension>
        </extensions>
      </trkpt>
      <trkpt lat="35.97263135947287082672119140625" lon="-81.113425455987453460693359375">
        <ele>430.79998779296875</ele>
        <time>2026-03-30T15:10:19.000Z</time>
        <extensions>
          <ns3:TrackPointExtension>
            <ns3:hr>125</ns3:hr>
            <ns3:cad>0</ns3:cad>
          </ns3:TrackPointExtension>
        </extensions>
      </trkpt>
      <trkpt lat="35.9726294316351413726806640625" lon="-81.113434843719005584716796875">
        <ele>431</ele>
        <time>2026-03-30T15:10:23.000Z</time>
        <extensions>
          <ns3:TrackPointExtension>
            <ns3:hr>127</ns3:hr>
            <ns3:cad>0</ns3:cad>
          </ns3:TrackPointExtension>
        </extensions>
      </trkpt>
      <trkpt lat="35.9726592712104320526123046875" lon="-81.11341531388461589813232421875">
        <ele>431.20001220703125</ele>
        <time>2026-03-30T15:10:32.000Z</time>
        <extensions>
          <ns3:TrackPointExtension>
            <ns3:hr>125</ns3:hr>
            <ns3:cad>0</ns3:cad>
          </ns3:TrackPointExtension>
        </extensions>
      </trkpt>
      <trkpt lat="35.97266136668622493743896484375" lon="-81.11342168413102626800537109375">
        <ele>431.20001220703125</ele>
        <time>2026-03-30T15:10:44.000Z</time>
        <extensions>
          <ns3:TrackPointExtension>
            <ns3:hr>124</ns3:hr>
            <ns3:cad>0</ns3:cad>
          </ns3:TrackPointExtension>
        </extensions>
      </trkpt>
      <trkpt lat="35.9726606123149394989013671875" lon="-81.1134324967861175537109375">
        <ele>431.20001220703125</ele>
        <time>2026-03-30T15:10:48.000Z</time>
        <extensions>
          <ns3:TrackPointExtension>
            <ns3:hr>129</ns3:hr>
            <ns3:cad>0</ns3:cad>
          </ns3:TrackPointExtension>
        </extensions>
      </trkpt>
      <trkpt lat="35.97266052849590778350830078125" lon="-81.113436184823513031005859375">
        <ele>431.20001220703125</ele>
        <time>2026-03-30T15:10:50.000Z</time>
        <extensions>
          <ns3:TrackPointExtension>
            <ns3:hr>132</ns3:hr>
            <ns3:cad>0</ns3:cad>
          </ns3:TrackPointExtension>
        </extensions>
      </trkpt>
      <trkpt lat="35.97267963923513889312744140625" lon="-81.11342336051166057586669921875">
        <ele>431.399993896484375</ele>
        <time>2026-03-30T15:10:55.000Z</time>
        <extensions>
          <ns3:TrackPointExtension>
            <ns3:hr>133</ns3:hr>
            <ns3:cad>0</ns3:cad>
          </ns3:TrackPointExtension>
        </extensions>
      </trkpt>
      <trkpt lat="35.97268424928188323974609375" lon="-81.1134437285363674163818359375">
        <ele>431.79998779296875</ele>
        <time>2026-03-30T15:11:04.000Z</time>
        <extensions>
          <ns3:TrackPointExtension>
            <ns3:hr>133</ns3:hr>
            <ns3:cad>0</ns3:cad>
          </ns3:TrackPointExtension>
        </extensions>
      </trkpt>
      <trkpt lat="35.972685255110263824462890625" lon="-81.1134420521557331085205078125">
        <ele>431.79998779296875</ele>
        <time>2026-03-30T15:11:05.000Z</time>
        <extensions>
          <ns3:TrackPointExtension>
            <ns3:hr>132</ns3:hr>
            <ns3:cad>0</ns3:cad>
          </ns3:TrackPointExtension>
        </extensions>
      </trkpt>
      <trkpt lat="35.97268986515700817108154296875" lon="-81.1134459078311920166015625">
        <ele>431.600006103515625</ele>
        <time>2026-03-30T15:11:09.000Z</time>
        <extensions>
          <ns3:TrackPointExtension>
            <ns3:hr>129</ns3:hr>
            <ns3:cad>0</ns3:cad>
          </ns3:TrackPointExtension>
        </extensions>
      </trkpt>
      <trkpt lat="35.9726870991289615631103515625" lon="-81.1134427227079868316650390625">
        <ele>431.600006103515625</ele>
        <time>2026-03-30T15:11:11.000Z</time>
        <extensions>
          <ns3:TrackPointExtension>
            <ns3:hr>124</ns3:hr>
            <ns3:cad>0</ns3:cad>
          </ns3:TrackPointExtension>
        </extensions>
      </trkpt>
      <trkpt lat="35.97268483601510524749755859375" lon="-81.1134410463273525238037109375">
        <ele>431.600006103515625</ele>
        <time>2026-03-30T15:11:12.000Z</time>
        <extensions>
          <ns3:TrackPointExtension>
            <ns3:hr>122</ns3:hr>
            <ns3:cad>0</ns3:cad>
          </ns3:TrackPointExtension>
        </extensions>
      </trkpt>
      <trkpt lat="35.9726465307176113128662109375" lon="-81.11343023367226123809814453125">
        <ele>432</ele>
        <time>2026-03-30T15:11:18.000Z</time>
        <extensions>
          <ns3:TrackPointExtension>
            <ns3:hr>117</ns3:hr>
            <ns3:cad>0</ns3:cad>
          </ns3:TrackPointExtension>
        </extensions>
      </trkpt>
      <trkpt lat="35.97263789735734462738037109375" lon="-81.1134316585958003997802734375">
        <ele>432</ele>
        <time>2026-03-30T15:11:19.000Z</time>
        <extensions>
          <ns3:TrackPointExtension>
            <ns3:hr>109</ns3:hr>
            <ns3:cad>0</ns3:cad>
          </ns3:TrackPointExtension>
        </extensions>
      </trkpt>
      <trkpt lat="35.97264326177537441253662109375" lon="-81.11342838965356349945068359375">
        <ele>432</ele>
        <time>2026-03-30T15:11:20.000Z</time>
        <extensions>
          <ns3:TrackPointExtension>
            <ns3:hr>104</ns3:hr>
            <ns3:cad>0</ns3:cad>
          </ns3:TrackPointExtension>
        </extensions>
      </trkpt>
      <trkpt lat="35.972652398049831390380859375" lon="-81.11342118121683597564697265625">
        <ele>431.79998779296875</ele>
        <time>2026-03-30T15:11:21.000Z</time>
        <extensions>
          <ns3:TrackPointExtension>
            <ns3:hr>104</ns3:hr>
            <ns3:cad>0</ns3:cad>
          </ns3:TrackPointExtension>
        </extensions>
      </trkpt>
      <trkpt lat="35.972662456333637237548828125" lon="-81.11339922063052654266357421875">
        <ele>431.600006103515625</ele>
        <time>2026-03-30T15:11:24.000Z</time>
        <extensions>
          <ns3:TrackPointExtension>
            <ns3:hr>113</ns3:hr>
            <ns3:cad>0</ns3:cad>
          </ns3:TrackPointExtension>
        </extensions>
      </trkpt>
      <trkpt lat="35.9726636298000812530517578125" lon="-81.11339134164154529571533203125">
        <ele>431.600006103515625</ele>
        <time>2026-03-30T15:11:25.000Z</time>
        <extensions>
          <ns3:TrackPointExtension>
            <ns3:hr>116</ns3:hr>
            <ns3:cad>0</ns3:cad>
          </ns3:TrackPointExtension>
        </extensions>
      </trkpt>
      <trkpt lat="35.97266974858939647674560546875" lon="-81.1133682914078235626220703125">
        <ele>431.399993896484375</ele>
        <time>2026-03-30T15:11:30.000Z</time>
        <extensions>
          <ns3:TrackPointExtension>
            <ns3:hr>113</ns3:hr>
            <ns3:cad>0</ns3:cad>
          </ns3:TrackPointExtension>
        </extensions>
      </trkpt>
      <trkpt lat="35.97266974858939647674560546875" lon="-81.1133682914078235626220703125">
        <ele>431.399993896484375</ele>
        <time>2026-03-30T15:11:35.000Z</time>
        <extensions>
          <ns3:TrackPointExtension>
            <ns3:hr>110</ns3:hr>
            <ns3:cad>0</ns3:cad>
          </ns3:TrackPointExtension>
        </extensions>
      </trkpt>
      <trkpt lat="35.97266974858939647674560546875" lon="-81.1133682914078235626220703125">
        <ele>431.600006103515625</ele>
        <time>2026-03-30T15:11:39.000Z</time>
        <extensions>
          <ns3:TrackPointExtension>
            <ns3:hr>113</ns3:hr>
            <ns3:cad>0</ns3:cad>
          </ns3:TrackPointExtension>
        </extensions>
      </trkpt>
      <trkpt lat="35.97266974858939647674560546875" lon="-81.1133682914078235626220703125">
        <ele>431.600006103515625</ele>
        <time>2026-03-30T15:11:40.000Z</time>
        <extensions>
          <ns3:TrackPointExtension>
            <ns3:hr>112</ns3:hr>
            <ns3:cad>0</ns3:cad>
          </ns3:TrackPointExtension>
        </extensions>
      </trkpt>
      <trkpt lat="35.97266974858939647674560546875" lon="-81.1133682914078235626220703125">
        <ele>431.399993896484375</ele>
        <time>2026-03-30T15:11:44.000Z</time>
        <extensions>
          <ns3:TrackPointExtension>
            <ns3:hr>115</ns3:hr>
            <ns3:cad>0</ns3:cad>
          </ns3:TrackPointExtension>
        </extensions>
      </trkpt>
      <trkpt lat="35.97266974858939647674560546875" lon="-81.1133682914078235626220703125">
        <ele>431.399993896484375</ele>
        <time>2026-03-30T15:11:48.000Z</time>
        <extensions>
          <ns3:TrackPointExtension>
            <ns3:hr>118</ns3:hr>
            <ns3:cad>0</ns3:cad>
          </ns3:TrackPointExtension>
        </extensions>
      </trkpt>
      <trkpt lat="35.97266974858939647674560546875" lon="-81.1133682914078235626220703125">
        <ele>431.399993896484375</ele>
        <time>2026-03-30T15:11:50.000Z</time>
        <extensions>
          <ns3:TrackPointExtension>
            <ns3:hr>121</ns3:hr>
            <ns3:cad>0</ns3:cad>
          </ns3:TrackPointExtension>
        </extensions>
      </trkpt>
      <trkpt lat="35.97266974858939647674560546875" lon="-81.1133682914078235626220703125">
        <ele>431.399993896484375</ele>
        <time>2026-03-30T15:11:57.000Z</time>
        <extensions>
          <ns3:TrackPointExtension>
            <ns3:hr>118</ns3:hr>
            <ns3:cad>0</ns3:cad>
          </ns3:TrackPointExtension>
        </extensions>
      </trkpt>
      <trkpt lat="35.97266974858939647674560546875" lon="-81.1133682914078235626220703125">
        <ele>431.399993896484375</ele>
        <time>2026-03-30T15:12:02.000Z</time>
        <extensions>
          <ns3:TrackPointExtension>
            <ns3:hr>119</ns3:hr>
            <ns3:cad>0</ns3:cad>
          </ns3:TrackPointExtension>
        </extensions>
      </trkpt>
      <trkpt lat="35.97263487987220287322998046875" lon="-81.11337357200682163238525390625">
        <ele>431</ele>
        <time>2026-03-30T15:12:13.000Z</time>
        <extensions>
          <ns3:TrackPointExtension>
            <ns3:hr>116</ns3:hr>
            <ns3:cad>0</ns3:cad>
          </ns3:TrackPointExtension>
        </extensions>
      </trkpt>
      <trkpt lat="35.97264979965984821319580078125" lon="-81.113382540643215179443359375">
        <ele>431</ele>
        <time>2026-03-30T15:12:16.000Z</time>
        <extensions>
          <ns3:TrackPointExtension>
            <ns3:hr>113</ns3:hr>
            <ns3:cad>0</ns3:cad>
          </ns3:TrackPointExtension>
        </extensions>
      </trkpt>
      <trkpt lat="35.97265147604048252105712890625" lon="-81.11338698305189609527587890625">
        <ele>431.20001220703125</ele>
        <time>2026-03-30T15:12:20.000Z</time>
        <extensions>
          <ns3:TrackPointExtension>
            <ns3:hr>113</ns3:hr>
            <ns3:cad>0</ns3:cad>
          </ns3:TrackPointExtension>
        </extensions>
      </trkpt>
      <trkpt lat="35.97260780632495880126953125" lon="-81.1133897490799427032470703125">
        <ele>431.79998779296875</ele>
        <time>2026-03-30T15:12:30.000Z</time>
        <extensions>
          <ns3:TrackPointExtension>
            <ns3:hr>114</ns3:hr>
            <ns3:cad>0</ns3:cad>
          </ns3:TrackPointExtension>
        </extensions>
      </trkpt>
      <trkpt lat="35.97259246744215488433837890625" lon="-81.1133686266839504241943359375">
        <ele>432.79998779296875</ele>
        <time>2026-03-30T15:12:35.000Z</time>
        <extensions>
          <ns3:TrackPointExtension>
            <ns3:hr>116</ns3:hr>
            <ns3:cad>0</ns3:cad>
          </ns3:TrackPointExtension>
        </extensions>
      </trkpt>
      <trkpt lat="35.972594060003757476806640625" lon="-81.1133635975420475006103515625">
        <ele>432.79998779296875</ele>
        <time>2026-03-30T15:12:37.000Z</time>
        <extensions>
          <ns3:TrackPointExtension>
            <ns3:hr>120</ns3:hr>
            <ns3:cad>0</ns3:cad>
          </ns3:TrackPointExtension>
        </extensions>
      </trkpt>
      <trkpt lat="35.97259749658405780792236328125" lon="-81.11336049623787403106689453125">
        <ele>432.600006103515625</ele>
        <time>2026-03-30T15:12:38.000Z</time>
        <extensions>
          <ns3:TrackPointExtension>
            <ns3:hr>123</ns3:hr>
            <ns3:cad>0</ns3:cad>
          </ns3:TrackPointExtension>
        </extensions>
      </trkpt>
      <trkpt lat="35.97260856069624423980712890625" lon="-81.11335479654371738433837890625">
        <ele>432.399993896484375</ele>
        <time>2026-03-30T15:12:39.000Z</time>
        <extensions>
          <ns3:TrackPointExtension>
            <ns3:hr>123</ns3:hr>
            <ns3:cad>0</ns3:cad>
          </ns3:TrackPointExtension>
        </extensions>
      </trkpt>
      <trkpt lat="35.972616188228130340576171875" lon="-81.1133515276014804840087890625">
        <ele>432</ele>
        <time>2026-03-30T15:12:41.000Z</time>
        <extensions>
          <ns3:TrackPointExtension>
            <ns3:hr>125</ns3:hr>
            <ns3:cad>0</ns3:cad>
          </ns3:TrackPointExtension>
        </extensions>
      </trkpt>
      <trkpt lat="35.972611494362354278564453125" lon="-81.1133612506091594696044921875">
        <ele>432.399993896484375</ele>
        <time>2026-03-30T15:12:47.000Z</time>
        <extensions>
          <ns3:TrackPointExtension>
            <ns3:hr>125</ns3:hr>
            <ns3:cad>0</ns3:cad>
          </ns3:TrackPointExtension>
        </extensions>
      </trkpt>
      <trkpt lat="35.9725875221192836761474609375" lon="-81.113424785435199737548828125">
        <ele>432.79998779296875</ele>
        <time>2026-03-30T15:12:52.000Z</time>
        <extensions>
          <ns3:TrackPointExtension>
            <ns3:hr>124</ns3:hr>
            <ns3:cad>0</ns3:cad>
          </ns3:TrackPointExtension>
        </extensions>
      </trkpt>
      <trkpt lat="35.97254267893731594085693359375" lon="-81.11346141435205936431884765625">
        <ele>433</ele>
        <time>2026-03-30T15:12:59.000Z</time>
        <extensions>
          <ns3:TrackPointExtension>
            <ns3:hr>124</ns3:hr>
            <ns3:cad>61</ns3:cad>
          </ns3:TrackPointExtension>
        </extensions>
      </trkpt>
      <trkpt lat="35.9725268371403217315673828125" lon="-81.11346267163753509521484375">
        <ele>433</ele>
        <time>2026-03-30T15:13:02.000Z</time>
        <extensions>
          <ns3:TrackPointExtension>
            <ns3:hr>127</ns3:hr>
            <ns3:cad>0</ns3:cad>
          </ns3:TrackPointExtension>
        </extensions>
      </trkpt>
      <trkpt lat="35.97253832034766674041748046875" lon="-81.11347801052033901214599609375">
        <ele>432.79998779296875</ele>
        <time>2026-03-30T15:13:08.000Z</time>
        <extensions>
          <ns3:TrackPointExtension>
            <ns3:hr>126</ns3:hr>
            <ns3:cad>0</ns3:cad>
          </ns3:TrackPointExtension>
        </extensions>
      </trkpt>
      <trkpt lat="35.97254686988890171051025390625" lon="-81.11348119564354419708251953125">
        <ele>432.600006103515625</ele>
        <time>2026-03-30T15:13:11.000Z</time>
        <extensions>
          <ns3:TrackPointExtension>
            <ns3:hr>118</ns3:hr>
            <ns3:cad>0</ns3:cad>
          </ns3:TrackPointExtension>
        </extensions>
      </trkpt>
      <trkpt lat="35.9725533239543437957763671875" lon="-81.11348052509129047393798828125">
        <ele>432.20001220703125</ele>
        <time>2026-03-30T15:13:14.000Z</time>
        <extensions>
          <ns3:TrackPointExtension>
            <ns3:hr>117</ns3:hr>
            <ns3:cad>0</ns3:cad>
          </ns3:TrackPointExtension>
        </extensions>
      </trkpt>
      <trkpt lat="35.97256531007587909698486328125" lon="-81.11348253674805164337158203125">
        <ele>431.79998779296875</ele>
        <time>2026-03-30T15:13:16.000Z</time>
        <extensions>
          <ns3:TrackPointExtension>
            <ns3:hr>120</ns3:hr>
            <ns3:cad>0</ns3:cad>
          </ns3:TrackPointExtension>
        </extensions>
      </trkpt>
      <trkpt lat="35.9725777991116046905517578125" lon="-81.11346845515072345733642578125">
        <ele>431.600006103515625</ele>
        <time>2026-03-30T15:13:18.000Z</time>
        <extensions>
          <ns3:TrackPointExtension>
            <ns3:hr>121</ns3:hr>
            <ns3:cad>0</ns3:cad>
          </ns3:TrackPointExtension>
        </extensions>
      </trkpt>
      <trkpt lat="35.97259464673697948455810546875" lon="-81.1134477518498897552490234375">
        <ele>431.399993896484375</ele>
        <time>2026-03-30T15:13:21.000Z</time>
        <extensions>
          <ns3:TrackPointExtension>
            <ns3:hr>124</ns3:hr>
            <ns3:cad>0</ns3:cad>
          </ns3:TrackPointExtension>
        </extensions>
      </trkpt>
      <trkpt lat="35.97256866283714771270751953125" lon="-81.11341112293303012847900390625">
        <ele>431.20001220703125</ele>
        <time>2026-03-30T15:13:26.000Z</time>
        <extensions>
          <ns3:TrackPointExtension>
            <ns3:hr>125</ns3:hr>
            <ns3:cad>0</ns3:cad>
          </ns3:TrackPointExtension>
        </extensions>
      </trkpt>
      <trkpt lat="35.97256128676235675811767578125" lon="-81.1134137213230133056640625">
        <ele>431.600006103515625</ele>
        <time>2026-03-30T15:13:34.000Z</time>
        <extensions>
          <ns3:TrackPointExtension>
            <ns3:hr>125</ns3:hr>
            <ns3:cad>0</ns3:cad>
          </ns3:TrackPointExtension>
        </extensions>
      </trkpt>
      <trkpt lat="35.97256128676235675811767578125" lon="-81.1134137213230133056640625">
        <ele>431.600006103515625</ele>
        <time>2026-03-30T15:13:40.000Z</time>
        <extensions>
          <ns3:TrackPointExtension>
            <ns3:hr>128</ns3:hr>
            <ns3:cad>0</ns3:cad>
          </ns3:TrackPointExtension>
        </extensions>
      </trkpt>
      <trkpt lat="35.97256128676235675811767578125" lon="-81.1134137213230133056640625">
        <ele>431.600006103515625</ele>
        <time>2026-03-30T15:13:44.000Z</time>
        <extensions>
          <ns3:TrackPointExtension>
            <ns3:hr>127</ns3:hr>
            <ns3:cad>0</ns3:cad>
          </ns3:TrackPointExtension>
        </extensions>
      </trkpt>
      <trkpt lat="35.97256128676235675811767578125" lon="-81.1134137213230133056640625">
        <ele>431.600006103515625</ele>
        <time>2026-03-30T15:13:48.000Z</time>
        <extensions>
          <ns3:TrackPointExtension>
            <ns3:hr>124</ns3:hr>
            <ns3:cad>0</ns3:cad>
          </ns3:TrackPointExtension>
        </extensions>
      </trkpt>
      <trkpt lat="35.97258358262479305267333984375" lon="-81.1134222708642482757568359375">
        <ele>431.79998779296875</ele>
        <time>2026-03-30T15:14:02.000Z</time>
        <extensions>
          <ns3:TrackPointExtension>
            <ns3:hr>123</ns3:hr>
            <ns3:cad>0</ns3:cad>
          </ns3:TrackPointExtension>
        </extensions>
      </trkpt>
      <trkpt lat="35.9725855104625225067138671875" lon="-81.1134232766926288604736328125">
        <ele>431.79998779296875</ele>
        <time>2026-03-30T15:14:10.000Z</time>
        <extensions>
          <ns3:TrackPointExtension>
            <ns3:hr>116</ns3:hr>
            <ns3:cad>0</ns3:cad>
          </ns3:TrackPointExtension>
        </extensions>
      </trkpt>
      <trkpt lat="35.9725855104625225067138671875" lon="-81.1134232766926288604736328125">
        <ele>431.79998779296875</ele>
        <time>2026-03-30T15:14:12.000Z</time>
        <extensions>
          <ns3:TrackPointExtension>
            <ns3:hr>113</ns3:hr>
            <ns3:cad>0</ns3:cad>
          </ns3:TrackPointExtension>
        </extensions>
      </trkpt>
      <trkpt lat="35.9725855104625225067138671875" lon="-81.1134232766926288604736328125">
        <ele>432</ele>
        <time>2026-03-30T15:14:19.000Z</time>
        <extensions>
          <ns3:TrackPointExtension>
            <ns3:hr>114</ns3:hr>
            <ns3:cad>0</ns3:cad>
          </ns3:TrackPointExtension>
        </extensions>
      </trkpt>
      <trkpt lat="35.97259045578539371490478515625" lon="-81.11342922784388065338134765625">
        <ele>432</ele>
        <time>2026-03-30T15:14:29.000Z</time>
        <extensions>
          <ns3:TrackPointExtension>
            <ns3:hr>111</ns3:hr>
            <ns3:cad>0</ns3:cad>
          </ns3:TrackPointExtension>
        </extensions>
      </trkpt>
      <trkpt lat="35.97260135225951671600341796875" lon="-81.1134303174912929534912109375">
        <ele>432</ele>
        <time>2026-03-30T15:14:33.000Z</time>
        <extensions>
          <ns3:TrackPointExtension>
            <ns3:hr>111</ns3:hr>
            <ns3:cad>0</ns3:cad>
          </ns3:TrackPointExtension>
        </extensions>
      </trkpt>
      <trkpt lat="35.97261291928589344024658203125" lon="-81.11342906020581722259521484375">
        <ele>431.600006103515625</ele>
        <time>2026-03-30T15:14:43.000Z</time>
        <extensions>
          <ns3:TrackPointExtension>
            <ns3:hr>110</ns3:hr>
            <ns3:cad>0</ns3:cad>
          </ns3:TrackPointExtension>
        </extensions>
      </trkpt>
      <trkpt lat="35.97260621376335620880126953125" lon="-81.1134397052228450775146484375">
        <ele>431.20001220703125</ele>
        <time>2026-03-30T15:14:49.000Z</time>
        <extensions>
          <ns3:TrackPointExtension>
            <ns3:hr>111</ns3:hr>
            <ns3:cad>0</ns3:cad>
          </ns3:TrackPointExtension>
        </extensions>
      </trkpt>
      <trkpt lat="35.972625575959682464599609375" lon="-81.113430820405483245849609375">
        <ele>431.20001220703125</ele>
        <time>2026-03-30T15:14:53.000Z</time>
        <extensions>
          <ns3:TrackPointExtension>
            <ns3:hr>111</ns3:hr>
            <ns3:cad>0</ns3:cad>
          </ns3:TrackPointExtension>
        </extensions>
      </trkpt>
      <trkpt lat="35.97267427481710910797119140625" lon="-81.1134324967861175537109375">
        <ele>431.600006103515625</ele>
        <time>2026-03-30T15:14:59.000Z</time>
        <extensions>
          <ns3:TrackPointExtension>
            <ns3:hr>108</ns3:hr>
            <ns3:cad>0</ns3:cad>
          </ns3:TrackPointExtension>
        </extensions>
      </trkpt>
      <trkpt lat="35.9726810641586780548095703125" lon="-81.11343576572835445404052734375">
        <ele>431.600006103515625</ele>
        <time>2026-03-30T15:15:00.000Z</time>
        <extensions>
          <ns3:TrackPointExtension>
            <ns3:hr>107</ns3:hr>
            <ns3:cad>0</ns3:cad>
          </ns3:TrackPointExtension>
        </extensions>
      </trkpt>
      <trkpt lat="35.9727246500551700592041015625" lon="-81.11346208490431308746337890625">
        <ele>430.79998779296875</ele>
        <time>2026-03-30T15:15:07.000Z</time>
        <extensions>
          <ns3:TrackPointExtension>
            <ns3:hr>107</ns3:hr>
            <ns3:cad>0</ns3:cad>
          </ns3:TrackPointExtension>
        </extensions>
      </trkpt>
      <trkpt lat="35.9727618657052516937255859375" lon="-81.11350349150598049163818359375">
        <ele>429.600006103515625</ele>
        <time>2026-03-30T15:15:16.000Z</time>
        <extensions>
          <ns3:TrackPointExtension>
            <ns3:hr>108</ns3:hr>
            <ns3:cad>0</ns3:cad>
          </ns3:TrackPointExtension>
        </extensions>
      </trkpt>
      <trkpt lat="35.97277821041643619537353515625" lon="-81.1135335825383663177490234375">
        <ele>429</ele>
        <time>2026-03-30T15:15:20.000Z</time>
        <extensions>
          <ns3:TrackPointExtension>
            <ns3:hr>111</ns3:hr>
            <ns3:cad>0</ns3:cad>
          </ns3:TrackPointExtension>
        </extensions>
      </trkpt>
      <trkpt lat="35.97278391011059284210205078125" lon="-81.1135530285537242889404296875">
        <ele>428.79998779296875</ele>
        <time>2026-03-30T15:15:23.000Z</time>
        <extensions>
          <ns3:TrackPointExtension>
            <ns3:hr>110</ns3:hr>
            <ns3:cad>0</ns3:cad>
          </ns3:TrackPointExtension>
        </extensions>
      </trkpt>
      <trkpt lat="35.97281760536134243011474609375" lon="-81.11354825086891651153564453125">
        <ele>428.600006103515625</ele>
        <time>2026-03-30T15:15:29.000Z</time>
        <extensions>
          <ns3:TrackPointExtension>
            <ns3:hr>108</ns3:hr>
            <ns3:cad>0</ns3:cad>
          </ns3:TrackPointExtension>
        </extensions>
      </trkpt>
      <trkpt lat="35.9728114865720272064208984375" lon="-81.11353316344320774078369140625">
        <ele>428.79998779296875</ele>
        <time>2026-03-30T15:15:32.000Z</time>
        <extensions>
          <ns3:TrackPointExtension>
            <ns3:hr>111</ns3:hr>
            <ns3:cad>0</ns3:cad>
          </ns3:TrackPointExtension>
        </extensions>
      </trkpt>
      <trkpt lat="35.97280939109623432159423828125" lon="-81.1135288886725902557373046875">
        <ele>428.79998779296875</ele>
        <time>2026-03-30T15:15:35.000Z</time>
        <extensions>
          <ns3:TrackPointExtension>
            <ns3:hr>114</ns3:hr>
            <ns3:cad>0</ns3:cad>
          </ns3:TrackPointExtension>
        </extensions>
      </trkpt>
      <trkpt lat="35.97279899753630161285400390625" lon="-81.11352528445422649383544921875">
        <ele>428.600006103515625</ele>
        <time>2026-03-30T15:15:37.000Z</time>
        <extensions>
          <ns3:TrackPointExtension>
            <ns3:hr>115</ns3:hr>
            <ns3:cad>0</ns3:cad>
          </ns3:TrackPointExtension>
        </extensions>
      </trkpt>
      <trkpt lat="35.972786508500576019287109375" lon="-81.11353098414838314056396484375">
        <ele>428.20001220703125</ele>
        <time>2026-03-30T15:15:42.000Z</time>
        <extensions>
          <ns3:TrackPointExtension>
            <ns3:hr>115</ns3:hr>
            <ns3:cad>0</ns3:cad>
          </ns3:TrackPointExtension>
        </extensions>
      </trkpt>
      <trkpt lat="35.9727705828845500946044921875" lon="-81.113540790975093841552734375">
        <ele>428</ele>
        <time>2026-03-30T15:15:44.000Z</time>
        <extensions>
          <ns3:TrackPointExtension>
            <ns3:hr>112</ns3:hr>
            <ns3:cad>73</ns3:cad>
          </ns3:TrackPointExtension>
        </extensions>
      </trkpt>
      <trkpt lat="35.9727491252124309539794921875" lon="-81.11354858614504337310791015625">
        <ele>427.600006103515625</ele>
        <time>2026-03-30T15:15:47.000Z</time>
        <extensions>
          <ns3:TrackPointExtension>
            <ns3:hr>113</ns3:hr>
            <ns3:cad>0</ns3:cad>
          </ns3:TrackPointExtension>
        </extensions>
      </trkpt>
      <trkpt lat="35.97273596562445163726806640625" lon="-81.1135558784008026123046875">
        <ele>427.399993896484375</ele>
        <time>2026-03-30T15:15:49.000Z</time>
        <extensions>
          <ns3:TrackPointExtension>
            <ns3:hr>114</ns3:hr>
            <ns3:cad>0</ns3:cad>
          </ns3:TrackPointExtension>
        </extensions>
      </trkpt>
      <trkpt lat="35.97273462451994419097900390625" lon="-81.11353509128093719482421875">
        <ele>427</ele>
        <time>2026-03-30T15:15:56.000Z</time>
        <extensions>
          <ns3:TrackPointExtension>
            <ns3:hr>111</ns3:hr>
            <ns3:cad>68</ns3:cad>
          </ns3:TrackPointExtension>
        </extensions>
      </trkpt>
      <trkpt lat="35.9727041982114315032958984375" lon="-81.11355244182050228118896484375">
        <ele>426.79998779296875</ele>
        <time>2026-03-30T15:16:03.000Z</time>
        <extensions>
          <ns3:TrackPointExtension>
            <ns3:hr>109</ns3:hr>
            <ns3:cad>0</ns3:cad>
          </ns3:TrackPointExtension>
        </extensions>
      </trkpt>
      <trkpt lat="35.9726713411509990692138671875" lon="-81.11355545930564403533935546875">
        <ele>426.399993896484375</ele>
        <time>2026-03-30T15:16:08.000Z</time>
        <extensions>
          <ns3:TrackPointExtension>
            <ns3:hr>111</ns3:hr>
            <ns3:cad>0</ns3:cad>
          </ns3:TrackPointExtension>
        </extensions>
      </trkpt>
      <trkpt lat="35.97266337834298610687255859375" lon="-81.113565266132354736328125">
        <ele>425.20001220703125</ele>
        <time>2026-03-30T15:16:12.000Z</time>
        <extensions>
          <ns3:TrackPointExtension>
            <ns3:hr>113</ns3:hr>
            <ns3:cad>0</ns3:cad>
          </ns3:TrackPointExtension>
        </extensions>
      </trkpt>
      <trkpt lat="35.972648374736309051513671875" lon="-81.1135996319353580474853515625">
        <ele>425.600006103515625</ele>
        <time>2026-03-30T15:16:20.000Z</time>
        <extensions>
          <ns3:TrackPointExtension>
            <ns3:hr>114</ns3:hr>
            <ns3:cad>0</ns3:cad>
          </ns3:TrackPointExtension>
        </extensions>
      </trkpt>
      <trkpt lat="35.97265449352562427520751953125" lon="-81.11360038630664348602294921875">
        <ele>425.399993896484375</ele>
        <time>2026-03-30T15:16:24.000Z</time>
        <extensions>
          <ns3:TrackPointExtension>
            <ns3:hr>114</ns3:hr>
            <ns3:cad>0</ns3:cad>
          </ns3:TrackPointExtension>
        </extensions>
      </trkpt>
      <trkpt lat="35.97267259843647480010986328125" lon="-81.11362989060580730438232421875">
        <ele>424.600006103515625</ele>
        <time>2026-03-30T15:16:30.000Z</time>
        <extensions>
          <ns3:TrackPointExtension>
            <ns3:hr>116</ns3:hr>
            <ns3:cad>60</ns3:cad>
          </ns3:TrackPointExtension>
        </extensions>
      </trkpt>
      <trkpt lat="35.97266488708555698394775390625" lon="-81.11362553201615810394287109375">
        <ele>424.79998779296875</ele>
        <time>2026-03-30T15:16:36.000Z</time>
        <extensions>
          <ns3:TrackPointExtension>
            <ns3:hr>116</ns3:hr>
            <ns3:cad>0</ns3:cad>
          </ns3:TrackPointExtension>
        </extensions>
      </trkpt>
      <trkpt lat="35.97265516407787799835205078125" lon="-81.11364598385989665985107421875">
        <ele>424.20001220703125</ele>
        <time>2026-03-30T15:16:42.000Z</time>
        <extensions>
          <ns3:TrackPointExtension>
            <ns3:hr>113</ns3:hr>
            <ns3:cad>0</ns3:cad>
          </ns3:TrackPointExtension>
        </extensions>
      </trkpt>
      <trkpt lat="35.97263739444315433502197265625" lon="-81.11367381177842617034912109375">
        <ele>423.399993896484375</ele>
        <time>2026-03-30T15:16:46.000Z</time>
        <extensions>
          <ns3:TrackPointExtension>
            <ns3:hr>112</ns3:hr>
            <ns3:cad>0</ns3:cad>
          </ns3:TrackPointExtension>
        </extensions>
      </trkpt>
      <trkpt lat="35.972652398049831390380859375" lon="-81.1136851273477077484130859375">
        <ele>423.399993896484375</ele>
        <time>2026-03-30T15:16:52.000Z</time>
        <extensions>
          <ns3:TrackPointExtension>
            <ns3:hr>111</ns3:hr>
            <ns3:cad>0</ns3:cad>
          </ns3:TrackPointExtension>
        </extensions>
      </trkpt>
      <trkpt lat="35.97265549935400485992431640625" lon="-81.11369309015572071075439453125">
        <ele>424</ele>
        <time>2026-03-30T15:16:59.000Z</time>
        <extensions>
          <ns3:TrackPointExtension>
            <ns3:hr>111</ns3:hr>
            <ns3:cad>0</ns3:cad>
          </ns3:TrackPointExtension>
        </extensions>
      </trkpt>
      <trkpt lat="35.972651056945323944091796875" lon="-81.1136955209076404571533203125">
        <ele>424.20001220703125</ele>
        <time>2026-03-30T15:17:05.000Z</time>
        <extensions>
          <ns3:TrackPointExtension>
            <ns3:hr>116</ns3:hr>
            <ns3:cad>0</ns3:cad>
          </ns3:TrackPointExtension>
        </extensions>
      </trkpt>
      <trkpt lat="35.97266857512295246124267578125" lon="-81.1136834509670734405517578125">
        <ele>424.399993896484375</ele>
        <time>2026-03-30T15:17:08.000Z</time>
        <extensions>
          <ns3:TrackPointExtension>
            <ns3:hr>119</ns3:hr>
            <ns3:cad>0</ns3:cad>
          </ns3:TrackPointExtension>
        </extensions>
      </trkpt>
      <trkpt lat="35.97267544828355312347412109375" lon="-81.11367716453969478607177734375">
        <ele>424.399993896484375</ele>
        <time>2026-03-30T15:17:09.000Z</time>
        <extensions>
          <ns3:TrackPointExtension>
            <ns3:hr>120</ns3:hr>
            <ns3:cad>0</ns3:cad>
          </ns3:TrackPointExtension>
        </extensions>
      </trkpt>
      <trkpt lat="35.97265667282044887542724609375" lon="-81.11366995610296726226806640625">
        <ele>424.79998779296875</ele>
        <time>2026-03-30T15:17:12.000Z</time>
        <extensions>
          <ns3:TrackPointExtension>
            <ns3:hr>121</ns3:hr>
            <ns3:cad>0</ns3:cad>
          </ns3:TrackPointExtension>
        </extensions>
      </trkpt>
      <trkpt lat="35.97266153432428836822509765625" lon="-81.11365051008760929107666015625">
        <ele>425</ele>
        <time>2026-03-30T15:17:15.000Z</time>
        <extensions>
          <ns3:TrackPointExtension>
            <ns3:hr>120</ns3:hr>
            <ns3:cad>0</ns3:cad>
          </ns3:TrackPointExtension>
        </extensions>
      </trkpt>
      <trkpt lat="35.97266413271427154541015625" lon="-81.11363860778510570526123046875">
        <ele>425.20001220703125</ele>
        <time>2026-03-30T15:17:18.000Z</time>
        <extensions>
          <ns3:TrackPointExtension>
            <ns3:hr>116</ns3:hr>
            <ns3:cad>0</ns3:cad>
          </ns3:TrackPointExtension>
        </extensions>
      </trkpt>
      <trkpt lat="35.9726643003523349761962890625" lon="-81.11362494528293609619140625">
        <ele>425.20001220703125</ele>
        <time>2026-03-30T15:17:19.000Z</time>
        <extensions>
          <ns3:TrackPointExtension>
            <ns3:hr>116</ns3:hr>
            <ns3:cad>0</ns3:cad>
          </ns3:TrackPointExtension>
        </extensions>
      </trkpt>
      <trkpt lat="35.97265901975333690643310546875" lon="-81.11359016038477420806884765625">
        <ele>425.399993896484375</ele>
        <time>2026-03-30T15:17:21.000Z</time>
        <extensions>
          <ns3:TrackPointExtension>
            <ns3:hr>117</ns3:hr>
            <ns3:cad>0</ns3:cad>
          </ns3:TrackPointExtension>
        </extensions>
      </trkpt>
      <trkpt lat="35.97263538278639316558837890625" lon="-81.1135845445096492767333984375">
        <ele>425.20001220703125</ele>
        <time>2026-03-30T15:17:26.000Z</time>
        <extensions>
          <ns3:TrackPointExtension>
            <ns3:hr>118</ns3:hr>
            <ns3:cad>0</ns3:cad>
          </ns3:TrackPointExtension>
        </extensions>
      </trkpt>
      <trkpt lat="35.9726197086274623870849609375" lon="-81.113618910312652587890625">
        <ele>424.399993896484375</ele>
        <time>2026-03-30T15:17:32.000Z</time>
        <extensions>
          <ns3:TrackPointExtension>
            <ns3:hr>120</ns3:hr>
            <ns3:cad>0</ns3:cad>
          </ns3:TrackPointExtension>
        </extensions>
      </trkpt>
      <trkpt lat="35.97262322902679443359375" lon="-81.1136298067867755889892578125">
        <ele>424</ele>
        <time>2026-03-30T15:17:35.000Z</time>
        <extensions>
          <ns3:TrackPointExtension>
            <ns3:hr>122</ns3:hr>
            <ns3:cad>0</ns3:cad>
          </ns3:TrackPointExtension>
        </extensions>
      </trkpt>
      <trkpt lat="35.97261828370392322540283203125" lon="-81.11365956254303455352783203125">
        <ele>423.600006103515625</ele>
        <time>2026-03-30T15:17:38.000Z</time>
        <extensions>
          <ns3:TrackPointExtension>
            <ns3:hr>125</ns3:hr>
            <ns3:cad>0</ns3:cad>
          </ns3:TrackPointExtension>
        </extensions>
      </trkpt>
      <trkpt lat="35.97260856069624423980712890625" lon="-81.113680936396121978759765625">
        <ele>423</ele>
        <time>2026-03-30T15:17:41.000Z</time>
        <extensions>
          <ns3:TrackPointExtension>
            <ns3:hr>126</ns3:hr>
            <ns3:cad>0</ns3:cad>
          </ns3:TrackPointExtension>
        </extensions>
      </trkpt>
      <trkpt lat="35.9725977480411529541015625" lon="-81.1137049086391925811767578125">
        <ele>422.600006103515625</ele>
        <time>2026-03-30T15:17:45.000Z</time>
        <extensions>
          <ns3:TrackPointExtension>
            <ns3:hr>126</ns3:hr>
            <ns3:cad>75</ns3:cad>
          </ns3:TrackPointExtension>
        </extensions>
      </trkpt>
      <trkpt lat="35.9725992567837238311767578125" lon="-81.1137501709163188934326171875">
        <ele>422.600006103515625</ele>
        <time>2026-03-30T15:17:49.000Z</time>
        <extensions>
          <ns3:TrackPointExtension>
            <ns3:hr>123</ns3:hr>
            <ns3:cad>44</ns3:cad>
          </ns3:TrackPointExtension>
        </extensions>
      </trkpt>
      <trkpt lat="35.97260302864015102386474609375" lon="-81.11375092528760433197021484375">
        <ele>422.600006103515625</ele>
        <time>2026-03-30T15:17:50.000Z</time>
        <extensions>
          <ns3:TrackPointExtension>
            <ns3:hr>119</ns3:hr>
            <ns3:cad>0</ns3:cad>
          </ns3:TrackPointExtension>
        </extensions>
      </trkpt>
      <trkpt lat="35.972604788839817047119140625" lon="-81.11375729553401470184326171875">
        <ele>422.600006103515625</ele>
        <time>2026-03-30T15:17:51.000Z</time>
        <extensions>
          <ns3:TrackPointExtension>
            <ns3:hr>115</ns3:hr>
            <ns3:cad>0</ns3:cad>
          </ns3:TrackPointExtension>
        </extensions>
      </trkpt>
      <trkpt lat="35.97260587848722934722900390625" lon="-81.11375394277274608612060546875">
        <ele>422.600006103515625</ele>
        <time>2026-03-30T15:17:52.000Z</time>
        <extensions>
          <ns3:TrackPointExtension>
            <ns3:hr>113</ns3:hr>
            <ns3:cad>0</ns3:cad>
          </ns3:TrackPointExtension>
        </extensions>
      </trkpt>
      <trkpt lat="35.9726059623062610626220703125" lon="-81.11378143541514873504638671875">
        <ele>422</ele>
        <time>2026-03-30T15:17:56.000Z</time>
        <extensions>
          <ns3:TrackPointExtension>
            <ns3:hr>111</ns3:hr>
            <ns3:cad>0</ns3:cad>
          </ns3:TrackPointExtension>
        </extensions>
      </trkpt>
      <trkpt lat="35.9726016037166118621826171875" lon="-81.11379501409828662872314453125">
        <ele>421.79998779296875</ele>
        <time>2026-03-30T15:17:59.000Z</time>
        <extensions>
          <ns3:TrackPointExtension>
            <ns3:hr>111</ns3:hr>
            <ns3:cad>0</ns3:cad>
          </ns3:TrackPointExtension>
        </extensions>
      </trkpt>
      <trkpt lat="35.97260084934532642364501953125" lon="-81.113786213099956512451171875">
        <ele>421.20001220703125</ele>
        <time>2026-03-30T15:18:07.000Z</time>
        <extensions>
          <ns3:TrackPointExtension>
            <ns3:hr>114</ns3:hr>
            <ns3:cad>0</ns3:cad>
          </ns3:TrackPointExtension>
        </extensions>
      </trkpt>
      <trkpt lat="35.97257402725517749786376953125" lon="-81.1137974448502063751220703125">
        <ele>420.79998779296875</ele>
        <time>2026-03-30T15:18:11.000Z</time>
        <extensions>
          <ns3:TrackPointExtension>
            <ns3:hr>113</ns3:hr>
            <ns3:cad>55</ns3:cad>
          </ns3:TrackPointExtension>
        </extensions>
      </trkpt>
      <trkpt lat="35.97256799228489398956298828125" lon="-81.11379987560212612152099609375">
        <ele>420.600006103515625</ele>
        <time>2026-03-30T15:18:12.000Z</time>
        <extensions>
          <ns3:TrackPointExtension>
            <ns3:hr>113</ns3:hr>
            <ns3:cad>55</ns3:cad>
          </ns3:TrackPointExtension>
        </extensions>
      </trkpt>
      <trkpt lat="35.97254485823214054107666015625" lon="-81.11379367299377918243408203125">
        <ele>420.399993896484375</ele>
        <time>2026-03-30T15:18:15.000Z</time>
        <extensions>
          <ns3:TrackPointExtension>
            <ns3:hr>110</ns3:hr>
            <ns3:cad>52</ns3:cad>
          </ns3:TrackPointExtension>
        </extensions>
      </trkpt>
      <trkpt lat="35.97254871390759944915771484375" lon="-81.11378160305321216583251953125">
        <ele>420.79998779296875</ele>
        <time>2026-03-30T15:18:18.000Z</time>
        <extensions>
          <ns3:TrackPointExtension>
            <ns3:hr>108</ns3:hr>
            <ns3:cad>52</ns3:cad>
          </ns3:TrackPointExtension>
        </extensions>
      </trkpt>
      <trkpt lat="35.97251116298139095306396484375" lon="-81.1137702874839305877685546875">
        <ele>420.600006103515625</ele>
        <time>2026-03-30T15:18:27.000Z</time>
        <extensions>
          <ns3:TrackPointExtension>
            <ns3:hr>112</ns3:hr>
            <ns3:cad>59</ns3:cad>
          </ns3:TrackPointExtension>
        </extensions>
      </trkpt>
      <trkpt lat="35.972500182688236236572265625" lon="-81.11377917230129241943359375">
        <ele>420.600006103515625</ele>
        <time>2026-03-30T15:18:28.000Z</time>
        <extensions>
          <ns3:TrackPointExtension>
            <ns3:hr>113</ns3:hr>
            <ns3:cad>59</ns3:cad>
          </ns3:TrackPointExtension>
        </extensions>
      </trkpt>
      <trkpt lat="35.972482077777385711669921875" lon="-81.1137910746037960052490234375">
        <ele>420.600006103515625</ele>
        <time>2026-03-30T15:18:30.000Z</time>
        <extensions>
          <ns3:TrackPointExtension>
            <ns3:hr>114</ns3:hr>
            <ns3:cad>62</ns3:cad>
          </ns3:TrackPointExtension>
        </extensions>
      </trkpt>
      <trkpt lat="35.9724748693406581878662109375" lon="-81.11379752866923809051513671875">
        <ele>420.600006103515625</ele>
        <time>2026-03-30T15:18:31.000Z</time>
        <extensions>
          <ns3:TrackPointExtension>
            <ns3:hr>111</ns3:hr>
            <ns3:cad>63</ns3:cad>
          </ns3:TrackPointExtension>
        </extensions>
      </trkpt>
      <trkpt lat="35.9724663197994232177734375" lon="-81.113818399608135223388671875">
        <ele>420.399993896484375</ele>
        <time>2026-03-30T15:18:33.000Z</time>
        <extensions>
          <ns3:TrackPointExtension>
            <ns3:hr>111</ns3:hr>
            <ns3:cad>71</ns3:cad>
          </ns3:TrackPointExtension>
        </extensions>
      </trkpt>
      <trkpt lat="35.9724423475563526153564453125" lon="-81.11385251395404338836669921875">
        <ele>420</ele>
        <time>2026-03-30T15:18:40.000Z</time>
        <extensions>
          <ns3:TrackPointExtension>
            <ns3:hr>112</ns3:hr>
            <ns3:cad>0</ns3:cad>
          </ns3:TrackPointExtension>
        </extensions>
      </trkpt>
      <trkpt lat="35.97243974916636943817138671875" lon="-81.113837845623493194580078125">
        <ele>420</ele>
        <time>2026-03-30T15:18:41.000Z</time>
        <extensions>
          <ns3:TrackPointExtension>
            <ns3:hr>112</ns3:hr>
            <ns3:cad>0</ns3:cad>
          </ns3:TrackPointExtension>
        </extensions>
      </trkpt>
      <trkpt lat="35.9724282659590244293212890625" lon="-81.1138356663286685943603515625">
        <ele>420</ele>
        <time>2026-03-30T15:18:43.000Z</time>
        <extensions>
          <ns3:TrackPointExtension>
            <ns3:hr>113</ns3:hr>
            <ns3:cad>0</ns3:cad>
          </ns3:TrackPointExtension>
        </extensions>
      </trkpt>
      <trkpt lat="35.97241896204650402069091796875" lon="-81.11384815536439418792724609375">
        <ele>420</ele>
        <time>2026-03-30T15:18:46.000Z</time>
        <extensions>
          <ns3:TrackPointExtension>
            <ns3:hr>113</ns3:hr>
            <ns3:cad>0</ns3:cad>
          </ns3:TrackPointExtension>
        </extensions>
      </trkpt>
      <trkpt lat="35.9724061377346515655517578125" lon="-81.11386097967624664306640625">
        <ele>420</ele>
        <time>2026-03-30T15:18:49.000Z</time>
        <extensions>
          <ns3:TrackPointExtension>
            <ns3:hr>110</ns3:hr>
            <ns3:cad>0</ns3:cad>
          </ns3:TrackPointExtension>
        </extensions>
      </trkpt>
      <trkpt lat="35.9723598696291446685791015625" lon="-81.11389794386923313140869140625">
        <ele>420</ele>
        <time>2026-03-30T15:18:53.000Z</time>
        <extensions>
          <ns3:TrackPointExtension>
            <ns3:hr>111</ns3:hr>
            <ns3:cad>0</ns3:cad>
          </ns3:TrackPointExtension>
        </extensions>
      </trkpt>
      <trkpt lat="35.97235023044049739837646484375" lon="-81.11390330828726291656494140625">
        <ele>419.79998779296875</ele>
        <time>2026-03-30T15:18:57.000Z</time>
        <extensions>
          <ns3:TrackPointExtension>
            <ns3:hr>114</ns3:hr>
            <ns3:cad>0</ns3:cad>
          </ns3:TrackPointExtension>
        </extensions>
      </trkpt>
      <trkpt lat="35.97236950881779193878173828125" lon="-81.11389526166021823883056640625">
        <ele>419.79998779296875</ele>
        <time>2026-03-30T15:18:59.000Z</time>
        <extensions>
          <ns3:TrackPointExtension>
            <ns3:hr>113</ns3:hr>
            <ns3:cad>0</ns3:cad>
          </ns3:TrackPointExtension>
        </extensions>
      </trkpt>
      <trkpt lat="35.97235827706754207611083984375" lon="-81.1138658411800861358642578125">
        <ele>420.20001220703125</ele>
        <time>2026-03-30T15:19:04.000Z</time>
        <extensions>
          <ns3:TrackPointExtension>
            <ns3:hr>115</ns3:hr>
            <ns3:cad>0</ns3:cad>
          </ns3:TrackPointExtension>
        </extensions>
      </trkpt>
      <trkpt lat="35.97233966924250125885009765625" lon="-81.113860644400119781494140625">
        <ele>421</ele>
        <time>2026-03-30T15:19:11.000Z</time>
        <extensions>
          <ns3:TrackPointExtension>
            <ns3:hr>114</ns3:hr>
            <ns3:cad>64</ns3:cad>
          </ns3:TrackPointExtension>
        </extensions>
      </trkpt>
      <trkpt lat="35.97229138948023319244384765625" lon="-81.11384614370763301849365234375">
        <ele>421.399993896484375</ele>
        <time>2026-03-30T15:19:18.000Z</time>
        <extensions>
          <ns3:TrackPointExtension>
            <ns3:hr>117</ns3:hr>
            <ns3:cad>0</ns3:cad>
          </ns3:TrackPointExtension>
        </extensions>
      </trkpt>
      <trkpt lat="35.97228066064417362213134765625" lon="-81.11383122391998767852783203125">
        <ele>421.399993896484375</ele>
        <time>2026-03-30T15:19:24.000Z</time>
        <extensions>
          <ns3:TrackPointExtension>
            <ns3:hr>120</ns3:hr>
            <ns3:cad>0</ns3:cad>
          </ns3:TrackPointExtension>
        </extensions>
      </trkpt>
      <trkpt lat="35.9722750447690486907958984375" lon="-81.11383239738643169403076171875">
        <ele>421.399993896484375</ele>
        <time>2026-03-30T15:19:26.000Z</time>
        <extensions>
          <ns3:TrackPointExtension>
            <ns3:hr>120</ns3:hr>
            <ns3:cad>0</ns3:cad>
          </ns3:TrackPointExtension>
        </extensions>
      </trkpt>
      <trkpt lat="35.97228325903415679931640625" lon="-81.11384245567023754119873046875">
        <ele>421.399993896484375</ele>
        <time>2026-03-30T15:19:29.000Z</time>
        <extensions>
          <ns3:TrackPointExtension>
            <ns3:hr>117</ns3:hr>
            <ns3:cad>0</ns3:cad>
          </ns3:TrackPointExtension>
        </extensions>
      </trkpt>
      <trkpt lat="35.97227512858808040618896484375" lon="-81.11385318450629711151123046875">
        <ele>421.600006103515625</ele>
        <time>2026-03-30T15:19:34.000Z</time>
        <extensions>
          <ns3:TrackPointExtension>
            <ns3:hr>118</ns3:hr>
            <ns3:cad>0</ns3:cad>
          </ns3:TrackPointExtension>
        </extensions>
      </trkpt>
      <trkpt lat="35.97226188518106937408447265625" lon="-81.113876402378082275390625">
        <ele>421.79998779296875</ele>
        <time>2026-03-30T15:19:40.000Z</time>
        <extensions>
          <ns3:TrackPointExtension>
            <ns3:hr>114</ns3:hr>
            <ns3:cad>0</ns3:cad>
          </ns3:TrackPointExtension>
        </extensions>
      </trkpt>
      <trkpt lat="35.97224495373666286468505859375" lon="-81.11389140598475933074951171875">
        <ele>421.79998779296875</ele>
        <time>2026-03-30T15:19:42.000Z</time>
        <extensions>
          <ns3:TrackPointExtension>
            <ns3:hr>114</ns3:hr>
            <ns3:cad>0</ns3:cad>
          </ns3:TrackPointExtension>
        </extensions>
      </trkpt>
      <trkpt lat="35.97222425043582916259765625" lon="-81.11389677040278911590576171875">
        <ele>421.399993896484375</ele>
        <time>2026-03-30T15:19:48.000Z</time>
        <extensions>
          <ns3:TrackPointExtension>
            <ns3:hr>115</ns3:hr>
            <ns3:cad>0</ns3:cad>
          </ns3:TrackPointExtension>
        </extensions>
      </trkpt>
      <trkpt lat="35.97219734452664852142333984375" lon="-81.113853268325328826904296875">
        <ele>421.600006103515625</ele>
        <time>2026-03-30T15:19:55.000Z</time>
        <extensions>
          <ns3:TrackPointExtension>
            <ns3:hr>113</ns3:hr>
            <ns3:cad>0</ns3:cad>
          </ns3:TrackPointExtension>
        </extensions>
      </trkpt>
      <trkpt lat="35.9721969254314899444580078125" lon="-81.11383189447224140167236328125">
        <ele>421.79998779296875</ele>
        <time>2026-03-30T15:19:58.000Z</time>
        <extensions>
          <ns3:TrackPointExtension>
            <ns3:hr>112</ns3:hr>
            <ns3:cad>0</ns3:cad>
          </ns3:TrackPointExtension>
        </extensions>
      </trkpt>
      <trkpt lat="35.97220815718173980712890625" lon="-81.11379702575504779815673828125">
        <ele>422.20001220703125</ele>
        <time>2026-03-30T15:20:02.000Z</time>
        <extensions>
          <ns3:TrackPointExtension>
            <ns3:hr>112</ns3:hr>
            <ns3:cad>0</ns3:cad>
          </ns3:TrackPointExtension>
        </extensions>
      </trkpt>
      <trkpt lat="35.972233973443508148193359375" lon="-81.11378260888159275054931640625">
        <ele>422.79998779296875</ele>
        <time>2026-03-30T15:20:07.000Z</time>
        <extensions>
          <ns3:TrackPointExtension>
            <ns3:hr>112</ns3:hr>
            <ns3:cad>0</ns3:cad>
          </ns3:TrackPointExtension>
        </extensions>
      </trkpt>
      <trkpt lat="35.9722371585667133331298828125" lon="-81.1137850396335124969482421875">
        <ele>422.79998779296875</ele>
        <time>2026-03-30T15:20:09.000Z</time>
        <extensions>
          <ns3:TrackPointExtension>
            <ns3:hr>114</ns3:hr>
            <ns3:cad>0</ns3:cad>
          </ns3:TrackPointExtension>
        </extensions>
      </trkpt>
      <trkpt lat="35.97223372198641300201416015625" lon="-81.11379333771765232086181640625">
        <ele>423</ele>
        <time>2026-03-30T15:20:12.000Z</time>
        <extensions>
          <ns3:TrackPointExtension>
            <ns3:hr>117</ns3:hr>
            <ns3:cad>0</ns3:cad>
          </ns3:TrackPointExtension>
        </extensions>
      </trkpt>
      <trkpt lat="35.972230620682239532470703125" lon="-81.11378042958676815032958984375">
        <ele>423</ele>
        <time>2026-03-30T15:20:14.000Z</time>
        <extensions>
          <ns3:TrackPointExtension>
            <ns3:hr>117</ns3:hr>
            <ns3:cad>0</ns3:cad>
          </ns3:TrackPointExtension>
        </extensions>
      </trkpt>
      <trkpt lat="35.97220388241112232208251953125" lon="-81.11375377513468265533447265625">
        <ele>422.600006103515625</ele>
        <time>2026-03-30T15:20:19.000Z</time>
        <extensions>
          <ns3:TrackPointExtension>
            <ns3:hr>118</ns3:hr>
            <ns3:cad>0</ns3:cad>
          </ns3:TrackPointExtension>
        </extensions>
      </trkpt>
      <trkpt lat="35.972203798592090606689453125" lon="-81.11369174905121326446533203125">
        <ele>423</ele>
        <time>2026-03-30T15:20:26.000Z</time>
        <extensions>
          <ns3:TrackPointExtension>
            <ns3:hr>119</ns3:hr>
            <ns3:cad>0</ns3:cad>
          </ns3:TrackPointExtension>
        </extensions>
      </trkpt>
      <trkpt lat="35.97219851799309253692626953125" lon="-81.11370675265789031982421875">
        <ele>424</ele>
        <time>2026-03-30T15:20:31.000Z</time>
        <extensions>
          <ns3:TrackPointExtension>
            <ns3:hr>120</ns3:hr>
            <ns3:cad>0</ns3:cad>
          </ns3:TrackPointExtension>
        </extensions>
      </trkpt>
      <trkpt lat="35.972197763621807098388671875" lon="-81.11370147205889225006103515625">
        <ele>424.20001220703125</ele>
        <time>2026-03-30T15:20:32.000Z</time>
        <extensions>
          <ns3:TrackPointExtension>
            <ns3:hr>121</ns3:hr>
            <ns3:cad>0</ns3:cad>
          </ns3:TrackPointExtension>
        </extensions>
      </trkpt>
      <trkpt lat="35.972179658710956573486328125" lon="-81.11365201883018016815185546875">
        <ele>424.79998779296875</ele>
        <time>2026-03-30T15:20:40.000Z</time>
        <extensions>
          <ns3:TrackPointExtension>
            <ns3:hr>121</ns3:hr>
            <ns3:cad>0</ns3:cad>
          </ns3:TrackPointExtension>
        </extensions>
      </trkpt>
      <trkpt lat="35.9721712768077850341796875" lon="-81.1136465705931186676025390625">
        <ele>425.20001220703125</ele>
        <time>2026-03-30T15:20:42.000Z</time>
        <extensions>
          <ns3:TrackPointExtension>
            <ns3:hr>122</ns3:hr>
            <ns3:cad>0</ns3:cad>
          </ns3:TrackPointExtension>
        </extensions>
      </trkpt>
      <trkpt lat="35.9721704386174678802490234375" lon="-81.113625951111316680908203125">
        <ele>426</ele>
        <time>2026-03-30T15:20:49.000Z</time>
        <extensions>
          <ns3:TrackPointExtension>
            <ns3:hr>119</ns3:hr>
            <ns3:cad>0</ns3:cad>
          </ns3:TrackPointExtension>
        </extensions>
      </trkpt>
      <trkpt lat="35.972160212695598602294921875" lon="-81.11361312679946422576904296875">
        <ele>426.20001220703125</ele>
        <time>2026-03-30T15:20:51.000Z</time>
        <extensions>
          <ns3:TrackPointExtension>
            <ns3:hr>119</ns3:hr>
            <ns3:cad>0</ns3:cad>
          </ns3:TrackPointExtension>
        </extensions>
      </trkpt>
      <trkpt lat="35.972133390605449676513671875" lon="-81.11360508017241954803466796875">
        <ele>426.79998779296875</ele>
        <time>2026-03-30T15:20:56.000Z</time>
        <extensions>
          <ns3:TrackPointExtension>
            <ns3:hr>118</ns3:hr>
            <ns3:cad>75</ns3:cad>
          </ns3:TrackPointExtension>
        </extensions>
      </trkpt>
      <trkpt lat="35.97212727181613445281982421875" lon="-81.1136016435921192169189453125">
        <ele>427.399993896484375</ele>
        <time>2026-03-30T15:20:58.000Z</time>
        <extensions>
          <ns3:TrackPointExtension>
            <ns3:hr>119</ns3:hr>
            <ns3:cad>69</ns3:cad>
          </ns3:TrackPointExtension>
        </extensions>
      </trkpt>
      <trkpt lat="35.97213028930127620697021484375" lon="-81.1135976202785968780517578125">
        <ele>427.79998779296875</ele>
        <time>2026-03-30T15:21:01.000Z</time>
        <extensions>
          <ns3:TrackPointExtension>
            <ns3:hr>123</ns3:hr>
            <ns3:cad>69</ns3:cad>
          </ns3:TrackPointExtension>
        </extensions>
      </trkpt>
      <trkpt lat="35.97213364206254482269287109375" lon="-81.11359518952667713165283203125">
        <ele>427.79998779296875</ele>
        <time>2026-03-30T15:21:02.000Z</time>
        <extensions>
          <ns3:TrackPointExtension>
            <ns3:hr>128</ns3:hr>
            <ns3:cad>0</ns3:cad>
          </ns3:TrackPointExtension>
        </extensions>
      </trkpt>
      <trkpt lat="35.97212475724518299102783203125" lon="-81.11359049566090106964111328125">
        <ele>428.600006103515625</ele>
        <time>2026-03-30T15:21:05.000Z</time>
        <extensions>
          <ns3:TrackPointExtension>
            <ns3:hr>130</ns3:hr>
            <ns3:cad>0</ns3:cad>
          </ns3:TrackPointExtension>
        </extensions>
      </trkpt>
      <trkpt lat="35.97210933454334735870361328125" lon="-81.1135979555547237396240234375">
        <ele>429.20001220703125</ele>
        <time>2026-03-30T15:21:09.000Z</time>
        <extensions>
          <ns3:TrackPointExtension>
            <ns3:hr>134</ns3:hr>
            <ns3:cad>0</ns3:cad>
          </ns3:TrackPointExtension>
        </extensions>
      </trkpt>
      <trkpt lat="35.97210899926722049713134765625" lon="-81.1136060021817684173583984375">
        <ele>429.399993896484375</ele>
        <time>2026-03-30T15:21:12.000Z</time>
        <extensions>
          <ns3:TrackPointExtension>
            <ns3:hr>136</ns3:hr>
            <ns3:cad>0</ns3:cad>
          </ns3:TrackPointExtension>
        </extensions>
      </trkpt>
      <trkpt lat="35.97212693654000759124755859375" lon="-81.1136241070926189422607421875">
        <ele>429.600006103515625</ele>
        <time>2026-03-30T15:21:19.000Z</time>
        <extensions>
          <ns3:TrackPointExtension>
            <ns3:hr>137</ns3:hr>
            <ns3:cad>0</ns3:cad>
          </ns3:TrackPointExtension>
        </extensions>
      </trkpt>
      <trkpt lat="35.972128026187419891357421875" lon="-81.11363156698644161224365234375">
        <ele>429.600006103515625</ele>
        <time>2026-03-30T15:21:20.000Z</time>
        <extensions>
          <ns3:TrackPointExtension>
            <ns3:hr>137</ns3:hr>
            <ns3:cad>0</ns3:cad>
          </ns3:TrackPointExtension>
        </extensions>
      </trkpt>
      <trkpt lat="35.9721194766461849212646484375" lon="-81.11362871713936328887939453125">
        <ele>429.79998779296875</ele>
        <time>2026-03-30T15:21:27.000Z</time>
        <extensions>
          <ns3:TrackPointExtension>
            <ns3:hr>137</ns3:hr>
            <ns3:cad>0</ns3:cad>
          </ns3:TrackPointExtension>
        </extensions>
      </trkpt>
      <trkpt lat="35.9721201471984386444091796875" lon="-81.11363659612834453582763671875">
        <ele>429.79998779296875</ele>
        <time>2026-03-30T15:21:31.000Z</time>
        <extensions>
          <ns3:TrackPointExtension>
            <ns3:hr>133</ns3:hr>
            <ns3:cad>0</ns3:cad>
          </ns3:TrackPointExtension>
        </extensions>
      </trkpt>
      <trkpt lat="35.9721201471984386444091796875" lon="-81.11363659612834453582763671875">
        <ele>429.600006103515625</ele>
        <time>2026-03-30T15:21:33.000Z</time>
        <extensions>
          <ns3:TrackPointExtension>
            <ns3:hr>130</ns3:hr>
            <ns3:cad>0</ns3:cad>
          </ns3:TrackPointExtension>
        </extensions>
      </trkpt>
      <trkpt lat="35.97211201675236225128173828125" lon="-81.11363232135772705078125">
        <ele>430.20001220703125</ele>
        <time>2026-03-30T15:21:39.000Z</time>
        <extensions>
          <ns3:TrackPointExtension>
            <ns3:hr>130</ns3:hr>
            <ns3:cad>0</ns3:cad>
          </ns3:TrackPointExtension>
        </extensions>
      </trkpt>
      <trkpt lat="35.9721201471984386444091796875" lon="-81.11363659612834453582763671875">
        <ele>430.20001220703125</ele>
        <time>2026-03-30T15:21:46.000Z</time>
        <extensions>
          <ns3:TrackPointExtension>
            <ns3:hr>133</ns3:hr>
            <ns3:cad>0</ns3:cad>
          </ns3:TrackPointExtension>
        </extensions>
      </trkpt>
      <trkpt lat="35.9721201471984386444091796875" lon="-81.11363659612834453582763671875">
        <ele>430</ele>
        <time>2026-03-30T15:21:47.000Z</time>
        <extensions>
          <ns3:TrackPointExtension>
            <ns3:hr>133</ns3:hr>
            <ns3:cad>0</ns3:cad>
          </ns3:TrackPointExtension>
        </extensions>
      </trkpt>
      <trkpt lat="35.9721201471984386444091796875" lon="-81.11363659612834453582763671875">
        <ele>430</ele>
        <time>2026-03-30T15:21:55.000Z</time>
        <extensions>
          <ns3:TrackPointExtension>
            <ns3:hr>135</ns3:hr>
            <ns3:cad>0</ns3:cad>
          </ns3:TrackPointExtension>
        </extensions>
      </trkpt>
      <trkpt lat="35.9721201471984386444091796875" lon="-81.11363659612834453582763671875">
        <ele>430</ele>
        <time>2026-03-30T15:21:58.000Z</time>
        <extensions>
          <ns3:TrackPointExtension>
            <ns3:hr>131</ns3:hr>
            <ns3:cad>0</ns3:cad>
          </ns3:TrackPointExtension>
        </extensions>
      </trkpt>
      <trkpt lat="35.9721201471984386444091796875" lon="-81.11363659612834453582763671875">
        <ele>429.79998779296875</ele>
        <time>2026-03-30T15:22:01.000Z</time>
        <extensions>
          <ns3:TrackPointExtension>
            <ns3:hr>128</ns3:hr>
            <ns3:cad>0</ns3:cad>
          </ns3:TrackPointExtension>
        </extensions>
      </trkpt>
      <trkpt lat="35.9721201471984386444091796875" lon="-81.11363659612834453582763671875">
        <ele>429.79998779296875</ele>
        <time>2026-03-30T15:22:03.000Z</time>
        <extensions>
          <ns3:TrackPointExtension>
            <ns3:hr>124</ns3:hr>
            <ns3:cad>0</ns3:cad>
          </ns3:TrackPointExtension>
        </extensions>
      </trkpt>
      <trkpt lat="35.9721201471984386444091796875" lon="-81.11363659612834453582763671875">
        <ele>430</ele>
        <time>2026-03-30T15:22:08.000Z</time>
        <extensions>
          <ns3:TrackPointExtension>
            <ns3:hr>123</ns3:hr>
            <ns3:cad>0</ns3:cad>
          </ns3:TrackPointExtension>
        </extensions>
      </trkpt>
      <trkpt lat="35.9721201471984386444091796875" lon="-81.11363659612834453582763671875">
        <ele>430</ele>
        <time>2026-03-30T15:22:19.000Z</time>
        <extensions>
          <ns3:TrackPointExtension>
            <ns3:hr>121</ns3:hr>
            <ns3:cad>0</ns3:cad>
          </ns3:TrackPointExtension>
        </extensions>
      </trkpt>
      <trkpt lat="35.9721201471984386444091796875" lon="-81.11363659612834453582763671875">
        <ele>430</ele>
        <time>2026-03-30T15:22:22.000Z</time>
        <extensions>
          <ns3:TrackPointExtension>
            <ns3:hr>118</ns3:hr>
            <ns3:cad>0</ns3:cad>
          </ns3:TrackPointExtension>
        </extensions>
      </trkpt>
      <trkpt lat="35.9721201471984386444091796875" lon="-81.11363659612834453582763671875">
        <ele>430</ele>
        <time>2026-03-30T15:22:28.000Z</time>
        <extensions>
          <ns3:TrackPointExtension>
            <ns3:hr>115</ns3:hr>
            <ns3:cad>0</ns3:cad>
          </ns3:TrackPointExtension>
        </extensions>
      </trkpt>
      <trkpt lat="35.9721201471984386444091796875" lon="-81.11363659612834453582763671875">
        <ele>429.79998779296875</ele>
        <time>2026-03-30T15:22:30.000Z</time>
        <extensions>
          <ns3:TrackPointExtension>
            <ns3:hr>115</ns3:hr>
            <ns3:cad>0</ns3:cad>
          </ns3:TrackPointExtension>
        </extensions>
      </trkpt>
      <trkpt lat="35.9721201471984386444091796875" lon="-81.11363659612834453582763671875">
        <ele>429.600006103515625</ele>
        <time>2026-03-30T15:22:40.000Z</time>
        <extensions>
          <ns3:TrackPointExtension>
            <ns3:hr>110</ns3:hr>
            <ns3:cad>0</ns3:cad>
          </ns3:TrackPointExtension>
        </extensions>
      </trkpt>
      <trkpt lat="35.9721201471984386444091796875" lon="-81.11363659612834453582763671875">
        <ele>429.79998779296875</ele>
        <time>2026-03-30T15:22:42.000Z</time>
        <extensions>
          <ns3:TrackPointExtension>
            <ns3:hr>107</ns3:hr>
            <ns3:cad>0</ns3:cad>
          </ns3:TrackPointExtension>
        </extensions>
      </trkpt>
      <trkpt lat="35.9721201471984386444091796875" lon="-81.11363659612834453582763671875">
        <ele>429.79998779296875</ele>
        <time>2026-03-30T15:22:43.000Z</time>
        <extensions>
          <ns3:TrackPointExtension>
            <ns3:hr>103</ns3:hr>
            <ns3:cad>0</ns3:cad>
          </ns3:TrackPointExtension>
        </extensions>
      </trkpt>
      <trkpt lat="35.9721201471984386444091796875" lon="-81.11363659612834453582763671875">
        <ele>429.79998779296875</ele>
        <time>2026-03-30T15:22:44.000Z</time>
        <extensions>
          <ns3:TrackPointExtension>
            <ns3:hr>100</ns3:hr>
            <ns3:cad>0</ns3:cad>
          </ns3:TrackPointExtension>
        </extensions>
      </trkpt>
      <trkpt lat="35.9721201471984386444091796875" lon="-81.11363659612834453582763671875">
        <ele>429.79998779296875</ele>
        <time>2026-03-30T15:22:46.000Z</time>
        <extensions>
          <ns3:TrackPointExtension>
            <ns3:hr>97</ns3:hr>
            <ns3:cad>0</ns3:cad>
          </ns3:TrackPointExtension>
        </extensions>
      </trkpt>
      <trkpt lat="35.9721201471984386444091796875" lon="-81.11363659612834453582763671875">
        <ele>429.600006103515625</ele>
        <time>2026-03-30T15:22:56.000Z</time>
        <extensions>
          <ns3:TrackPointExtension>
            <ns3:hr>96</ns3:hr>
            <ns3:cad>0</ns3:cad>
          </ns3:TrackPointExtension>
        </extensions>
      </trkpt>
      <trkpt lat="35.9721201471984386444091796875" lon="-81.11363659612834453582763671875">
        <ele>429.399993896484375</ele>
        <time>2026-03-30T15:23:03.000Z</time>
        <extensions>
          <ns3:TrackPointExtension>
            <ns3:hr>100</ns3:hr>
            <ns3:cad>0</ns3:cad>
          </ns3:TrackPointExtension>
        </extensions>
      </trkpt>
      <trkpt lat="35.9721201471984386444091796875" lon="-81.11363659612834453582763671875">
        <ele>429.20001220703125</ele>
        <time>2026-03-30T15:23:07.000Z</time>
        <extensions>
          <ns3:TrackPointExtension>
            <ns3:hr>103</ns3:hr>
            <ns3:cad>0</ns3:cad>
          </ns3:TrackPointExtension>
        </extensions>
      </trkpt>
      <trkpt lat="35.9721201471984386444091796875" lon="-81.11363659612834453582763671875">
        <ele>428.79998779296875</ele>
        <time>2026-03-30T15:23:14.000Z</time>
        <extensions>
          <ns3:TrackPointExtension>
            <ns3:hr>106</ns3:hr>
            <ns3:cad>0</ns3:cad>
          </ns3:TrackPointExtension>
        </extensions>
      </trkpt>
      <trkpt lat="35.9721201471984386444091796875" lon="-81.11363659612834453582763671875">
        <ele>429</ele>
        <time>2026-03-30T15:23:16.000Z</time>
        <extensions>
          <ns3:TrackPointExtension>
            <ns3:hr>109</ns3:hr>
            <ns3:cad>0</ns3:cad>
          </ns3:TrackPointExtension>
        </extensions>
      </trkpt>
      <trkpt lat="35.9721201471984386444091796875" lon="-81.11363659612834453582763671875">
        <ele>429</ele>
        <time>2026-03-30T15:23:20.000Z</time>
        <extensions>
          <ns3:TrackPointExtension>
            <ns3:hr>107</ns3:hr>
            <ns3:cad>0</ns3:cad>
          </ns3:TrackPointExtension>
        </extensions>
      </trkpt>
      <trkpt lat="35.9721201471984386444091796875" lon="-81.11363659612834453582763671875">
        <ele>429.20001220703125</ele>
        <time>2026-03-30T15:23:25.000Z</time>
        <extensions>
          <ns3:TrackPointExtension>
            <ns3:hr>104</ns3:hr>
            <ns3:cad>0</ns3:cad>
          </ns3:TrackPointExtension>
        </extensions>
      </trkpt>
      <trkpt lat="35.9721201471984386444091796875" lon="-81.11363659612834453582763671875">
        <ele>429.20001220703125</ele>
        <time>2026-03-30T15:23:29.000Z</time>
        <extensions>
          <ns3:TrackPointExtension>
            <ns3:hr>97</ns3:hr>
            <ns3:cad>0</ns3:cad>
          </ns3:TrackPointExtension>
        </extensions>
      </trkpt>
      <trkpt lat="35.9721201471984386444091796875" lon="-81.11363659612834453582763671875">
        <ele>429.20001220703125</ele>
        <time>2026-03-30T15:23:30.000Z</time>
        <extensions>
          <ns3:TrackPointExtension>
            <ns3:hr>94</ns3:hr>
            <ns3:cad>0</ns3:cad>
          </ns3:TrackPointExtension>
        </extensions>
      </trkpt>
      <trkpt lat="35.9721201471984386444091796875" lon="-81.11363659612834453582763671875">
        <ele>429.20001220703125</ele>
        <time>2026-03-30T15:23:32.000Z</time>
        <extensions>
          <ns3:TrackPointExtension>
            <ns3:hr>90</ns3:hr>
            <ns3:cad>0</ns3:cad>
          </ns3:TrackPointExtension>
        </extensions>
      </trkpt>
      <trkpt lat="35.9721201471984386444091796875" lon="-81.11363659612834453582763671875">
        <ele>429.20001220703125</ele>
        <time>2026-03-30T15:23:33.000Z</time>
        <extensions>
          <ns3:TrackPointExtension>
            <ns3:hr>87</ns3:hr>
            <ns3:cad>0</ns3:cad>
          </ns3:TrackPointExtension>
        </extensions>
      </trkpt>
      <trkpt lat="35.9721201471984386444091796875" lon="-81.11363659612834453582763671875">
        <ele>429.20001220703125</ele>
        <time>2026-03-30T15:23:34.000Z</time>
        <extensions>
          <ns3:TrackPointExtension>
            <ns3:hr>84</ns3:hr>
            <ns3:cad>0</ns3:cad>
          </ns3:TrackPointExtension>
        </extensions>
      </trkpt>
      <trkpt lat="35.9721201471984386444091796875" lon="-81.11363659612834453582763671875">
        <ele>429.399993896484375</ele>
        <time>2026-03-30T15:23:41.000Z</time>
        <extensions>
          <ns3:TrackPointExtension>
            <ns3:hr>85</ns3:hr>
            <ns3:cad>0</ns3:cad>
          </ns3:TrackPointExtension>
        </extensions>
      </trkpt>
      <trkpt lat="35.9721201471984386444091796875" lon="-81.11363659612834453582763671875">
        <ele>429.79998779296875</ele>
        <time>2026-03-30T15:23:48.000Z</time>
        <extensions>
          <ns3:TrackPointExtension>
            <ns3:hr>88</ns3:hr>
            <ns3:cad>0</ns3:cad>
          </ns3:TrackPointExtension>
        </extensions>
      </trkpt>
      <trkpt lat="35.9721201471984386444091796875" lon="-81.11363659612834453582763671875">
        <ele>429.600006103515625</ele>
        <time>2026-03-30T15:23:50.000Z</time>
        <extensions>
          <ns3:TrackPointExtension>
            <ns3:hr>89</ns3:hr>
            <ns3:cad>0</ns3:cad>
          </ns3:TrackPointExtension>
        </extensions>
      </trkpt>
      <trkpt lat="35.9721201471984386444091796875" lon="-81.11363659612834453582763671875">
        <ele>429.399993896484375</ele>
        <time>2026-03-30T15:23:56.000Z</time>
        <extensions>
          <ns3:TrackPointExtension>
            <ns3:hr>92</ns3:hr>
            <ns3:cad>0</ns3:cad>
          </ns3:TrackPointExtension>
        </extensions>
      </trkpt>
      <trkpt lat="35.9721201471984386444091796875" lon="-81.11363659612834453582763671875">
        <ele>429.399993896484375</ele>
        <time>2026-03-30T15:24:00.000Z</time>
        <extensions>
          <ns3:TrackPointExtension>
            <ns3:hr>93</ns3:hr>
            <ns3:cad>0</ns3:cad>
          </ns3:TrackPointExtension>
        </extensions>
      </trkpt>
      <trkpt lat="35.9721201471984386444091796875" lon="-81.11363659612834453582763671875">
        <ele>429.399993896484375</ele>
        <time>2026-03-30T15:24:08.000Z</time>
        <extensions>
          <ns3:TrackPointExtension>
            <ns3:hr>89</ns3:hr>
            <ns3:cad>0</ns3:cad>
          </ns3:TrackPointExtension>
        </extensions>
      </trkpt>
      <trkpt lat="35.9721201471984386444091796875" lon="-81.11363659612834453582763671875">
        <ele>429.399993896484375</ele>
        <time>2026-03-30T15:24:17.000Z</time>
        <extensions>
          <ns3:TrackPointExtension>
            <ns3:hr>88</ns3:hr>
            <ns3:cad>0</ns3:cad>
          </ns3:TrackPointExtension>
        </extensions>
      </trkpt>
      <trkpt lat="35.97210950218141078948974609375" lon="-81.11362553201615810394287109375">
        <ele>429.79998779296875</ele>
        <time>2026-03-30T15:24:27.000Z</time>
        <extensions>
          <ns3:TrackPointExtension>
            <ns3:hr>91</ns3:hr>
            <ns3:cad>0</ns3:cad>
          </ns3:TrackPointExtension>
        </extensions>
      </trkpt>
      <trkpt lat="35.97211235202848911285400390625" lon="-81.113620586693286895751953125">
        <ele>430</ele>
        <time>2026-03-30T15:24:28.000Z</time>
        <extensions>
          <ns3:TrackPointExtension>
            <ns3:hr>90</ns3:hr>
            <ns3:cad>75</ns3:cad>
          </ns3:TrackPointExtension>
        </extensions>
      </trkpt>
      <trkpt lat="35.97210950218141078948974609375" lon="-81.11362553201615810394287109375">
        <ele>429.79998779296875</ele>
        <time>2026-03-30T15:24:38.000Z</time>
        <extensions>
          <ns3:TrackPointExtension>
            <ns3:hr>90</ns3:hr>
            <ns3:cad>0</ns3:cad>
          </ns3:TrackPointExtension>
        </extensions>
      </trkpt>
      <trkpt lat="35.97210950218141078948974609375" lon="-81.11362553201615810394287109375">
        <ele>429.79998779296875</ele>
        <time>2026-03-30T15:24:49.000Z</time>
        <extensions>
          <ns3:TrackPointExtension>
            <ns3:hr>92</ns3:hr>
            <ns3:cad>0</ns3:cad>
          </ns3:TrackPointExtension>
        </extensions>
      </trkpt>
      <trkpt lat="35.97210950218141078948974609375" lon="-81.11362553201615810394287109375">
        <ele>429.79998779296875</ele>
        <time>2026-03-30T15:24:50.000Z</time>
        <extensions>
          <ns3:TrackPointExtension>
            <ns3:hr>92</ns3:hr>
            <ns3:cad>0</ns3:cad>
          </ns3:TrackPointExtension>
        </extensions>
      </trkpt>
      <trkpt lat="35.97211570478975772857666015625" lon="-81.113434843719005584716796875">
        <ele>440.600006103515625</ele>
        <time>2026-03-30T15:33:54.000Z</time>
        <extensions>
          <ns3:TrackPointExtension>
            <ns3:hr>139</ns3:hr>
            <ns3:cad>0</ns3:cad>
          </ns3:TrackPointExtension>
        </extensions>
      </trkpt>
      <trkpt lat="35.97211587242782115936279296875" lon="-81.1134336702525615692138671875">
        <ele>440.79998779296875</ele>
        <time>2026-03-30T15:33:55.000Z</time>
        <extensions>
          <ns3:TrackPointExtension>
            <ns3:hr>139</ns3:hr>
            <ns3:cad>0</ns3:cad>
          </ns3:TrackPointExtension>
        </extensions>
      </trkpt>
      <trkpt lat="35.97208184190094470977783203125" lon="-81.11344280652701854705810546875">
        <ele>440.79998779296875</ele>
        <time>2026-03-30T15:34:01.000Z</time>
        <extensions>
          <ns3:TrackPointExtension>
            <ns3:hr>141</ns3:hr>
            <ns3:cad>0</ns3:cad>
          </ns3:TrackPointExtension>
        </extensions>
      </trkpt>
      <trkpt lat="35.97210547886788845062255859375" lon="-81.11341028474271297454833984375">
        <ele>440.79998779296875</ele>
        <time>2026-03-30T15:34:06.000Z</time>
        <extensions>
          <ns3:TrackPointExtension>
            <ns3:hr>140</ns3:hr>
            <ns3:cad>0</ns3:cad>
          </ns3:TrackPointExtension>
        </extensions>
      </trkpt>
      <trkpt lat="35.97210950218141078948974609375" lon="-81.11335295252501964569091796875">
        <ele>441.600006103515625</ele>
        <time>2026-03-30T15:34:10.000Z</time>
        <extensions>
          <ns3:TrackPointExtension>
            <ns3:hr>141</ns3:hr>
            <ns3:cad>0</ns3:cad>
          </ns3:TrackPointExtension>
        </extensions>
      </trkpt>
      <trkpt lat="35.9721040539443492889404296875" lon="-81.1133515276014804840087890625">
        <ele>442</ele>
        <time>2026-03-30T15:34:11.000Z</time>
        <extensions>
          <ns3:TrackPointExtension>
            <ns3:hr>141</ns3:hr>
            <ns3:cad>16</ns3:cad>
          </ns3:TrackPointExtension>
        </extensions>
      </trkpt>
      <trkpt lat="35.9720990248024463653564453125" lon="-81.11335278488695621490478515625">
        <ele>442.600006103515625</ele>
        <time>2026-03-30T15:34:13.000Z</time>
        <extensions>
          <ns3:TrackPointExtension>
            <ns3:hr>140</ns3:hr>
            <ns3:cad>16</ns3:cad>
          </ns3:TrackPointExtension>
        </extensions>
      </trkpt>
      <trkpt lat="35.97209877334535121917724609375" lon="-81.1133545450866222381591796875">
        <ele>443</ele>
        <time>2026-03-30T15:34:20.000Z</time>
        <extensions>
          <ns3:TrackPointExtension>
            <ns3:hr>140</ns3:hr>
            <ns3:cad>0</ns3:cad>
          </ns3:TrackPointExtension>
        </extensions>
      </trkpt>
      <trkpt lat="35.97209324128925800323486328125" lon="-81.1133578978478908538818359375">
        <ele>443</ele>
        <time>2026-03-30T15:34:25.000Z</time>
        <extensions>
          <ns3:TrackPointExtension>
            <ns3:hr>145</ns3:hr>
            <ns3:cad>0</ns3:cad>
          </ns3:TrackPointExtension>
        </extensions>
      </trkpt>
      <trkpt lat="35.97208678722381591796875" lon="-81.113355718553066253662109375">
        <ele>443.20001220703125</ele>
        <time>2026-03-30T15:34:26.000Z</time>
        <extensions>
          <ns3:TrackPointExtension>
            <ns3:hr>146</ns3:hr>
            <ns3:cad>0</ns3:cad>
          </ns3:TrackPointExtension>
        </extensions>
      </trkpt>
      <trkpt lat="35.97204311750829219818115234375" lon="-81.113342307507991790771484375">
        <ele>443.79998779296875</ele>
        <time>2026-03-30T15:34:31.000Z</time>
        <extensions>
          <ns3:TrackPointExtension>
            <ns3:hr>144</ns3:hr>
            <ns3:cad>0</ns3:cad>
          </ns3:TrackPointExtension>
        </extensions>
      </trkpt>
      <trkpt lat="35.97203825600445270538330078125" lon="-81.1133421398699283599853515625">
        <ele>443.79998779296875</ele>
        <time>2026-03-30T15:34:32.000Z</time>
        <extensions>
          <ns3:TrackPointExtension>
            <ns3:hr>144</ns3:hr>
            <ns3:cad>0</ns3:cad>
          </ns3:TrackPointExtension>
        </extensions>
      </trkpt>
      <trkpt lat="35.9720363281667232513427734375" lon="-81.11334264278411865234375">
        <ele>444.20001220703125</ele>
        <time>2026-03-30T15:34:35.000Z</time>
        <extensions>
          <ns3:TrackPointExtension>
            <ns3:hr>141</ns3:hr>
            <ns3:cad>0</ns3:cad>
          </ns3:TrackPointExtension>
        </extensions>
      </trkpt>
      <trkpt lat="35.97205183468759059906005859375" lon="-81.113334596157073974609375">
        <ele>444.399993896484375</ele>
        <time>2026-03-30T15:34:39.000Z</time>
        <extensions>
          <ns3:TrackPointExtension>
            <ns3:hr>139</ns3:hr>
            <ns3:cad>0</ns3:cad>
          </ns3:TrackPointExtension>
        </extensions>
      </trkpt>
      <trkpt lat="35.9720527566969394683837890625" lon="-81.1133354343473911285400390625">
        <ele>444.79998779296875</ele>
        <time>2026-03-30T15:34:40.000Z</time>
        <extensions>
          <ns3:TrackPointExtension>
            <ns3:hr>140</ns3:hr>
            <ns3:cad>0</ns3:cad>
          </ns3:TrackPointExtension>
        </extensions>
      </trkpt>
      <trkpt lat="35.97203942947089672088623046875" lon="-81.11330014653503894805908203125">
        <ele>445.79998779296875</ele>
        <time>2026-03-30T15:34:46.000Z</time>
        <extensions>
          <ns3:TrackPointExtension>
            <ns3:hr>142</ns3:hr>
            <ns3:cad>75</ns3:cad>
          </ns3:TrackPointExtension>
        </extensions>
      </trkpt>
      <trkpt lat="35.9720245935022830963134765625" lon="-81.1132935248315334320068359375">
        <ele>447</ele>
        <time>2026-03-30T15:34:50.000Z</time>
        <extensions>
          <ns3:TrackPointExtension>
            <ns3:hr>143</ns3:hr>
            <ns3:cad>0</ns3:cad>
          </ns3:TrackPointExtension>
        </extensions>
      </trkpt>
      <trkpt lat="35.97201998345553874969482421875" lon="-81.11329092644155025482177734375">
        <ele>447.399993896484375</ele>
        <time>2026-03-30T15:34:52.000Z</time>
        <extensions>
          <ns3:TrackPointExtension>
            <ns3:hr>143</ns3:hr>
            <ns3:cad>0</ns3:cad>
          </ns3:TrackPointExtension>
        </extensions>
      </trkpt>
      <trkpt lat="35.97198477946221828460693359375" lon="-81.11329897306859493255615234375">
        <ele>447.600006103515625</ele>
        <time>2026-03-30T15:34:59.000Z</time>
        <extensions>
          <ns3:TrackPointExtension>
            <ns3:hr>144</ns3:hr>
            <ns3:cad>20</ns3:cad>
          </ns3:TrackPointExtension>
        </extensions>
      </trkpt>
      <trkpt lat="35.971963740885257720947265625" lon="-81.11330048181116580963134765625">
        <ele>448.20001220703125</ele>
        <time>2026-03-30T15:35:02.000Z</time>
        <extensions>
          <ns3:TrackPointExtension>
            <ns3:hr>148</ns3:hr>
            <ns3:cad>0</ns3:cad>
          </ns3:TrackPointExtension>
        </extensions>
      </trkpt>
      <trkpt lat="35.97195871174335479736328125" lon="-81.1132988892495632171630859375">
        <ele>448.600006103515625</ele>
        <time>2026-03-30T15:35:05.000Z</time>
        <extensions>
          <ns3:TrackPointExtension>
            <ns3:hr>148</ns3:hr>
            <ns3:cad>0</ns3:cad>
          </ns3:TrackPointExtension>
        </extensions>
      </trkpt>
      <trkpt lat="35.971969775855541229248046875" lon="-81.1133153177797794342041015625">
        <ele>448.79998779296875</ele>
        <time>2026-03-30T15:35:08.000Z</time>
        <extensions>
          <ns3:TrackPointExtension>
            <ns3:hr>145</ns3:hr>
            <ns3:cad>0</ns3:cad>
          </ns3:TrackPointExtension>
        </extensions>
      </trkpt>
      <trkpt lat="35.9719813428819179534912109375" lon="-81.11332143656909465789794921875">
        <ele>448.79998779296875</ele>
        <time>2026-03-30T15:35:11.000Z</time>
        <extensions>
          <ns3:TrackPointExtension>
            <ns3:hr>142</ns3:hr>
            <ns3:cad>0</ns3:cad>
          </ns3:TrackPointExtension>
        </extensions>
      </trkpt>
      <trkpt lat="35.97198092378675937652587890625" lon="-81.11331221647560596466064453125">
        <ele>449.20001220703125</ele>
        <time>2026-03-30T15:35:15.000Z</time>
        <extensions>
          <ns3:TrackPointExtension>
            <ns3:hr>143</ns3:hr>
            <ns3:cad>0</ns3:cad>
          </ns3:TrackPointExtension>
        </extensions>
      </trkpt>
      <trkpt lat="35.97196650691330432891845703125" lon="-81.11329712904989719390869140625">
        <ele>449.79998779296875</ele>
        <time>2026-03-30T15:35:19.000Z</time>
        <extensions>
          <ns3:TrackPointExtension>
            <ns3:hr>147</ns3:hr>
            <ns3:cad>0</ns3:cad>
          </ns3:TrackPointExtension>
        </extensions>
      </trkpt>
      <trkpt lat="35.9719561971724033355712890625" lon="-81.1132891662418842315673828125">
        <ele>450.20001220703125</ele>
        <time>2026-03-30T15:35:21.000Z</time>
        <extensions>
          <ns3:TrackPointExtension>
            <ns3:hr>148</ns3:hr>
            <ns3:cad>0</ns3:cad>
          </ns3:TrackPointExtension>
        </extensions>
      </trkpt>
      <trkpt lat="35.9719647467136383056640625" lon="-81.1132345162332057952880859375">
        <ele>451</ele>
        <time>2026-03-30T15:35:26.000Z</time>
        <extensions>
          <ns3:TrackPointExtension>
            <ns3:hr>147</ns3:hr>
            <ns3:cad>0</ns3:cad>
          </ns3:TrackPointExtension>
        </extensions>
      </trkpt>
      <trkpt lat="35.971971452236175537109375" lon="-81.11322253011167049407958984375">
        <ele>451.399993896484375</ele>
        <time>2026-03-30T15:35:28.000Z</time>
        <extensions>
          <ns3:TrackPointExtension>
            <ns3:hr>148</ns3:hr>
            <ns3:cad>0</ns3:cad>
          </ns3:TrackPointExtension>
        </extensions>
      </trkpt>
      <trkpt lat="35.97200162708759307861328125" lon="-81.11320090480148792266845703125">
        <ele>452</ele>
        <time>2026-03-30T15:35:35.000Z</time>
        <extensions>
          <ns3:TrackPointExtension>
            <ns3:hr>149</ns3:hr>
            <ns3:cad>0</ns3:cad>
          </ns3:TrackPointExtension>
        </extensions>
      </trkpt>
      <trkpt lat="35.9719754755496978759765625" lon="-81.11317433416843414306640625">
        <ele>452.399993896484375</ele>
        <time>2026-03-30T15:35:41.000Z</time>
        <extensions>
          <ns3:TrackPointExtension>
            <ns3:hr>151</ns3:hr>
            <ns3:cad>0</ns3:cad>
          </ns3:TrackPointExtension>
        </extensions>
      </trkpt>
      <trkpt lat="35.97196415998041629791259765625" lon="-81.11317022703588008880615234375">
        <ele>453</ele>
        <time>2026-03-30T15:35:43.000Z</time>
        <extensions>
          <ns3:TrackPointExtension>
            <ns3:hr>151</ns3:hr>
            <ns3:cad>0</ns3:cad>
          </ns3:TrackPointExtension>
        </extensions>
      </trkpt>
      <trkpt lat="35.97197388298809528350830078125" lon="-81.113168634474277496337890625">
        <ele>453.600006103515625</ele>
        <time>2026-03-30T15:35:45.000Z</time>
        <extensions>
          <ns3:TrackPointExtension>
            <ns3:hr>151</ns3:hr>
            <ns3:cad>0</ns3:cad>
          </ns3:TrackPointExtension>
        </extensions>
      </trkpt>
      <trkpt lat="35.97200389020144939422607421875" lon="-81.113143824040889739990234375">
        <ele>453.20001220703125</ele>
        <time>2026-03-30T15:35:50.000Z</time>
        <extensions>
          <ns3:TrackPointExtension>
            <ns3:hr>149</ns3:hr>
            <ns3:cad>0</ns3:cad>
          </ns3:TrackPointExtension>
        </extensions>
      </trkpt>
      <trkpt lat="35.9719981066882610321044921875" lon="-81.11312278546392917633056640625">
        <ele>454.600006103515625</ele>
        <time>2026-03-30T15:35:57.000Z</time>
        <extensions>
          <ns3:TrackPointExtension>
            <ns3:hr>149</ns3:hr>
            <ns3:cad>69</ns3:cad>
          </ns3:TrackPointExtension>
        </extensions>
      </trkpt>
      <trkpt lat="35.9719971008598804473876953125" lon="-81.1131188459694385528564453125">
        <ele>454.79998779296875</ele>
        <time>2026-03-30T15:35:58.000Z</time>
        <extensions>
          <ns3:TrackPointExtension>
            <ns3:hr>149</ns3:hr>
            <ns3:cad>69</ns3:cad>
          </ns3:TrackPointExtension>
        </extensions>
      </trkpt>
      <trkpt lat="35.971976816654205322265625" lon="-81.1131012439727783203125">
        <ele>455.79998779296875</ele>
        <time>2026-03-30T15:36:03.000Z</time>
        <extensions>
          <ns3:TrackPointExtension>
            <ns3:hr>149</ns3:hr>
            <ns3:cad>0</ns3:cad>
          </ns3:TrackPointExtension>
        </extensions>
      </trkpt>
      <trkpt lat="35.97197807393968105316162109375" lon="-81.11309613101184368133544921875">
        <ele>456.20001220703125</ele>
        <time>2026-03-30T15:36:05.000Z</time>
        <extensions>
          <ns3:TrackPointExtension>
            <ns3:hr>150</ns3:hr>
            <ns3:cad>0</ns3:cad>
          </ns3:TrackPointExtension>
        </extensions>
      </trkpt>
      <trkpt lat="35.97197103314101696014404296875" lon="-81.11307098530232906341552734375">
        <ele>457</ele>
        <time>2026-03-30T15:36:11.000Z</time>
        <extensions>
          <ns3:TrackPointExtension>
            <ns3:hr>150</ns3:hr>
            <ns3:cad>0</ns3:cad>
          </ns3:TrackPointExtension>
        </extensions>
      </trkpt>
      <trkpt lat="35.97196902148425579071044921875" lon="-81.11306847073137760162353515625">
        <ele>457.20001220703125</ele>
        <time>2026-03-30T15:36:12.000Z</time>
        <extensions>
          <ns3:TrackPointExtension>
            <ns3:hr>150</ns3:hr>
            <ns3:cad>0</ns3:cad>
          </ns3:TrackPointExtension>
        </extensions>
      </trkpt>
      <trkpt lat="35.971927531063556671142578125" lon="-81.11310736276209354400634765625">
        <ele>457.399993896484375</ele>
        <time>2026-03-30T15:36:21.000Z</time>
        <extensions>
          <ns3:TrackPointExtension>
            <ns3:hr>150</ns3:hr>
            <ns3:cad>0</ns3:cad>
          </ns3:TrackPointExtension>
        </extensions>
      </trkpt>
      <trkpt lat="35.97192627377808094024658203125" lon="-81.11309009604156017303466796875">
        <ele>457.79998779296875</ele>
        <time>2026-03-30T15:36:30.000Z</time>
        <extensions>
          <ns3:TrackPointExtension>
            <ns3:hr>150</ns3:hr>
            <ns3:cad>0</ns3:cad>
          </ns3:TrackPointExtension>
        </extensions>
      </trkpt>
      <trkpt lat="35.97192585468292236328125" lon="-81.1130782775580883026123046875">
        <ele>458.20001220703125</ele>
        <time>2026-03-30T15:36:32.000Z</time>
        <extensions>
          <ns3:TrackPointExtension>
            <ns3:hr>150</ns3:hr>
            <ns3:cad>0</ns3:cad>
          </ns3:TrackPointExtension>
        </extensions>
      </trkpt>
      <trkpt lat="35.97191353328526020050048828125" lon="-81.11307249404489994049072265625">
        <ele>458.79998779296875</ele>
        <time>2026-03-30T15:36:36.000Z</time>
        <extensions>
          <ns3:TrackPointExtension>
            <ns3:hr>150</ns3:hr>
            <ns3:cad>0</ns3:cad>
          </ns3:TrackPointExtension>
        </extensions>
      </trkpt>
      <trkpt lat="35.971916131675243377685546875" lon="-81.1130454204976558685302734375">
        <ele>458.79998779296875</ele>
        <time>2026-03-30T15:36:41.000Z</time>
        <extensions>
          <ns3:TrackPointExtension>
            <ns3:hr>147</ns3:hr>
            <ns3:cad>0</ns3:cad>
          </ns3:TrackPointExtension>
        </extensions>
      </trkpt>
      <trkpt lat="35.97191705368459224700927734375" lon="-81.1130413971841335296630859375">
        <ele>458.79998779296875</ele>
        <time>2026-03-30T15:36:43.000Z</time>
        <extensions>
          <ns3:TrackPointExtension>
            <ns3:hr>147</ns3:hr>
            <ns3:cad>0</ns3:cad>
          </ns3:TrackPointExtension>
        </extensions>
      </trkpt>
      <trkpt lat="35.97192979417741298675537109375" lon="-81.113050617277622222900390625">
        <ele>459.20001220703125</ele>
        <time>2026-03-30T15:36:47.000Z</time>
        <extensions>
          <ns3:TrackPointExtension>
            <ns3:hr>148</ns3:hr>
            <ns3:cad>0</ns3:cad>
          </ns3:TrackPointExtension>
        </extensions>
      </trkpt>
      <trkpt lat="35.971921496093273162841796875" lon="-81.1130564846098423004150390625">
        <ele>459.600006103515625</ele>
        <time>2026-03-30T15:36:50.000Z</time>
        <extensions>
          <ns3:TrackPointExtension>
            <ns3:hr>148</ns3:hr>
            <ns3:cad>0</ns3:cad>
          </ns3:TrackPointExtension>
        </extensions>
      </trkpt>
      <trkpt lat="35.97194152884185314178466796875" lon="-81.1130266450345516204833984375">
        <ele>460.20001220703125</ele>
        <time>2026-03-30T15:36:57.000Z</time>
        <extensions>
          <ns3:TrackPointExtension>
            <ns3:hr>149</ns3:hr>
            <ns3:cad>0</ns3:cad>
          </ns3:TrackPointExtension>
        </extensions>
      </trkpt>
      <trkpt lat="35.971942953765392303466796875" lon="-81.11302538774907588958740234375">
        <ele>460.399993896484375</ele>
        <time>2026-03-30T15:36:58.000Z</time>
        <extensions>
          <ns3:TrackPointExtension>
            <ns3:hr>149</ns3:hr>
            <ns3:cad>0</ns3:cad>
          </ns3:TrackPointExtension>
        </extensions>
      </trkpt>
      <trkpt lat="35.97197002731263637542724609375" lon="-81.11300946213304996490478515625">
        <ele>460.600006103515625</ele>
        <time>2026-03-30T15:37:05.000Z</time>
        <extensions>
          <ns3:TrackPointExtension>
            <ns3:hr>148</ns3:hr>
            <ns3:cad>0</ns3:cad>
          </ns3:TrackPointExtension>
        </extensions>
      </trkpt>
      <trkpt lat="35.97195678390562534332275390625" lon="-81.11303108744323253631591796875">
        <ele>459.79998779296875</ele>
        <time>2026-03-30T15:37:11.000Z</time>
        <extensions>
          <ns3:TrackPointExtension>
            <ns3:hr>147</ns3:hr>
            <ns3:cad>50</ns3:cad>
          </ns3:TrackPointExtension>
        </extensions>
      </trkpt>
      <trkpt lat="35.97194773145020008087158203125" lon="-81.113027818500995635986328125">
        <ele>459.20001220703125</ele>
        <time>2026-03-30T15:37:13.000Z</time>
        <extensions>
          <ns3:TrackPointExtension>
            <ns3:hr>148</ns3:hr>
            <ns3:cad>44</ns3:cad>
          </ns3:TrackPointExtension>
        </extensions>
      </trkpt>
      <trkpt lat="35.9719474799931049346923828125" lon="-81.11302270554006099700927734375">
        <ele>458.20001220703125</ele>
        <time>2026-03-30T15:37:17.000Z</time>
        <extensions>
          <ns3:TrackPointExtension>
            <ns3:hr>148</ns3:hr>
            <ns3:cad>0</ns3:cad>
          </ns3:TrackPointExtension>
        </extensions>
      </trkpt>
      <trkpt lat="35.9719696082174777984619140625" lon="-81.112985573709011077880859375">
        <ele>457.600006103515625</ele>
        <time>2026-03-30T15:37:24.000Z</time>
        <extensions>
          <ns3:TrackPointExtension>
            <ns3:hr>143</ns3:hr>
            <ns3:cad>0</ns3:cad>
          </ns3:TrackPointExtension>
        </extensions>
      </trkpt>
      <trkpt lat="35.971974469721317291259765625" lon="-81.11298163421452045440673828125">
        <ele>457.600006103515625</ele>
        <time>2026-03-30T15:37:25.000Z</time>
        <extensions>
          <ns3:TrackPointExtension>
            <ns3:hr>138</ns3:hr>
            <ns3:cad>0</ns3:cad>
          </ns3:TrackPointExtension>
        </extensions>
      </trkpt>
      <trkpt lat="35.9719776548445224761962890625" lon="-81.112983226776123046875">
        <ele>457.79998779296875</ele>
        <time>2026-03-30T15:37:26.000Z</time>
        <extensions>
          <ns3:TrackPointExtension>
            <ns3:hr>133</ns3:hr>
            <ns3:cad>0</ns3:cad>
          </ns3:TrackPointExtension>
        </extensions>
      </trkpt>
      <trkpt lat="35.97198796458542346954345703125" lon="-81.11298548988997936248779296875">
        <ele>457.79998779296875</ele>
        <time>2026-03-30T15:37:27.000Z</time>
        <extensions>
          <ns3:TrackPointExtension>
            <ns3:hr>130</ns3:hr>
            <ns3:cad>0</ns3:cad>
          </ns3:TrackPointExtension>
        </extensions>
      </trkpt>
      <trkpt lat="35.97199534066021442413330078125" lon="-81.1129979789257049560546875">
        <ele>458</ele>
        <time>2026-03-30T15:37:30.000Z</time>
        <extensions>
          <ns3:TrackPointExtension>
            <ns3:hr>127</ns3:hr>
            <ns3:cad>0</ns3:cad>
          </ns3:TrackPointExtension>
        </extensions>
      </trkpt>
      <trkpt lat="35.97199114970862865447998046875" lon="-81.11301281489431858062744140625">
        <ele>458.20001220703125</ele>
        <time>2026-03-30T15:37:33.000Z</time>
        <extensions>
          <ns3:TrackPointExtension>
            <ns3:hr>127</ns3:hr>
            <ns3:cad>0</ns3:cad>
          </ns3:TrackPointExtension>
        </extensions>
      </trkpt>
      <trkpt lat="35.971986539661884307861328125" lon="-81.1130410619080066680908203125">
        <ele>458.399993896484375</ele>
        <time>2026-03-30T15:37:36.000Z</time>
        <extensions>
          <ns3:TrackPointExtension>
            <ns3:hr>132</ns3:hr>
            <ns3:cad>0</ns3:cad>
          </ns3:TrackPointExtension>
        </extensions>
      </trkpt>
      <trkpt lat="35.9719890542328357696533203125" lon="-81.11305187456309795379638671875">
        <ele>458</ele>
        <time>2026-03-30T15:37:38.000Z</time>
        <extensions>
          <ns3:TrackPointExtension>
            <ns3:hr>134</ns3:hr>
            <ns3:cad>0</ns3:cad>
          </ns3:TrackPointExtension>
        </extensions>
      </trkpt>
      <trkpt lat="35.97200606949627399444580078125" lon="-81.11308657564222812652587890625">
        <ele>457.399993896484375</ele>
        <time>2026-03-30T15:37:46.000Z</time>
        <extensions>
          <ns3:TrackPointExtension>
            <ns3:hr>137</ns3:hr>
            <ns3:cad>0</ns3:cad>
          </ns3:TrackPointExtension>
        </extensions>
      </trkpt>
      <trkpt lat="35.9720031358301639556884765625" lon="-81.1130792833864688873291015625">
        <ele>457</ele>
        <time>2026-03-30T15:37:51.000Z</time>
        <extensions>
          <ns3:TrackPointExtension>
            <ns3:hr>139</ns3:hr>
            <ns3:cad>0</ns3:cad>
          </ns3:TrackPointExtension>
        </extensions>
      </trkpt>
      <trkpt lat="35.97200590185821056365966796875" lon="-81.11308288760483264923095703125">
        <ele>456.79998779296875</ele>
        <time>2026-03-30T15:37:52.000Z</time>
        <extensions>
          <ns3:TrackPointExtension>
            <ns3:hr>139</ns3:hr>
            <ns3:cad>0</ns3:cad>
          </ns3:TrackPointExtension>
        </extensions>
      </trkpt>
      <trkpt lat="35.972012691199779510498046875" lon="-81.11307299695909023284912109375">
        <ele>456</ele>
        <time>2026-03-30T15:37:58.000Z</time>
        <extensions>
          <ns3:TrackPointExtension>
            <ns3:hr>139</ns3:hr>
            <ns3:cad>0</ns3:cad>
          </ns3:TrackPointExtension>
        </extensions>
      </trkpt>
      <trkpt lat="35.97201411612331867218017578125" lon="-81.113068722188472747802734375">
        <ele>456</ele>
        <time>2026-03-30T15:37:59.000Z</time>
        <extensions>
          <ns3:TrackPointExtension>
            <ns3:hr>138</ns3:hr>
            <ns3:cad>0</ns3:cad>
          </ns3:TrackPointExtension>
        </extensions>
      </trkpt>
      <trkpt lat="35.97201411612331867218017578125" lon="-81.113068722188472747802734375">
        <ele>456.20001220703125</ele>
        <time>2026-03-30T15:38:09.000Z</time>
        <extensions>
          <ns3:TrackPointExtension>
            <ns3:hr>136</ns3:hr>
            <ns3:cad>0</ns3:cad>
          </ns3:TrackPointExtension>
        </extensions>
      </trkpt>
      <trkpt lat="35.97201696597039699554443359375" lon="-81.11305891536176204681396484375">
        <ele>456.20001220703125</ele>
        <time>2026-03-30T15:38:12.000Z</time>
        <extensions>
          <ns3:TrackPointExtension>
            <ns3:hr>132</ns3:hr>
            <ns3:cad>0</ns3:cad>
          </ns3:TrackPointExtension>
        </extensions>
      </trkpt>
      <trkpt lat="35.972046218812465667724609375" lon="-81.113039888441562652587890625">
        <ele>456.399993896484375</ele>
        <time>2026-03-30T15:38:17.000Z</time>
        <extensions>
          <ns3:TrackPointExtension>
            <ns3:hr>132</ns3:hr>
            <ns3:cad>0</ns3:cad>
          </ns3:TrackPointExtension>
        </extensions>
      </trkpt>
      <trkpt lat="35.97207396291196346282958984375" lon="-81.11303729005157947540283203125">
        <ele>456.600006103515625</ele>
        <time>2026-03-30T15:38:22.000Z</time>
        <extensions>
          <ns3:TrackPointExtension>
            <ns3:hr>129</ns3:hr>
            <ns3:cad>0</ns3:cad>
          </ns3:TrackPointExtension>
        </extensions>
      </trkpt>
      <trkpt lat="35.9720866195857524871826171875" lon="-81.1130350269377231597900390625">
        <ele>456.399993896484375</ele>
        <time>2026-03-30T15:38:24.000Z</time>
        <extensions>
          <ns3:TrackPointExtension>
            <ns3:hr>126</ns3:hr>
            <ns3:cad>0</ns3:cad>
          </ns3:TrackPointExtension>
        </extensions>
      </trkpt>
      <trkpt lat="35.9721028804779052734375" lon="-81.11302413046360015869140625">
        <ele>455.79998779296875</ele>
        <time>2026-03-30T15:38:27.000Z</time>
        <extensions>
          <ns3:TrackPointExtension>
            <ns3:hr>125</ns3:hr>
            <ns3:cad>0</ns3:cad>
          </ns3:TrackPointExtension>
        </extensions>
      </trkpt>
      <trkpt lat="35.97208435647189617156982421875" lon="-81.113002002239227294921875">
        <ele>457</ele>
        <time>2026-03-30T15:38:31.000Z</time>
        <extensions>
          <ns3:TrackPointExtension>
            <ns3:hr>127</ns3:hr>
            <ns3:cad>0</ns3:cad>
          </ns3:TrackPointExtension>
        </extensions>
      </trkpt>
      <trkpt lat="35.9720597974956035614013671875" lon="-81.11296973191201686859130859375">
        <ele>458</ele>
        <time>2026-03-30T15:38:35.000Z</time>
        <extensions>
          <ns3:TrackPointExtension>
            <ns3:hr>130</ns3:hr>
            <ns3:cad>0</ns3:cad>
          </ns3:TrackPointExtension>
        </extensions>
      </trkpt>
      <trkpt lat="35.97203657962381839752197265625" lon="-81.1129736714065074920654296875">
        <ele>458</ele>
        <time>2026-03-30T15:38:39.000Z</time>
        <extensions>
          <ns3:TrackPointExtension>
            <ns3:hr>133</ns3:hr>
            <ns3:cad>0</ns3:cad>
          </ns3:TrackPointExtension>
        </extensions>
      </trkpt>
      <trkpt lat="35.97203649580478668212890625" lon="-81.11298917792737483978271484375">
        <ele>458</ele>
        <time>2026-03-30T15:38:41.000Z</time>
        <extensions>
          <ns3:TrackPointExtension>
            <ns3:hr>137</ns3:hr>
            <ns3:cad>0</ns3:cad>
          </ns3:TrackPointExtension>
        </extensions>
      </trkpt>
      <trkpt lat="35.97204211167991161346435546875" lon="-81.112996302545070648193359375">
        <ele>458</ele>
        <time>2026-03-30T15:38:42.000Z</time>
        <extensions>
          <ns3:TrackPointExtension>
            <ns3:hr>138</ns3:hr>
            <ns3:cad>0</ns3:cad>
          </ns3:TrackPointExtension>
        </extensions>
      </trkpt>
      <trkpt lat="35.97205367870628833770751953125" lon="-81.112998314201831817626953125">
        <ele>458</ele>
        <time>2026-03-30T15:38:45.000Z</time>
        <extensions>
          <ns3:TrackPointExtension>
            <ns3:hr>141</ns3:hr>
            <ns3:cad>0</ns3:cad>
          </ns3:TrackPointExtension>
        </extensions>
      </trkpt>
      <trkpt lat="35.97207228653132915496826171875" lon="-81.11296654678881168365478515625">
        <ele>458</ele>
        <time>2026-03-30T15:38:51.000Z</time>
        <extensions>
          <ns3:TrackPointExtension>
            <ns3:hr>142</ns3:hr>
            <ns3:cad>0</ns3:cad>
          </ns3:TrackPointExtension>
        </extensions>
      </trkpt>
      <trkpt lat="35.97207295708358287811279296875" lon="-81.11295313574373722076416015625">
        <ele>458</ele>
        <time>2026-03-30T15:38:53.000Z</time>
        <extensions>
          <ns3:TrackPointExtension>
            <ns3:hr>142</ns3:hr>
            <ns3:cad>0</ns3:cad>
          </ns3:TrackPointExtension>
        </extensions>
      </trkpt>
      <trkpt lat="35.97203917801380157470703125" lon="-81.11292195506393909454345703125">
        <ele>458</ele>
        <time>2026-03-30T15:39:02.000Z</time>
        <extensions>
          <ns3:TrackPointExtension>
            <ns3:hr>142</ns3:hr>
            <ns3:cad>0</ns3:cad>
          </ns3:TrackPointExtension>
        </extensions>
      </trkpt>
      <trkpt lat="35.97199902869760990142822265625" lon="-81.11295514740049839019775390625">
        <ele>458.600006103515625</ele>
        <time>2026-03-30T15:39:09.000Z</time>
        <extensions>
          <ns3:TrackPointExtension>
            <ns3:hr>145</ns3:hr>
            <ns3:cad>0</ns3:cad>
          </ns3:TrackPointExtension>
        </extensions>
      </trkpt>
      <trkpt lat="35.971975140273571014404296875" lon="-81.1129904352128505706787109375">
        <ele>459.399993896484375</ele>
        <time>2026-03-30T15:39:16.000Z</time>
        <extensions>
          <ns3:TrackPointExtension>
            <ns3:hr>145</ns3:hr>
            <ns3:cad>0</ns3:cad>
          </ns3:TrackPointExtension>
        </extensions>
      </trkpt>
      <trkpt lat="35.97196952439844608306884765625" lon="-81.11298264004290103912353515625">
        <ele>459.600006103515625</ele>
        <time>2026-03-30T15:39:17.000Z</time>
        <extensions>
          <ns3:TrackPointExtension>
            <ns3:hr>145</ns3:hr>
            <ns3:cad>0</ns3:cad>
          </ns3:TrackPointExtension>
        </extensions>
      </trkpt>
      <trkpt lat="35.97195192240178585052490234375" lon="-81.1129813827574253082275390625">
        <ele>460.20001220703125</ele>
        <time>2026-03-30T15:39:19.000Z</time>
        <extensions>
          <ns3:TrackPointExtension>
            <ns3:hr>141</ns3:hr>
            <ns3:cad>0</ns3:cad>
          </ns3:TrackPointExtension>
        </extensions>
      </trkpt>
      <trkpt lat="35.97194253467023372650146484375" lon="-81.1129803769290447235107421875">
        <ele>460.20001220703125</ele>
        <time>2026-03-30T15:39:20.000Z</time>
        <extensions>
          <ns3:TrackPointExtension>
            <ns3:hr>137</ns3:hr>
            <ns3:cad>0</ns3:cad>
          </ns3:TrackPointExtension>
        </extensions>
      </trkpt>
      <trkpt lat="35.97193549387156963348388671875" lon="-81.11297844909131526947021484375">
        <ele>460.399993896484375</ele>
        <time>2026-03-30T15:39:21.000Z</time>
        <extensions>
          <ns3:TrackPointExtension>
            <ns3:hr>135</ns3:hr>
            <ns3:cad>0</ns3:cad>
          </ns3:TrackPointExtension>
        </extensions>
      </trkpt>
      <trkpt lat="35.971901379525661468505859375" lon="-81.1129706539213657379150390625">
        <ele>460.79998779296875</ele>
        <time>2026-03-30T15:39:24.000Z</time>
        <extensions>
          <ns3:TrackPointExtension>
            <ns3:hr>133</ns3:hr>
            <ns3:cad>77</ns3:cad>
          </ns3:TrackPointExtension>
        </extensions>
      </trkpt>
      <trkpt lat="35.971864499151706695556640625" lon="-81.11296570859849452972412109375">
        <ele>461.600006103515625</ele>
        <time>2026-03-30T15:39:28.000Z</time>
        <extensions>
          <ns3:TrackPointExtension>
            <ns3:hr>132</ns3:hr>
            <ns3:cad>79</ns3:cad>
          </ns3:TrackPointExtension>
        </extensions>
      </trkpt>
      <trkpt lat="35.971873216331005096435546875" lon="-81.11297073774039745330810546875">
        <ele>461.79998779296875</ele>
        <time>2026-03-30T15:39:30.000Z</time>
        <extensions>
          <ns3:TrackPointExtension>
            <ns3:hr>133</ns3:hr>
            <ns3:cad>79</ns3:cad>
          </ns3:TrackPointExtension>
        </extensions>
      </trkpt>
      <trkpt lat="35.9718854539096355438232421875" lon="-81.11299806274473667144775390625">
        <ele>462.399993896484375</ele>
        <time>2026-03-30T15:39:33.000Z</time>
        <extensions>
          <ns3:TrackPointExtension>
            <ns3:hr>134</ns3:hr>
            <ns3:cad>72</ns3:cad>
          </ns3:TrackPointExtension>
        </extensions>
      </trkpt>
      <trkpt lat="35.97189542837440967559814453125" lon="-81.11301700584590435028076171875">
        <ele>462.399993896484375</ele>
        <time>2026-03-30T15:39:35.000Z</time>
        <extensions>
          <ns3:TrackPointExtension>
            <ns3:hr>136</ns3:hr>
            <ns3:cad>0</ns3:cad>
          </ns3:TrackPointExtension>
        </extensions>
      </trkpt>
      <trkpt lat="35.9719012118875980377197265625" lon="-81.11302186734974384307861328125">
        <ele>462.600006103515625</ele>
        <time>2026-03-30T15:39:37.000Z</time>
        <extensions>
          <ns3:TrackPointExtension>
            <ns3:hr>137</ns3:hr>
            <ns3:cad>65</ns3:cad>
          </ns3:TrackPointExtension>
        </extensions>
      </trkpt>
      <trkpt lat="35.971872545778751373291015625" lon="-81.1130246333777904510498046875">
        <ele>463.399993896484375</ele>
        <time>2026-03-30T15:39:42.000Z</time>
        <extensions>
          <ns3:TrackPointExtension>
            <ns3:hr>140</ns3:hr>
            <ns3:cad>0</ns3:cad>
          </ns3:TrackPointExtension>
        </extensions>
      </trkpt>
      <trkpt lat="35.97186910919845104217529296875" lon="-81.11302287317812442779541015625">
        <ele>463.79998779296875</ele>
        <time>2026-03-30T15:39:43.000Z</time>
        <extensions>
          <ns3:TrackPointExtension>
            <ns3:hr>140</ns3:hr>
            <ns3:cad>0</ns3:cad>
          </ns3:TrackPointExtension>
        </extensions>
      </trkpt>
      <trkpt lat="35.9718593023717403411865234375" lon="-81.11302237026393413543701171875">
        <ele>464</ele>
        <time>2026-03-30T15:39:45.000Z</time>
        <extensions>
          <ns3:TrackPointExtension>
            <ns3:hr>141</ns3:hr>
            <ns3:cad>0</ns3:cad>
          </ns3:TrackPointExtension>
        </extensions>
      </trkpt>
      <trkpt lat="35.97182929515838623046875" lon="-81.11304223537445068359375">
        <ele>464</ele>
        <time>2026-03-30T15:39:51.000Z</time>
        <extensions>
          <ns3:TrackPointExtension>
            <ns3:hr>143</ns3:hr>
            <ns3:cad>0</ns3:cad>
          </ns3:TrackPointExtension>
        </extensions>
      </trkpt>
      <trkpt lat="35.97182183526456356048583984375" lon="-81.11304131336510181427001953125">
        <ele>463.79998779296875</ele>
        <time>2026-03-30T15:39:55.000Z</time>
        <extensions>
          <ns3:TrackPointExtension>
            <ns3:hr>146</ns3:hr>
            <ns3:cad>0</ns3:cad>
          </ns3:TrackPointExtension>
        </extensions>
      </trkpt>
      <trkpt lat="35.97182451747357845306396484375" lon="-81.11304265446960926055908203125">
        <ele>464.399993896484375</ele>
        <time>2026-03-30T15:40:00.000Z</time>
        <extensions>
          <ns3:TrackPointExtension>
            <ns3:hr>147</ns3:hr>
            <ns3:cad>0</ns3:cad>
          </ns3:TrackPointExtension>
        </extensions>
      </trkpt>
      <trkpt lat="35.97183859907090663909912109375" lon="-81.11303754150867462158203125">
        <ele>464.79998779296875</ele>
        <time>2026-03-30T15:40:05.000Z</time>
        <extensions>
          <ns3:TrackPointExtension>
            <ns3:hr>148</ns3:hr>
            <ns3:cad>0</ns3:cad>
          </ns3:TrackPointExtension>
        </extensions>
      </trkpt>
      <trkpt lat="35.97183306701481342315673828125" lon="-81.113035194575786590576171875">
        <ele>465</ele>
        <time>2026-03-30T15:40:06.000Z</time>
        <extensions>
          <ns3:TrackPointExtension>
            <ns3:hr>148</ns3:hr>
            <ns3:cad>0</ns3:cad>
          </ns3:TrackPointExtension>
        </extensions>
      </trkpt>
      <trkpt lat="35.97182149998843669891357421875" lon="-81.11303041689097881317138671875">
        <ele>465.79998779296875</ele>
        <time>2026-03-30T15:40:10.000Z</time>
        <extensions>
          <ns3:TrackPointExtension>
            <ns3:hr>149</ns3:hr>
            <ns3:cad>0</ns3:cad>
          </ns3:TrackPointExtension>
        </extensions>
      </trkpt>
      <trkpt lat="35.97182937897741794586181640625" lon="-81.1130046844482421875">
        <ele>466.399993896484375</ele>
        <time>2026-03-30T15:40:13.000Z</time>
        <extensions>
          <ns3:TrackPointExtension>
            <ns3:hr>149</ns3:hr>
            <ns3:cad>0</ns3:cad>
          </ns3:TrackPointExtension>
        </extensions>
      </trkpt>
      <trkpt lat="35.97181915305554866790771484375" lon="-81.11296537332236766815185546875">
        <ele>466.399993896484375</ele>
        <time>2026-03-30T15:40:19.000Z</time>
        <extensions>
          <ns3:TrackPointExtension>
            <ns3:hr>150</ns3:hr>
            <ns3:cad>0</ns3:cad>
          </ns3:TrackPointExtension>
        </extensions>
      </trkpt>
      <trkpt lat="35.971806161105632781982421875" lon="-81.1129518784582614898681640625">
        <ele>467</ele>
        <time>2026-03-30T15:40:22.000Z</time>
        <extensions>
          <ns3:TrackPointExtension>
            <ns3:hr>151</ns3:hr>
            <ns3:cad>65</ns3:cad>
          </ns3:TrackPointExtension>
        </extensions>
      </trkpt>
      <trkpt lat="35.97181730903685092926025390625" lon="-81.1129659600555896759033203125">
        <ele>467.20001220703125</ele>
        <time>2026-03-30T15:40:27.000Z</time>
        <extensions>
          <ns3:TrackPointExtension>
            <ns3:hr>152</ns3:hr>
            <ns3:cad>0</ns3:cad>
          </ns3:TrackPointExtension>
        </extensions>
      </trkpt>
      <trkpt lat="35.97187162376940250396728515625" lon="-81.11297861672937870025634765625">
        <ele>467</ele>
        <time>2026-03-30T15:40:33.000Z</time>
        <extensions>
          <ns3:TrackPointExtension>
            <ns3:hr>151</ns3:hr>
            <ns3:cad>0</ns3:cad>
          </ns3:TrackPointExtension>
        </extensions>
      </trkpt>
      <trkpt lat="35.9718874655663967132568359375" lon="-81.11299269832670688629150390625">
        <ele>467.20001220703125</ele>
        <time>2026-03-30T15:40:39.000Z</time>
        <extensions>
          <ns3:TrackPointExtension>
            <ns3:hr>151</ns3:hr>
            <ns3:cad>0</ns3:cad>
          </ns3:TrackPointExtension>
        </extensions>
      </trkpt>
      <trkpt lat="35.9718643315136432647705078125" lon="-81.11300108022987842559814453125">
        <ele>467.20001220703125</ele>
        <time>2026-03-30T15:40:41.000Z</time>
        <extensions>
          <ns3:TrackPointExtension>
            <ns3:hr>150</ns3:hr>
            <ns3:cad>0</ns3:cad>
          </ns3:TrackPointExtension>
        </extensions>
      </trkpt>
      <trkpt lat="35.971831977367401123046875" lon="-81.11301616765558719635009765625">
        <ele>466.79998779296875</ele>
        <time>2026-03-30T15:40:46.000Z</time>
        <extensions>
          <ns3:TrackPointExtension>
            <ns3:hr>150</ns3:hr>
            <ns3:cad>45</ns3:cad>
          </ns3:TrackPointExtension>
        </extensions>
      </trkpt>
      <trkpt lat="35.97179702483117580413818359375" lon="-81.112996637821197509765625">
        <ele>466.79998779296875</ele>
        <time>2026-03-30T15:40:52.000Z</time>
        <extensions>
          <ns3:TrackPointExtension>
            <ns3:hr>148</ns3:hr>
            <ns3:cad>0</ns3:cad>
          </ns3:TrackPointExtension>
        </extensions>
      </trkpt>
      <trkpt lat="35.97180046141147613525390625" lon="-81.11298398114740848541259765625">
        <ele>467.600006103515625</ele>
        <time>2026-03-30T15:40:55.000Z</time>
        <extensions>
          <ns3:TrackPointExtension>
            <ns3:hr>145</ns3:hr>
            <ns3:cad>0</ns3:cad>
          </ns3:TrackPointExtension>
        </extensions>
      </trkpt>
      <trkpt lat="35.971799455583095550537109375" lon="-81.11298230476677417755126953125">
        <ele>468</ele>
        <time>2026-03-30T15:40:56.000Z</time>
        <extensions>
          <ns3:TrackPointExtension>
            <ns3:hr>146</ns3:hr>
            <ns3:cad>18</ns3:cad>
          </ns3:TrackPointExtension>
        </extensions>
      </trkpt>
      <trkpt lat="35.97181429155170917510986328125" lon="-81.112975180149078369140625">
        <ele>468.600006103515625</ele>
        <time>2026-03-30T15:40:59.000Z</time>
        <extensions>
          <ns3:TrackPointExtension>
            <ns3:hr>145</ns3:hr>
            <ns3:cad>0</ns3:cad>
          </ns3:TrackPointExtension>
        </extensions>
      </trkpt>
      <trkpt lat="35.9718398563563823699951171875" lon="-81.11295414157211780548095703125">
        <ele>469</ele>
        <time>2026-03-30T15:41:03.000Z</time>
        <extensions>
          <ns3:TrackPointExtension>
            <ns3:hr>143</ns3:hr>
            <ns3:cad>0</ns3:cad>
          </ns3:TrackPointExtension>
        </extensions>
      </trkpt>
      <trkpt lat="35.971839688718318939208984375" lon="-81.11296436749398708343505859375">
        <ele>469</ele>
        <time>2026-03-30T15:41:04.000Z</time>
        <extensions>
          <ns3:TrackPointExtension>
            <ns3:hr>142</ns3:hr>
            <ns3:cad>0</ns3:cad>
          </ns3:TrackPointExtension>
        </extensions>
      </trkpt>
      <trkpt lat="35.97181697376072406768798828125" lon="-81.11299403943121433258056640625">
        <ele>469</ele>
        <time>2026-03-30T15:41:10.000Z</time>
        <extensions>
          <ns3:TrackPointExtension>
            <ns3:hr>143</ns3:hr>
            <ns3:cad>0</ns3:cad>
          </ns3:TrackPointExtension>
        </extensions>
      </trkpt>
      <trkpt lat="35.97178361378610134124755859375" lon="-81.112995631992816925048828125">
        <ele>468.600006103515625</ele>
        <time>2026-03-30T15:41:17.000Z</time>
        <extensions>
          <ns3:TrackPointExtension>
            <ns3:hr>145</ns3:hr>
            <ns3:cad>0</ns3:cad>
          </ns3:TrackPointExtension>
        </extensions>
      </trkpt>
      <trkpt lat="35.97178311087191104888916015625" lon="-81.1129740066826343536376953125">
        <ele>469.20001220703125</ele>
        <time>2026-03-30T15:41:21.000Z</time>
        <extensions>
          <ns3:TrackPointExtension>
            <ns3:hr>141</ns3:hr>
            <ns3:cad>0</ns3:cad>
          </ns3:TrackPointExtension>
        </extensions>
      </trkpt>
      <trkpt lat="35.971774645149707794189453125" lon="-81.11298750154674053192138671875">
        <ele>470</ele>
        <time>2026-03-30T15:41:24.000Z</time>
        <extensions>
          <ns3:TrackPointExtension>
            <ns3:hr>140</ns3:hr>
            <ns3:cad>0</ns3:cad>
          </ns3:TrackPointExtension>
        </extensions>
      </trkpt>
      <trkpt lat="35.97176467068493366241455078125" lon="-81.11298498697578907012939453125">
        <ele>470.79998779296875</ele>
        <time>2026-03-30T15:41:32.000Z</time>
        <extensions>
          <ns3:TrackPointExtension>
            <ns3:hr>143</ns3:hr>
            <ns3:cad>0</ns3:cad>
          </ns3:TrackPointExtension>
        </extensions>
      </trkpt>
      <trkpt lat="35.9717716276645660400390625" lon="-81.1129800416529178619384765625">
        <ele>471</ele>
        <time>2026-03-30T15:41:34.000Z</time>
        <extensions>
          <ns3:TrackPointExtension>
            <ns3:hr>144</ns3:hr>
            <ns3:cad>0</ns3:cad>
          </ns3:TrackPointExtension>
        </extensions>
      </trkpt>
      <trkpt lat="35.97177657298743724822998046875" lon="-81.11296319402754306793212890625">
        <ele>471.399993896484375</ele>
        <time>2026-03-30T15:41:38.000Z</time>
        <extensions>
          <ns3:TrackPointExtension>
            <ns3:hr>147</ns3:hr>
            <ns3:cad>0</ns3:cad>
          </ns3:TrackPointExtension>
        </extensions>
      </trkpt>
      <trkpt lat="35.971783362329006195068359375" lon="-81.11292966641485691070556640625">
        <ele>471.600006103515625</ele>
        <time>2026-03-30T15:41:41.000Z</time>
        <extensions>
          <ns3:TrackPointExtension>
            <ns3:hr>148</ns3:hr>
            <ns3:cad>0</ns3:cad>
          </ns3:TrackPointExtension>
        </extensions>
      </trkpt>
      <trkpt lat="35.97178168594837188720703125" lon="-81.1129059456288814544677734375">
        <ele>472.20001220703125</ele>
        <time>2026-03-30T15:41:44.000Z</time>
        <extensions>
          <ns3:TrackPointExtension>
            <ns3:hr>147</ns3:hr>
            <ns3:cad>0</ns3:cad>
          </ns3:TrackPointExtension>
        </extensions>
      </trkpt>
      <trkpt lat="35.97179853357374668121337890625" lon="-81.1129297502338886260986328125">
        <ele>472.600006103515625</ele>
        <time>2026-03-30T15:41:48.000Z</time>
        <extensions>
          <ns3:TrackPointExtension>
            <ns3:hr>146</ns3:hr>
            <ns3:cad>0</ns3:cad>
          </ns3:TrackPointExtension>
        </extensions>
      </trkpt>
      <trkpt lat="35.97183155827224254608154296875" lon="-81.1129300855100154876708984375">
        <ele>472.20001220703125</ele>
        <time>2026-03-30T15:41:54.000Z</time>
        <extensions>
          <ns3:TrackPointExtension>
            <ns3:hr>150</ns3:hr>
            <ns3:cad>0</ns3:cad>
          </ns3:TrackPointExtension>
        </extensions>
      </trkpt>
      <trkpt lat="35.9718331508338451385498046875" lon="-81.1129284091293811798095703125">
        <ele>472.20001220703125</ele>
        <time>2026-03-30T15:41:55.000Z</time>
        <extensions>
          <ns3:TrackPointExtension>
            <ns3:hr>150</ns3:hr>
            <ns3:cad>0</ns3:cad>
          </ns3:TrackPointExtension>
        </extensions>
      </trkpt>
      <trkpt lat="35.971869863569736480712890625" lon="-81.11292061395943164825439453125">
        <ele>471</ele>
        <time>2026-03-30T15:42:02.000Z</time>
        <extensions>
          <ns3:TrackPointExtension>
            <ns3:hr>151</ns3:hr>
            <ns3:cad>0</ns3:cad>
          </ns3:TrackPointExtension>
        </extensions>
      </trkpt>
      <trkpt lat="35.9718670137226581573486328125" lon="-81.1129230447113513946533203125">
        <ele>470.600006103515625</ele>
        <time>2026-03-30T15:42:07.000Z</time>
        <extensions>
          <ns3:TrackPointExtension>
            <ns3:hr>150</ns3:hr>
            <ns3:cad>0</ns3:cad>
          </ns3:TrackPointExtension>
        </extensions>
      </trkpt>
      <trkpt lat="35.9718851186335086822509765625" lon="-81.11291793175041675567626953125">
        <ele>470.600006103515625</ele>
        <time>2026-03-30T15:42:12.000Z</time>
        <extensions>
          <ns3:TrackPointExtension>
            <ns3:hr>147</ns3:hr>
            <ns3:cad>0</ns3:cad>
          </ns3:TrackPointExtension>
        </extensions>
      </trkpt>
      <trkpt lat="35.9718789160251617431640625" lon="-81.11292128451168537139892578125">
        <ele>470.600006103515625</ele>
        <time>2026-03-30T15:42:17.000Z</time>
        <extensions>
          <ns3:TrackPointExtension>
            <ns3:hr>147</ns3:hr>
            <ns3:cad>0</ns3:cad>
          </ns3:TrackPointExtension>
        </extensions>
      </trkpt>
      <trkpt lat="35.97186349332332611083984375" lon="-81.11288356594741344451904296875">
        <ele>471.79998779296875</ele>
        <time>2026-03-30T15:42:23.000Z</time>
        <extensions>
          <ns3:TrackPointExtension>
            <ns3:hr>147</ns3:hr>
            <ns3:cad>0</ns3:cad>
          </ns3:TrackPointExtension>
        </extensions>
      </trkpt>
      <trkpt lat="35.9718629904091358184814453125" lon="-81.11288222484290599822998046875">
        <ele>472</ele>
        <time>2026-03-30T15:42:24.000Z</time>
        <extensions>
          <ns3:TrackPointExtension>
            <ns3:hr>148</ns3:hr>
            <ns3:cad>0</ns3:cad>
          </ns3:TrackPointExtension>
        </extensions>
      </trkpt>
      <trkpt lat="35.97186123020946979522705078125" lon="-81.1128611862659454345703125">
        <ele>473.399993896484375</ele>
        <time>2026-03-30T15:42:28.000Z</time>
        <extensions>
          <ns3:TrackPointExtension>
            <ns3:hr>147</ns3:hr>
            <ns3:cad>0</ns3:cad>
          </ns3:TrackPointExtension>
        </extensions>
      </trkpt>
      <trkpt lat="35.97186340950429439544677734375" lon="-81.112867556512355804443359375">
        <ele>473.399993896484375</ele>
        <time>2026-03-30T15:42:29.000Z</time>
        <extensions>
          <ns3:TrackPointExtension>
            <ns3:hr>147</ns3:hr>
            <ns3:cad>0</ns3:cad>
          </ns3:TrackPointExtension>
        </extensions>
      </trkpt>
      <trkpt lat="35.97188570536673069000244140625" lon="-81.11287686042487621307373046875">
        <ele>473.79998779296875</ele>
        <time>2026-03-30T15:42:35.000Z</time>
        <extensions>
          <ns3:TrackPointExtension>
            <ns3:hr>149</ns3:hr>
            <ns3:cad>0</ns3:cad>
          </ns3:TrackPointExtension>
        </extensions>
      </trkpt>
      <trkpt lat="35.97192090936005115509033203125" lon="-81.11285489983856678009033203125">
        <ele>474</ele>
        <time>2026-03-30T15:42:44.000Z</time>
        <extensions>
          <ns3:TrackPointExtension>
            <ns3:hr>151</ns3:hr>
            <ns3:cad>0</ns3:cad>
          </ns3:TrackPointExtension>
        </extensions>
      </trkpt>
      <trkpt lat="35.97193314693868160247802734375" lon="-81.112830005586147308349609375">
        <ele>473.79998779296875</ele>
        <time>2026-03-30T15:42:51.000Z</time>
        <extensions>
          <ns3:TrackPointExtension>
            <ns3:hr>154</ns3:hr>
            <ns3:cad>0</ns3:cad>
          </ns3:TrackPointExtension>
        </extensions>
      </trkpt>
      <trkpt lat="35.971932224929332733154296875" lon="-81.11282698810100555419921875">
        <ele>473.79998779296875</ele>
        <time>2026-03-30T15:42:53.000Z</time>
        <extensions>
          <ns3:TrackPointExtension>
            <ns3:hr>154</ns3:hr>
            <ns3:cad>0</ns3:cad>
          </ns3:TrackPointExtension>
        </extensions>
      </trkpt>
      <trkpt lat="35.97193649969995021820068359375" lon="-81.11283511854708194732666015625">
        <ele>474</ele>
        <time>2026-03-30T15:43:02.000Z</time>
        <extensions>
          <ns3:TrackPointExtension>
            <ns3:hr>154</ns3:hr>
            <ns3:cad>0</ns3:cad>
          </ns3:TrackPointExtension>
        </extensions>
      </trkpt>
      <trkpt lat="35.97194571979343891143798828125" lon="-81.11285054124891757965087890625">
        <ele>474</ele>
        <time>2026-03-30T15:43:09.000Z</time>
        <extensions>
          <ns3:TrackPointExtension>
            <ns3:hr>154</ns3:hr>
            <ns3:cad>0</ns3:cad>
          </ns3:TrackPointExtension>
        </extensions>
      </trkpt>
      <trkpt lat="35.9719377569854259490966796875" lon="-81.112828664481639862060546875">
        <ele>473.399993896484375</ele>
        <time>2026-03-30T15:43:13.000Z</time>
        <extensions>
          <ns3:TrackPointExtension>
            <ns3:hr>151</ns3:hr>
            <ns3:cad>0</ns3:cad>
          </ns3:TrackPointExtension>
        </extensions>
      </trkpt>
      <trkpt lat="35.97192116081714630126953125" lon="-81.1128295026719570159912109375">
        <ele>473.20001220703125</ele>
        <time>2026-03-30T15:43:16.000Z</time>
        <extensions>
          <ns3:TrackPointExtension>
            <ns3:hr>149</ns3:hr>
            <ns3:cad>0</ns3:cad>
          </ns3:TrackPointExtension>
        </extensions>
      </trkpt>
      <trkpt lat="35.97190531902015209197998046875" lon="-81.1128422431647777557373046875">
        <ele>472.20001220703125</ele>
        <time>2026-03-30T15:43:21.000Z</time>
        <extensions>
          <ns3:TrackPointExtension>
            <ns3:hr>150</ns3:hr>
            <ns3:cad>0</ns3:cad>
          </ns3:TrackPointExtension>
        </extensions>
      </trkpt>
      <trkpt lat="35.971902050077915191650390625" lon="-81.1128439195454120635986328125">
        <ele>471.600006103515625</ele>
        <time>2026-03-30T15:43:23.000Z</time>
        <extensions>
          <ns3:TrackPointExtension>
            <ns3:hr>149</ns3:hr>
            <ns3:cad>0</ns3:cad>
          </ns3:TrackPointExtension>
        </extensions>
      </trkpt>
      <trkpt lat="35.97191135399043560028076171875" lon="-81.11283210106194019317626953125">
        <ele>471.20001220703125</ele>
        <time>2026-03-30T15:43:25.000Z</time>
        <extensions>
          <ns3:TrackPointExtension>
            <ns3:hr>149</ns3:hr>
            <ns3:cad>0</ns3:cad>
          </ns3:TrackPointExtension>
        </extensions>
      </trkpt>
      <trkpt lat="35.9719162993133068084716796875" lon="-81.11276839859783649444580078125">
        <ele>471</ele>
        <time>2026-03-30T15:43:29.000Z</time>
        <extensions>
          <ns3:TrackPointExtension>
            <ns3:hr>146</ns3:hr>
            <ns3:cad>0</ns3:cad>
          </ns3:TrackPointExtension>
        </extensions>
      </trkpt>
      <trkpt lat="35.97191403619945049285888671875" lon="-81.11277979798614978790283203125">
        <ele>470.79998779296875</ele>
        <time>2026-03-30T15:43:32.000Z</time>
        <extensions>
          <ns3:TrackPointExtension>
            <ns3:hr>146</ns3:hr>
            <ns3:cad>0</ns3:cad>
          </ns3:TrackPointExtension>
        </extensions>
      </trkpt>
      <trkpt lat="35.97192225046455860137939453125" lon="-81.1128026805818080902099609375">
        <ele>470.79998779296875</ele>
        <time>2026-03-30T15:43:34.000Z</time>
        <extensions>
          <ns3:TrackPointExtension>
            <ns3:hr>149</ns3:hr>
            <ns3:cad>0</ns3:cad>
          </ns3:TrackPointExtension>
        </extensions>
      </trkpt>
      <trkpt lat="35.9719401039183139801025390625" lon="-81.112817265093326568603515625">
        <ele>470.399993896484375</ele>
        <time>2026-03-30T15:43:38.000Z</time>
        <extensions>
          <ns3:TrackPointExtension>
            <ns3:hr>149</ns3:hr>
            <ns3:cad>0</ns3:cad>
          </ns3:TrackPointExtension>
        </extensions>
      </trkpt>
      <trkpt lat="35.9719531796872615814208984375" lon="-81.11282296478748321533203125">
        <ele>470.399993896484375</ele>
        <time>2026-03-30T15:43:43.000Z</time>
        <extensions>
          <ns3:TrackPointExtension>
            <ns3:hr>146</ns3:hr>
            <ns3:cad>0</ns3:cad>
          </ns3:TrackPointExtension>
        </extensions>
      </trkpt>
      <trkpt lat="35.971949659287929534912109375" lon="-81.11281617544591426849365234375">
        <ele>470.20001220703125</ele>
        <time>2026-03-30T15:43:45.000Z</time>
        <extensions>
          <ns3:TrackPointExtension>
            <ns3:hr>146</ns3:hr>
            <ns3:cad>0</ns3:cad>
          </ns3:TrackPointExtension>
        </extensions>
      </trkpt>
      <trkpt lat="35.97194932401180267333984375" lon="-81.11282036639750003814697265625">
        <ele>470.20001220703125</ele>
        <time>2026-03-30T15:43:47.000Z</time>
        <extensions>
          <ns3:TrackPointExtension>
            <ns3:hr>143</ns3:hr>
            <ns3:cad>0</ns3:cad>
          </ns3:TrackPointExtension>
        </extensions>
      </trkpt>
      <trkpt lat="35.97195628099143505096435546875" lon="-81.1128221265971660614013671875">
        <ele>469.79998779296875</ele>
        <time>2026-03-30T15:43:50.000Z</time>
        <extensions>
          <ns3:TrackPointExtension>
            <ns3:hr>140</ns3:hr>
            <ns3:cad>0</ns3:cad>
          </ns3:TrackPointExtension>
        </extensions>
      </trkpt>
      <trkpt lat="35.971957705914974212646484375" lon="-81.1128254793584346771240234375">
        <ele>469.600006103515625</ele>
        <time>2026-03-30T15:43:51.000Z</time>
        <extensions>
          <ns3:TrackPointExtension>
            <ns3:hr>138</ns3:hr>
            <ns3:cad>0</ns3:cad>
          </ns3:TrackPointExtension>
        </extensions>
      </trkpt>
      <trkpt lat="35.9719588793814182281494140625" lon="-81.1128315143287181854248046875">
        <ele>469.20001220703125</ele>
        <time>2026-03-30T15:43:53.000Z</time>
        <extensions>
          <ns3:TrackPointExtension>
            <ns3:hr>135</ns3:hr>
            <ns3:cad>0</ns3:cad>
          </ns3:TrackPointExtension>
        </extensions>
      </trkpt>
      <trkpt lat="35.97196550108492374420166015625" lon="-81.11283377744257450103759765625">
        <ele>469</ele>
        <time>2026-03-30T15:43:54.000Z</time>
        <extensions>
          <ns3:TrackPointExtension>
            <ns3:hr>134</ns3:hr>
            <ns3:cad>0</ns3:cad>
          </ns3:TrackPointExtension>
        </extensions>
      </trkpt>
      <trkpt lat="35.97199601121246814727783203125" lon="-81.11280846409499645233154296875">
        <ele>468.600006103515625</ele>
        <time>2026-03-30T15:43:57.000Z</time>
        <extensions>
          <ns3:TrackPointExtension>
            <ns3:hr>133</ns3:hr>
            <ns3:cad>0</ns3:cad>
          </ns3:TrackPointExtension>
        </extensions>
      </trkpt>
      <trkpt lat="35.97200573422014713287353515625" lon="-81.112791784107685089111328125">
        <ele>468.600006103515625</ele>
        <time>2026-03-30T15:44:00.000Z</time>
        <extensions>
          <ns3:TrackPointExtension>
            <ns3:hr>130</ns3:hr>
            <ns3:cad>0</ns3:cad>
          </ns3:TrackPointExtension>
        </extensions>
      </trkpt>
      <trkpt lat="35.97200791351497173309326171875" lon="-81.1127641238272190093994140625">
        <ele>469</ele>
        <time>2026-03-30T15:44:04.000Z</time>
        <extensions>
          <ns3:TrackPointExtension>
            <ns3:hr>129</ns3:hr>
            <ns3:cad>0</ns3:cad>
          </ns3:TrackPointExtension>
        </extensions>
      </trkpt>
      <trkpt lat="35.9720125235617160797119140625" lon="-81.1127349548041820526123046875">
        <ele>470.20001220703125</ele>
        <time>2026-03-30T15:44:10.000Z</time>
        <extensions>
          <ns3:TrackPointExtension>
            <ns3:hr>130</ns3:hr>
            <ns3:cad>0</ns3:cad>
          </ns3:TrackPointExtension>
        </extensions>
      </trkpt>
      <trkpt lat="35.97201026044785976409912109375" lon="-81.11271307803690433502197265625">
        <ele>471.20001220703125</ele>
        <time>2026-03-30T15:44:15.000Z</time>
        <extensions>
          <ns3:TrackPointExtension>
            <ns3:hr>129</ns3:hr>
            <ns3:cad>0</ns3:cad>
          </ns3:TrackPointExtension>
        </extensions>
      </trkpt>
      <trkpt lat="35.97199483774602413177490234375" lon="-81.11269078217446804046630859375">
        <ele>472.20001220703125</ele>
        <time>2026-03-30T15:44:19.000Z</time>
        <extensions>
          <ns3:TrackPointExtension>
            <ns3:hr>132</ns3:hr>
            <ns3:cad>0</ns3:cad>
          </ns3:TrackPointExtension>
        </extensions>
      </trkpt>
      <trkpt lat="35.9719915688037872314453125" lon="-81.11269212327897548675537109375">
        <ele>472.399993896484375</ele>
        <time>2026-03-30T15:44:20.000Z</time>
        <extensions>
          <ns3:TrackPointExtension>
            <ns3:hr>132</ns3:hr>
            <ns3:cad>0</ns3:cad>
          </ns3:TrackPointExtension>
        </extensions>
      </trkpt>
      <trkpt lat="35.9719910658895969390869140625" lon="-81.1126846633851528167724609375">
        <ele>472.600006103515625</ele>
        <time>2026-03-30T15:44:21.000Z</time>
        <extensions>
          <ns3:TrackPointExtension>
            <ns3:hr>133</ns3:hr>
            <ns3:cad>0</ns3:cad>
          </ns3:TrackPointExtension>
        </extensions>
      </trkpt>
      <trkpt lat="35.97199584357440471649169921875" lon="-81.1126665584743022918701171875">
        <ele>473.399993896484375</ele>
        <time>2026-03-30T15:44:25.000Z</time>
        <extensions>
          <ns3:TrackPointExtension>
            <ns3:hr>137</ns3:hr>
            <ns3:cad>0</ns3:cad>
          </ns3:TrackPointExtension>
        </extensions>
      </trkpt>
      <trkpt lat="35.971999950706958770751953125" lon="-81.1126682348549365997314453125">
        <ele>473.399993896484375</ele>
        <time>2026-03-30T15:44:26.000Z</time>
        <extensions>
          <ns3:TrackPointExtension>
            <ns3:hr>138</ns3:hr>
            <ns3:cad>0</ns3:cad>
          </ns3:TrackPointExtension>
        </extensions>
      </trkpt>
      <trkpt lat="35.97200699150562286376953125" lon="-81.11267250962555408477783203125">
        <ele>473.600006103515625</ele>
        <time>2026-03-30T15:44:29.000Z</time>
        <extensions>
          <ns3:TrackPointExtension>
            <ns3:hr>145</ns3:hr>
            <ns3:cad>0</ns3:cad>
          </ns3:TrackPointExtension>
        </extensions>
      </trkpt>
      <trkpt lat="35.9720058180391788482666015625" lon="-81.11265800893306732177734375">
        <ele>474.600006103515625</ele>
        <time>2026-03-30T15:44:35.000Z</time>
        <extensions>
          <ns3:TrackPointExtension>
            <ns3:hr>147</ns3:hr>
            <ns3:cad>0</ns3:cad>
          </ns3:TrackPointExtension>
        </extensions>
      </trkpt>
      <trkpt lat="35.9720044769346714019775390625" lon="-81.11265256069600582122802734375">
        <ele>474.79998779296875</ele>
        <time>2026-03-30T15:44:37.000Z</time>
        <extensions>
          <ns3:TrackPointExtension>
            <ns3:hr>147</ns3:hr>
            <ns3:cad>0</ns3:cad>
          </ns3:TrackPointExtension>
        </extensions>
      </trkpt>
      <trkpt lat="35.9720172174274921417236328125" lon="-81.11262724734842777252197265625">
        <ele>475.600006103515625</ele>
        <time>2026-03-30T15:44:41.000Z</time>
        <extensions>
          <ns3:TrackPointExtension>
            <ns3:hr>148</ns3:hr>
            <ns3:cad>0</ns3:cad>
          </ns3:TrackPointExtension>
        </extensions>
      </trkpt>
      <trkpt lat="35.97203004173934459686279296875" lon="-81.1126015149056911468505859375">
        <ele>475.79998779296875</ele>
        <time>2026-03-30T15:44:44.000Z</time>
        <extensions>
          <ns3:TrackPointExtension>
            <ns3:hr>149</ns3:hr>
            <ns3:cad>0</ns3:cad>
          </ns3:TrackPointExtension>
        </extensions>
      </trkpt>
      <trkpt lat="35.97203926183283329010009765625" lon="-81.11259053461253643035888671875">
        <ele>476.20001220703125</ele>
        <time>2026-03-30T15:44:52.000Z</time>
        <extensions>
          <ns3:TrackPointExtension>
            <ns3:hr>150</ns3:hr>
            <ns3:cad>0</ns3:cad>
          </ns3:TrackPointExtension>
        </extensions>
      </trkpt>
      <trkpt lat="35.97203758545219898223876953125" lon="-81.11258156597614288330078125">
        <ele>476.399993896484375</ele>
        <time>2026-03-30T15:45:01.000Z</time>
        <extensions>
          <ns3:TrackPointExtension>
            <ns3:hr>153</ns3:hr>
            <ns3:cad>0</ns3:cad>
          </ns3:TrackPointExtension>
        </extensions>
      </trkpt>
      <trkpt lat="35.97203674726188182830810546875" lon="-81.11258382908999919891357421875">
        <ele>476.600006103515625</ele>
        <time>2026-03-30T15:45:02.000Z</time>
        <extensions>
          <ns3:TrackPointExtension>
            <ns3:hr>154</ns3:hr>
            <ns3:cad>0</ns3:cad>
          </ns3:TrackPointExtension>
        </extensions>
      </trkpt>
      <trkpt lat="35.97203423269093036651611328125" lon="-81.11258634366095066070556640625">
        <ele>476.600006103515625</ele>
        <time>2026-03-30T15:45:03.000Z</time>
        <extensions>
          <ns3:TrackPointExtension>
            <ns3:hr>154</ns3:hr>
            <ns3:cad>0</ns3:cad>
          </ns3:TrackPointExtension>
        </extensions>
      </trkpt>
      <trkpt lat="35.97199886105954647064208984375" lon="-81.112620793282985687255859375">
        <ele>477</ele>
        <time>2026-03-30T15:45:11.000Z</time>
        <extensions>
          <ns3:TrackPointExtension>
            <ns3:hr>153</ns3:hr>
            <ns3:cad>0</ns3:cad>
          </ns3:TrackPointExtension>
        </extensions>
      </trkpt>
      <trkpt lat="35.97197874449193477630615234375" lon="-81.11259338445961475372314453125">
        <ele>477.600006103515625</ele>
        <time>2026-03-30T15:45:18.000Z</time>
        <extensions>
          <ns3:TrackPointExtension>
            <ns3:hr>154</ns3:hr>
            <ns3:cad>48</ns3:cad>
          </ns3:TrackPointExtension>
        </extensions>
      </trkpt>
      <trkpt lat="35.971957035362720489501953125" lon="-81.11256421543657779693603515625">
        <ele>478.79998779296875</ele>
        <time>2026-03-30T15:45:22.000Z</time>
        <extensions>
          <ns3:TrackPointExtension>
            <ns3:hr>154</ns3:hr>
            <ns3:cad>0</ns3:cad>
          </ns3:TrackPointExtension>
        </extensions>
      </trkpt>
      <trkpt lat="35.9719414450228214263916015625" lon="-81.11255767755210399627685546875">
        <ele>479.399993896484375</ele>
        <time>2026-03-30T15:45:24.000Z</time>
        <extensions>
          <ns3:TrackPointExtension>
            <ns3:hr>153</ns3:hr>
            <ns3:cad>0</ns3:cad>
          </ns3:TrackPointExtension>
        </extensions>
      </trkpt>
      <trkpt lat="35.9719384275376796722412109375" lon="-81.1125653050839900970458984375">
        <ele>479.600006103515625</ele>
        <time>2026-03-30T15:45:26.000Z</time>
        <extensions>
          <ns3:TrackPointExtension>
            <ns3:hr>149</ns3:hr>
            <ns3:cad>0</ns3:cad>
          </ns3:TrackPointExtension>
        </extensions>
      </trkpt>
      <trkpt lat="35.97191973589360713958740234375" lon="-81.112584583461284637451171875">
        <ele>479.399993896484375</ele>
        <time>2026-03-30T15:45:30.000Z</time>
        <extensions>
          <ns3:TrackPointExtension>
            <ns3:hr>149</ns3:hr>
            <ns3:cad>0</ns3:cad>
          </ns3:TrackPointExtension>
        </extensions>
      </trkpt>
      <trkpt lat="35.971885956823825836181640625" lon="-81.11260972917079925537109375">
        <ele>478.399993896484375</ele>
        <time>2026-03-30T15:45:38.000Z</time>
        <extensions>
          <ns3:TrackPointExtension>
            <ns3:hr>151</ns3:hr>
            <ns3:cad>72</ns3:cad>
          </ns3:TrackPointExtension>
        </extensions>
      </trkpt>
      <trkpt lat="35.97187447361648082733154296875" lon="-81.1126176081597805023193359375">
        <ele>478.399993896484375</ele>
        <time>2026-03-30T15:45:45.000Z</time>
        <extensions>
          <ns3:TrackPointExtension>
            <ns3:hr>151</ns3:hr>
            <ns3:cad>40</ns3:cad>
          </ns3:TrackPointExtension>
        </extensions>
      </trkpt>
      <trkpt lat="35.971826277673244476318359375" lon="-81.1126538179814815521240234375">
        <ele>478.79998779296875</ele>
        <time>2026-03-30T15:45:51.000Z</time>
        <extensions>
          <ns3:TrackPointExtension>
            <ns3:hr>152</ns3:hr>
            <ns3:cad>0</ns3:cad>
          </ns3:TrackPointExtension>
        </extensions>
      </trkpt>
      <trkpt lat="35.971824266016483306884765625" lon="-81.1126407422125339508056640625">
        <ele>478.79998779296875</ele>
        <time>2026-03-30T15:45:55.000Z</time>
        <extensions>
          <ns3:TrackPointExtension>
            <ns3:hr>145</ns3:hr>
            <ns3:cad>0</ns3:cad>
          </ns3:TrackPointExtension>
        </extensions>
      </trkpt>
      <trkpt lat="35.9718398563563823699951171875" lon="-81.11262858845293521881103515625">
        <ele>479.20001220703125</ele>
        <time>2026-03-30T15:45:58.000Z</time>
        <extensions>
          <ns3:TrackPointExtension>
            <ns3:hr>143</ns3:hr>
            <ns3:cad>0</ns3:cad>
          </ns3:TrackPointExtension>
        </extensions>
      </trkpt>
      <trkpt lat="35.97185184247791767120361328125" lon="-81.11262741498649120330810546875">
        <ele>479.79998779296875</ele>
        <time>2026-03-30T15:46:01.000Z</time>
        <extensions>
          <ns3:TrackPointExtension>
            <ns3:hr>144</ns3:hr>
            <ns3:cad>0</ns3:cad>
          </ns3:TrackPointExtension>
        </extensions>
      </trkpt>
      <trkpt lat="35.97184983082115650177001953125" lon="-81.11263596452772617340087890625">
        <ele>480</ele>
        <time>2026-03-30T15:46:03.000Z</time>
        <extensions>
          <ns3:TrackPointExtension>
            <ns3:hr>145</ns3:hr>
            <ns3:cad>0</ns3:cad>
          </ns3:TrackPointExtension>
        </extensions>
      </trkpt>
      <trkpt lat="35.97184496931731700897216796875" lon="-81.11263546161353588104248046875">
        <ele>480.20001220703125</ele>
        <time>2026-03-30T15:46:10.000Z</time>
        <extensions>
          <ns3:TrackPointExtension>
            <ns3:hr>145</ns3:hr>
            <ns3:cad>0</ns3:cad>
          </ns3:TrackPointExtension>
        </extensions>
      </trkpt>
      <trkpt lat="35.97184329293668270111083984375" lon="-81.1126197874546051025390625">
        <ele>481</ele>
        <time>2026-03-30T15:46:13.000Z</time>
        <extensions>
          <ns3:TrackPointExtension>
            <ns3:hr>145</ns3:hr>
            <ns3:cad>0</ns3:cad>
          </ns3:TrackPointExtension>
        </extensions>
      </trkpt>
      <trkpt lat="35.97183994017541408538818359375" lon="-81.112594306468963623046875">
        <ele>482.20001220703125</ele>
        <time>2026-03-30T15:46:18.000Z</time>
        <extensions>
          <ns3:TrackPointExtension>
            <ns3:hr>144</ns3:hr>
            <ns3:cad>0</ns3:cad>
          </ns3:TrackPointExtension>
        </extensions>
      </trkpt>
      <trkpt lat="35.9718398563563823699951171875" lon="-81.1125715076923370361328125">
        <ele>483</ele>
        <time>2026-03-30T15:46:24.000Z</time>
        <extensions>
          <ns3:TrackPointExtension>
            <ns3:hr>147</ns3:hr>
            <ns3:cad>0</ns3:cad>
          </ns3:TrackPointExtension>
        </extensions>
      </trkpt>
      <trkpt lat="35.97184698097407817840576171875" lon="-81.1125689931213855743408203125">
        <ele>483.399993896484375</ele>
        <time>2026-03-30T15:46:26.000Z</time>
        <extensions>
          <ns3:TrackPointExtension>
            <ns3:hr>148</ns3:hr>
            <ns3:cad>0</ns3:cad>
          </ns3:TrackPointExtension>
        </extensions>
      </trkpt>
      <trkpt lat="35.97184949554502964019775390625" lon="-81.11257444135844707489013671875">
        <ele>483.600006103515625</ele>
        <time>2026-03-30T15:46:27.000Z</time>
        <extensions>
          <ns3:TrackPointExtension>
            <ns3:hr>148</ns3:hr>
            <ns3:cad>0</ns3:cad>
          </ns3:TrackPointExtension>
        </extensions>
      </trkpt>
      <trkpt lat="35.97182217054069042205810546875" lon="-81.1125822365283966064453125">
        <ele>484.399993896484375</ele>
        <time>2026-03-30T15:46:32.000Z</time>
        <extensions>
          <ns3:TrackPointExtension>
            <ns3:hr>151</ns3:hr>
            <ns3:cad>0</ns3:cad>
          </ns3:TrackPointExtension>
        </extensions>
      </trkpt>
      <trkpt lat="35.97182451747357845306396484375" lon="-81.11256807111203670501708984375">
        <ele>484.399993896484375</ele>
        <time>2026-03-30T15:46:37.000Z</time>
        <extensions>
          <ns3:TrackPointExtension>
            <ns3:hr>151</ns3:hr>
            <ns3:cad>0</ns3:cad>
          </ns3:TrackPointExtension>
        </extensions>
      </trkpt>
      <trkpt lat="35.9718240983784198760986328125" lon="-81.11257142387330532073974609375">
        <ele>484.20001220703125</ele>
        <time>2026-03-30T15:46:40.000Z</time>
        <extensions>
          <ns3:TrackPointExtension>
            <ns3:hr>154</ns3:hr>
            <ns3:cad>0</ns3:cad>
          </ns3:TrackPointExtension>
        </extensions>
      </trkpt>
      <trkpt lat="35.97181747667491436004638671875" lon="-81.11257460899651050567626953125">
        <ele>484</ele>
        <time>2026-03-30T15:46:42.000Z</time>
        <extensions>
          <ns3:TrackPointExtension>
            <ns3:hr>157</ns3:hr>
            <ns3:cad>0</ns3:cad>
          </ns3:TrackPointExtension>
        </extensions>
      </trkpt>
      <trkpt lat="35.97181144170463085174560546875" lon="-81.11256857402622699737548828125">
        <ele>484.20001220703125</ele>
        <time>2026-03-30T15:46:46.000Z</time>
        <extensions>
          <ns3:TrackPointExtension>
            <ns3:hr>158</ns3:hr>
            <ns3:cad>0</ns3:cad>
          </ns3:TrackPointExtension>
        </extensions>
      </trkpt>
      <trkpt lat="35.9718639962375164031982421875" lon="-81.1125505529344081878662109375">
        <ele>483.79998779296875</ele>
        <time>2026-03-30T15:46:53.000Z</time>
        <extensions>
          <ns3:TrackPointExtension>
            <ns3:hr>159</ns3:hr>
            <ns3:cad>0</ns3:cad>
          </ns3:TrackPointExtension>
        </extensions>
      </trkpt>
      <trkpt lat="35.971901379525661468505859375" lon="-81.1125232279300689697265625">
        <ele>484.20001220703125</ele>
        <time>2026-03-30T15:46:58.000Z</time>
        <extensions>
          <ns3:TrackPointExtension>
            <ns3:hr>156</ns3:hr>
            <ns3:cad>0</ns3:cad>
          </ns3:TrackPointExtension>
        </extensions>
      </trkpt>
      <trkpt lat="35.9718894772231578826904296875" lon="-81.1124999262392520904541015625">
        <ele>484.399993896484375</ele>
        <time>2026-03-30T15:47:02.000Z</time>
        <extensions>
          <ns3:TrackPointExtension>
            <ns3:hr>156</ns3:hr>
            <ns3:cad>0</ns3:cad>
          </ns3:TrackPointExtension>
        </extensions>
      </trkpt>
      <trkpt lat="35.9718888066709041595458984375" lon="-81.112503111362457275390625">
        <ele>484.600006103515625</ele>
        <time>2026-03-30T15:47:03.000Z</time>
        <extensions>
          <ns3:TrackPointExtension>
            <ns3:hr>155</ns3:hr>
            <ns3:cad>0</ns3:cad>
          </ns3:TrackPointExtension>
        </extensions>
      </trkpt>
      <trkpt lat="35.97189609892666339874267578125" lon="-81.1124829947948455810546875">
        <ele>485.20001220703125</ele>
        <time>2026-03-30T15:47:12.000Z</time>
        <extensions>
          <ns3:TrackPointExtension>
            <ns3:hr>153</ns3:hr>
            <ns3:cad>0</ns3:cad>
          </ns3:TrackPointExtension>
        </extensions>
      </trkpt>
      <trkpt lat="35.97189836204051971435546875" lon="-81.1124720983207225799560546875">
        <ele>485.399993896484375</ele>
        <time>2026-03-30T15:47:15.000Z</time>
        <extensions>
          <ns3:TrackPointExtension>
            <ns3:hr>150</ns3:hr>
            <ns3:cad>0</ns3:cad>
          </ns3:TrackPointExtension>
        </extensions>
      </trkpt>
      <trkpt lat="35.97189375199377536773681640625" lon="-81.11246949993073940277099609375">
        <ele>485.399993896484375</ele>
        <time>2026-03-30T15:47:17.000Z</time>
        <extensions>
          <ns3:TrackPointExtension>
            <ns3:hr>147</ns3:hr>
            <ns3:cad>0</ns3:cad>
          </ns3:TrackPointExtension>
        </extensions>
      </trkpt>
      <trkpt lat="35.971896350383758544921875" lon="-81.11246530897915363311767578125">
        <ele>485.600006103515625</ele>
        <time>2026-03-30T15:47:18.000Z</time>
        <extensions>
          <ns3:TrackPointExtension>
            <ns3:hr>147</ns3:hr>
            <ns3:cad>0</ns3:cad>
          </ns3:TrackPointExtension>
        </extensions>
      </trkpt>
      <trkpt lat="35.97189727239310741424560546875" lon="-81.11246648244559764862060546875">
        <ele>486.399993896484375</ele>
        <time>2026-03-30T15:47:25.000Z</time>
        <extensions>
          <ns3:TrackPointExtension>
            <ns3:hr>145</ns3:hr>
            <ns3:cad>0</ns3:cad>
          </ns3:TrackPointExtension>
        </extensions>
      </trkpt>
      <trkpt lat="35.9719069115817546844482421875" lon="-81.11246086657047271728515625">
        <ele>486.600006103515625</ele>
        <time>2026-03-30T15:47:26.000Z</time>
        <extensions>
          <ns3:TrackPointExtension>
            <ns3:hr>146</ns3:hr>
            <ns3:cad>0</ns3:cad>
          </ns3:TrackPointExtension>
        </extensions>
      </trkpt>
      <trkpt lat="35.9719152934849262237548828125" lon="-81.112448461353778839111328125">
        <ele>486.79998779296875</ele>
        <time>2026-03-30T15:47:28.000Z</time>
        <extensions>
          <ns3:TrackPointExtension>
            <ns3:hr>149</ns3:hr>
            <ns3:cad>0</ns3:cad>
          </ns3:TrackPointExtension>
        </extensions>
      </trkpt>
      <trkpt lat="35.9719256870448589324951171875" lon="-81.11243027262389659881591796875">
        <ele>487.399993896484375</ele>
        <time>2026-03-30T15:47:33.000Z</time>
        <extensions>
          <ns3:TrackPointExtension>
            <ns3:hr>150</ns3:hr>
            <ns3:cad>0</ns3:cad>
          </ns3:TrackPointExtension>
        </extensions>
      </trkpt>
      <trkpt lat="35.97192744724452495574951171875" lon="-81.1124268360435962677001953125">
        <ele>487.600006103515625</ele>
        <time>2026-03-30T15:47:35.000Z</time>
        <extensions>
          <ns3:TrackPointExtension>
            <ns3:hr>150</ns3:hr>
            <ns3:cad>40</ns3:cad>
          </ns3:TrackPointExtension>
        </extensions>
      </trkpt>
      <trkpt lat="35.9719139523804187774658203125" lon="-81.11240261234343051910400390625">
        <ele>488.79998779296875</ele>
        <time>2026-03-30T15:47:41.000Z</time>
        <extensions>
          <ns3:TrackPointExtension>
            <ns3:hr>152</ns3:hr>
            <ns3:cad>0</ns3:cad>
          </ns3:TrackPointExtension>
        </extensions>
      </trkpt>
      <trkpt lat="35.9719116054475307464599609375" lon="-81.1123969964683055877685546875">
        <ele>488.79998779296875</ele>
        <time>2026-03-30T15:47:43.000Z</time>
        <extensions>
          <ns3:TrackPointExtension>
            <ns3:hr>153</ns3:hr>
            <ns3:cad>44</ns3:cad>
          </ns3:TrackPointExtension>
        </extensions>
      </trkpt>
      <trkpt lat="35.97191001288592815399169921875" lon="-81.11238165758550167083740234375">
        <ele>489</ele>
        <time>2026-03-30T15:47:46.000Z</time>
        <extensions>
          <ns3:TrackPointExtension>
            <ns3:hr>157</ns3:hr>
            <ns3:cad>0</ns3:cad>
          </ns3:TrackPointExtension>
        </extensions>
      </trkpt>
      <trkpt lat="35.97190280444920063018798828125" lon="-81.11237847246229648590087890625">
        <ele>489.600006103515625</ele>
        <time>2026-03-30T15:47:49.000Z</time>
        <extensions>
          <ns3:TrackPointExtension>
            <ns3:hr>159</ns3:hr>
            <ns3:cad>0</ns3:cad>
          </ns3:TrackPointExtension>
        </extensions>
      </trkpt>
      <trkpt lat="35.97189894877374172210693359375" lon="-81.11237612552940845489501953125">
        <ele>489.79998779296875</ele>
        <time>2026-03-30T15:47:50.000Z</time>
        <extensions>
          <ns3:TrackPointExtension>
            <ns3:hr>158</ns3:hr>
            <ns3:cad>0</ns3:cad>
          </ns3:TrackPointExtension>
        </extensions>
      </trkpt>
      <trkpt lat="35.97187866456806659698486328125" lon="-81.11237042583525180816650390625">
        <ele>490</ele>
        <time>2026-03-30T15:47:52.000Z</time>
        <extensions>
          <ns3:TrackPointExtension>
            <ns3:hr>155</ns3:hr>
            <ns3:cad>0</ns3:cad>
          </ns3:TrackPointExtension>
        </extensions>
      </trkpt>
      <trkpt lat="35.97188184969127178192138671875" lon="-81.11235500313341617584228515625">
        <ele>490.79998779296875</ele>
        <time>2026-03-30T15:47:55.000Z</time>
        <extensions>
          <ns3:TrackPointExtension>
            <ns3:hr>156</ns3:hr>
            <ns3:cad>71</ns3:cad>
          </ns3:TrackPointExtension>
        </extensions>
      </trkpt>
      <trkpt lat="35.971885621547698974609375" lon="-81.1123569309711456298828125">
        <ele>491.20001220703125</ele>
        <time>2026-03-30T15:47:56.000Z</time>
        <extensions>
          <ns3:TrackPointExtension>
            <ns3:hr>156</ns3:hr>
            <ns3:cad>71</ns3:cad>
          </ns3:TrackPointExtension>
        </extensions>
      </trkpt>
      <trkpt lat="35.97187497653067111968994140625" lon="-81.1123631335794925689697265625">
        <ele>491.79998779296875</ele>
        <time>2026-03-30T15:48:04.000Z</time>
        <extensions>
          <ns3:TrackPointExtension>
            <ns3:hr>156</ns3:hr>
            <ns3:cad>0</ns3:cad>
          </ns3:TrackPointExtension>
        </extensions>
      </trkpt>
      <trkpt lat="35.9718804247677326202392578125" lon="-81.112353913486003875732421875">
        <ele>491.79998779296875</ele>
        <time>2026-03-30T15:48:10.000Z</time>
        <extensions>
          <ns3:TrackPointExtension>
            <ns3:hr>159</ns3:hr>
            <ns3:cad>0</ns3:cad>
          </ns3:TrackPointExtension>
        </extensions>
      </trkpt>
      <trkpt lat="35.97187749110162258148193359375" lon="-81.11236170865595340728759765625">
        <ele>491.600006103515625</ele>
        <time>2026-03-30T15:48:14.000Z</time>
        <extensions>
          <ns3:TrackPointExtension>
            <ns3:hr>159</ns3:hr>
            <ns3:cad>0</ns3:cad>
          </ns3:TrackPointExtension>
        </extensions>
      </trkpt>
      <trkpt lat="35.97187614999711513519287109375" lon="-81.11232918687164783477783203125">
        <ele>492</ele>
        <time>2026-03-30T15:48:18.000Z</time>
        <extensions>
          <ns3:TrackPointExtension>
            <ns3:hr>160</ns3:hr>
            <ns3:cad>0</ns3:cad>
          </ns3:TrackPointExtension>
        </extensions>
      </trkpt>
      <trkpt lat="35.97185636870563030242919921875" lon="-81.11231627874076366424560546875">
        <ele>492.79998779296875</ele>
        <time>2026-03-30T15:48:21.000Z</time>
        <extensions>
          <ns3:TrackPointExtension>
            <ns3:hr>162</ns3:hr>
            <ns3:cad>0</ns3:cad>
          </ns3:TrackPointExtension>
        </extensions>
      </trkpt>
      <trkpt lat="35.97185284830629825592041015625" lon="-81.1123113334178924560546875">
        <ele>493</ele>
        <time>2026-03-30T15:48:23.000Z</time>
        <extensions>
          <ns3:TrackPointExtension>
            <ns3:hr>162</ns3:hr>
            <ns3:cad>0</ns3:cad>
          </ns3:TrackPointExtension>
        </extensions>
      </trkpt>
      <trkpt lat="35.9718815982341766357421875" lon="-81.112299598753452301025390625">
        <ele>493.79998779296875</ele>
        <time>2026-03-30T15:48:28.000Z</time>
        <extensions>
          <ns3:TrackPointExtension>
            <ns3:hr>161</ns3:hr>
            <ns3:cad>0</ns3:cad>
          </ns3:TrackPointExtension>
        </extensions>
      </trkpt>
      <trkpt lat="35.97187765873968601226806640625" lon="-81.1122994311153888702392578125">
        <ele>494.399993896484375</ele>
        <time>2026-03-30T15:48:30.000Z</time>
        <extensions>
          <ns3:TrackPointExtension>
            <ns3:hr>161</ns3:hr>
            <ns3:cad>0</ns3:cad>
          </ns3:TrackPointExtension>
        </extensions>
      </trkpt>
      <trkpt lat="35.97186642698943614959716796875" lon="-81.11230387352406978607177734375">
        <ele>494.79998779296875</ele>
        <time>2026-03-30T15:48:33.000Z</time>
        <extensions>
          <ns3:TrackPointExtension>
            <ns3:hr>161</ns3:hr>
            <ns3:cad>0</ns3:cad>
          </ns3:TrackPointExtension>
        </extensions>
      </trkpt>
      <trkpt lat="35.9718616493046283721923828125" lon="-81.11229347996413707733154296875">
        <ele>495</ele>
        <time>2026-03-30T15:48:36.000Z</time>
        <extensions>
          <ns3:TrackPointExtension>
            <ns3:hr>158</ns3:hr>
            <ns3:cad>0</ns3:cad>
          </ns3:TrackPointExtension>
        </extensions>
      </trkpt>
      <trkpt lat="35.9718405269086360931396484375" lon="-81.11228392459452152252197265625">
        <ele>495.20001220703125</ele>
        <time>2026-03-30T15:48:39.000Z</time>
        <extensions>
          <ns3:TrackPointExtension>
            <ns3:hr>159</ns3:hr>
            <ns3:cad>0</ns3:cad>
          </ns3:TrackPointExtension>
        </extensions>
      </trkpt>
      <trkpt lat="35.9718314744532108306884765625" lon="-81.11228409223258495330810546875">
        <ele>495.399993896484375</ele>
        <time>2026-03-30T15:48:40.000Z</time>
        <extensions>
          <ns3:TrackPointExtension>
            <ns3:hr>159</ns3:hr>
            <ns3:cad>0</ns3:cad>
          </ns3:TrackPointExtension>
        </extensions>
      </trkpt>
      <trkpt lat="35.97179652191698551177978515625" lon="-81.112282164394855499267578125">
        <ele>496.79998779296875</ele>
        <time>2026-03-30T15:48:44.000Z</time>
        <extensions>
          <ns3:TrackPointExtension>
            <ns3:hr>159</ns3:hr>
            <ns3:cad>0</ns3:cad>
          </ns3:TrackPointExtension>
        </extensions>
      </trkpt>
      <trkpt lat="35.971790067851543426513671875" lon="-81.11228073947131633758544921875">
        <ele>497.20001220703125</ele>
        <time>2026-03-30T15:48:46.000Z</time>
        <extensions>
          <ns3:TrackPointExtension>
            <ns3:hr>159</ns3:hr>
            <ns3:cad>0</ns3:cad>
          </ns3:TrackPointExtension>
        </extensions>
      </trkpt>
      <trkpt lat="35.97177657298743724822998046875" lon="-81.112275458872318267822265625">
        <ele>497.79998779296875</ele>
        <time>2026-03-30T15:48:53.000Z</time>
        <extensions>
          <ns3:TrackPointExtension>
            <ns3:hr>159</ns3:hr>
            <ns3:cad>0</ns3:cad>
          </ns3:TrackPointExtension>
        </extensions>
      </trkpt>
      <trkpt lat="35.971772968769073486328125" lon="-81.11227177083492279052734375">
        <ele>497.79998779296875</ele>
        <time>2026-03-30T15:48:54.000Z</time>
        <extensions>
          <ns3:TrackPointExtension>
            <ns3:hr>158</ns3:hr>
            <ns3:cad>0</ns3:cad>
          </ns3:TrackPointExtension>
        </extensions>
      </trkpt>
      <trkpt lat="35.97176835872232913970947265625" lon="-81.11229146830737590789794921875">
        <ele>497.79998779296875</ele>
        <time>2026-03-30T15:48:59.000Z</time>
        <extensions>
          <ns3:TrackPointExtension>
            <ns3:hr>161</ns3:hr>
            <ns3:cad>0</ns3:cad>
          </ns3:TrackPointExtension>
        </extensions>
      </trkpt>
      <trkpt lat="35.9717743098735809326171875" lon="-81.11229599453508853912353515625">
        <ele>497.79998779296875</ele>
        <time>2026-03-30T15:49:00.000Z</time>
        <extensions>
          <ns3:TrackPointExtension>
            <ns3:hr>162</ns3:hr>
            <ns3:cad>0</ns3:cad>
          </ns3:TrackPointExtension>
        </extensions>
      </trkpt>
      <trkpt lat="35.9717962704598903656005859375" lon="-81.1122711002826690673828125">
        <ele>497.600006103515625</ele>
        <time>2026-03-30T15:49:08.000Z</time>
        <extensions>
          <ns3:TrackPointExtension>
            <ns3:hr>161</ns3:hr>
            <ns3:cad>0</ns3:cad>
          </ns3:TrackPointExtension>
        </extensions>
      </trkpt>
      <trkpt lat="35.9717865474522113800048828125" lon="-81.112292893230915069580078125">
        <ele>497.600006103515625</ele>
        <time>2026-03-30T15:49:16.000Z</time>
        <extensions>
          <ns3:TrackPointExtension>
            <ns3:hr>162</ns3:hr>
            <ns3:cad>44</ns3:cad>
          </ns3:TrackPointExtension>
        </extensions>
      </trkpt>
      <trkpt lat="35.9717858768999576568603515625" lon="-81.1122923903167247772216796875">
        <ele>497.79998779296875</ele>
        <time>2026-03-30T15:49:24.000Z</time>
        <extensions>
          <ns3:TrackPointExtension>
            <ns3:hr>161</ns3:hr>
            <ns3:cad>0</ns3:cad>
          </ns3:TrackPointExtension>
        </extensions>
      </trkpt>
      <trkpt lat="35.97179836593568325042724609375" lon="-81.11228610388934612274169921875">
        <ele>498.399993896484375</ele>
        <time>2026-03-30T15:49:31.000Z</time>
        <extensions>
          <ns3:TrackPointExtension>
            <ns3:hr>158</ns3:hr>
            <ns3:cad>0</ns3:cad>
          </ns3:TrackPointExtension>
        </extensions>
      </trkpt>
      <trkpt lat="35.97180448472499847412109375" lon="-81.1122739501297473907470703125">
        <ele>498.79998779296875</ele>
        <time>2026-03-30T15:49:33.000Z</time>
        <extensions>
          <ns3:TrackPointExtension>
            <ns3:hr>155</ns3:hr>
            <ns3:cad>0</ns3:cad>
          </ns3:TrackPointExtension>
        </extensions>
      </trkpt>
      <trkpt lat="35.971802137792110443115234375" lon="-81.11227579414844512939453125">
        <ele>498.79998779296875</ele>
        <time>2026-03-30T15:49:34.000Z</time>
        <extensions>
          <ns3:TrackPointExtension>
            <ns3:hr>154</ns3:hr>
            <ns3:cad>0</ns3:cad>
          </ns3:TrackPointExtension>
        </extensions>
      </trkpt>
      <trkpt lat="35.9717972762882709503173828125" lon="-81.1122739501297473907470703125">
        <ele>499</ele>
        <time>2026-03-30T15:49:37.000Z</time>
        <extensions>
          <ns3:TrackPointExtension>
            <ns3:hr>151</ns3:hr>
            <ns3:cad>0</ns3:cad>
          </ns3:TrackPointExtension>
        </extensions>
      </trkpt>
      <trkpt lat="35.9717848710715770721435546875" lon="-81.1122429370880126953125">
        <ele>499.20001220703125</ele>
        <time>2026-03-30T15:49:46.000Z</time>
        <extensions>
          <ns3:TrackPointExtension>
            <ns3:hr>152</ns3:hr>
            <ns3:cad>0</ns3:cad>
          </ns3:TrackPointExtension>
        </extensions>
      </trkpt>
      <trkpt lat="35.97179618664085865020751953125" lon="-81.11222759820520877838134765625">
        <ele>499.600006103515625</ele>
        <time>2026-03-30T15:49:50.000Z</time>
        <extensions>
          <ns3:TrackPointExtension>
            <ns3:hr>155</ns3:hr>
            <ns3:cad>0</ns3:cad>
          </ns3:TrackPointExtension>
        </extensions>
      </trkpt>
      <trkpt lat="35.9718069992959499359130859375" lon="-81.11221234314143657684326171875">
        <ele>499.600006103515625</ele>
        <time>2026-03-30T15:49:55.000Z</time>
        <extensions>
          <ns3:TrackPointExtension>
            <ns3:hr>154</ns3:hr>
            <ns3:cad>59</ns3:cad>
          </ns3:TrackPointExtension>
        </extensions>
      </trkpt>
      <trkpt lat="35.97180582582950592041015625" lon="-81.1122122593224048614501953125">
        <ele>499.79998779296875</ele>
        <time>2026-03-30T15:49:56.000Z</time>
        <extensions>
          <ns3:TrackPointExtension>
            <ns3:hr>154</ns3:hr>
            <ns3:cad>59</ns3:cad>
          </ns3:TrackPointExtension>
        </extensions>
      </trkpt>
      <trkpt lat="35.9718200750648975372314453125" lon="-81.11219398677349090576171875">
        <ele>500</ele>
        <time>2026-03-30T15:50:05.000Z</time>
        <extensions>
          <ns3:TrackPointExtension>
            <ns3:hr>151</ns3:hr>
            <ns3:cad>0</ns3:cad>
          </ns3:TrackPointExtension>
        </extensions>
      </trkpt>
      <trkpt lat="35.971799455583095550537109375" lon="-81.11214143224060535430908203125">
        <ele>500.20001220703125</ele>
        <time>2026-03-30T15:50:13.000Z</time>
        <extensions>
          <ns3:TrackPointExtension>
            <ns3:hr>150</ns3:hr>
            <ns3:cad>0</ns3:cad>
          </ns3:TrackPointExtension>
        </extensions>
      </trkpt>
      <trkpt lat="35.97179417498409748077392578125" lon="-81.1121401749551296234130859375">
        <ele>500.20001220703125</ele>
        <time>2026-03-30T15:50:14.000Z</time>
        <extensions>
          <ns3:TrackPointExtension>
            <ns3:hr>150</ns3:hr>
            <ns3:cad>0</ns3:cad>
          </ns3:TrackPointExtension>
        </extensions>
      </trkpt>
      <trkpt lat="35.9717600606381893157958984375" lon="-81.11216674558818340301513671875">
        <ele>501</ele>
        <time>2026-03-30T15:50:19.000Z</time>
        <extensions>
          <ns3:TrackPointExtension>
            <ns3:hr>151</ns3:hr>
            <ns3:cad>0</ns3:cad>
          </ns3:TrackPointExtension>
        </extensions>
      </trkpt>
      <trkpt lat="35.97175159491598606109619140625" lon="-81.11216758377850055694580078125">
        <ele>501.20001220703125</ele>
        <time>2026-03-30T15:50:20.000Z</time>
        <extensions>
          <ns3:TrackPointExtension>
            <ns3:hr>152</ns3:hr>
            <ns3:cad>0</ns3:cad>
          </ns3:TrackPointExtension>
        </extensions>
      </trkpt>
      <trkpt lat="35.9717386029660701751708984375" lon="-81.11217043362557888031005859375">
        <ele>502</ele>
        <time>2026-03-30T15:50:24.000Z</time>
        <extensions>
          <ns3:TrackPointExtension>
            <ns3:hr>152</ns3:hr>
            <ns3:cad>0</ns3:cad>
          </ns3:TrackPointExtension>
        </extensions>
      </trkpt>
      <trkpt lat="35.97174346446990966796875" lon="-81.11216188408434391021728515625">
        <ele>502</ele>
        <time>2026-03-30T15:50:27.000Z</time>
        <extensions>
          <ns3:TrackPointExtension>
            <ns3:hr>152</ns3:hr>
            <ns3:cad>0</ns3:cad>
          </ns3:TrackPointExtension>
        </extensions>
      </trkpt>
      <trkpt lat="35.97170926630496978759765625" lon="-81.11215149052441120147705078125">
        <ele>502.20001220703125</ele>
        <time>2026-03-30T15:50:37.000Z</time>
        <extensions>
          <ns3:TrackPointExtension>
            <ns3:hr>151</ns3:hr>
            <ns3:cad>0</ns3:cad>
          </ns3:TrackPointExtension>
        </extensions>
      </trkpt>
      <trkpt lat="35.97169895656406879425048828125" lon="-81.11216708086431026458740234375">
        <ele>502.20001220703125</ele>
        <time>2026-03-30T15:50:44.000Z</time>
        <extensions>
          <ns3:TrackPointExtension>
            <ns3:hr>149</ns3:hr>
            <ns3:cad>52</ns3:cad>
          </ns3:TrackPointExtension>
        </extensions>
      </trkpt>
      <trkpt lat="35.97170331515371799468994140625" lon="-81.11217387020587921142578125">
        <ele>502.399993896484375</ele>
        <time>2026-03-30T15:50:49.000Z</time>
        <extensions>
          <ns3:TrackPointExtension>
            <ns3:hr>146</ns3:hr>
            <ns3:cad>0</ns3:cad>
          </ns3:TrackPointExtension>
        </extensions>
      </trkpt>
      <trkpt lat="35.97171387635171413421630859375" lon="-81.11216808669269084930419921875">
        <ele>502.399993896484375</ele>
        <time>2026-03-30T15:50:52.000Z</time>
        <extensions>
          <ns3:TrackPointExtension>
            <ns3:hr>146</ns3:hr>
            <ns3:cad>0</ns3:cad>
          </ns3:TrackPointExtension>
        </extensions>
      </trkpt>
      <trkpt lat="35.97173030488193035125732421875" lon="-81.1121691763401031494140625">
        <ele>502.399993896484375</ele>
        <time>2026-03-30T15:50:58.000Z</time>
        <extensions>
          <ns3:TrackPointExtension>
            <ns3:hr>147</ns3:hr>
            <ns3:cad>0</ns3:cad>
          </ns3:TrackPointExtension>
        </extensions>
      </trkpt>
      <trkpt lat="35.9717272035777568817138671875" lon="-81.11213724128901958465576171875">
        <ele>502.79998779296875</ele>
        <time>2026-03-30T15:51:03.000Z</time>
        <extensions>
          <ns3:TrackPointExtension>
            <ns3:hr>147</ns3:hr>
            <ns3:cad>0</ns3:cad>
          </ns3:TrackPointExtension>
        </extensions>
      </trkpt>
      <trkpt lat="35.971716977655887603759765625" lon="-81.11213020049035549163818359375">
        <ele>503.20001220703125</ele>
        <time>2026-03-30T15:51:05.000Z</time>
        <extensions>
          <ns3:TrackPointExtension>
            <ns3:hr>146</ns3:hr>
            <ns3:cad>0</ns3:cad>
          </ns3:TrackPointExtension>
        </extensions>
      </trkpt>
      <trkpt lat="35.9717050753533840179443359375" lon="-81.112124919891357421875">
        <ele>503.79998779296875</ele>
        <time>2026-03-30T15:51:08.000Z</time>
        <extensions>
          <ns3:TrackPointExtension>
            <ns3:hr>143</ns3:hr>
            <ns3:cad>0</ns3:cad>
          </ns3:TrackPointExtension>
        </extensions>
      </trkpt>
      <trkpt lat="35.97169929184019565582275390625" lon="-81.11212986521422863006591796875">
        <ele>503.79998779296875</ele>
        <time>2026-03-30T15:51:11.000Z</time>
        <extensions>
          <ns3:TrackPointExtension>
            <ns3:hr>141</ns3:hr>
            <ns3:cad>0</ns3:cad>
          </ns3:TrackPointExtension>
        </extensions>
      </trkpt>
      <trkpt lat="35.9716899879276752471923828125" lon="-81.11212969757616519927978515625">
        <ele>503.399993896484375</ele>
        <time>2026-03-30T15:51:13.000Z</time>
        <extensions>
          <ns3:TrackPointExtension>
            <ns3:hr>138</ns3:hr>
            <ns3:cad>0</ns3:cad>
          </ns3:TrackPointExtension>
        </extensions>
      </trkpt>
      <trkpt lat="35.9716879762709140777587890625" lon="-81.1121331341564655303955078125">
        <ele>503.600006103515625</ele>
        <time>2026-03-30T15:51:18.000Z</time>
        <extensions>
          <ns3:TrackPointExtension>
            <ns3:hr>138</ns3:hr>
            <ns3:cad>0</ns3:cad>
          </ns3:TrackPointExtension>
        </extensions>
      </trkpt>
      <trkpt lat="35.97169074229896068572998046875" lon="-81.1121384985744953155517578125">
        <ele>503.600006103515625</ele>
        <time>2026-03-30T15:51:20.000Z</time>
        <extensions>
          <ns3:TrackPointExtension>
            <ns3:hr>141</ns3:hr>
            <ns3:cad>0</ns3:cad>
          </ns3:TrackPointExtension>
        </extensions>
      </trkpt>
      <trkpt lat="35.97168244421482086181640625" lon="-81.112136654555797576904296875">
        <ele>503.600006103515625</ele>
        <time>2026-03-30T15:51:21.000Z</time>
        <extensions>
          <ns3:TrackPointExtension>
            <ns3:hr>145</ns3:hr>
            <ns3:cad>0</ns3:cad>
          </ns3:TrackPointExtension>
        </extensions>
      </trkpt>
      <trkpt lat="35.97168252803385257720947265625" lon="-81.112117879092693328857421875">
        <ele>503.79998779296875</ele>
        <time>2026-03-30T15:51:24.000Z</time>
        <extensions>
          <ns3:TrackPointExtension>
            <ns3:hr>148</ns3:hr>
            <ns3:cad>0</ns3:cad>
          </ns3:TrackPointExtension>
        </extensions>
      </trkpt>
      <trkpt lat="35.9716816060245037078857421875" lon="-81.11211494542658329010009765625">
        <ele>504.20001220703125</ele>
        <time>2026-03-30T15:51:26.000Z</time>
        <extensions>
          <ns3:TrackPointExtension>
            <ns3:hr>149</ns3:hr>
            <ns3:cad>0</ns3:cad>
          </ns3:TrackPointExtension>
        </extensions>
      </trkpt>
      <trkpt lat="35.97168244421482086181640625" lon="-81.11212332732975482940673828125">
        <ele>504.20001220703125</ele>
        <time>2026-03-30T15:51:32.000Z</time>
        <extensions>
          <ns3:TrackPointExtension>
            <ns3:hr>149</ns3:hr>
            <ns3:cad>0</ns3:cad>
          </ns3:TrackPointExtension>
        </extensions>
      </trkpt>
      <trkpt lat="35.97168780863285064697265625" lon="-81.11213355325162410736083984375">
        <ele>504.399993896484375</ele>
        <time>2026-03-30T15:51:40.000Z</time>
        <extensions>
          <ns3:TrackPointExtension>
            <ns3:hr>150</ns3:hr>
            <ns3:cad>0</ns3:cad>
          </ns3:TrackPointExtension>
        </extensions>
      </trkpt>
      <trkpt lat="35.9716938436031341552734375" lon="-81.1121260933578014373779296875">
        <ele>504.600006103515625</ele>
        <time>2026-03-30T15:51:42.000Z</time>
        <extensions>
          <ns3:TrackPointExtension>
            <ns3:hr>153</ns3:hr>
            <ns3:cad>0</ns3:cad>
          </ns3:TrackPointExtension>
        </extensions>
      </trkpt>
      <trkpt lat="35.97169728018343448638916015625" lon="-81.11213439144194126129150390625">
        <ele>505.20001220703125</ele>
        <time>2026-03-30T15:51:48.000Z</time>
        <extensions>
          <ns3:TrackPointExtension>
            <ns3:hr>154</ns3:hr>
            <ns3:cad>0</ns3:cad>
          </ns3:TrackPointExtension>
        </extensions>
      </trkpt>
      <trkpt lat="35.9716802649199962615966796875" lon="-81.11214361153542995452880859375">
        <ele>504.79998779296875</ele>
        <time>2026-03-30T15:51:59.000Z</time>
        <extensions>
          <ns3:TrackPointExtension>
            <ns3:hr>153</ns3:hr>
            <ns3:cad>0</ns3:cad>
          </ns3:TrackPointExtension>
        </extensions>
      </trkpt>
      <trkpt lat="35.9716802649199962615966796875" lon="-81.11214361153542995452880859375">
        <ele>504.79998779296875</ele>
        <time>2026-03-30T15:52:16.000Z</time>
        <extensions>
          <ns3:TrackPointExtension>
            <ns3:hr>153</ns3:hr>
            <ns3:cad>0</ns3:cad>
          </ns3:TrackPointExtension>
        </extensions>
      </trkpt>
      <trkpt lat="35.9716802649199962615966796875" lon="-81.11214361153542995452880859375">
        <ele>505.20001220703125</ele>
        <time>2026-03-30T15:52:25.000Z</time>
        <extensions>
          <ns3:TrackPointExtension>
            <ns3:hr>150</ns3:hr>
            <ns3:cad>0</ns3:cad>
          </ns3:TrackPointExtension>
        </extensions>
      </trkpt>
      <trkpt lat="35.9716802649199962615966796875" lon="-81.11214361153542995452880859375">
        <ele>505</ele>
        <time>2026-03-30T15:52:29.000Z</time>
        <extensions>
          <ns3:TrackPointExtension>
            <ns3:hr>147</ns3:hr>
            <ns3:cad>0</ns3:cad>
          </ns3:TrackPointExtension>
        </extensions>
      </trkpt>
      <trkpt lat="35.9716802649199962615966796875" lon="-81.11214361153542995452880859375">
        <ele>505</ele>
        <time>2026-03-30T15:52:31.000Z</time>
        <extensions>
          <ns3:TrackPointExtension>
            <ns3:hr>146</ns3:hr>
            <ns3:cad>0</ns3:cad>
          </ns3:TrackPointExtension>
        </extensions>
      </trkpt>
      <trkpt lat="35.9716802649199962615966796875" lon="-81.11214361153542995452880859375">
        <ele>505</ele>
        <time>2026-03-30T15:52:41.000Z</time>
        <extensions>
          <ns3:TrackPointExtension>
            <ns3:hr>143</ns3:hr>
            <ns3:cad>0</ns3:cad>
          </ns3:TrackPointExtension>
        </extensions>
      </trkpt>
      <trkpt lat="35.9716802649199962615966796875" lon="-81.11214361153542995452880859375">
        <ele>505</ele>
        <time>2026-03-30T15:52:51.000Z</time>
        <extensions>
          <ns3:TrackPointExtension>
            <ns3:hr>141</ns3:hr>
            <ns3:cad>0</ns3:cad>
          </ns3:TrackPointExtension>
        </extensions>
      </trkpt>
      <trkpt lat="35.9716802649199962615966796875" lon="-81.11214361153542995452880859375">
        <ele>505</ele>
        <time>2026-03-30T15:53:03.000Z</time>
        <extensions>
          <ns3:TrackPointExtension>
            <ns3:hr>138</ns3:hr>
            <ns3:cad>0</ns3:cad>
          </ns3:TrackPointExtension>
        </extensions>
      </trkpt>
      <trkpt lat="35.9716802649199962615966796875" lon="-81.11214361153542995452880859375">
        <ele>505</ele>
        <time>2026-03-30T15:53:06.000Z</time>
        <extensions>
          <ns3:TrackPointExtension>
            <ns3:hr>136</ns3:hr>
            <ns3:cad>0</ns3:cad>
          </ns3:TrackPointExtension>
        </extensions>
      </trkpt>
      <trkpt lat="35.97167666070163249969482421875" lon="-81.112131960690021514892578125">
        <ele>504.79998779296875</ele>
        <time>2026-03-30T15:53:20.000Z</time>
        <extensions>
          <ns3:TrackPointExtension>
            <ns3:hr>134</ns3:hr>
            <ns3:cad>0</ns3:cad>
          </ns3:TrackPointExtension>
        </extensions>
      </trkpt>
      <trkpt lat="35.971690155565738677978515625" lon="-81.11212684772908687591552734375">
        <ele>504.600006103515625</ele>
        <time>2026-03-30T15:53:32.000Z</time>
        <extensions>
          <ns3:TrackPointExtension>
            <ns3:hr>135</ns3:hr>
            <ns3:cad>0</ns3:cad>
          </ns3:TrackPointExtension>
        </extensions>
      </trkpt>
      <trkpt lat="35.9716923348605632781982421875" lon="-81.1121267639100551605224609375">
        <ele>504.20001220703125</ele>
        <time>2026-03-30T15:53:39.000Z</time>
        <extensions>
          <ns3:TrackPointExtension>
            <ns3:hr>133</ns3:hr>
            <ns3:cad>0</ns3:cad>
          </ns3:TrackPointExtension>
        </extensions>
      </trkpt>
      <trkpt lat="35.9717198275029659271240234375" lon="-81.1121126823127269744873046875">
        <ele>504.399993896484375</ele>
        <time>2026-03-30T15:53:43.000Z</time>
        <extensions>
          <ns3:TrackPointExtension>
            <ns3:hr>133</ns3:hr>
            <ns3:cad>0</ns3:cad>
          </ns3:TrackPointExtension>
        </extensions>
      </trkpt>
      <trkpt lat="35.9716990403831005096435546875" lon="-81.11212785355746746063232421875">
        <ele>505.20001220703125</ele>
        <time>2026-03-30T15:53:49.000Z</time>
        <extensions>
          <ns3:TrackPointExtension>
            <ns3:hr>131</ns3:hr>
            <ns3:cad>0</ns3:cad>
          </ns3:TrackPointExtension>
        </extensions>
      </trkpt>
      <trkpt lat="35.97169929184019565582275390625" lon="-81.1121190525591373443603515625">
        <ele>505.20001220703125</ele>
        <time>2026-03-30T15:53:51.000Z</time>
        <extensions>
          <ns3:TrackPointExtension>
            <ns3:hr>127</ns3:hr>
            <ns3:cad>0</ns3:cad>
          </ns3:TrackPointExtension>
        </extensions>
      </trkpt>
      <trkpt lat="35.97170524299144744873046875" lon="-81.112084351480007171630859375">
        <ele>505</ele>
        <time>2026-03-30T15:53:57.000Z</time>
        <extensions>
          <ns3:TrackPointExtension>
            <ns3:hr>130</ns3:hr>
            <ns3:cad>0</ns3:cad>
          </ns3:TrackPointExtension>
        </extensions>
      </trkpt>
      <trkpt lat="35.9717060811817646026611328125" lon="-81.1121163703501224517822265625">
        <ele>505</ele>
        <time>2026-03-30T15:53:59.000Z</time>
        <extensions>
          <ns3:TrackPointExtension>
            <ns3:hr>130</ns3:hr>
            <ns3:cad>0</ns3:cad>
          </ns3:TrackPointExtension>
        </extensions>
      </trkpt>
      <trkpt lat="35.9717416204512119293212890625" lon="-81.1121002770960330963134765625">
        <ele>504.399993896484375</ele>
        <time>2026-03-30T15:54:07.000Z</time>
        <extensions>
          <ns3:TrackPointExtension>
            <ns3:hr>131</ns3:hr>
            <ns3:cad>76</ns3:cad>
          </ns3:TrackPointExtension>
        </extensions>
      </trkpt>
      <trkpt lat="35.97176198847591876983642578125" lon="-81.11208133399486541748046875">
        <ele>504.399993896484375</ele>
        <time>2026-03-30T15:54:12.000Z</time>
        <extensions>
          <ns3:TrackPointExtension>
            <ns3:hr>130</ns3:hr>
            <ns3:cad>0</ns3:cad>
          </ns3:TrackPointExtension>
        </extensions>
      </trkpt>
      <trkpt lat="35.9717691130936145782470703125" lon="-81.11208577640354633331298828125">
        <ele>504.399993896484375</ele>
        <time>2026-03-30T15:54:15.000Z</time>
        <extensions>
          <ns3:TrackPointExtension>
            <ns3:hr>125</ns3:hr>
            <ns3:cad>0</ns3:cad>
          </ns3:TrackPointExtension>
        </extensions>
      </trkpt>
      <trkpt lat="35.97177204675972461700439453125" lon="-81.11208259128034114837646484375">
        <ele>504.20001220703125</ele>
        <time>2026-03-30T15:54:17.000Z</time>
        <extensions>
          <ns3:TrackPointExtension>
            <ns3:hr>124</ns3:hr>
            <ns3:cad>0</ns3:cad>
          </ns3:TrackPointExtension>
        </extensions>
      </trkpt>
      <trkpt lat="35.97177766263484954833984375" lon="-81.11207655631005764007568359375">
        <ele>504</ele>
        <time>2026-03-30T15:54:19.000Z</time>
        <extensions>
          <ns3:TrackPointExtension>
            <ns3:hr>123</ns3:hr>
            <ns3:cad>0</ns3:cad>
          </ns3:TrackPointExtension>
        </extensions>
      </trkpt>
      <trkpt lat="35.97179912030696868896484375" lon="-81.112058199942111968994140625">
        <ele>503.79998779296875</ele>
        <time>2026-03-30T15:54:24.000Z</time>
        <extensions>
          <ns3:TrackPointExtension>
            <ns3:hr>125</ns3:hr>
            <ns3:cad>75</ns3:cad>
          </ns3:TrackPointExtension>
        </extensions>
      </trkpt>
      <trkpt lat="35.97180507145822048187255859375" lon="-81.1120416037738323211669921875">
        <ele>504.20001220703125</ele>
        <time>2026-03-30T15:54:31.000Z</time>
        <extensions>
          <ns3:TrackPointExtension>
            <ns3:hr>126</ns3:hr>
            <ns3:cad>0</ns3:cad>
          </ns3:TrackPointExtension>
        </extensions>
      </trkpt>
      <trkpt lat="35.97181244753301143646240234375" lon="-81.11202509142458438873291015625">
        <ele>505</ele>
        <time>2026-03-30T15:54:37.000Z</time>
        <extensions>
          <ns3:TrackPointExtension>
            <ns3:hr>125</ns3:hr>
            <ns3:cad>44</ns3:cad>
          </ns3:TrackPointExtension>
        </extensions>
      </trkpt>
      <trkpt lat="35.9718254394829273223876953125" lon="-81.112036406993865966796875">
        <ele>504.399993896484375</ele>
        <time>2026-03-30T15:54:42.000Z</time>
        <extensions>
          <ns3:TrackPointExtension>
            <ns3:hr>130</ns3:hr>
            <ns3:cad>44</ns3:cad>
          </ns3:TrackPointExtension>
        </extensions>
      </trkpt>
      <trkpt lat="35.9718489088118076324462890625" lon="-81.1120449565351009368896484375">
        <ele>503.600006103515625</ele>
        <time>2026-03-30T15:54:49.000Z</time>
        <extensions>
          <ns3:TrackPointExtension>
            <ns3:hr>131</ns3:hr>
            <ns3:cad>0</ns3:cad>
          </ns3:TrackPointExtension>
        </extensions>
      </trkpt>
      <trkpt lat="35.97185938619077205657958984375" lon="-81.11204101704061031341552734375">
        <ele>503</ele>
        <time>2026-03-30T15:54:51.000Z</time>
        <extensions>
          <ns3:TrackPointExtension>
            <ns3:hr>131</ns3:hr>
            <ns3:cad>0</ns3:cad>
          </ns3:TrackPointExtension>
        </extensions>
      </trkpt>
      <trkpt lat="35.9718750603497028350830078125" lon="-81.11203112639486789703369140625">
        <ele>502.600006103515625</ele>
        <time>2026-03-30T15:54:55.000Z</time>
        <extensions>
          <ns3:TrackPointExtension>
            <ns3:hr>132</ns3:hr>
            <ns3:cad>0</ns3:cad>
          </ns3:TrackPointExtension>
        </extensions>
      </trkpt>
      <trkpt lat="35.971897356212139129638671875" lon="-81.1120174638926982879638671875">
        <ele>502</ele>
        <time>2026-03-30T15:55:00.000Z</time>
        <extensions>
          <ns3:TrackPointExtension>
            <ns3:hr>133</ns3:hr>
            <ns3:cad>0</ns3:cad>
          </ns3:TrackPointExtension>
        </extensions>
      </trkpt>
      <trkpt lat="35.97190967760980129241943359375" lon="-81.1120162904262542724609375">
        <ele>502</ele>
        <time>2026-03-30T15:55:02.000Z</time>
        <extensions>
          <ns3:TrackPointExtension>
            <ns3:hr>133</ns3:hr>
            <ns3:cad>0</ns3:cad>
          </ns3:TrackPointExtension>
        </extensions>
      </trkpt>
      <trkpt lat="35.9719263575971126556396484375" lon="-81.11202458851039409637451171875">
        <ele>501.399993896484375</ele>
        <time>2026-03-30T15:55:08.000Z</time>
        <extensions>
          <ns3:TrackPointExtension>
            <ns3:hr>133</ns3:hr>
            <ns3:cad>0</ns3:cad>
          </ns3:TrackPointExtension>
        </extensions>
      </trkpt>
      <trkpt lat="35.97194169647991657257080078125" lon="-81.11204151995480060577392578125">
        <ele>500.79998779296875</ele>
        <time>2026-03-30T15:55:11.000Z</time>
        <extensions>
          <ns3:TrackPointExtension>
            <ns3:hr>133</ns3:hr>
            <ns3:cad>0</ns3:cad>
          </ns3:TrackPointExtension>
        </extensions>
      </trkpt>
      <trkpt lat="35.9719595499336719512939453125" lon="-81.11203783191740512847900390625">
        <ele>499.79998779296875</ele>
        <time>2026-03-30T15:55:15.000Z</time>
        <extensions>
          <ns3:TrackPointExtension>
            <ns3:hr>132</ns3:hr>
            <ns3:cad>0</ns3:cad>
          </ns3:TrackPointExtension>
        </extensions>
      </trkpt>
      <trkpt lat="35.97198142670094966888427734375" lon="-81.11202140338718891143798828125">
        <ele>499.600006103515625</ele>
        <time>2026-03-30T15:55:21.000Z</time>
        <extensions>
          <ns3:TrackPointExtension>
            <ns3:hr>135</ns3:hr>
            <ns3:cad>0</ns3:cad>
          </ns3:TrackPointExtension>
        </extensions>
      </trkpt>
      <trkpt lat="35.9719888865947723388671875" lon="-81.111993491649627685546875">
        <ele>500.20001220703125</ele>
        <time>2026-03-30T15:55:27.000Z</time>
        <extensions>
          <ns3:TrackPointExtension>
            <ns3:hr>130</ns3:hr>
            <ns3:cad>60</ns3:cad>
          </ns3:TrackPointExtension>
        </extensions>
      </trkpt>
      <trkpt lat="35.97199014388024806976318359375" lon="-81.11198636703193187713623046875">
        <ele>500.399993896484375</ele>
        <time>2026-03-30T15:55:28.000Z</time>
        <extensions>
          <ns3:TrackPointExtension>
            <ns3:hr>128</ns3:hr>
            <ns3:cad>60</ns3:cad>
          </ns3:TrackPointExtension>
        </extensions>
      </trkpt>
      <trkpt lat="35.971995256841182708740234375" lon="-81.11196440644562244415283203125">
        <ele>500.79998779296875</ele>
        <time>2026-03-30T15:55:32.000Z</time>
        <extensions>
          <ns3:TrackPointExtension>
            <ns3:hr>128</ns3:hr>
            <ns3:cad>59</ns3:cad>
          </ns3:TrackPointExtension>
        </extensions>
      </trkpt>
      <trkpt lat="35.9720188938081264495849609375" lon="-81.11194412223994731903076171875">
        <ele>501</ele>
        <time>2026-03-30T15:55:37.000Z</time>
        <extensions>
          <ns3:TrackPointExtension>
            <ns3:hr>128</ns3:hr>
            <ns3:cad>0</ns3:cad>
          </ns3:TrackPointExtension>
        </extensions>
      </trkpt>
      <trkpt lat="35.97205032594501972198486328125" lon="-81.111909337341785430908203125">
        <ele>501.600006103515625</ele>
        <time>2026-03-30T15:55:44.000Z</time>
        <extensions>
          <ns3:TrackPointExtension>
            <ns3:hr>128</ns3:hr>
            <ns3:cad>0</ns3:cad>
          </ns3:TrackPointExtension>
        </extensions>
      </trkpt>
      <trkpt lat="35.972057282924652099609375" lon="-81.11190455965697765350341796875">
        <ele>502</ele>
        <time>2026-03-30T15:55:48.000Z</time>
        <extensions>
          <ns3:TrackPointExtension>
            <ns3:hr>129</ns3:hr>
            <ns3:cad>0</ns3:cad>
          </ns3:TrackPointExtension>
        </extensions>
      </trkpt>
      <trkpt lat="35.97205317579209804534912109375" lon="-81.111887879669666290283203125">
        <ele>503</ele>
        <time>2026-03-30T15:55:52.000Z</time>
        <extensions>
          <ns3:TrackPointExtension>
            <ns3:hr>130</ns3:hr>
            <ns3:cad>0</ns3:cad>
          </ns3:TrackPointExtension>
        </extensions>
      </trkpt>
      <trkpt lat="35.972054265439510345458984375" lon="-81.11188276670873165130615234375">
        <ele>503.600006103515625</ele>
        <time>2026-03-30T15:55:54.000Z</time>
        <extensions>
          <ns3:TrackPointExtension>
            <ns3:hr>130</ns3:hr>
            <ns3:cad>18</ns3:cad>
          </ns3:TrackPointExtension>
        </extensions>
      </trkpt>
      <trkpt lat="35.97205929458141326904296875" lon="-81.11187505535781383514404296875">
        <ele>504</ele>
        <time>2026-03-30T15:55:56.000Z</time>
        <extensions>
          <ns3:TrackPointExtension>
            <ns3:hr>132</ns3:hr>
            <ns3:cad>0</ns3:cad>
          </ns3:TrackPointExtension>
        </extensions>
      </trkpt>
      <trkpt lat="35.97206692211329936981201171875" lon="-81.1118749715387821197509765625">
        <ele>504</ele>
        <time>2026-03-30T15:56:01.000Z</time>
        <extensions>
          <ns3:TrackPointExtension>
            <ns3:hr>133</ns3:hr>
            <ns3:cad>0</ns3:cad>
          </ns3:TrackPointExtension>
        </extensions>
      </trkpt>
      <trkpt lat="35.97207270562648773193359375" lon="-81.11185309477150440216064453125">
        <ele>504.399993896484375</ele>
        <time>2026-03-30T15:56:06.000Z</time>
        <extensions>
          <ns3:TrackPointExtension>
            <ns3:hr>137</ns3:hr>
            <ns3:cad>0</ns3:cad>
          </ns3:TrackPointExtension>
        </extensions>
      </trkpt>
      <trkpt lat="35.972081758081912994384765625" lon="-81.11183993518352508544921875">
        <ele>504.20001220703125</ele>
        <time>2026-03-30T15:56:08.000Z</time>
        <extensions>
          <ns3:TrackPointExtension>
            <ns3:hr>139</ns3:hr>
            <ns3:cad>0</ns3:cad>
          </ns3:TrackPointExtension>
        </extensions>
      </trkpt>
      <trkpt lat="35.97208611667156219482421875" lon="-81.1118146218359470367431640625">
        <ele>504.79998779296875</ele>
        <time>2026-03-30T15:56:15.000Z</time>
        <extensions>
          <ns3:TrackPointExtension>
            <ns3:hr>142</ns3:hr>
            <ns3:cad>0</ns3:cad>
          </ns3:TrackPointExtension>
        </extensions>
      </trkpt>
      <trkpt lat="35.9720986895263195037841796875" lon="-81.11177061684429645538330078125">
        <ele>505.20001220703125</ele>
        <time>2026-03-30T15:56:22.000Z</time>
        <extensions>
          <ns3:TrackPointExtension>
            <ns3:hr>144</ns3:hr>
            <ns3:cad>0</ns3:cad>
          </ns3:TrackPointExtension>
        </extensions>
      </trkpt>
      <trkpt lat="35.97209743224084377288818359375" lon="-81.111769191920757293701171875">
        <ele>505.600006103515625</ele>
        <time>2026-03-30T15:56:24.000Z</time>
        <extensions>
          <ns3:TrackPointExtension>
            <ns3:hr>144</ns3:hr>
            <ns3:cad>0</ns3:cad>
          </ns3:TrackPointExtension>
        </extensions>
      </trkpt>
      <trkpt lat="35.97209324128925800323486328125" lon="-81.11175569705665111541748046875">
        <ele>506.20001220703125</ele>
        <time>2026-03-30T15:56:32.000Z</time>
        <extensions>
          <ns3:TrackPointExtension>
            <ns3:hr>145</ns3:hr>
            <ns3:cad>0</ns3:cad>
          </ns3:TrackPointExtension>
        </extensions>
      </trkpt>
      <trkpt lat="35.97208888269960880279541015625" lon="-81.1117341555655002593994140625">
        <ele>507.20001220703125</ele>
        <time>2026-03-30T15:56:40.000Z</time>
        <extensions>
          <ns3:TrackPointExtension>
            <ns3:hr>146</ns3:hr>
            <ns3:cad>0</ns3:cad>
          </ns3:TrackPointExtension>
        </extensions>
      </trkpt>
      <trkpt lat="35.97208569757640361785888671875" lon="-81.1117311380803585052490234375">
        <ele>507.20001220703125</ele>
        <time>2026-03-30T15:56:42.000Z</time>
        <extensions>
          <ns3:TrackPointExtension>
            <ns3:hr>146</ns3:hr>
            <ns3:cad>0</ns3:cad>
          </ns3:TrackPointExtension>
        </extensions>
      </trkpt>
      <trkpt lat="35.97206239588558673858642578125" lon="-81.11171429045498371124267578125">
        <ele>507.20001220703125</ele>
        <time>2026-03-30T15:56:49.000Z</time>
        <extensions>
          <ns3:TrackPointExtension>
            <ns3:hr>149</ns3:hr>
            <ns3:cad>0</ns3:cad>
          </ns3:TrackPointExtension>
        </extensions>
      </trkpt>
      <trkpt lat="35.97205258905887603759765625" lon="-81.111725270748138427734375">
        <ele>507</ele>
        <time>2026-03-30T15:56:52.000Z</time>
        <extensions>
          <ns3:TrackPointExtension>
            <ns3:hr>147</ns3:hr>
            <ns3:cad>0</ns3:cad>
          </ns3:TrackPointExtension>
        </extensions>
      </trkpt>
      <trkpt lat="35.97203222103416919708251953125" lon="-81.1117251031100749969482421875">
        <ele>506.79998779296875</ele>
        <time>2026-03-30T15:57:00.000Z</time>
        <extensions>
          <ns3:TrackPointExtension>
            <ns3:hr>148</ns3:hr>
            <ns3:cad>0</ns3:cad>
          </ns3:TrackPointExtension>
        </extensions>
      </trkpt>
      <trkpt lat="35.97204160876572132110595703125" lon="-81.1117321439087390899658203125">
        <ele>507</ele>
        <time>2026-03-30T15:57:07.000Z</time>
        <extensions>
          <ns3:TrackPointExtension>
            <ns3:hr>146</ns3:hr>
            <ns3:cad>0</ns3:cad>
          </ns3:TrackPointExtension>
        </extensions>
      </trkpt>
      <trkpt lat="35.97203113138675689697265625" lon="-81.111717559397220611572265625">
        <ele>506.79998779296875</ele>
        <time>2026-03-30T15:57:11.000Z</time>
        <extensions>
          <ns3:TrackPointExtension>
            <ns3:hr>143</ns3:hr>
            <ns3:cad>0</ns3:cad>
          </ns3:TrackPointExtension>
        </extensions>
      </trkpt>
      <trkpt lat="35.97202903591096401214599609375" lon="-81.1117190681397914886474609375">
        <ele>506.79998779296875</ele>
        <time>2026-03-30T15:57:14.000Z</time>
        <extensions>
          <ns3:TrackPointExtension>
            <ns3:hr>140</ns3:hr>
            <ns3:cad>0</ns3:cad>
          </ns3:TrackPointExtension>
        </extensions>
      </trkpt>
      <trkpt lat="35.9720326401293277740478515625" lon="-81.11172200180590152740478515625">
        <ele>506.79998779296875</ele>
        <time>2026-03-30T15:57:16.000Z</time>
        <extensions>
          <ns3:TrackPointExtension>
            <ns3:hr>139</ns3:hr>
            <ns3:cad>0</ns3:cad>
          </ns3:TrackPointExtension>
        </extensions>
      </trkpt>
      <trkpt lat="35.9720225818455219268798828125" lon="-81.11171093769371509552001953125">
        <ele>507.600006103515625</ele>
        <time>2026-03-30T15:57:22.000Z</time>
        <extensions>
          <ns3:TrackPointExtension>
            <ns3:hr>137</ns3:hr>
            <ns3:cad>0</ns3:cad>
          </ns3:TrackPointExtension>
        </extensions>
      </trkpt>
      <trkpt lat="35.97202400676906108856201171875" lon="-81.11171655356884002685546875">
        <ele>508.399993896484375</ele>
        <time>2026-03-30T15:57:27.000Z</time>
        <extensions>
          <ns3:TrackPointExtension>
            <ns3:hr>137</ns3:hr>
            <ns3:cad>0</ns3:cad>
          </ns3:TrackPointExtension>
        </extensions>
      </trkpt>
      <trkpt lat="35.9720282815396785736083984375" lon="-81.11173021607100963592529296875">
        <ele>508.399993896484375</ele>
        <time>2026-03-30T15:57:29.000Z</time>
        <extensions>
          <ns3:TrackPointExtension>
            <ns3:hr>137</ns3:hr>
            <ns3:cad>0</ns3:cad>
          </ns3:TrackPointExtension>
        </extensions>
      </trkpt>
      <trkpt lat="35.9720386750996112823486328125" lon="-81.111746728420257568359375">
        <ele>508</ele>
        <time>2026-03-30T15:57:34.000Z</time>
        <extensions>
          <ns3:TrackPointExtension>
            <ns3:hr>140</ns3:hr>
            <ns3:cad>0</ns3:cad>
          </ns3:TrackPointExtension>
        </extensions>
      </trkpt>
      <trkpt lat="35.9720453806221485137939453125" lon="-81.11174848861992359161376953125">
        <ele>507.79998779296875</ele>
        <time>2026-03-30T15:57:36.000Z</time>
        <extensions>
          <ns3:TrackPointExtension>
            <ns3:hr>142</ns3:hr>
            <ns3:cad>0</ns3:cad>
          </ns3:TrackPointExtension>
        </extensions>
      </trkpt>
      <trkpt lat="35.97204613499343395233154296875" lon="-81.11174580641090869903564453125">
        <ele>508.20001220703125</ele>
        <time>2026-03-30T15:57:42.000Z</time>
        <extensions>
          <ns3:TrackPointExtension>
            <ns3:hr>144</ns3:hr>
            <ns3:cad>0</ns3:cad>
          </ns3:TrackPointExtension>
        </extensions>
      </trkpt>
      <trkpt lat="35.97202618606388568878173828125" lon="-81.11171253025531768798828125">
        <ele>508.79998779296875</ele>
        <time>2026-03-30T15:57:48.000Z</time>
        <extensions>
          <ns3:TrackPointExtension>
            <ns3:hr>143</ns3:hr>
            <ns3:cad>0</ns3:cad>
          </ns3:TrackPointExtension>
        </extensions>
      </trkpt>
      <trkpt lat="35.97202484495937824249267578125" lon="-81.111693419516086578369140625">
        <ele>509.399993896484375</ele>
        <time>2026-03-30T15:57:51.000Z</time>
        <extensions>
          <ns3:TrackPointExtension>
            <ns3:hr>143</ns3:hr>
            <ns3:cad>0</ns3:cad>
          </ns3:TrackPointExtension>
        </extensions>
      </trkpt>
      <trkpt lat="35.97204445861279964447021484375" lon="-81.11166399903595447540283203125">
        <ele>509.600006103515625</ele>
        <time>2026-03-30T15:57:55.000Z</time>
        <extensions>
          <ns3:TrackPointExtension>
            <ns3:hr>143</ns3:hr>
            <ns3:cad>60</ns3:cad>
          </ns3:TrackPointExtension>
        </extensions>
      </trkpt>
      <trkpt lat="35.97207647748291492462158203125" lon="-81.1116644181311130523681640625">
        <ele>509.600006103515625</ele>
        <time>2026-03-30T15:58:00.000Z</time>
        <extensions>
          <ns3:TrackPointExtension>
            <ns3:hr>144</ns3:hr>
            <ns3:cad>60</ns3:cad>
          </ns3:TrackPointExtension>
        </extensions>
      </trkpt>
      <trkpt lat="35.97208972088992595672607421875" lon="-81.1116637475788593292236328125">
        <ele>509.600006103515625</ele>
        <time>2026-03-30T15:58:03.000Z</time>
        <extensions>
          <ns3:TrackPointExtension>
            <ns3:hr>145</ns3:hr>
            <ns3:cad>60</ns3:cad>
          </ns3:TrackPointExtension>
        </extensions>
      </trkpt>
      <trkpt lat="35.9720926545560359954833984375" lon="-81.111648492515087127685546875">
        <ele>510.399993896484375</ele>
        <time>2026-03-30T15:58:08.000Z</time>
        <extensions>
          <ns3:TrackPointExtension>
            <ns3:hr>147</ns3:hr>
            <ns3:cad>0</ns3:cad>
          </ns3:TrackPointExtension>
        </extensions>
      </trkpt>
      <trkpt lat="35.9720929898321628570556640625" lon="-81.1116436310112476348876953125">
        <ele>510.600006103515625</ele>
        <time>2026-03-30T15:58:10.000Z</time>
        <extensions>
          <ns3:TrackPointExtension>
            <ns3:hr>148</ns3:hr>
            <ns3:cad>0</ns3:cad>
          </ns3:TrackPointExtension>
        </extensions>
      </trkpt>
      <trkpt lat="35.97209592349827289581298828125" lon="-81.111637093126773834228515625">
        <ele>510.399993896484375</ele>
        <time>2026-03-30T15:58:13.000Z</time>
        <extensions>
          <ns3:TrackPointExtension>
            <ns3:hr>147</ns3:hr>
            <ns3:cad>0</ns3:cad>
          </ns3:TrackPointExtension>
        </extensions>
      </trkpt>
      <trkpt lat="35.97209416329860687255859375" lon="-81.11164002679288387298583984375">
        <ele>510.399993896484375</ele>
        <time>2026-03-30T15:58:14.000Z</time>
        <extensions>
          <ns3:TrackPointExtension>
            <ns3:hr>147</ns3:hr>
            <ns3:cad>0</ns3:cad>
          </ns3:TrackPointExtension>
        </extensions>
      </trkpt>
      <trkpt lat="35.97210966981947422027587890625" lon="-81.11162443645298480987548828125">
        <ele>510.399993896484375</ele>
        <time>2026-03-30T15:58:18.000Z</time>
        <extensions>
          <ns3:TrackPointExtension>
            <ns3:hr>144</ns3:hr>
            <ns3:cad>0</ns3:cad>
          </ns3:TrackPointExtension>
        </extensions>
      </trkpt>
      <trkpt lat="35.97211905755102634429931640625" lon="-81.11161940731108188629150390625">
        <ele>510.399993896484375</ele>
        <time>2026-03-30T15:58:21.000Z</time>
        <extensions>
          <ns3:TrackPointExtension>
            <ns3:hr>145</ns3:hr>
            <ns3:cad>0</ns3:cad>
          </ns3:TrackPointExtension>
        </extensions>
      </trkpt>
      <trkpt lat="35.97213573753833770751953125" lon="-81.11163784749805927276611328125">
        <ele>510.399993896484375</ele>
        <time>2026-03-30T15:58:31.000Z</time>
        <extensions>
          <ns3:TrackPointExtension>
            <ns3:hr>148</ns3:hr>
            <ns3:cad>0</ns3:cad>
          </ns3:TrackPointExtension>
        </extensions>
      </trkpt>
      <trkpt lat="35.97213699482381343841552734375" lon="-81.1116429604589939117431640625">
        <ele>510.600006103515625</ele>
        <time>2026-03-30T15:58:33.000Z</time>
        <extensions>
          <ns3:TrackPointExtension>
            <ns3:hr>148</ns3:hr>
            <ns3:cad>0</ns3:cad>
          </ns3:TrackPointExtension>
        </extensions>
      </trkpt>
      <trkpt lat="35.97213095985352993011474609375" lon="-81.11166768707334995269775390625">
        <ele>510.79998779296875</ele>
        <time>2026-03-30T15:58:48.000Z</time>
        <extensions>
          <ns3:TrackPointExtension>
            <ns3:hr>146</ns3:hr>
            <ns3:cad>0</ns3:cad>
          </ns3:TrackPointExtension>
        </extensions>
      </trkpt>
      <trkpt lat="35.9721476398408412933349609375" lon="-81.1116446368396282196044921875">
        <ele>511</ele>
        <time>2026-03-30T15:58:56.000Z</time>
        <extensions>
          <ns3:TrackPointExtension>
            <ns3:hr>143</ns3:hr>
            <ns3:cad>0</ns3:cad>
          </ns3:TrackPointExtension>
        </extensions>
      </trkpt>
      <trkpt lat="35.9721476398408412933349609375" lon="-81.11163340508937835693359375">
        <ele>511</ele>
        <time>2026-03-30T15:59:00.000Z</time>
        <extensions>
          <ns3:TrackPointExtension>
            <ns3:hr>143</ns3:hr>
            <ns3:cad>0</ns3:cad>
          </ns3:TrackPointExtension>
        </extensions>
      </trkpt>
      <trkpt lat="35.97213800065219402313232421875" lon="-81.11163332127034664154052734375">
        <ele>510.600006103515625</ele>
        <time>2026-03-30T15:59:13.000Z</time>
        <extensions>
          <ns3:TrackPointExtension>
            <ns3:hr>143</ns3:hr>
            <ns3:cad>0</ns3:cad>
          </ns3:TrackPointExtension>
        </extensions>
      </trkpt>
      <trkpt lat="35.97211453132331371307373046875" lon="-81.11164505593478679656982421875">
        <ele>510.399993896484375</ele>
        <time>2026-03-30T15:59:21.000Z</time>
        <extensions>
          <ns3:TrackPointExtension>
            <ns3:hr>142</ns3:hr>
            <ns3:cad>0</ns3:cad>
          </ns3:TrackPointExtension>
        </extensions>
      </trkpt>
      <trkpt lat="35.972096510231494903564453125" lon="-81.11162762157618999481201171875">
        <ele>510.79998779296875</ele>
        <time>2026-03-30T15:59:27.000Z</time>
        <extensions>
          <ns3:TrackPointExtension>
            <ns3:hr>141</ns3:hr>
            <ns3:cad>0</ns3:cad>
          </ns3:TrackPointExtension>
        </extensions>
      </trkpt>
      <trkpt lat="35.972112603485584259033203125" lon="-81.11158512532711029052734375">
        <ele>511.600006103515625</ele>
        <time>2026-03-30T15:59:33.000Z</time>
        <extensions>
          <ns3:TrackPointExtension>
            <ns3:hr>141</ns3:hr>
            <ns3:cad>0</ns3:cad>
          </ns3:TrackPointExtension>
        </extensions>
      </trkpt>
      <trkpt lat="35.972132049500942230224609375" lon="-81.1115500889718532562255859375">
        <ele>512.20001220703125</ele>
        <time>2026-03-30T15:59:41.000Z</time>
        <extensions>
          <ns3:TrackPointExtension>
            <ns3:hr>140</ns3:hr>
            <ns3:cad>0</ns3:cad>
          </ns3:TrackPointExtension>
        </extensions>
      </trkpt>
      <trkpt lat="35.972128696739673614501953125" lon="-81.1115415394306182861328125">
        <ele>512.5999755859375</ele>
        <time>2026-03-30T15:59:45.000Z</time>
        <extensions>
          <ns3:TrackPointExtension>
            <ns3:hr>136</ns3:hr>
            <ns3:cad>0</ns3:cad>
          </ns3:TrackPointExtension>
        </extensions>
      </trkpt>
      <trkpt lat="35.97211972810328006744384765625" lon="-81.111524105072021484375">
        <ele>512.5999755859375</ele>
        <time>2026-03-30T15:59:49.000Z</time>
        <extensions>
          <ns3:TrackPointExtension>
            <ns3:hr>134</ns3:hr>
            <ns3:cad>0</ns3:cad>
          </ns3:TrackPointExtension>
        </extensions>
      </trkpt>
      <trkpt lat="35.97211025655269622802734375" lon="-81.1115202493965625762939453125">
        <ele>512.5999755859375</ele>
        <time>2026-03-30T15:59:52.000Z</time>
        <extensions>
          <ns3:TrackPointExtension>
            <ns3:hr>135</ns3:hr>
            <ns3:cad>0</ns3:cad>
          </ns3:TrackPointExtension>
        </extensions>
      </trkpt>
      <trkpt lat="35.97211637534201145172119140625" lon="-81.1115239374339580535888671875">
        <ele>512.79998779296875</ele>
        <time>2026-03-30T15:59:57.000Z</time>
        <extensions>
          <ns3:TrackPointExtension>
            <ns3:hr>137</ns3:hr>
            <ns3:cad>0</ns3:cad>
          </ns3:TrackPointExtension>
        </extensions>
      </trkpt>
      <trkpt lat="35.97215317189693450927734375" lon="-81.1115212552249431610107421875">
        <ele>512.79998779296875</ele>
        <time>2026-03-30T16:00:02.000Z</time>
        <extensions>
          <ns3:TrackPointExtension>
            <ns3:hr>138</ns3:hr>
            <ns3:cad>0</ns3:cad>
          </ns3:TrackPointExtension>
        </extensions>
      </trkpt>
      <trkpt lat="35.9721818380057811737060546875" lon="-81.11147582530975341796875">
        <ele>512.5999755859375</ele>
        <time>2026-03-30T16:00:08.000Z</time>
        <extensions>
          <ns3:TrackPointExtension>
            <ns3:hr>137</ns3:hr>
            <ns3:cad>54</ns3:cad>
          </ns3:TrackPointExtension>
        </extensions>
      </trkpt>
      <trkpt lat="35.97219474613666534423828125" lon="-81.11146652139723300933837890625">
        <ele>513</ele>
        <time>2026-03-30T16:00:11.000Z</time>
        <extensions>
          <ns3:TrackPointExtension>
            <ns3:hr>132</ns3:hr>
            <ns3:cad>54</ns3:cad>
          </ns3:TrackPointExtension>
        </extensions>
      </trkpt>
      <trkpt lat="35.972213186323642730712890625" lon="-81.11146308481693267822265625">
        <ele>513.4000244140625</ele>
        <time>2026-03-30T16:00:14.000Z</time>
        <extensions>
          <ns3:TrackPointExtension>
            <ns3:hr>131</ns3:hr>
            <ns3:cad>54</ns3:cad>
          </ns3:TrackPointExtension>
        </extensions>
      </trkpt>
      <trkpt lat="35.97223137505352497100830078125" lon="-81.1114521883428096771240234375">
        <ele>513.79998779296875</ele>
        <time>2026-03-30T16:00:17.000Z</time>
        <extensions>
          <ns3:TrackPointExtension>
            <ns3:hr>130</ns3:hr>
            <ns3:cad>54</ns3:cad>
          </ns3:TrackPointExtension>
        </extensions>
      </trkpt>
      <trkpt lat="35.97225903533399105072021484375" lon="-81.1114189960062503814697265625">
        <ele>513.5999755859375</ele>
        <time>2026-03-30T16:00:22.000Z</time>
        <extensions>
          <ns3:TrackPointExtension>
            <ns3:hr>131</ns3:hr>
            <ns3:cad>73</ns3:cad>
          </ns3:TrackPointExtension>
        </extensions>
      </trkpt>
      <trkpt lat="35.9722758829593658447265625" lon="-81.11136593855917453765869140625">
        <ele>514.20001220703125</ele>
        <time>2026-03-30T16:00:30.000Z</time>
        <extensions>
          <ns3:TrackPointExtension>
            <ns3:hr>131</ns3:hr>
            <ns3:cad>44</ns3:cad>
          </ns3:TrackPointExtension>
        </extensions>
      </trkpt>
      <trkpt lat="35.97227177582681179046630859375" lon="-81.11135655082762241363525390625">
        <ele>514.20001220703125</ele>
        <time>2026-03-30T16:00:31.000Z</time>
        <extensions>
          <ns3:TrackPointExtension>
            <ns3:hr>130</ns3:hr>
            <ns3:cad>41</ns3:cad>
          </ns3:TrackPointExtension>
        </extensions>
      </trkpt>
      <trkpt lat="35.97226423211395740509033203125" lon="-81.11132537014782428741455078125">
        <ele>514.79998779296875</ele>
        <time>2026-03-30T16:00:34.000Z</time>
        <extensions>
          <ns3:TrackPointExtension>
            <ns3:hr>129</ns3:hr>
            <ns3:cad>0</ns3:cad>
          </ns3:TrackPointExtension>
        </extensions>
      </trkpt>
      <trkpt lat="35.9722653217613697052001953125" lon="-81.1113164015114307403564453125">
        <ele>515.5999755859375</ele>
        <time>2026-03-30T16:00:37.000Z</time>
        <extensions>
          <ns3:TrackPointExtension>
            <ns3:hr>130</ns3:hr>
            <ns3:cad>0</ns3:cad>
          </ns3:TrackPointExtension>
        </extensions>
      </trkpt>
      <trkpt lat="35.97226708196103572845458984375" lon="-81.1112885735929012298583984375">
        <ele>516</ele>
        <time>2026-03-30T16:00:39.000Z</time>
        <extensions>
          <ns3:TrackPointExtension>
            <ns3:hr>131</ns3:hr>
            <ns3:cad>68</ns3:cad>
          </ns3:TrackPointExtension>
        </extensions>
      </trkpt>
      <trkpt lat="35.9722720272839069366455078125" lon="-81.11125227995216846466064453125">
        <ele>516.79998779296875</ele>
        <time>2026-03-30T16:00:43.000Z</time>
        <extensions>
          <ns3:TrackPointExtension>
            <ns3:hr>134</ns3:hr>
            <ns3:cad>0</ns3:cad>
          </ns3:TrackPointExtension>
        </extensions>
      </trkpt>
      <trkpt lat="35.97225719131529331207275390625" lon="-81.111251525580883026123046875">
        <ele>517.20001220703125</ele>
        <time>2026-03-30T16:00:45.000Z</time>
        <extensions>
          <ns3:TrackPointExtension>
            <ns3:hr>134</ns3:hr>
            <ns3:cad>0</ns3:cad>
          </ns3:TrackPointExtension>
        </extensions>
      </trkpt>
      <trkpt lat="35.97222684882581233978271484375" lon="-81.1112644337117671966552734375">
        <ele>517.4000244140625</ele>
        <time>2026-03-30T16:00:48.000Z</time>
        <extensions>
          <ns3:TrackPointExtension>
            <ns3:hr>134</ns3:hr>
            <ns3:cad>0</ns3:cad>
          </ns3:TrackPointExtension>
        </extensions>
      </trkpt>
      <trkpt lat="35.9722007811069488525390625" lon="-81.11126770265400409698486328125">
        <ele>517.79998779296875</ele>
        <time>2026-03-30T16:00:54.000Z</time>
        <extensions>
          <ns3:TrackPointExtension>
            <ns3:hr>139</ns3:hr>
            <ns3:cad>49</ns3:cad>
          </ns3:TrackPointExtension>
        </extensions>
      </trkpt>
      <trkpt lat="35.97220438532531261444091796875" lon="-81.11126451753079891204833984375">
        <ele>518</ele>
        <time>2026-03-30T16:00:55.000Z</time>
        <extensions>
          <ns3:TrackPointExtension>
            <ns3:hr>144</ns3:hr>
            <ns3:cad>49</ns3:cad>
          </ns3:TrackPointExtension>
        </extensions>
      </trkpt>
      <trkpt lat="35.972211174666881561279296875" lon="-81.11125496216118335723876953125">
        <ele>518.20001220703125</ele>
        <time>2026-03-30T16:00:57.000Z</time>
        <extensions>
          <ns3:TrackPointExtension>
            <ns3:hr>144</ns3:hr>
            <ns3:cad>49</ns3:cad>
          </ns3:TrackPointExtension>
        </extensions>
      </trkpt>
      <trkpt lat="35.97220807336270809173583984375" lon="-81.11123643815517425537109375">
        <ele>519</ele>
        <time>2026-03-30T16:01:02.000Z</time>
        <extensions>
          <ns3:TrackPointExtension>
            <ns3:hr>145</ns3:hr>
            <ns3:cad>68</ns3:cad>
          </ns3:TrackPointExtension>
        </extensions>
      </trkpt>
      <trkpt lat="35.97221595235168933868408203125" lon="-81.1112423054873943328857421875">
        <ele>519.4000244140625</ele>
        <time>2026-03-30T16:01:05.000Z</time>
        <extensions>
          <ns3:TrackPointExtension>
            <ns3:hr>146</ns3:hr>
            <ns3:cad>59</ns3:cad>
          </ns3:TrackPointExtension>
        </extensions>
      </trkpt>
      <trkpt lat="35.97223439253866672515869140625" lon="-81.11122612841427326202392578125">
        <ele>519.79998779296875</ele>
        <time>2026-03-30T16:01:08.000Z</time>
        <extensions>
          <ns3:TrackPointExtension>
            <ns3:hr>145</ns3:hr>
            <ns3:cad>0</ns3:cad>
          </ns3:TrackPointExtension>
        </extensions>
      </trkpt>
      <trkpt lat="35.9722517430782318115234375" lon="-81.1111977137625217437744140625">
        <ele>520.5999755859375</ele>
        <time>2026-03-30T16:01:12.000Z</time>
        <extensions>
          <ns3:TrackPointExtension>
            <ns3:hr>144</ns3:hr>
            <ns3:cad>0</ns3:cad>
          </ns3:TrackPointExtension>
        </extensions>
      </trkpt>
      <trkpt lat="35.97226054407656192779541015625" lon="-81.11118136905133724212646484375">
        <ele>521</ele>
        <time>2026-03-30T16:01:14.000Z</time>
        <extensions>
          <ns3:TrackPointExtension>
            <ns3:hr>145</ns3:hr>
            <ns3:cad>79</ns3:cad>
          </ns3:TrackPointExtension>
        </extensions>
      </trkpt>
      <trkpt lat="35.97227781079709529876708984375" lon="-81.111148931086063385009765625">
        <ele>521.5999755859375</ele>
        <time>2026-03-30T16:01:17.000Z</time>
        <extensions>
          <ns3:TrackPointExtension>
            <ns3:hr>146</ns3:hr>
            <ns3:cad>79</ns3:cad>
          </ns3:TrackPointExtension>
        </extensions>
      </trkpt>
      <trkpt lat="35.97228434868156909942626953125" lon="-81.1111122183501720428466796875">
        <ele>522.20001220703125</ele>
        <time>2026-03-30T16:01:21.000Z</time>
        <extensions>
          <ns3:TrackPointExtension>
            <ns3:hr>148</ns3:hr>
            <ns3:cad>45</ns3:cad>
          </ns3:TrackPointExtension>
        </extensions>
      </trkpt>
      <trkpt lat="35.97228786908090114593505859375" lon="-81.11109654419124126434326171875">
        <ele>522.5999755859375</ele>
        <time>2026-03-30T16:01:23.000Z</time>
        <extensions>
          <ns3:TrackPointExtension>
            <ns3:hr>149</ns3:hr>
            <ns3:cad>44</ns3:cad>
          </ns3:TrackPointExtension>
        </extensions>
      </trkpt>
      <trkpt lat="35.97229558043181896209716796875" lon="-81.111073829233646392822265625">
        <ele>523.4000244140625</ele>
        <time>2026-03-30T16:01:27.000Z</time>
        <extensions>
          <ns3:TrackPointExtension>
            <ns3:hr>150</ns3:hr>
            <ns3:cad>43</ns3:cad>
          </ns3:TrackPointExtension>
        </extensions>
      </trkpt>
      <trkpt lat="35.97231754101812839508056640625" lon="-81.1110612563788890838623046875">
        <ele>523.5999755859375</ele>
        <time>2026-03-30T16:01:30.000Z</time>
        <extensions>
          <ns3:TrackPointExtension>
            <ns3:hr>150</ns3:hr>
            <ns3:cad>43</ns3:cad>
          </ns3:TrackPointExtension>
        </extensions>
      </trkpt>
      <trkpt lat="35.972339250147342681884765625" lon="-81.11102445982396602630615234375">
        <ele>524</ele>
        <time>2026-03-30T16:01:34.000Z</time>
        <extensions>
          <ns3:TrackPointExtension>
            <ns3:hr>151</ns3:hr>
            <ns3:cad>41</ns3:cad>
          </ns3:TrackPointExtension>
        </extensions>
      </trkpt>
      <trkpt lat="35.97231904976069927215576171875" lon="-81.1109878309071063995361328125">
        <ele>524.79998779296875</ele>
        <time>2026-03-30T16:01:42.000Z</time>
        <extensions>
          <ns3:TrackPointExtension>
            <ns3:hr>151</ns3:hr>
            <ns3:cad>0</ns3:cad>
          </ns3:TrackPointExtension>
        </extensions>
      </trkpt>
      <trkpt lat="35.9723367355763912200927734375" lon="-81.1109623499214649200439453125">
        <ele>525.79998779296875</ele>
        <time>2026-03-30T16:01:47.000Z</time>
        <extensions>
          <ns3:TrackPointExtension>
            <ns3:hr>152</ns3:hr>
            <ns3:cad>0</ns3:cad>
          </ns3:TrackPointExtension>
        </extensions>
      </trkpt>
      <trkpt lat="35.97234335727989673614501953125" lon="-81.11093158833682537078857421875">
        <ele>526</ele>
        <time>2026-03-30T16:01:50.000Z</time>
        <extensions>
          <ns3:TrackPointExtension>
            <ns3:hr>153</ns3:hr>
            <ns3:cad>0</ns3:cad>
          </ns3:TrackPointExtension>
        </extensions>
      </trkpt>
      <trkpt lat="35.9723322093486785888671875" lon="-81.11085229553282260894775390625">
        <ele>526.79998779296875</ele>
        <time>2026-03-30T16:01:58.000Z</time>
        <extensions>
          <ns3:TrackPointExtension>
            <ns3:hr>152</ns3:hr>
            <ns3:cad>43</ns3:cad>
          </ns3:TrackPointExtension>
        </extensions>
      </trkpt>
      <trkpt lat="35.9723246656358242034912109375" lon="-81.11084324307739734649658203125">
        <ele>526.79998779296875</ele>
        <time>2026-03-30T16:01:59.000Z</time>
        <extensions>
          <ns3:TrackPointExtension>
            <ns3:hr>152</ns3:hr>
            <ns3:cad>43</ns3:cad>
          </ns3:TrackPointExtension>
        </extensions>
      </trkpt>
      <trkpt lat="35.9722946584224700927734375" lon="-81.1107883416116237640380859375">
        <ele>527.79998779296875</ele>
        <time>2026-03-30T16:02:06.000Z</time>
        <extensions>
          <ns3:TrackPointExtension>
            <ns3:hr>151</ns3:hr>
            <ns3:cad>42</ns3:cad>
          </ns3:TrackPointExtension>
        </extensions>
      </trkpt>
      <trkpt lat="35.97229943610727787017822265625" lon="-81.11077970825135707855224609375">
        <ele>528</ele>
        <time>2026-03-30T16:02:07.000Z</time>
        <extensions>
          <ns3:TrackPointExtension>
            <ns3:hr>150</ns3:hr>
            <ns3:cad>42</ns3:cad>
          </ns3:TrackPointExtension>
        </extensions>
      </trkpt>
      <trkpt lat="35.97232340835034847259521484375" lon="-81.1107259802520275115966796875">
        <ele>528.4000244140625</ele>
        <time>2026-03-30T16:02:13.000Z</time>
        <extensions>
          <ns3:TrackPointExtension>
            <ns3:hr>150</ns3:hr>
            <ns3:cad>43</ns3:cad>
          </ns3:TrackPointExtension>
        </extensions>
      </trkpt>
      <trkpt lat="35.9723317064344882965087890625" lon="-81.1106917820870876312255859375">
        <ele>529</ele>
        <time>2026-03-30T16:02:18.000Z</time>
        <extensions>
          <ns3:TrackPointExtension>
            <ns3:hr>149</ns3:hr>
            <ns3:cad>44</ns3:cad>
          </ns3:TrackPointExtension>
        </extensions>
      </trkpt>
      <trkpt lat="35.97233531065285205841064453125" lon="-81.110669486224651336669921875">
        <ele>529</ele>
        <time>2026-03-30T16:02:21.000Z</time>
        <extensions>
          <ns3:TrackPointExtension>
            <ns3:hr>149</ns3:hr>
            <ns3:cad>0</ns3:cad>
          </ns3:TrackPointExtension>
        </extensions>
      </trkpt>
      <trkpt lat="35.97235777415335178375244140625" lon="-81.11060477793216705322265625">
        <ele>529.20001220703125</ele>
        <time>2026-03-30T16:02:29.000Z</time>
        <extensions>
          <ns3:TrackPointExtension>
            <ns3:hr>149</ns3:hr>
            <ns3:cad>0</ns3:cad>
          </ns3:TrackPointExtension>
        </extensions>
      </trkpt>
      <trkpt lat="35.97236162982881069183349609375" lon="-81.1105801351368427276611328125">
        <ele>530</ele>
        <time>2026-03-30T16:02:35.000Z</time>
        <extensions>
          <ns3:TrackPointExtension>
            <ns3:hr>150</ns3:hr>
            <ns3:cad>0</ns3:cad>
          </ns3:TrackPointExtension>
        </extensions>
      </trkpt>
      <trkpt lat="35.97236649133265018463134765625" lon="-81.1105727590620517730712890625">
        <ele>530.20001220703125</ele>
        <time>2026-03-30T16:02:36.000Z</time>
        <extensions>
          <ns3:TrackPointExtension>
            <ns3:hr>149</ns3:hr>
            <ns3:cad>77</ns3:cad>
          </ns3:TrackPointExtension>
        </extensions>
      </trkpt>
      <trkpt lat="35.972394905984401702880859375" lon="-81.11049992032349109649658203125">
        <ele>530.5999755859375</ele>
        <time>2026-03-30T16:02:43.000Z</time>
        <extensions>
          <ns3:TrackPointExtension>
            <ns3:hr>148</ns3:hr>
            <ns3:cad>42</ns3:cad>
          </ns3:TrackPointExtension>
        </extensions>
      </trkpt>
      <trkpt lat="35.97240622155368328094482421875" lon="-81.110475026071071624755859375">
        <ele>531.20001220703125</ele>
        <time>2026-03-30T16:02:47.000Z</time>
        <extensions>
          <ns3:TrackPointExtension>
            <ns3:hr>148</ns3:hr>
            <ns3:cad>44</ns3:cad>
          </ns3:TrackPointExtension>
        </extensions>
      </trkpt>
      <trkpt lat="35.97241410054266452789306640625" lon="-81.11045633442699909210205078125">
        <ele>531.20001220703125</ele>
        <time>2026-03-30T16:02:49.000Z</time>
        <extensions>
          <ns3:TrackPointExtension>
            <ns3:hr>144</ns3:hr>
            <ns3:cad>44</ns3:cad>
          </ns3:TrackPointExtension>
        </extensions>
      </trkpt>
      <trkpt lat="35.9724225662648677825927734375" lon="-81.11044116318225860595703125">
        <ele>531.20001220703125</ele>
        <time>2026-03-30T16:02:51.000Z</time>
        <extensions>
          <ns3:TrackPointExtension>
            <ns3:hr>143</ns3:hr>
            <ns3:cad>43</ns3:cad>
          </ns3:TrackPointExtension>
        </extensions>
      </trkpt>
      <trkpt lat="35.97244377247989177703857421875" lon="-81.11039422452449798583984375">
        <ele>531.5999755859375</ele>
        <time>2026-03-30T16:02:59.000Z</time>
        <extensions>
          <ns3:TrackPointExtension>
            <ns3:hr>142</ns3:hr>
            <ns3:cad>0</ns3:cad>
          </ns3:TrackPointExtension>
        </extensions>
      </trkpt>
      <trkpt lat="35.9724879451096057891845703125" lon="-81.1103467829525470733642578125">
        <ele>531.79998779296875</ele>
        <time>2026-03-30T16:03:05.000Z</time>
        <extensions>
          <ns3:TrackPointExtension>
            <ns3:hr>141</ns3:hr>
            <ns3:cad>0</ns3:cad>
          </ns3:TrackPointExtension>
        </extensions>
      </trkpt>
      <trkpt lat="35.97252541221678256988525390625" lon="-81.1102996766567230224609375">
        <ele>531.5999755859375</ele>
        <time>2026-03-30T16:03:13.000Z</time>
        <extensions>
          <ns3:TrackPointExtension>
            <ns3:hr>139</ns3:hr>
            <ns3:cad>0</ns3:cad>
          </ns3:TrackPointExtension>
        </extensions>
      </trkpt>
      <trkpt lat="35.97254837863147258758544921875" lon="-81.11026857979595661163330078125">
        <ele>531.5999755859375</ele>
        <time>2026-03-30T16:03:20.000Z</time>
        <extensions>
          <ns3:TrackPointExtension>
            <ns3:hr>136</ns3:hr>
            <ns3:cad>0</ns3:cad>
          </ns3:TrackPointExtension>
        </extensions>
      </trkpt>
      <trkpt lat="35.97255726344883441925048828125" lon="-81.1102616228163242340087890625">
        <ele>531.4000244140625</ele>
        <time>2026-03-30T16:03:22.000Z</time>
        <extensions>
          <ns3:TrackPointExtension>
            <ns3:hr>135</ns3:hr>
            <ns3:cad>0</ns3:cad>
          </ns3:TrackPointExtension>
        </extensions>
      </trkpt>
      <trkpt lat="35.97259917296469211578369140625" lon="-81.11021812073886394500732421875">
        <ele>531.4000244140625</ele>
        <time>2026-03-30T16:03:28.000Z</time>
        <extensions>
          <ns3:TrackPointExtension>
            <ns3:hr>136</ns3:hr>
            <ns3:cad>0</ns3:cad>
          </ns3:TrackPointExtension>
        </extensions>
      </trkpt>
      <trkpt lat="35.97263404168188571929931640625" lon="-81.11016782931983470916748046875">
        <ele>531.20001220703125</ele>
        <time>2026-03-30T16:03:35.000Z</time>
        <extensions>
          <ns3:TrackPointExtension>
            <ns3:hr>137</ns3:hr>
            <ns3:cad>0</ns3:cad>
          </ns3:TrackPointExtension>
        </extensions>
      </trkpt>
      <trkpt lat="35.97265047021210193634033203125" lon="-81.1101369000971317291259765625">
        <ele>531.20001220703125</ele>
        <time>2026-03-30T16:03:39.000Z</time>
        <extensions>
          <ns3:TrackPointExtension>
            <ns3:hr>134</ns3:hr>
            <ns3:cad>41</ns3:cad>
          </ns3:TrackPointExtension>
        </extensions>
      </trkpt>
      <trkpt lat="35.97266840748488903045654296875" lon="-81.1101063899695873260498046875">
        <ele>531.20001220703125</ele>
        <time>2026-03-30T16:03:42.000Z</time>
        <extensions>
          <ns3:TrackPointExtension>
            <ns3:hr>130</ns3:hr>
            <ns3:cad>40</ns3:cad>
          </ns3:TrackPointExtension>
        </extensions>
      </trkpt>
      <trkpt lat="35.97267796285450458526611328125" lon="-81.11009247601032257080078125">
        <ele>531.20001220703125</ele>
        <time>2026-03-30T16:03:44.000Z</time>
        <extensions>
          <ns3:TrackPointExtension>
            <ns3:hr>126</ns3:hr>
            <ns3:cad>41</ns3:cad>
          </ns3:TrackPointExtension>
        </extensions>
      </trkpt>
      <trkpt lat="35.972716100513935089111328125" lon="-81.1100581102073192596435546875">
        <ele>530.79998779296875</ele>
        <time>2026-03-30T16:03:49.000Z</time>
        <extensions>
          <ns3:TrackPointExtension>
            <ns3:hr>126</ns3:hr>
            <ns3:cad>0</ns3:cad>
          </ns3:TrackPointExtension>
        </extensions>
      </trkpt>
      <trkpt lat="35.9727350436151027679443359375" lon="-81.1100287735462188720703125">
        <ele>531.4000244140625</ele>
        <time>2026-03-30T16:03:55.000Z</time>
        <extensions>
          <ns3:TrackPointExtension>
            <ns3:hr>123</ns3:hr>
            <ns3:cad>0</ns3:cad>
          </ns3:TrackPointExtension>
        </extensions>
      </trkpt>
      <trkpt lat="35.9727347083389759063720703125" lon="-81.11003958620131015777587890625">
        <ele>531.20001220703125</ele>
        <time>2026-03-30T16:03:59.000Z</time>
        <extensions>
          <ns3:TrackPointExtension>
            <ns3:hr>120</ns3:hr>
            <ns3:cad>0</ns3:cad>
          </ns3:TrackPointExtension>
        </extensions>
      </trkpt>
      <trkpt lat="35.97275239415466785430908203125" lon="-81.11001175828278064727783203125">
        <ele>530.5999755859375</ele>
        <time>2026-03-30T16:04:04.000Z</time>
        <extensions>
          <ns3:TrackPointExtension>
            <ns3:hr>122</ns3:hr>
            <ns3:cad>40</ns3:cad>
          </ns3:TrackPointExtension>
        </extensions>
      </trkpt>
      <trkpt lat="35.97276764921844005584716796875" lon="-81.10998384654521942138671875">
        <ele>530.4000244140625</ele>
        <time>2026-03-30T16:04:06.000Z</time>
        <extensions>
          <ns3:TrackPointExtension>
            <ns3:hr>125</ns3:hr>
            <ns3:cad>40</ns3:cad>
          </ns3:TrackPointExtension>
        </extensions>
      </trkpt>
      <trkpt lat="35.97277636639773845672607421875" lon="-81.10995979048311710357666015625">
        <ele>530.5999755859375</ele>
        <time>2026-03-30T16:04:12.000Z</time>
        <extensions>
          <ns3:TrackPointExtension>
            <ns3:hr>123</ns3:hr>
            <ns3:cad>75</ns3:cad>
          </ns3:TrackPointExtension>
        </extensions>
      </trkpt>
      <trkpt lat="35.97279245965182781219482421875" lon="-81.10993883572518825531005859375">
        <ele>530</ele>
        <time>2026-03-30T16:04:18.000Z</time>
        <extensions>
          <ns3:TrackPointExtension>
            <ns3:hr>123</ns3:hr>
            <ns3:cad>70</ns3:cad>
          </ns3:TrackPointExtension>
        </extensions>
      </trkpt>
      <trkpt lat="35.9727989137172698974609375" lon="-81.1099390871822834014892578125">
        <ele>529.79998779296875</ele>
        <time>2026-03-30T16:04:20.000Z</time>
        <extensions>
          <ns3:TrackPointExtension>
            <ns3:hr>123</ns3:hr>
            <ns3:cad>0</ns3:cad>
          </ns3:TrackPointExtension>
        </extensions>
      </trkpt>
      <trkpt lat="35.972797572612762451171875" lon="-81.1099387519061565399169921875">
        <ele>529.79998779296875</ele>
        <time>2026-03-30T16:04:22.000Z</time>
        <extensions>
          <ns3:TrackPointExtension>
            <ns3:hr>120</ns3:hr>
            <ns3:cad>0</ns3:cad>
          </ns3:TrackPointExtension>
        </extensions>
      </trkpt>
      <trkpt lat="35.9727960638701915740966796875" lon="-81.10993690788745880126953125">
        <ele>529.79998779296875</ele>
        <time>2026-03-30T16:04:24.000Z</time>
        <extensions>
          <ns3:TrackPointExtension>
            <ns3:hr>119</ns3:hr>
            <ns3:cad>0</ns3:cad>
          </ns3:TrackPointExtension>
        </extensions>
      </trkpt>
      <trkpt lat="35.972812660038471221923828125" lon="-81.10995073802769184112548828125">
        <ele>530</ele>
        <time>2026-03-30T16:04:32.000Z</time>
        <extensions>
          <ns3:TrackPointExtension>
            <ns3:hr>121</ns3:hr>
            <ns3:cad>0</ns3:cad>
          </ns3:TrackPointExtension>
        </extensions>
      </trkpt>
      <trkpt lat="35.97281039692461490631103515625" lon="-81.10995895229279994964599609375">
        <ele>530</ele>
        <time>2026-03-30T16:04:37.000Z</time>
        <extensions>
          <ns3:TrackPointExtension>
            <ns3:hr>124</ns3:hr>
            <ns3:cad>0</ns3:cad>
          </ns3:TrackPointExtension>
        </extensions>
      </trkpt>
      <trkpt lat="35.97280335612595081329345703125" lon="-81.1099672503769397735595703125">
        <ele>530</ele>
        <time>2026-03-30T16:04:41.000Z</time>
        <extensions>
          <ns3:TrackPointExtension>
            <ns3:hr>127</ns3:hr>
            <ns3:cad>0</ns3:cad>
          </ns3:TrackPointExtension>
        </extensions>
      </trkpt>
      <trkpt lat="35.9728024341166019439697265625" lon="-81.1099595390260219573974609375">
        <ele>530</ele>
        <time>2026-03-30T16:04:47.000Z</time>
        <extensions>
          <ns3:TrackPointExtension>
            <ns3:hr>129</ns3:hr>
            <ns3:cad>0</ns3:cad>
          </ns3:TrackPointExtension>
        </extensions>
      </trkpt>
      <trkpt lat="35.97279849462211132049560546875" lon="-81.109936572611331939697265625">
        <ele>530.20001220703125</ele>
        <time>2026-03-30T16:04:53.000Z</time>
        <extensions>
          <ns3:TrackPointExtension>
            <ns3:hr>132</ns3:hr>
            <ns3:cad>0</ns3:cad>
          </ns3:TrackPointExtension>
        </extensions>
      </trkpt>
      <trkpt lat="35.9727990813553333282470703125" lon="-81.1099421046674251556396484375">
        <ele>530</ele>
        <time>2026-03-30T16:04:54.000Z</time>
        <extensions>
          <ns3:TrackPointExtension>
            <ns3:hr>132</ns3:hr>
            <ns3:cad>0</ns3:cad>
          </ns3:TrackPointExtension>
        </extensions>
      </trkpt>
      <trkpt lat="35.97282238304615020751953125" lon="-81.1099679209291934967041015625">
        <ele>529</ele>
        <time>2026-03-30T16:05:01.000Z</time>
        <extensions>
          <ns3:TrackPointExtension>
            <ns3:hr>131</ns3:hr>
            <ns3:cad>0</ns3:cad>
          </ns3:TrackPointExtension>
        </extensions>
      </trkpt>
      <trkpt lat="35.9728123247623443603515625" lon="-81.10996616072952747344970703125">
        <ele>528.5999755859375</ele>
        <time>2026-03-30T16:05:08.000Z</time>
        <extensions>
          <ns3:TrackPointExtension>
            <ns3:hr>133</ns3:hr>
            <ns3:cad>0</ns3:cad>
          </ns3:TrackPointExtension>
        </extensions>
      </trkpt>
      <trkpt lat="35.9728123247623443603515625" lon="-81.10996616072952747344970703125">
        <ele>528.5999755859375</ele>
        <time>2026-03-30T16:05:11.000Z</time>
        <extensions>
          <ns3:TrackPointExtension>
            <ns3:hr>129</ns3:hr>
            <ns3:cad>0</ns3:cad>
          </ns3:TrackPointExtension>
        </extensions>
      </trkpt>
      <trkpt lat="35.9728181920945644378662109375" lon="-81.10995702445507049560546875">
        <ele>528.79998779296875</ele>
        <time>2026-03-30T16:05:13.000Z</time>
        <extensions>
          <ns3:TrackPointExtension>
            <ns3:hr>125</ns3:hr>
            <ns3:cad>0</ns3:cad>
          </ns3:TrackPointExtension>
        </extensions>
      </trkpt>
      <trkpt lat="35.97282246686518192291259765625" lon="-81.10995140857994556427001953125">
        <ele>528.79998779296875</ele>
        <time>2026-03-30T16:05:14.000Z</time>
        <extensions>
          <ns3:TrackPointExtension>
            <ns3:hr>120</ns3:hr>
            <ns3:cad>0</ns3:cad>
          </ns3:TrackPointExtension>
        </extensions>
      </trkpt>
      <trkpt lat="35.9728376381099224090576171875" lon="-81.109929867088794708251953125">
        <ele>528.79998779296875</ele>
        <time>2026-03-30T16:05:16.000Z</time>
        <extensions>
          <ns3:TrackPointExtension>
            <ns3:hr>118</ns3:hr>
            <ns3:cad>0</ns3:cad>
          </ns3:TrackPointExtension>
        </extensions>
      </trkpt>
      <trkpt lat="35.972851552069187164306640625" lon="-81.10991369001567363739013671875">
        <ele>528.5999755859375</ele>
        <time>2026-03-30T16:05:18.000Z</time>
        <extensions>
          <ns3:TrackPointExtension>
            <ns3:hr>122</ns3:hr>
            <ns3:cad>0</ns3:cad>
          </ns3:TrackPointExtension>
        </extensions>
      </trkpt>
      <trkpt lat="35.97285700030624866485595703125" lon="-81.1099055595695972442626953125">
        <ele>528.4000244140625</ele>
        <time>2026-03-30T16:05:19.000Z</time>
        <extensions>
          <ns3:TrackPointExtension>
            <ns3:hr>130</ns3:hr>
            <ns3:cad>0</ns3:cad>
          </ns3:TrackPointExtension>
        </extensions>
      </trkpt>
      <trkpt lat="35.97288432531058788299560546875" lon="-81.10990027897059917449951171875">
        <ele>528.5999755859375</ele>
        <time>2026-03-30T16:05:24.000Z</time>
        <extensions>
          <ns3:TrackPointExtension>
            <ns3:hr>133</ns3:hr>
            <ns3:cad>68</ns3:cad>
          </ns3:TrackPointExtension>
        </extensions>
      </trkpt>
      <trkpt lat="35.97289220429956912994384765625" lon="-81.109901033341884613037109375">
        <ele>528.4000244140625</ele>
        <time>2026-03-30T16:05:25.000Z</time>
        <extensions>
          <ns3:TrackPointExtension>
            <ns3:hr>132</ns3:hr>
            <ns3:cad>68</ns3:cad>
          </ns3:TrackPointExtension>
        </extensions>
      </trkpt>
      <trkpt lat="35.972910225391387939453125" lon="-81.10988804139196872711181640625">
        <ele>528</ele>
        <time>2026-03-30T16:05:28.000Z</time>
        <extensions>
          <ns3:TrackPointExtension>
            <ns3:hr>133</ns3:hr>
            <ns3:cad>45</ns3:cad>
          </ns3:TrackPointExtension>
        </extensions>
      </trkpt>
      <trkpt lat="35.97294752486050128936767578125" lon="-81.1098676733672618865966796875">
        <ele>527.5999755859375</ele>
        <time>2026-03-30T16:05:33.000Z</time>
        <extensions>
          <ns3:TrackPointExtension>
            <ns3:hr>131</ns3:hr>
            <ns3:cad>42</ns3:cad>
          </ns3:TrackPointExtension>
        </extensions>
      </trkpt>
      <trkpt lat="35.972946099936962127685546875" lon="-81.10988996922969818115234375">
        <ele>527</ele>
        <time>2026-03-30T16:05:40.000Z</time>
        <extensions>
          <ns3:TrackPointExtension>
            <ns3:hr>129</ns3:hr>
            <ns3:cad>0</ns3:cad>
          </ns3:TrackPointExtension>
        </extensions>
      </trkpt>
      <trkpt lat="35.97294903360307216644287109375" lon="-81.109896004199981689453125">
        <ele>526.79998779296875</ele>
        <time>2026-03-30T16:05:41.000Z</time>
        <extensions>
          <ns3:TrackPointExtension>
            <ns3:hr>128</ns3:hr>
            <ns3:cad>0</ns3:cad>
          </ns3:TrackPointExtension>
        </extensions>
      </trkpt>
      <trkpt lat="35.972974933683872222900390625" lon="-81.10991352237761020660400390625">
        <ele>526.20001220703125</ele>
        <time>2026-03-30T16:05:47.000Z</time>
        <extensions>
          <ns3:TrackPointExtension>
            <ns3:hr>126</ns3:hr>
            <ns3:cad>0</ns3:cad>
          </ns3:TrackPointExtension>
        </extensions>
      </trkpt>
      <trkpt lat="35.97300552763044834136962890625" lon="-81.1099012009799480438232421875">
        <ele>526</ele>
        <time>2026-03-30T16:05:53.000Z</time>
        <extensions>
          <ns3:TrackPointExtension>
            <ns3:hr>123</ns3:hr>
            <ns3:cad>0</ns3:cad>
          </ns3:TrackPointExtension>
        </extensions>
      </trkpt>
      <trkpt lat="35.97301013767719268798828125" lon="-81.10990061424672603607177734375">
        <ele>526</ele>
        <time>2026-03-30T16:05:54.000Z</time>
        <extensions>
          <ns3:TrackPointExtension>
            <ns3:hr>116</ns3:hr>
            <ns3:cad>0</ns3:cad>
          </ns3:TrackPointExtension>
        </extensions>
      </trkpt>
      <trkpt lat="35.9730146639049053192138671875" lon="-81.1099134385585784912109375">
        <ele>525.79998779296875</ele>
        <time>2026-03-30T16:05:56.000Z</time>
        <extensions>
          <ns3:TrackPointExtension>
            <ns3:hr>113</ns3:hr>
            <ns3:cad>0</ns3:cad>
          </ns3:TrackPointExtension>
        </extensions>
      </trkpt>
      <trkpt lat="35.9730173461139202117919921875" lon="-81.10991754569113254547119140625">
        <ele>525.20001220703125</ele>
        <time>2026-03-30T16:05:58.000Z</time>
        <extensions>
          <ns3:TrackPointExtension>
            <ns3:hr>110</ns3:hr>
            <ns3:cad>0</ns3:cad>
          </ns3:TrackPointExtension>
        </extensions>
      </trkpt>
      <trkpt lat="35.97302799113094806671142578125" lon="-81.10991947352886199951171875">
        <ele>524.79998779296875</ele>
        <time>2026-03-30T16:06:00.000Z</time>
        <extensions>
          <ns3:TrackPointExtension>
            <ns3:hr>110</ns3:hr>
            <ns3:cad>0</ns3:cad>
          </ns3:TrackPointExtension>
        </extensions>
      </trkpt>
      <trkpt lat="35.9730374626815319061279296875" lon="-81.10992073081433773040771484375">
        <ele>524.79998779296875</ele>
        <time>2026-03-30T16:06:01.000Z</time>
        <extensions>
          <ns3:TrackPointExtension>
            <ns3:hr>110</ns3:hr>
            <ns3:cad>0</ns3:cad>
          </ns3:TrackPointExtension>
        </extensions>
      </trkpt>
      <trkpt lat="35.9730770252645015716552734375" lon="-81.1099146120250225067138671875">
        <ele>524.4000244140625</ele>
        <time>2026-03-30T16:06:06.000Z</time>
        <extensions>
          <ns3:TrackPointExtension>
            <ns3:hr>109</ns3:hr>
            <ns3:cad>0</ns3:cad>
          </ns3:TrackPointExtension>
        </extensions>
      </trkpt>
      <trkpt lat="35.97309035249054431915283203125" lon="-81.1099072359502315521240234375">
        <ele>524.79998779296875</ele>
        <time>2026-03-30T16:06:16.000Z</time>
        <extensions>
          <ns3:TrackPointExtension>
            <ns3:hr>109</ns3:hr>
            <ns3:cad>0</ns3:cad>
          </ns3:TrackPointExtension>
        </extensions>
      </trkpt>
      <trkpt lat="35.97305095754563808441162109375" lon="-81.10991586931049823760986328125">
        <ele>525.20001220703125</ele>
        <time>2026-03-30T16:06:22.000Z</time>
        <extensions>
          <ns3:TrackPointExtension>
            <ns3:hr>110</ns3:hr>
            <ns3:cad>0</ns3:cad>
          </ns3:TrackPointExtension>
        </extensions>
      </trkpt>
      <trkpt lat="35.9730438329279422760009765625" lon="-81.1099286936223506927490234375">
        <ele>524.5999755859375</ele>
        <time>2026-03-30T16:06:25.000Z</time>
        <extensions>
          <ns3:TrackPointExtension>
            <ns3:hr>110</ns3:hr>
            <ns3:cad>0</ns3:cad>
          </ns3:TrackPointExtension>
        </extensions>
      </trkpt>
      <trkpt lat="35.97303888760507106781005859375" lon="-81.10995308496057987213134765625">
        <ele>523.5999755859375</ele>
        <time>2026-03-30T16:06:29.000Z</time>
        <extensions>
          <ns3:TrackPointExtension>
            <ns3:hr>111</ns3:hr>
            <ns3:cad>0</ns3:cad>
          </ns3:TrackPointExtension>
        </extensions>
      </trkpt>
      <trkpt lat="35.9730458445847034454345703125" lon="-81.10996515490114688873291015625">
        <ele>523</ele>
        <time>2026-03-30T16:06:33.000Z</time>
        <extensions>
          <ns3:TrackPointExtension>
            <ns3:hr>113</ns3:hr>
            <ns3:cad>0</ns3:cad>
          </ns3:TrackPointExtension>
        </extensions>
      </trkpt>
      <trkpt lat="35.9730666317045688629150390625" lon="-81.109976470470428466796875">
        <ele>522.5999755859375</ele>
        <time>2026-03-30T16:06:36.000Z</time>
        <extensions>
          <ns3:TrackPointExtension>
            <ns3:hr>112</ns3:hr>
            <ns3:cad>0</ns3:cad>
          </ns3:TrackPointExtension>
        </extensions>
      </trkpt>
      <trkpt lat="35.97312119789421558380126953125" lon="-81.10996012575924396514892578125">
        <ele>521.5999755859375</ele>
        <time>2026-03-30T16:06:43.000Z</time>
        <extensions>
          <ns3:TrackPointExtension>
            <ns3:hr>110</ns3:hr>
            <ns3:cad>52</ns3:cad>
          </ns3:TrackPointExtension>
        </extensions>
      </trkpt>
      <trkpt lat="35.973127149045467376708984375" lon="-81.10995811410248279571533203125">
        <ele>521.5999755859375</ele>
        <time>2026-03-30T16:06:44.000Z</time>
        <extensions>
          <ns3:TrackPointExtension>
            <ns3:hr>110</ns3:hr>
            <ns3:cad>52</ns3:cad>
          </ns3:TrackPointExtension>
        </extensions>
      </trkpt>
      <trkpt lat="35.973139889538288116455078125" lon="-81.1099545098841190338134765625">
        <ele>521.5999755859375</ele>
        <time>2026-03-30T16:06:51.000Z</time>
        <extensions>
          <ns3:TrackPointExtension>
            <ns3:hr>104</ns3:hr>
            <ns3:cad>0</ns3:cad>
          </ns3:TrackPointExtension>
        </extensions>
      </trkpt>
      <trkpt lat="35.973139889538288116455078125" lon="-81.1099545098841190338134765625">
        <ele>521.5999755859375</ele>
        <time>2026-03-30T16:06:53.000Z</time>
        <extensions>
          <ns3:TrackPointExtension>
            <ns3:hr>102</ns3:hr>
            <ns3:cad>0</ns3:cad>
          </ns3:TrackPointExtension>
        </extensions>
      </trkpt>
      <trkpt lat="35.97314835526049137115478515625" lon="-81.10995543189346790313720703125">
        <ele>520.79998779296875</ele>
        <time>2026-03-30T16:06:59.000Z</time>
        <extensions>
          <ns3:TrackPointExtension>
            <ns3:hr>105</ns3:hr>
            <ns3:cad>40</ns3:cad>
          </ns3:TrackPointExtension>
        </extensions>
      </trkpt>
      <trkpt lat="35.97315363585948944091796875" lon="-81.1099545098841190338134765625">
        <ele>520.5999755859375</ele>
        <time>2026-03-30T16:07:00.000Z</time>
        <extensions>
          <ns3:TrackPointExtension>
            <ns3:hr>106</ns3:hr>
            <ns3:cad>40</ns3:cad>
          </ns3:TrackPointExtension>
        </extensions>
      </trkpt>
      <trkpt lat="35.97317534498870372772216796875" lon="-81.10992592759430408477783203125">
        <ele>520.79998779296875</ele>
        <time>2026-03-30T16:07:06.000Z</time>
        <extensions>
          <ns3:TrackPointExtension>
            <ns3:hr>105</ns3:hr>
            <ns3:cad>0</ns3:cad>
          </ns3:TrackPointExtension>
        </extensions>
      </trkpt>
      <trkpt lat="35.973186828196048736572265625" lon="-81.10993213020265102386474609375">
        <ele>520.79998779296875</ele>
        <time>2026-03-30T16:07:14.000Z</time>
        <extensions>
          <ns3:TrackPointExtension>
            <ns3:hr>106</ns3:hr>
            <ns3:cad>0</ns3:cad>
          </ns3:TrackPointExtension>
        </extensions>
      </trkpt>
      <trkpt lat="35.9731739200651645660400390625" lon="-81.10993213020265102386474609375">
        <ele>520.5999755859375</ele>
        <time>2026-03-30T16:07:19.000Z</time>
        <extensions>
          <ns3:TrackPointExtension>
            <ns3:hr>109</ns3:hr>
            <ns3:cad>0</ns3:cad>
          </ns3:TrackPointExtension>
        </extensions>
      </trkpt>
      <trkpt lat="35.9731504507362842559814453125" lon="-81.1099481396377086639404296875">
        <ele>521.5999755859375</ele>
        <time>2026-03-30T16:07:25.000Z</time>
        <extensions>
          <ns3:TrackPointExtension>
            <ns3:hr>111</ns3:hr>
            <ns3:cad>0</ns3:cad>
          </ns3:TrackPointExtension>
        </extensions>
      </trkpt>
      <trkpt lat="35.97310862503945827484130859375" lon="-81.10996096394956111907958984375">
        <ele>522</ele>
        <time>2026-03-30T16:07:31.000Z</time>
        <extensions>
          <ns3:TrackPointExtension>
            <ns3:hr>112</ns3:hr>
            <ns3:cad>0</ns3:cad>
          </ns3:TrackPointExtension>
        </extensions>
      </trkpt>
      <trkpt lat="35.97310409881174564361572265625" lon="-81.10996775329113006591796875">
        <ele>521.79998779296875</ele>
        <time>2026-03-30T16:07:33.000Z</time>
        <extensions>
          <ns3:TrackPointExtension>
            <ns3:hr>114</ns3:hr>
            <ns3:cad>0</ns3:cad>
          </ns3:TrackPointExtension>
        </extensions>
      </trkpt>
    </trkseg>
  </trk>
</gpx>
