<?xml version="1.0" encoding="UTF-8"?>
<gpx creator="Garmin Connect" version="1.1"
  xsi:schemaLocation="http://www.topografix.com/GPX/1/1 http://www.topografix.com/GPX/11.xsd"
  xmlns:ns3="http://www.garmin.com/xmlschemas/TrackPointExtension/v1"
  xmlns="http://www.topografix.com/GPX/1/1"
  xmlns:xsi="http://www.w3.org/2001/XMLSchema-instance" xmlns:ns2="http://www.garmin.com/xmlschemas/GpxExtensions/v3">
  <metadata>
    <link href="connect.garmin.com">
      <text>Garmin Connect</text>
    </link>
    <time>2026-03-30T12:26:22.000Z</time>
  </metadata>
  <trk>
    <name>Alexander County Hiking</name>
    <type>hiking</type>
    <trkseg>
      <trkpt lat="35.97225165925920009613037109375" lon="-81.10814091749489307403564453125">
        <ele>542.20001220703125</ele>
        <time>2026-03-30T12:26:22.000Z</time>
        <extensions>
          <ns3:TrackPointExtension>
            <ns3:hr>100</ns3:hr>
            <ns3:cad>0</ns3:cad>
          </ns3:TrackPointExtension>
        </extensions>
      </trkpt>
      <trkpt lat="35.9722542576491832733154296875" lon="-81.1081349663436412811279296875">
        <ele>542</ele>
        <time>2026-03-30T12:26:23.000Z</time>
        <extensions>
          <ns3:TrackPointExtension>
            <ns3:hr>101</ns3:hr>
            <ns3:cad>0</ns3:cad>
          </ns3:TrackPointExtension>
        </extensions>
      </trkpt>
      <trkpt lat="35.9722673334181308746337890625" lon="-81.1080806516110897064208984375">
        <ele>541.5999755859375</ele>
        <time>2026-03-30T12:26:30.000Z</time>
        <extensions>
          <ns3:TrackPointExtension>
            <ns3:hr>102</ns3:hr>
            <ns3:cad>68</ns3:cad>
          </ns3:TrackPointExtension>
        </extensions>
      </trkpt>
      <trkpt lat="35.97226138226687908172607421875" lon="-81.1080330424010753631591796875">
        <ele>541.4000244140625</ele>
        <time>2026-03-30T12:26:37.000Z</time>
        <extensions>
          <ns3:TrackPointExtension>
            <ns3:hr>100</ns3:hr>
            <ns3:cad>69</ns3:cad>
          </ns3:TrackPointExtension>
        </extensions>
      </trkpt>
      <trkpt lat="35.97225333563983440399169921875" lon="-81.10800563357770442962646484375">
        <ele>541.20001220703125</ele>
        <time>2026-03-30T12:26:41.000Z</time>
        <extensions>
          <ns3:TrackPointExtension>
            <ns3:hr>97</ns3:hr>
            <ns3:cad>73</ns3:cad>
          </ns3:TrackPointExtension>
        </extensions>
      </trkpt>
      <trkpt lat="35.9722465462982654571533203125" lon="-81.1080032028257846832275390625">
        <ele>540.79998779296875</ele>
        <time>2026-03-30T12:26:44.000Z</time>
        <extensions>
          <ns3:TrackPointExtension>
            <ns3:hr>97</ns3:hr>
            <ns3:cad>0</ns3:cad>
          </ns3:TrackPointExtension>
        </extensions>
      </trkpt>
      <trkpt lat="35.9722495637834072113037109375" lon="-81.10800747759640216827392578125">
        <ele>540.5999755859375</ele>
        <time>2026-03-30T12:26:51.000Z</time>
        <extensions>
          <ns3:TrackPointExtension>
            <ns3:hr>98</ns3:hr>
            <ns3:cad>0</ns3:cad>
          </ns3:TrackPointExtension>
        </extensions>
      </trkpt>
      <trkpt lat="35.97226289100944995880126953125" lon="-81.10796875320374965667724609375">
        <ele>540</ele>
        <time>2026-03-30T12:26:57.000Z</time>
        <extensions>
          <ns3:TrackPointExtension>
            <ns3:hr>99</ns3:hr>
            <ns3:cad>0</ns3:cad>
          </ns3:TrackPointExtension>
        </extensions>
      </trkpt>
      <trkpt lat="35.972256101667881011962890625" lon="-81.1079348064959049224853515625">
        <ele>539.20001220703125</ele>
        <time>2026-03-30T12:27:02.000Z</time>
        <extensions>
          <ns3:TrackPointExtension>
            <ns3:hr>96</ns3:hr>
            <ns3:cad>0</ns3:cad>
          </ns3:TrackPointExtension>
        </extensions>
      </trkpt>
      <trkpt lat="35.9722544252872467041015625" lon="-81.1079366505146026611328125">
        <ele>539.20001220703125</ele>
        <time>2026-03-30T12:27:03.000Z</time>
        <extensions>
          <ns3:TrackPointExtension>
            <ns3:hr>95</ns3:hr>
            <ns3:cad>0</ns3:cad>
          </ns3:TrackPointExtension>
        </extensions>
      </trkpt>
      <trkpt lat="35.97225434146821498870849609375" lon="-81.10793463885784149169921875">
        <ele>539</ele>
        <time>2026-03-30T12:27:04.000Z</time>
        <extensions>
          <ns3:TrackPointExtension>
            <ns3:hr>95</ns3:hr>
            <ns3:cad>0</ns3:cad>
          </ns3:TrackPointExtension>
        </extensions>
      </trkpt>
      <trkpt lat="35.97226490266621112823486328125" lon="-81.10792181454598903656005859375">
        <ele>538.5999755859375</ele>
        <time>2026-03-30T12:27:09.000Z</time>
        <extensions>
          <ns3:TrackPointExtension>
            <ns3:hr>94</ns3:hr>
            <ns3:cad>0</ns3:cad>
          </ns3:TrackPointExtension>
        </extensions>
      </trkpt>
      <trkpt lat="35.9722651541233062744140625" lon="-81.10789482481777667999267578125">
        <ele>538.5999755859375</ele>
        <time>2026-03-30T12:27:17.000Z</time>
        <extensions>
          <ns3:TrackPointExtension>
            <ns3:hr>96</ns3:hr>
            <ns3:cad>0</ns3:cad>
          </ns3:TrackPointExtension>
        </extensions>
      </trkpt>
      <trkpt lat="35.9722535870969295501708984375" lon="-81.10786917619407176971435546875">
        <ele>538</ele>
        <time>2026-03-30T12:27:21.000Z</time>
        <extensions>
          <ns3:TrackPointExtension>
            <ns3:hr>99</ns3:hr>
            <ns3:cad>0</ns3:cad>
          </ns3:TrackPointExtension>
        </extensions>
      </trkpt>
      <trkpt lat="35.97225107252597808837890625" lon="-81.10786062665283679962158203125">
        <ele>538</ele>
        <time>2026-03-30T12:27:22.000Z</time>
        <extensions>
          <ns3:TrackPointExtension>
            <ns3:hr>100</ns3:hr>
            <ns3:cad>0</ns3:cad>
          </ns3:TrackPointExtension>
        </extensions>
      </trkpt>
      <trkpt lat="35.9722492285072803497314453125" lon="-81.107841096818447113037109375">
        <ele>537.5999755859375</ele>
        <time>2026-03-30T12:27:25.000Z</time>
        <extensions>
          <ns3:TrackPointExtension>
            <ns3:hr>99</ns3:hr>
            <ns3:cad>0</ns3:cad>
          </ns3:TrackPointExtension>
        </extensions>
      </trkpt>
      <trkpt lat="35.97225149162113666534423828125" lon="-81.10783539712429046630859375">
        <ele>537.4000244140625</ele>
        <time>2026-03-30T12:27:28.000Z</time>
        <extensions>
          <ns3:TrackPointExtension>
            <ns3:hr>96</ns3:hr>
            <ns3:cad>0</ns3:cad>
          </ns3:TrackPointExtension>
        </extensions>
      </trkpt>
      <trkpt lat="35.9722448699176311492919921875" lon="-81.10782827250659465789794921875">
        <ele>537</ele>
        <time>2026-03-30T12:27:31.000Z</time>
        <extensions>
          <ns3:TrackPointExtension>
            <ns3:hr>95</ns3:hr>
            <ns3:cad>0</ns3:cad>
          </ns3:TrackPointExtension>
        </extensions>
      </trkpt>
      <trkpt lat="35.97224260680377483367919921875" lon="-81.1078251712024211883544921875">
        <ele>536.79998779296875</ele>
        <time>2026-03-30T12:27:34.000Z</time>
        <extensions>
          <ns3:TrackPointExtension>
            <ns3:hr>96</ns3:hr>
            <ns3:cad>0</ns3:cad>
          </ns3:TrackPointExtension>
        </extensions>
      </trkpt>
      <trkpt lat="35.9722287766635417938232421875" lon="-81.10782072879374027252197265625">
        <ele>536.79998779296875</ele>
        <time>2026-03-30T12:27:39.000Z</time>
        <extensions>
          <ns3:TrackPointExtension>
            <ns3:hr>96</ns3:hr>
            <ns3:cad>0</ns3:cad>
          </ns3:TrackPointExtension>
        </extensions>
      </trkpt>
      <trkpt lat="35.97222517244517803192138671875" lon="-81.107793152332305908203125">
        <ele>536.4000244140625</ele>
        <time>2026-03-30T12:27:44.000Z</time>
        <extensions>
          <ns3:TrackPointExtension>
            <ns3:hr>99</ns3:hr>
            <ns3:cad>0</ns3:cad>
          </ns3:TrackPointExtension>
        </extensions>
      </trkpt>
      <trkpt lat="35.972203128039836883544921875" lon="-81.107790805399417877197265625">
        <ele>536</ele>
        <time>2026-03-30T12:27:52.000Z</time>
        <extensions>
          <ns3:TrackPointExtension>
            <ns3:hr>101</ns3:hr>
            <ns3:cad>0</ns3:cad>
          </ns3:TrackPointExtension>
        </extensions>
      </trkpt>
      <trkpt lat="35.97217856906354427337646484375" lon="-81.10780832357704639434814453125">
        <ele>536</ele>
        <time>2026-03-30T12:27:57.000Z</time>
        <extensions>
          <ns3:TrackPointExtension>
            <ns3:hr>104</ns3:hr>
            <ns3:cad>0</ns3:cad>
          </ns3:TrackPointExtension>
        </extensions>
      </trkpt>
      <trkpt lat="35.972172953188419342041015625" lon="-81.1078030429780483245849609375">
        <ele>536</ele>
        <time>2026-03-30T12:28:00.000Z</time>
        <extensions>
          <ns3:TrackPointExtension>
            <ns3:hr>104</ns3:hr>
            <ns3:cad>0</ns3:cad>
          </ns3:TrackPointExtension>
        </extensions>
      </trkpt>
      <trkpt lat="35.97217261791229248046875" lon="-81.10779306851327419281005859375">
        <ele>535.79998779296875</ele>
        <time>2026-03-30T12:28:03.000Z</time>
        <extensions>
          <ns3:TrackPointExtension>
            <ns3:hr>104</ns3:hr>
            <ns3:cad>0</ns3:cad>
          </ns3:TrackPointExtension>
        </extensions>
      </trkpt>
      <trkpt lat="35.9721737913787364959716796875" lon="-81.107790805399417877197265625">
        <ele>535.4000244140625</ele>
        <time>2026-03-30T12:28:06.000Z</time>
        <extensions>
          <ns3:TrackPointExtension>
            <ns3:hr>107</ns3:hr>
            <ns3:cad>0</ns3:cad>
          </ns3:TrackPointExtension>
        </extensions>
      </trkpt>
      <trkpt lat="35.972173623740673065185546875" lon="-81.107769012451171875">
        <ele>535</ele>
        <time>2026-03-30T12:28:09.000Z</time>
        <extensions>
          <ns3:TrackPointExtension>
            <ns3:hr>107</ns3:hr>
            <ns3:cad>0</ns3:cad>
          </ns3:TrackPointExtension>
        </extensions>
      </trkpt>
      <trkpt lat="35.9721778146922588348388671875" lon="-81.10775887034833431243896484375">
        <ele>535</ele>
        <time>2026-03-30T12:28:12.000Z</time>
        <extensions>
          <ns3:TrackPointExtension>
            <ns3:hr>104</ns3:hr>
            <ns3:cad>0</ns3:cad>
          </ns3:TrackPointExtension>
        </extensions>
      </trkpt>
      <trkpt lat="35.97219298593699932098388671875" lon="-81.10774277709424495697021484375">
        <ele>534.79998779296875</ele>
        <time>2026-03-30T12:28:17.000Z</time>
        <extensions>
          <ns3:TrackPointExtension>
            <ns3:hr>103</ns3:hr>
            <ns3:cad>0</ns3:cad>
          </ns3:TrackPointExtension>
        </extensions>
      </trkpt>
      <trkpt lat="35.972198434174060821533203125" lon="-81.1077426932752132415771484375">
        <ele>534.79998779296875</ele>
        <time>2026-03-30T12:28:18.000Z</time>
        <extensions>
          <ns3:TrackPointExtension>
            <ns3:hr>103</ns3:hr>
            <ns3:cad>0</ns3:cad>
          </ns3:TrackPointExtension>
        </extensions>
      </trkpt>
      <trkpt lat="35.972227938473224639892578125" lon="-81.10772534273564815521240234375">
        <ele>534.4000244140625</ele>
        <time>2026-03-30T12:28:25.000Z</time>
        <extensions>
          <ns3:TrackPointExtension>
            <ns3:hr>101</ns3:hr>
            <ns3:cad>0</ns3:cad>
          </ns3:TrackPointExtension>
        </extensions>
      </trkpt>
      <trkpt lat="35.97223707474768161773681640625" lon="-81.107705645263195037841796875">
        <ele>534.4000244140625</ele>
        <time>2026-03-30T12:28:32.000Z</time>
        <extensions>
          <ns3:TrackPointExtension>
            <ns3:hr>101</ns3:hr>
            <ns3:cad>0</ns3:cad>
          </ns3:TrackPointExtension>
        </extensions>
      </trkpt>
      <trkpt lat="35.97223875112831592559814453125" lon="-81.10766901634633541107177734375">
        <ele>534</ele>
        <time>2026-03-30T12:28:38.000Z</time>
        <extensions>
          <ns3:TrackPointExtension>
            <ns3:hr>105</ns3:hr>
            <ns3:cad>0</ns3:cad>
          </ns3:TrackPointExtension>
        </extensions>
      </trkpt>
      <trkpt lat="35.97224461846053600311279296875" lon="-81.1076682619750499725341796875">
        <ele>534</ele>
        <time>2026-03-30T12:28:40.000Z</time>
        <extensions>
          <ns3:TrackPointExtension>
            <ns3:hr>106</ns3:hr>
            <ns3:cad>0</ns3:cad>
          </ns3:TrackPointExtension>
        </extensions>
      </trkpt>
      <trkpt lat="35.9722502343356609344482421875" lon="-81.107654012739658355712890625">
        <ele>534.20001220703125</ele>
        <time>2026-03-30T12:28:46.000Z</time>
        <extensions>
          <ns3:TrackPointExtension>
            <ns3:hr>108</ns3:hr>
            <ns3:cad>0</ns3:cad>
          </ns3:TrackPointExtension>
        </extensions>
      </trkpt>
      <trkpt lat="35.97226456739008426666259765625" lon="-81.107628531754016876220703125">
        <ele>534</ele>
        <time>2026-03-30T12:28:52.000Z</time>
        <extensions>
          <ns3:TrackPointExtension>
            <ns3:hr>106</ns3:hr>
            <ns3:cad>0</ns3:cad>
          </ns3:TrackPointExtension>
        </extensions>
      </trkpt>
      <trkpt lat="35.97226758487522602081298828125" lon="-81.1076149530708789825439453125">
        <ele>533.79998779296875</ele>
        <time>2026-03-30T12:28:56.000Z</time>
        <extensions>
          <ns3:TrackPointExtension>
            <ns3:hr>103</ns3:hr>
            <ns3:cad>0</ns3:cad>
          </ns3:TrackPointExtension>
        </extensions>
      </trkpt>
      <trkpt lat="35.9722649864852428436279296875" lon="-81.10759777016937732696533203125">
        <ele>533.20001220703125</ele>
        <time>2026-03-30T12:28:59.000Z</time>
        <extensions>
          <ns3:TrackPointExtension>
            <ns3:hr>102</ns3:hr>
            <ns3:cad>0</ns3:cad>
          </ns3:TrackPointExtension>
        </extensions>
      </trkpt>
      <trkpt lat="35.9722690097987651824951171875" lon="-81.1075683496892452239990234375">
        <ele>532.79998779296875</ele>
        <time>2026-03-30T12:29:05.000Z</time>
        <extensions>
          <ns3:TrackPointExtension>
            <ns3:hr>102</ns3:hr>
            <ns3:cad>65</ns3:cad>
          </ns3:TrackPointExtension>
        </extensions>
      </trkpt>
      <trkpt lat="35.97227043472230434417724609375" lon="-81.107565499842166900634765625">
        <ele>532.5999755859375</ele>
        <time>2026-03-30T12:29:06.000Z</time>
        <extensions>
          <ns3:TrackPointExtension>
            <ns3:hr>102</ns3:hr>
            <ns3:cad>65</ns3:cad>
          </ns3:TrackPointExtension>
        </extensions>
      </trkpt>
      <trkpt lat="35.9723062254488468170166015625" lon="-81.1075235903263092041015625">
        <ele>532.79998779296875</ele>
        <time>2026-03-30T12:29:16.000Z</time>
        <extensions>
          <ns3:TrackPointExtension>
            <ns3:hr>102</ns3:hr>
            <ns3:cad>61</ns3:cad>
          </ns3:TrackPointExtension>
        </extensions>
      </trkpt>
      <trkpt lat="35.97232692874968051910400390625" lon="-81.10748779959976673126220703125">
        <ele>532.20001220703125</ele>
        <time>2026-03-30T12:29:23.000Z</time>
        <extensions>
          <ns3:TrackPointExtension>
            <ns3:hr>104</ns3:hr>
            <ns3:cad>0</ns3:cad>
          </ns3:TrackPointExtension>
        </extensions>
      </trkpt>
      <trkpt lat="35.97234687767922878265380859375" lon="-81.10745712183415889739990234375">
        <ele>531.79998779296875</ele>
        <time>2026-03-30T12:29:31.000Z</time>
        <extensions>
          <ns3:TrackPointExtension>
            <ns3:hr>105</ns3:hr>
            <ns3:cad>0</ns3:cad>
          </ns3:TrackPointExtension>
        </extensions>
      </trkpt>
      <trkpt lat="35.972356013953685760498046875" lon="-81.1074473150074481964111328125">
        <ele>531.5999755859375</ele>
        <time>2026-03-30T12:29:33.000Z</time>
        <extensions>
          <ns3:TrackPointExtension>
            <ns3:hr>104</ns3:hr>
            <ns3:cad>0</ns3:cad>
          </ns3:TrackPointExtension>
        </extensions>
      </trkpt>
      <trkpt lat="35.972369424998760223388671875" lon="-81.10742845572531223297119140625">
        <ele>531.4000244140625</ele>
        <time>2026-03-30T12:29:37.000Z</time>
        <extensions>
          <ns3:TrackPointExtension>
            <ns3:hr>102</ns3:hr>
            <ns3:cad>0</ns3:cad>
          </ns3:TrackPointExtension>
        </extensions>
      </trkpt>
      <trkpt lat="35.97237554378807544708251953125" lon="-81.1073792539536952972412109375">
        <ele>530.5999755859375</ele>
        <time>2026-03-30T12:29:44.000Z</time>
        <extensions>
          <ns3:TrackPointExtension>
            <ns3:hr>100</ns3:hr>
            <ns3:cad>0</ns3:cad>
          </ns3:TrackPointExtension>
        </extensions>
      </trkpt>
      <trkpt lat="35.97237604670226573944091796875" lon="-81.1073785834014415740966796875">
        <ele>530.5999755859375</ele>
        <time>2026-03-30T12:29:45.000Z</time>
        <extensions>
          <ns3:TrackPointExtension>
            <ns3:hr>100</ns3:hr>
            <ns3:cad>0</ns3:cad>
          </ns3:TrackPointExtension>
        </extensions>
      </trkpt>
      <trkpt lat="35.97237579524517059326171875" lon="-81.1073930002748966217041015625">
        <ele>530.4000244140625</ele>
        <time>2026-03-30T12:29:49.000Z</time>
        <extensions>
          <ns3:TrackPointExtension>
            <ns3:hr>97</ns3:hr>
            <ns3:cad>0</ns3:cad>
          </ns3:TrackPointExtension>
        </extensions>
      </trkpt>
      <trkpt lat="35.9723873622715473175048828125" lon="-81.1074017174541950225830078125">
        <ele>530.79998779296875</ele>
        <time>2026-03-30T12:29:51.000Z</time>
        <extensions>
          <ns3:TrackPointExtension>
            <ns3:hr>98</ns3:hr>
            <ns3:cad>0</ns3:cad>
          </ns3:TrackPointExtension>
        </extensions>
      </trkpt>
      <trkpt lat="35.97240856848657131195068359375" lon="-81.10739291645586490631103515625">
        <ele>531.4000244140625</ele>
        <time>2026-03-30T12:29:56.000Z</time>
        <extensions>
          <ns3:TrackPointExtension>
            <ns3:hr>98</ns3:hr>
            <ns3:cad>0</ns3:cad>
          </ns3:TrackPointExtension>
        </extensions>
      </trkpt>
      <trkpt lat="35.9724242426455020904541015625" lon="-81.10739207826554775238037109375">
        <ele>531.5999755859375</ele>
        <time>2026-03-30T12:30:00.000Z</time>
        <extensions>
          <ns3:TrackPointExtension>
            <ns3:hr>99</ns3:hr>
            <ns3:cad>0</ns3:cad>
          </ns3:TrackPointExtension>
        </extensions>
      </trkpt>
      <trkpt lat="35.97243052907288074493408203125" lon="-81.1074043996632099151611328125">
        <ele>532</ele>
        <time>2026-03-30T12:30:03.000Z</time>
        <extensions>
          <ns3:TrackPointExtension>
            <ns3:hr>100</ns3:hr>
            <ns3:cad>0</ns3:cad>
          </ns3:TrackPointExtension>
        </extensions>
      </trkpt>
      <trkpt lat="35.97244746051728725433349609375" lon="-81.10743105411529541015625">
        <ele>532.5999755859375</ele>
        <time>2026-03-30T12:30:07.000Z</time>
        <extensions>
          <ns3:TrackPointExtension>
            <ns3:hr>101</ns3:hr>
            <ns3:cad>0</ns3:cad>
          </ns3:TrackPointExtension>
        </extensions>
      </trkpt>
      <trkpt lat="35.97245902754366397857666015625" lon="-81.1074466444551944732666015625">
        <ele>533.20001220703125</ele>
        <time>2026-03-30T12:30:12.000Z</time>
        <extensions>
          <ns3:TrackPointExtension>
            <ns3:hr>103</ns3:hr>
            <ns3:cad>0</ns3:cad>
          </ns3:TrackPointExtension>
        </extensions>
      </trkpt>
      <trkpt lat="35.9724544174969196319580078125" lon="-81.10744521953165531158447265625">
        <ele>533.4000244140625</ele>
        <time>2026-03-30T12:30:14.000Z</time>
        <extensions>
          <ns3:TrackPointExtension>
            <ns3:hr>106</ns3:hr>
            <ns3:cad>0</ns3:cad>
          </ns3:TrackPointExtension>
        </extensions>
      </trkpt>
      <trkpt lat="35.97244947217404842376708984375" lon="-81.1074362508952617645263671875">
        <ele>533.4000244140625</ele>
        <time>2026-03-30T12:30:16.000Z</time>
        <extensions>
          <ns3:TrackPointExtension>
            <ns3:hr>112</ns3:hr>
            <ns3:cad>0</ns3:cad>
          </ns3:TrackPointExtension>
        </extensions>
      </trkpt>
      <trkpt lat="35.9724507294595241546630859375" lon="-81.10744220204651355743408203125">
        <ele>533.4000244140625</ele>
        <time>2026-03-30T12:30:19.000Z</time>
        <extensions>
          <ns3:TrackPointExtension>
            <ns3:hr>113</ns3:hr>
            <ns3:cad>0</ns3:cad>
          </ns3:TrackPointExtension>
        </extensions>
      </trkpt>
      <trkpt lat="35.97244829870760440826416015625" lon="-81.107476986944675445556640625">
        <ele>533.5999755859375</ele>
        <time>2026-03-30T12:30:24.000Z</time>
        <extensions>
          <ns3:TrackPointExtension>
            <ns3:hr>114</ns3:hr>
            <ns3:cad>0</ns3:cad>
          </ns3:TrackPointExtension>
        </extensions>
      </trkpt>
      <trkpt lat="35.97244377247989177703857421875" lon="-81.1074895597994327545166015625">
        <ele>533.79998779296875</ele>
        <time>2026-03-30T12:30:26.000Z</time>
        <extensions>
          <ns3:TrackPointExtension>
            <ns3:hr>114</ns3:hr>
            <ns3:cad>0</ns3:cad>
          </ns3:TrackPointExtension>
        </extensions>
      </trkpt>
      <trkpt lat="35.972435139119625091552734375" lon="-81.10750758089125156402587890625">
        <ele>534.20001220703125</ele>
        <time>2026-03-30T12:30:30.000Z</time>
        <extensions>
          <ns3:TrackPointExtension>
            <ns3:hr>117</ns3:hr>
            <ns3:cad>65</ns3:cad>
          </ns3:TrackPointExtension>
        </extensions>
      </trkpt>
      <trkpt lat="35.972440503537654876708984375" lon="-81.10750548541545867919921875">
        <ele>534.20001220703125</ele>
        <time>2026-03-30T12:30:32.000Z</time>
        <extensions>
          <ns3:TrackPointExtension>
            <ns3:hr>118</ns3:hr>
            <ns3:cad>0</ns3:cad>
          </ns3:TrackPointExtension>
        </extensions>
      </trkpt>
      <trkpt lat="35.97247042693197727203369140625" lon="-81.1074520088732242584228515625">
        <ele>533.79998779296875</ele>
        <time>2026-03-30T12:30:38.000Z</time>
        <extensions>
          <ns3:TrackPointExtension>
            <ns3:hr>118</ns3:hr>
            <ns3:cad>0</ns3:cad>
          </ns3:TrackPointExtension>
        </extensions>
      </trkpt>
      <trkpt lat="35.97247302532196044921875" lon="-81.1074117757380008697509765625">
        <ele>533.4000244140625</ele>
        <time>2026-03-30T12:30:44.000Z</time>
        <extensions>
          <ns3:TrackPointExtension>
            <ns3:hr>119</ns3:hr>
            <ns3:cad>0</ns3:cad>
          </ns3:TrackPointExtension>
        </extensions>
      </trkpt>
      <trkpt lat="35.9724701754748821258544921875" lon="-81.10739643685519695281982421875">
        <ele>533.20001220703125</ele>
        <time>2026-03-30T12:30:47.000Z</time>
        <extensions>
          <ns3:TrackPointExtension>
            <ns3:hr>116</ns3:hr>
            <ns3:cad>0</ns3:cad>
          </ns3:TrackPointExtension>
        </extensions>
      </trkpt>
      <trkpt lat="35.97247076220810413360595703125" lon="-81.10737078823149204254150390625">
        <ele>532.79998779296875</ele>
        <time>2026-03-30T12:30:50.000Z</time>
        <extensions>
          <ns3:TrackPointExtension>
            <ns3:hr>115</ns3:hr>
            <ns3:cad>0</ns3:cad>
          </ns3:TrackPointExtension>
        </extensions>
      </trkpt>
      <trkpt lat="35.97247277386486530303955078125" lon="-81.10735100694000720977783203125">
        <ele>532.5999755859375</ele>
        <time>2026-03-30T12:30:53.000Z</time>
        <extensions>
          <ns3:TrackPointExtension>
            <ns3:hr>114</ns3:hr>
            <ns3:cad>78</ns3:cad>
          </ns3:TrackPointExtension>
        </extensions>
      </trkpt>
      <trkpt lat="35.9724716842174530029296875" lon="-81.1073406971991062164306640625">
        <ele>532.5999755859375</ele>
        <time>2026-03-30T12:30:54.000Z</time>
        <extensions>
          <ns3:TrackPointExtension>
            <ns3:hr>114</ns3:hr>
            <ns3:cad>78</ns3:cad>
          </ns3:TrackPointExtension>
        </extensions>
      </trkpt>
      <trkpt lat="35.9724695049226284027099609375" lon="-81.107332147657871246337890625">
        <ele>532.4000244140625</ele>
        <time>2026-03-30T12:30:56.000Z</time>
        <extensions>
          <ns3:TrackPointExtension>
            <ns3:hr>114</ns3:hr>
            <ns3:cad>78</ns3:cad>
          </ns3:TrackPointExtension>
        </extensions>
      </trkpt>
      <trkpt lat="35.97245902754366397857666015625" lon="-81.10731010325253009796142578125">
        <ele>532.20001220703125</ele>
        <time>2026-03-30T12:31:01.000Z</time>
        <extensions>
          <ns3:TrackPointExtension>
            <ns3:hr>115</ns3:hr>
            <ns3:cad>79</ns3:cad>
          </ns3:TrackPointExtension>
        </extensions>
      </trkpt>
      <trkpt lat="35.97243203781545162200927734375" lon="-81.1072900705039501190185546875">
        <ele>531.5999755859375</ele>
        <time>2026-03-30T12:31:05.000Z</time>
        <extensions>
          <ns3:TrackPointExtension>
            <ns3:hr>116</ns3:hr>
            <ns3:cad>0</ns3:cad>
          </ns3:TrackPointExtension>
        </extensions>
      </trkpt>
      <trkpt lat="35.97240395843982696533203125" lon="-81.1072800122201442718505859375">
        <ele>531</ele>
        <time>2026-03-30T12:31:09.000Z</time>
        <extensions>
          <ns3:TrackPointExtension>
            <ns3:hr>113</ns3:hr>
            <ns3:cad>70</ns3:cad>
          </ns3:TrackPointExtension>
        </extensions>
      </trkpt>
      <trkpt lat="35.9724027849733829498291015625" lon="-81.107272468507289886474609375">
        <ele>531</ele>
        <time>2026-03-30T12:31:10.000Z</time>
        <extensions>
          <ns3:TrackPointExtension>
            <ns3:hr>111</ns3:hr>
            <ns3:cad>70</ns3:cad>
          </ns3:TrackPointExtension>
        </extensions>
      </trkpt>
      <trkpt lat="35.9723980911076068878173828125" lon="-81.10726148821413516998291015625">
        <ele>530.79998779296875</ele>
        <time>2026-03-30T12:31:12.000Z</time>
        <extensions>
          <ns3:TrackPointExtension>
            <ns3:hr>108</ns3:hr>
            <ns3:cad>60</ns3:cad>
          </ns3:TrackPointExtension>
        </extensions>
      </trkpt>
      <trkpt lat="35.9723977558314800262451171875" lon="-81.10725427977740764617919921875">
        <ele>530.4000244140625</ele>
        <time>2026-03-30T12:31:14.000Z</time>
        <extensions>
          <ns3:TrackPointExtension>
            <ns3:hr>108</ns3:hr>
            <ns3:cad>60</ns3:cad>
          </ns3:TrackPointExtension>
        </extensions>
      </trkpt>
      <trkpt lat="35.97237311303615570068359375" lon="-81.10724723897874355316162109375">
        <ele>530.20001220703125</ele>
        <time>2026-03-30T12:31:18.000Z</time>
        <extensions>
          <ns3:TrackPointExtension>
            <ns3:hr>108</ns3:hr>
            <ns3:cad>0</ns3:cad>
          </ns3:TrackPointExtension>
        </extensions>
      </trkpt>
      <trkpt lat="35.97234402783215045928955078125" lon="-81.107246316969394683837890625">
        <ele>529.5999755859375</ele>
        <time>2026-03-30T12:31:24.000Z</time>
        <extensions>
          <ns3:TrackPointExtension>
            <ns3:hr>111</ns3:hr>
            <ns3:cad>0</ns3:cad>
          </ns3:TrackPointExtension>
        </extensions>
      </trkpt>
      <trkpt lat="35.97232793457806110382080078125" lon="-81.1072491668164730072021484375">
        <ele>529.4000244140625</ele>
        <time>2026-03-30T12:31:26.000Z</time>
        <extensions>
          <ns3:TrackPointExtension>
            <ns3:hr>109</ns3:hr>
            <ns3:cad>0</ns3:cad>
          </ns3:TrackPointExtension>
        </extensions>
      </trkpt>
      <trkpt lat="35.97232374362647533416748046875" lon="-81.1072518490254878997802734375">
        <ele>529.20001220703125</ele>
        <time>2026-03-30T12:31:27.000Z</time>
        <extensions>
          <ns3:TrackPointExtension>
            <ns3:hr>106</ns3:hr>
            <ns3:cad>0</ns3:cad>
          </ns3:TrackPointExtension>
        </extensions>
      </trkpt>
      <trkpt lat="35.9723253361880779266357421875" lon="-81.1072538606822490692138671875">
        <ele>529.20001220703125</ele>
        <time>2026-03-30T12:31:28.000Z</time>
        <extensions>
          <ns3:TrackPointExtension>
            <ns3:hr>103</ns3:hr>
            <ns3:cad>0</ns3:cad>
          </ns3:TrackPointExtension>
        </extensions>
      </trkpt>
      <trkpt lat="35.97230731509625911712646484375" lon="-81.10728110186755657196044921875">
        <ele>529</ele>
        <time>2026-03-30T12:31:32.000Z</time>
        <extensions>
          <ns3:TrackPointExtension>
            <ns3:hr>101</ns3:hr>
            <ns3:cad>0</ns3:cad>
          </ns3:TrackPointExtension>
        </extensions>
      </trkpt>
      <trkpt lat="35.9722733683884143829345703125" lon="-81.10730490647256374359130859375">
        <ele>529</ele>
        <time>2026-03-30T12:31:40.000Z</time>
        <extensions>
          <ns3:TrackPointExtension>
            <ns3:hr>102</ns3:hr>
            <ns3:cad>0</ns3:cad>
          </ns3:TrackPointExtension>
        </extensions>
      </trkpt>
      <trkpt lat="35.9722544252872467041015625" lon="-81.10731664113700389862060546875">
        <ele>529.5999755859375</ele>
        <time>2026-03-30T12:31:47.000Z</time>
        <extensions>
          <ns3:TrackPointExtension>
            <ns3:hr>106</ns3:hr>
            <ns3:cad>0</ns3:cad>
          </ns3:TrackPointExtension>
        </extensions>
      </trkpt>
      <trkpt lat="35.97224998287856578826904296875" lon="-81.10731429420411586761474609375">
        <ele>529.4000244140625</ele>
        <time>2026-03-30T12:31:48.000Z</time>
        <extensions>
          <ns3:TrackPointExtension>
            <ns3:hr>109</ns3:hr>
            <ns3:cad>0</ns3:cad>
          </ns3:TrackPointExtension>
        </extensions>
      </trkpt>
      <trkpt lat="35.9722361527383327484130859375" lon="-81.107301302254199981689453125">
        <ele>528.79998779296875</ele>
        <time>2026-03-30T12:31:53.000Z</time>
        <extensions>
          <ns3:TrackPointExtension>
            <ns3:hr>110</ns3:hr>
            <ns3:cad>0</ns3:cad>
          </ns3:TrackPointExtension>
        </extensions>
      </trkpt>
      <trkpt lat="35.972215197980403900146484375" lon="-81.10728965140879154205322265625">
        <ele>528.4000244140625</ele>
        <time>2026-03-30T12:31:58.000Z</time>
        <extensions>
          <ns3:TrackPointExtension>
            <ns3:hr>112</ns3:hr>
            <ns3:cad>0</ns3:cad>
          </ns3:TrackPointExtension>
        </extensions>
      </trkpt>
      <trkpt lat="35.97220924682915210723876953125" lon="-81.10729451291263103485107421875">
        <ele>528.20001220703125</ele>
        <time>2026-03-30T12:32:00.000Z</time>
        <extensions>
          <ns3:TrackPointExtension>
            <ns3:hr>112</ns3:hr>
            <ns3:cad>0</ns3:cad>
          </ns3:TrackPointExtension>
        </extensions>
      </trkpt>
      <trkpt lat="35.97220120020210742950439453125" lon="-81.10730272717773914337158203125">
        <ele>528.4000244140625</ele>
        <time>2026-03-30T12:32:07.000Z</time>
        <extensions>
          <ns3:TrackPointExtension>
            <ns3:hr>113</ns3:hr>
            <ns3:cad>0</ns3:cad>
          </ns3:TrackPointExtension>
        </extensions>
      </trkpt>
      <trkpt lat="35.972197093069553375244140625" lon="-81.1073051579296588897705078125">
        <ele>528.5999755859375</ele>
        <time>2026-03-30T12:32:12.000Z</time>
        <extensions>
          <ns3:TrackPointExtension>
            <ns3:hr>113</ns3:hr>
            <ns3:cad>0</ns3:cad>
          </ns3:TrackPointExtension>
        </extensions>
      </trkpt>
      <trkpt lat="35.97218829207122325897216796875" lon="-81.10733105801045894622802734375">
        <ele>528.4000244140625</ele>
        <time>2026-03-30T12:32:18.000Z</time>
        <extensions>
          <ns3:TrackPointExtension>
            <ns3:hr>111</ns3:hr>
            <ns3:cad>0</ns3:cad>
          </ns3:TrackPointExtension>
        </extensions>
      </trkpt>
      <trkpt lat="35.97217991016805171966552734375" lon="-81.10732317902147769927978515625">
        <ele>528.20001220703125</ele>
        <time>2026-03-30T12:32:25.000Z</time>
        <extensions>
          <ns3:TrackPointExtension>
            <ns3:hr>111</ns3:hr>
            <ns3:cad>0</ns3:cad>
          </ns3:TrackPointExtension>
        </extensions>
      </trkpt>
      <trkpt lat="35.97217387519776821136474609375" lon="-81.10729359090328216552734375">
        <ele>528.4000244140625</ele>
        <time>2026-03-30T12:32:30.000Z</time>
        <extensions>
          <ns3:TrackPointExtension>
            <ns3:hr>107</ns3:hr>
            <ns3:cad>0</ns3:cad>
          </ns3:TrackPointExtension>
        </extensions>
      </trkpt>
      <trkpt lat="35.972175300121307373046875" lon="-81.1072893999516963958740234375">
        <ele>528.20001220703125</ele>
        <time>2026-03-30T12:32:33.000Z</time>
        <extensions>
          <ns3:TrackPointExtension>
            <ns3:hr>104</ns3:hr>
            <ns3:cad>0</ns3:cad>
          </ns3:TrackPointExtension>
        </extensions>
      </trkpt>
      <trkpt lat="35.972162224352359771728515625" lon="-81.10729116015136241912841796875">
        <ele>528</ele>
        <time>2026-03-30T12:32:37.000Z</time>
        <extensions>
          <ns3:TrackPointExtension>
            <ns3:hr>108</ns3:hr>
            <ns3:cad>0</ns3:cad>
          </ns3:TrackPointExtension>
        </extensions>
      </trkpt>
      <trkpt lat="35.97214906476438045501708984375" lon="-81.1072826944291591644287109375">
        <ele>527.79998779296875</ele>
        <time>2026-03-30T12:32:40.000Z</time>
        <extensions>
          <ns3:TrackPointExtension>
            <ns3:hr>107</ns3:hr>
            <ns3:cad>0</ns3:cad>
          </ns3:TrackPointExtension>
        </extensions>
      </trkpt>
      <trkpt lat="35.972134731709957122802734375" lon="-81.1072733066976070404052734375">
        <ele>527.5999755859375</ele>
        <time>2026-03-30T12:32:46.000Z</time>
        <extensions>
          <ns3:TrackPointExtension>
            <ns3:hr>108</ns3:hr>
            <ns3:cad>0</ns3:cad>
          </ns3:TrackPointExtension>
        </extensions>
      </trkpt>
      <trkpt lat="35.9721452929079532623291015625" lon="-81.10726802609860897064208984375">
        <ele>527.20001220703125</ele>
        <time>2026-03-30T12:32:49.000Z</time>
        <extensions>
          <ns3:TrackPointExtension>
            <ns3:hr>107</ns3:hr>
            <ns3:cad>0</ns3:cad>
          </ns3:TrackPointExtension>
        </extensions>
      </trkpt>
      <trkpt lat="35.97216113470494747161865234375" lon="-81.10724321566522121429443359375">
        <ele>526.79998779296875</ele>
        <time>2026-03-30T12:32:55.000Z</time>
        <extensions>
          <ns3:TrackPointExtension>
            <ns3:hr>105</ns3:hr>
            <ns3:cad>0</ns3:cad>
          </ns3:TrackPointExtension>
        </extensions>
      </trkpt>
      <trkpt lat="35.9721674211323261260986328125" lon="-81.10720214433968067169189453125">
        <ele>527</ele>
        <time>2026-03-30T12:33:01.000Z</time>
        <extensions>
          <ns3:TrackPointExtension>
            <ns3:hr>103</ns3:hr>
            <ns3:cad>0</ns3:cad>
          </ns3:TrackPointExtension>
        </extensions>
      </trkpt>
      <trkpt lat="35.97215627320110797882080078125" lon="-81.107202060520648956298828125">
        <ele>527</ele>
        <time>2026-03-30T12:33:02.000Z</time>
        <extensions>
          <ns3:TrackPointExtension>
            <ns3:hr>103</ns3:hr>
            <ns3:cad>0</ns3:cad>
          </ns3:TrackPointExtension>
        </extensions>
      </trkpt>
      <trkpt lat="35.9721107594668865203857421875" lon="-81.10722343437373638153076171875">
        <ele>526.79998779296875</ele>
        <time>2026-03-30T12:33:07.000Z</time>
        <extensions>
          <ns3:TrackPointExtension>
            <ns3:hr>106</ns3:hr>
            <ns3:cad>0</ns3:cad>
          </ns3:TrackPointExtension>
        </extensions>
      </trkpt>
      <trkpt lat="35.9721050597727298736572265625" lon="-81.107224524021148681640625">
        <ele>526.5999755859375</ele>
        <time>2026-03-30T12:33:08.000Z</time>
        <extensions>
          <ns3:TrackPointExtension>
            <ns3:hr>107</ns3:hr>
            <ns3:cad>0</ns3:cad>
          </ns3:TrackPointExtension>
        </extensions>
      </trkpt>
      <trkpt lat="35.97209508530795574188232421875" lon="-81.10722729004919528961181640625">
        <ele>526.4000244140625</ele>
        <time>2026-03-30T12:33:10.000Z</time>
        <extensions>
          <ns3:TrackPointExtension>
            <ns3:hr>111</ns3:hr>
            <ns3:cad>0</ns3:cad>
          </ns3:TrackPointExtension>
        </extensions>
      </trkpt>
      <trkpt lat="35.972075723111629486083984375" lon="-81.10723399557173252105712890625">
        <ele>526.4000244140625</ele>
        <time>2026-03-30T12:33:13.000Z</time>
        <extensions>
          <ns3:TrackPointExtension>
            <ns3:hr>108</ns3:hr>
            <ns3:cad>40</ns3:cad>
          </ns3:TrackPointExtension>
        </extensions>
      </trkpt>
      <trkpt lat="35.97206289879977703094482421875" lon="-81.10724388621747493743896484375">
        <ele>526.20001220703125</ele>
        <time>2026-03-30T12:33:15.000Z</time>
        <extensions>
          <ns3:TrackPointExtension>
            <ns3:hr>107</ns3:hr>
            <ns3:cad>40</ns3:cad>
          </ns3:TrackPointExtension>
        </extensions>
      </trkpt>
      <trkpt lat="35.972054265439510345458984375" lon="-81.10724807716906070709228515625">
        <ele>526.20001220703125</ele>
        <time>2026-03-30T12:33:17.000Z</time>
        <extensions>
          <ns3:TrackPointExtension>
            <ns3:hr>106</ns3:hr>
            <ns3:cad>0</ns3:cad>
          </ns3:TrackPointExtension>
        </extensions>
      </trkpt>
      <trkpt lat="35.9720318019390106201171875" lon="-81.107259057462215423583984375">
        <ele>525.5999755859375</ele>
        <time>2026-03-30T12:33:23.000Z</time>
        <extensions>
          <ns3:TrackPointExtension>
            <ns3:hr>106</ns3:hr>
            <ns3:cad>0</ns3:cad>
          </ns3:TrackPointExtension>
        </extensions>
      </trkpt>
      <trkpt lat="35.97202350385487079620361328125" lon="-81.107309348881244659423828125">
        <ele>525.5999755859375</ele>
        <time>2026-03-30T12:33:29.000Z</time>
        <extensions>
          <ns3:TrackPointExtension>
            <ns3:hr>107</ns3:hr>
            <ns3:cad>73</ns3:cad>
          </ns3:TrackPointExtension>
        </extensions>
      </trkpt>
      <trkpt lat="35.972007997334003448486328125" lon="-81.1073450557887554168701171875">
        <ele>525.5999755859375</ele>
        <time>2026-03-30T12:33:36.000Z</time>
        <extensions>
          <ns3:TrackPointExtension>
            <ns3:hr>104</ns3:hr>
            <ns3:cad>0</ns3:cad>
          </ns3:TrackPointExtension>
        </extensions>
      </trkpt>
      <trkpt lat="35.97199785523116588592529296875" lon="-81.10734011046588420867919921875">
        <ele>525.5999755859375</ele>
        <time>2026-03-30T12:33:43.000Z</time>
        <extensions>
          <ns3:TrackPointExtension>
            <ns3:hr>104</ns3:hr>
            <ns3:cad>0</ns3:cad>
          </ns3:TrackPointExtension>
        </extensions>
      </trkpt>
      <trkpt lat="35.9719806723296642303466796875" lon="-81.10735385678708553314208984375">
        <ele>525.4000244140625</ele>
        <time>2026-03-30T12:33:46.000Z</time>
        <extensions>
          <ns3:TrackPointExtension>
            <ns3:hr>110</ns3:hr>
            <ns3:cad>0</ns3:cad>
          </ns3:TrackPointExtension>
        </extensions>
      </trkpt>
      <trkpt lat="35.97197614610195159912109375" lon="-81.10735796391963958740234375">
        <ele>525.4000244140625</ele>
        <time>2026-03-30T12:33:47.000Z</time>
        <extensions>
          <ns3:TrackPointExtension>
            <ns3:hr>113</ns3:hr>
            <ns3:cad>0</ns3:cad>
          </ns3:TrackPointExtension>
        </extensions>
      </trkpt>
      <trkpt lat="35.97195996902883052825927734375" lon="-81.10736827366054058074951171875">
        <ele>525.4000244140625</ele>
        <time>2026-03-30T12:33:51.000Z</time>
        <extensions>
          <ns3:TrackPointExtension>
            <ns3:hr>115</ns3:hr>
            <ns3:cad>55</ns3:cad>
          </ns3:TrackPointExtension>
        </extensions>
      </trkpt>
      <trkpt lat="35.9719645790755748748779296875" lon="-81.10739283263683319091796875">
        <ele>525.5999755859375</ele>
        <time>2026-03-30T12:33:57.000Z</time>
        <extensions>
          <ns3:TrackPointExtension>
            <ns3:hr>116</ns3:hr>
            <ns3:cad>0</ns3:cad>
          </ns3:TrackPointExtension>
        </extensions>
      </trkpt>
      <trkpt lat="35.97196650691330432891845703125" lon="-81.107421331107616424560546875">
        <ele>526.20001220703125</ele>
        <time>2026-03-30T12:34:03.000Z</time>
        <extensions>
          <ns3:TrackPointExtension>
            <ns3:hr>115</ns3:hr>
            <ns3:cad>0</ns3:cad>
          </ns3:TrackPointExtension>
        </extensions>
      </trkpt>
      <trkpt lat="35.97195007838308811187744140625" lon="-81.10745293088257312774658203125">
        <ele>526.20001220703125</ele>
        <time>2026-03-30T12:34:08.000Z</time>
        <extensions>
          <ns3:TrackPointExtension>
            <ns3:hr>115</ns3:hr>
            <ns3:cad>0</ns3:cad>
          </ns3:TrackPointExtension>
        </extensions>
      </trkpt>
      <trkpt lat="35.971940271556377410888671875" lon="-81.10749215818941593170166015625">
        <ele>526.5999755859375</ele>
        <time>2026-03-30T12:34:12.000Z</time>
        <extensions>
          <ns3:TrackPointExtension>
            <ns3:hr>115</ns3:hr>
            <ns3:cad>0</ns3:cad>
          </ns3:TrackPointExtension>
        </extensions>
      </trkpt>
      <trkpt lat="35.9719379246234893798828125" lon="-81.107511185109615325927734375">
        <ele>527</ele>
        <time>2026-03-30T12:34:15.000Z</time>
        <extensions>
          <ns3:TrackPointExtension>
            <ns3:hr>116</ns3:hr>
            <ns3:cad>0</ns3:cad>
          </ns3:TrackPointExtension>
        </extensions>
      </trkpt>
      <trkpt lat="35.97194655798375606536865234375" lon="-81.10756508074700832366943359375">
        <ele>527.5999755859375</ele>
        <time>2026-03-30T12:34:20.000Z</time>
        <extensions>
          <ns3:TrackPointExtension>
            <ns3:hr>117</ns3:hr>
            <ns3:cad>0</ns3:cad>
          </ns3:TrackPointExtension>
        </extensions>
      </trkpt>
      <trkpt lat="35.971944630146026611328125" lon="-81.1075881309807300567626953125">
        <ele>528.20001220703125</ele>
        <time>2026-03-30T12:34:24.000Z</time>
        <extensions>
          <ns3:TrackPointExtension>
            <ns3:hr>118</ns3:hr>
            <ns3:cad>67</ns3:cad>
          </ns3:TrackPointExtension>
        </extensions>
      </trkpt>
      <trkpt lat="35.97194270230829715728759765625" lon="-81.10759533941745758056640625">
        <ele>528.5999755859375</ele>
        <time>2026-03-30T12:34:25.000Z</time>
        <extensions>
          <ns3:TrackPointExtension>
            <ns3:hr>121</ns3:hr>
            <ns3:cad>67</ns3:cad>
          </ns3:TrackPointExtension>
        </extensions>
      </trkpt>
      <trkpt lat="35.97194194793701171875" lon="-81.107598356902599334716796875">
        <ele>528.79998779296875</ele>
        <time>2026-03-30T12:34:26.000Z</time>
        <extensions>
          <ns3:TrackPointExtension>
            <ns3:hr>124</ns3:hr>
            <ns3:cad>66</ns3:cad>
          </ns3:TrackPointExtension>
        </extensions>
      </trkpt>
      <trkpt lat="35.971942283213138580322265625" lon="-81.107602380216121673583984375">
        <ele>529</ele>
        <time>2026-03-30T12:34:27.000Z</time>
        <extensions>
          <ns3:TrackPointExtension>
            <ns3:hr>124</ns3:hr>
            <ns3:cad>0</ns3:cad>
          </ns3:TrackPointExtension>
        </extensions>
      </trkpt>
      <trkpt lat="35.971939601004123687744140625" lon="-81.1076297052204608917236328125">
        <ele>529.20001220703125</ele>
        <time>2026-03-30T12:34:32.000Z</time>
        <extensions>
          <ns3:TrackPointExtension>
            <ns3:hr>123</ns3:hr>
            <ns3:cad>0</ns3:cad>
          </ns3:TrackPointExtension>
        </extensions>
      </trkpt>
      <trkpt lat="35.9719588793814182281494140625" lon="-81.10767454840242862701416015625">
        <ele>529.4000244140625</ele>
        <time>2026-03-30T12:34:38.000Z</time>
        <extensions>
          <ns3:TrackPointExtension>
            <ns3:hr>124</ns3:hr>
            <ns3:cad>67</ns3:cad>
          </ns3:TrackPointExtension>
        </extensions>
      </trkpt>
      <trkpt lat="35.97196818329393863677978515625" lon="-81.10769885592162609100341796875">
        <ele>529.79998779296875</ele>
        <time>2026-03-30T12:34:42.000Z</time>
        <extensions>
          <ns3:TrackPointExtension>
            <ns3:hr>123</ns3:hr>
            <ns3:cad>69</ns3:cad>
          </ns3:TrackPointExtension>
        </extensions>
      </trkpt>
      <trkpt lat="35.971971452236175537109375" lon="-81.1077031306922435760498046875">
        <ele>530</ele>
        <time>2026-03-30T12:34:43.000Z</time>
        <extensions>
          <ns3:TrackPointExtension>
            <ns3:hr>124</ns3:hr>
            <ns3:cad>69</ns3:cad>
          </ns3:TrackPointExtension>
        </extensions>
      </trkpt>
      <trkpt lat="35.9719722904264926910400390625" lon="-81.10769592225551605224609375">
        <ele>530.5999755859375</ele>
        <time>2026-03-30T12:34:52.000Z</time>
        <extensions>
          <ns3:TrackPointExtension>
            <ns3:hr>123</ns3:hr>
            <ns3:cad>0</ns3:cad>
          </ns3:TrackPointExtension>
        </extensions>
      </trkpt>
      <trkpt lat="35.971970446407794952392578125" lon="-81.10768997110426425933837890625">
        <ele>530.4000244140625</ele>
        <time>2026-03-30T12:34:53.000Z</time>
        <extensions>
          <ns3:TrackPointExtension>
            <ns3:hr>123</ns3:hr>
            <ns3:cad>0</ns3:cad>
          </ns3:TrackPointExtension>
        </extensions>
      </trkpt>
      <trkpt lat="35.9719880484044551849365234375" lon="-81.10762677155435085296630859375">
        <ele>529.20001220703125</ele>
        <time>2026-03-30T12:35:00.000Z</time>
        <extensions>
          <ns3:TrackPointExtension>
            <ns3:hr>123</ns3:hr>
            <ns3:cad>41</ns3:cad>
          </ns3:TrackPointExtension>
        </extensions>
      </trkpt>
      <trkpt lat="35.9720041416585445404052734375" lon="-81.10762191005051136016845703125">
        <ele>529.20001220703125</ele>
        <time>2026-03-30T12:35:08.000Z</time>
        <extensions>
          <ns3:TrackPointExtension>
            <ns3:hr>124</ns3:hr>
            <ns3:cad>0</ns3:cad>
          </ns3:TrackPointExtension>
        </extensions>
      </trkpt>
      <trkpt lat="35.97197455354034900665283203125" lon="-81.1076028831303119659423828125">
        <ele>529.5999755859375</ele>
        <time>2026-03-30T12:35:13.000Z</time>
        <extensions>
          <ns3:TrackPointExtension>
            <ns3:hr>123</ns3:hr>
            <ns3:cad>0</ns3:cad>
          </ns3:TrackPointExtension>
        </extensions>
      </trkpt>
      <trkpt lat="35.97194261848926544189453125" lon="-81.10764839686453342437744140625">
        <ele>529.20001220703125</ele>
        <time>2026-03-30T12:35:19.000Z</time>
        <extensions>
          <ns3:TrackPointExtension>
            <ns3:hr>122</ns3:hr>
            <ns3:cad>40</ns3:cad>
          </ns3:TrackPointExtension>
        </extensions>
      </trkpt>
      <trkpt lat="35.9719236753880977630615234375" lon="-81.10764026641845703125">
        <ele>529.4000244140625</ele>
        <time>2026-03-30T12:35:22.000Z</time>
        <extensions>
          <ns3:TrackPointExtension>
            <ns3:hr>119</ns3:hr>
            <ns3:cad>0</ns3:cad>
          </ns3:TrackPointExtension>
        </extensions>
      </trkpt>
      <trkpt lat="35.971910096704959869384765625" lon="-81.10763691365718841552734375">
        <ele>529.4000244140625</ele>
        <time>2026-03-30T12:35:24.000Z</time>
        <extensions>
          <ns3:TrackPointExtension>
            <ns3:hr>116</ns3:hr>
            <ns3:cad>0</ns3:cad>
          </ns3:TrackPointExtension>
        </extensions>
      </trkpt>
      <trkpt lat="35.97189861349761486053466796875" lon="-81.1076468043029308319091796875">
        <ele>529.20001220703125</ele>
        <time>2026-03-30T12:35:25.000Z</time>
        <extensions>
          <ns3:TrackPointExtension>
            <ns3:hr>115</ns3:hr>
            <ns3:cad>0</ns3:cad>
          </ns3:TrackPointExtension>
        </extensions>
      </trkpt>
      <trkpt lat="35.97188654355704784393310546875" lon="-81.107691228389739990234375">
        <ele>529.4000244140625</ele>
        <time>2026-03-30T12:35:31.000Z</time>
        <extensions>
          <ns3:TrackPointExtension>
            <ns3:hr>114</ns3:hr>
            <ns3:cad>52</ns3:cad>
          </ns3:TrackPointExtension>
        </extensions>
      </trkpt>
      <trkpt lat="35.97187497653067111968994140625" lon="-81.10774713568389415740966796875">
        <ele>530.20001220703125</ele>
        <time>2026-03-30T12:35:37.000Z</time>
        <extensions>
          <ns3:TrackPointExtension>
            <ns3:hr>114</ns3:hr>
            <ns3:cad>40</ns3:cad>
          </ns3:TrackPointExtension>
        </extensions>
      </trkpt>
      <trkpt lat="35.97188419662415981292724609375" lon="-81.1077829264104366302490234375">
        <ele>530.4000244140625</ele>
        <time>2026-03-30T12:35:42.000Z</time>
        <extensions>
          <ns3:TrackPointExtension>
            <ns3:hr>113</ns3:hr>
            <ns3:cad>0</ns3:cad>
          </ns3:TrackPointExtension>
        </extensions>
      </trkpt>
      <trkpt lat="35.97188570536673069000244140625" lon="-81.107780076563358306884765625">
        <ele>530.5999755859375</ele>
        <time>2026-03-30T12:35:45.000Z</time>
        <extensions>
          <ns3:TrackPointExtension>
            <ns3:hr>110</ns3:hr>
            <ns3:cad>0</ns3:cad>
          </ns3:TrackPointExtension>
        </extensions>
      </trkpt>
      <trkpt lat="35.97189031541347503662109375" lon="-81.10779977403581142425537109375">
        <ele>530.5999755859375</ele>
        <time>2026-03-30T12:35:51.000Z</time>
        <extensions>
          <ns3:TrackPointExtension>
            <ns3:hr>113</ns3:hr>
            <ns3:cad>0</ns3:cad>
          </ns3:TrackPointExtension>
        </extensions>
      </trkpt>
      <trkpt lat="35.97189567983150482177734375" lon="-81.10779440961778163909912109375">
        <ele>530.5999755859375</ele>
        <time>2026-03-30T12:35:52.000Z</time>
        <extensions>
          <ns3:TrackPointExtension>
            <ns3:hr>119</ns3:hr>
            <ns3:cad>0</ns3:cad>
          </ns3:TrackPointExtension>
        </extensions>
      </trkpt>
      <trkpt lat="35.9719015471637248992919921875" lon="-81.10778736881911754608154296875">
        <ele>530.79998779296875</ele>
        <time>2026-03-30T12:35:53.000Z</time>
        <extensions>
          <ns3:TrackPointExtension>
            <ns3:hr>119</ns3:hr>
            <ns3:cad>0</ns3:cad>
          </ns3:TrackPointExtension>
        </extensions>
      </trkpt>
      <trkpt lat="35.971914790570735931396484375" lon="-81.10778250731527805328369140625">
        <ele>530.4000244140625</ele>
        <time>2026-03-30T12:35:56.000Z</time>
        <extensions>
          <ns3:TrackPointExtension>
            <ns3:hr>119</ns3:hr>
            <ns3:cad>0</ns3:cad>
          </ns3:TrackPointExtension>
        </extensions>
      </trkpt>
      <trkpt lat="35.971928201615810394287109375" lon="-81.1077799089252948760986328125">
        <ele>530</ele>
        <time>2026-03-30T12:36:04.000Z</time>
        <extensions>
          <ns3:TrackPointExtension>
            <ns3:hr>118</ns3:hr>
            <ns3:cad>0</ns3:cad>
          </ns3:TrackPointExtension>
        </extensions>
      </trkpt>
      <trkpt lat="35.97190850414335727691650390625" lon="-81.1077829264104366302490234375">
        <ele>530</ele>
        <time>2026-03-30T12:36:09.000Z</time>
        <extensions>
          <ns3:TrackPointExtension>
            <ns3:hr>119</ns3:hr>
            <ns3:cad>0</ns3:cad>
          </ns3:TrackPointExtension>
        </extensions>
      </trkpt>
      <trkpt lat="35.9718696959316730499267578125" lon="-81.10781100578606128692626953125">
        <ele>530.5999755859375</ele>
        <time>2026-03-30T12:36:15.000Z</time>
        <extensions>
          <ns3:TrackPointExtension>
            <ns3:hr>118</ns3:hr>
            <ns3:cad>43</ns3:cad>
          </ns3:TrackPointExtension>
        </extensions>
      </trkpt>
      <trkpt lat="35.97188419662415981292724609375" lon="-81.107853166759014129638671875">
        <ele>531</ele>
        <time>2026-03-30T12:36:21.000Z</time>
        <extensions>
          <ns3:TrackPointExtension>
            <ns3:hr>118</ns3:hr>
            <ns3:cad>0</ns3:cad>
          </ns3:TrackPointExtension>
        </extensions>
      </trkpt>
      <trkpt lat="35.97192920744419097900390625" lon="-81.107836402952671051025390625">
        <ele>531.5999755859375</ele>
        <time>2026-03-30T12:36:28.000Z</time>
        <extensions>
          <ns3:TrackPointExtension>
            <ns3:hr>117</ns3:hr>
            <ns3:cad>0</ns3:cad>
          </ns3:TrackPointExtension>
        </extensions>
      </trkpt>
      <trkpt lat="35.97195426933467388153076171875" lon="-81.1078181304037570953369140625">
        <ele>531.5999755859375</ele>
        <time>2026-03-30T12:36:32.000Z</time>
        <extensions>
          <ns3:TrackPointExtension>
            <ns3:hr>114</ns3:hr>
            <ns3:cad>0</ns3:cad>
          </ns3:TrackPointExtension>
        </extensions>
      </trkpt>
      <trkpt lat="35.9719618968665599822998046875" lon="-81.10781620256602764129638671875">
        <ele>531.4000244140625</ele>
        <time>2026-03-30T12:36:36.000Z</time>
        <extensions>
          <ns3:TrackPointExtension>
            <ns3:hr>116</ns3:hr>
            <ns3:cad>0</ns3:cad>
          </ns3:TrackPointExtension>
        </extensions>
      </trkpt>
      <trkpt lat="35.97194136120378971099853515625" lon="-81.10783430747687816619873046875">
        <ele>531.4000244140625</ele>
        <time>2026-03-30T12:36:44.000Z</time>
        <extensions>
          <ns3:TrackPointExtension>
            <ns3:hr>117</ns3:hr>
            <ns3:cad>0</ns3:cad>
          </ns3:TrackPointExtension>
        </extensions>
      </trkpt>
      <trkpt lat="35.97193616442382335662841796875" lon="-81.10784134827554225921630859375">
        <ele>531.5999755859375</ele>
        <time>2026-03-30T12:36:47.000Z</time>
        <extensions>
          <ns3:TrackPointExtension>
            <ns3:hr>120</ns3:hr>
            <ns3:cad>0</ns3:cad>
          </ns3:TrackPointExtension>
        </extensions>
      </trkpt>
      <trkpt lat="35.9719307161867618560791015625" lon="-81.10784335993230342864990234375">
        <ele>531.5999755859375</ele>
        <time>2026-03-30T12:36:51.000Z</time>
        <extensions>
          <ns3:TrackPointExtension>
            <ns3:hr>122</ns3:hr>
            <ns3:cad>0</ns3:cad>
          </ns3:TrackPointExtension>
        </extensions>
      </trkpt>
      <trkpt lat="35.971984528005123138427734375" lon="-81.1077892966568470001220703125">
        <ele>531.5999755859375</ele>
        <time>2026-03-30T12:36:59.000Z</time>
        <extensions>
          <ns3:TrackPointExtension>
            <ns3:hr>123</ns3:hr>
            <ns3:cad>0</ns3:cad>
          </ns3:TrackPointExtension>
        </extensions>
      </trkpt>
      <trkpt lat="35.971985198557376861572265625" lon="-81.107780076563358306884765625">
        <ele>531.5999755859375</ele>
        <time>2026-03-30T12:37:07.000Z</time>
        <extensions>
          <ns3:TrackPointExtension>
            <ns3:hr>120</ns3:hr>
            <ns3:cad>0</ns3:cad>
          </ns3:TrackPointExtension>
        </extensions>
      </trkpt>
      <trkpt lat="35.9719994477927684783935546875" lon="-81.10777529887855052947998046875">
        <ele>531.4000244140625</ele>
        <time>2026-03-30T12:37:11.000Z</time>
        <extensions>
          <ns3:TrackPointExtension>
            <ns3:hr>119</ns3:hr>
            <ns3:cad>0</ns3:cad>
          </ns3:TrackPointExtension>
        </extensions>
      </trkpt>
      <trkpt lat="35.972030125558376312255859375" lon="-81.10778921283781528472900390625">
        <ele>531.79998779296875</ele>
        <time>2026-03-30T12:37:17.000Z</time>
        <extensions>
          <ns3:TrackPointExtension>
            <ns3:hr>118</ns3:hr>
            <ns3:cad>0</ns3:cad>
          </ns3:TrackPointExtension>
        </extensions>
      </trkpt>
      <trkpt lat="35.9720385074615478515625" lon="-81.10778988339006900787353515625">
        <ele>531.79998779296875</ele>
        <time>2026-03-30T12:37:24.000Z</time>
        <extensions>
          <ns3:TrackPointExtension>
            <ns3:hr>119</ns3:hr>
            <ns3:cad>0</ns3:cad>
          </ns3:TrackPointExtension>
        </extensions>
      </trkpt>
      <trkpt lat="35.97205082885921001434326171875" lon="-81.10779742710292339324951171875">
        <ele>532.20001220703125</ele>
        <time>2026-03-30T12:37:27.000Z</time>
        <extensions>
          <ns3:TrackPointExtension>
            <ns3:hr>119</ns3:hr>
            <ns3:cad>0</ns3:cad>
          </ns3:TrackPointExtension>
        </extensions>
      </trkpt>
      <trkpt lat="35.97206071950495243072509765625" lon="-81.10780614428222179412841796875">
        <ele>532.4000244140625</ele>
        <time>2026-03-30T12:37:30.000Z</time>
        <extensions>
          <ns3:TrackPointExtension>
            <ns3:hr>119</ns3:hr>
            <ns3:cad>0</ns3:cad>
          </ns3:TrackPointExtension>
        </extensions>
      </trkpt>
      <trkpt lat="35.97207672894001007080078125" lon="-81.10781318508088588714599609375">
        <ele>533.20001220703125</ele>
        <time>2026-03-30T12:37:36.000Z</time>
        <extensions>
          <ns3:TrackPointExtension>
            <ns3:hr>118</ns3:hr>
            <ns3:cad>0</ns3:cad>
          </ns3:TrackPointExtension>
        </extensions>
      </trkpt>
      <trkpt lat="35.9720507450401782989501953125" lon="-81.107819974422454833984375">
        <ele>533.79998779296875</ele>
        <time>2026-03-30T12:37:44.000Z</time>
        <extensions>
          <ns3:TrackPointExtension>
            <ns3:hr>120</ns3:hr>
            <ns3:cad>0</ns3:cad>
          </ns3:TrackPointExtension>
        </extensions>
      </trkpt>
      <trkpt lat="35.972028113901615142822265625" lon="-81.1078355647623538970947265625">
        <ele>533.4000244140625</ele>
        <time>2026-03-30T12:37:50.000Z</time>
        <extensions>
          <ns3:TrackPointExtension>
            <ns3:hr>122</ns3:hr>
            <ns3:cad>0</ns3:cad>
          </ns3:TrackPointExtension>
        </extensions>
      </trkpt>
      <trkpt lat="35.972022078931331634521484375" lon="-81.1078369058668613433837890625">
        <ele>533.4000244140625</ele>
        <time>2026-03-30T12:37:52.000Z</time>
        <extensions>
          <ns3:TrackPointExtension>
            <ns3:hr>125</ns3:hr>
            <ns3:cad>0</ns3:cad>
          </ns3:TrackPointExtension>
        </extensions>
      </trkpt>
      <trkpt lat="35.97199433483183383941650390625" lon="-81.107830367982387542724609375">
        <ele>533</ele>
        <time>2026-03-30T12:37:58.000Z</time>
        <extensions>
          <ns3:TrackPointExtension>
            <ns3:hr>126</ns3:hr>
            <ns3:cad>0</ns3:cad>
          </ns3:TrackPointExtension>
        </extensions>
      </trkpt>
      <trkpt lat="35.97196097485721111297607421875" lon="-81.10784051008522510528564453125">
        <ele>533</ele>
        <time>2026-03-30T12:38:04.000Z</time>
        <extensions>
          <ns3:TrackPointExtension>
            <ns3:hr>127</ns3:hr>
            <ns3:cad>0</ns3:cad>
          </ns3:TrackPointExtension>
        </extensions>
      </trkpt>
      <trkpt lat="35.9719862043857574462890625" lon="-81.10788661055266857147216796875">
        <ele>533.20001220703125</ele>
        <time>2026-03-30T12:38:10.000Z</time>
        <extensions>
          <ns3:TrackPointExtension>
            <ns3:hr>128</ns3:hr>
            <ns3:cad>0</ns3:cad>
          </ns3:TrackPointExtension>
        </extensions>
      </trkpt>
      <trkpt lat="35.97197622992098331451416015625" lon="-81.1078992672264575958251953125">
        <ele>533.79998779296875</ele>
        <time>2026-03-30T12:38:16.000Z</time>
        <extensions>
          <ns3:TrackPointExtension>
            <ns3:hr>131</ns3:hr>
            <ns3:cad>0</ns3:cad>
          </ns3:TrackPointExtension>
        </extensions>
      </trkpt>
      <trkpt lat="35.97197086550295352935791015625" lon="-81.10790337435901165008544921875">
        <ele>533.5999755859375</ele>
        <time>2026-03-30T12:38:17.000Z</time>
        <extensions>
          <ns3:TrackPointExtension>
            <ns3:hr>130</ns3:hr>
            <ns3:cad>0</ns3:cad>
          </ns3:TrackPointExtension>
        </extensions>
      </trkpt>
      <trkpt lat="35.9719397686421871185302734375" lon="-81.1079049669206142425537109375">
        <ele>533.4000244140625</ele>
        <time>2026-03-30T12:38:22.000Z</time>
        <extensions>
          <ns3:TrackPointExtension>
            <ns3:hr>123</ns3:hr>
            <ns3:cad>0</ns3:cad>
          </ns3:TrackPointExtension>
        </extensions>
      </trkpt>
      <trkpt lat="35.971923172473907470703125" lon="-81.1079098284244537353515625">
        <ele>533</ele>
        <time>2026-03-30T12:38:25.000Z</time>
        <extensions>
          <ns3:TrackPointExtension>
            <ns3:hr>121</ns3:hr>
            <ns3:cad>0</ns3:cad>
          </ns3:TrackPointExtension>
        </extensions>
      </trkpt>
      <trkpt lat="35.97190364263951778411865234375" lon="-81.1079136840999126434326171875">
        <ele>532.4000244140625</ele>
        <time>2026-03-30T12:38:29.000Z</time>
        <extensions>
          <ns3:TrackPointExtension>
            <ns3:hr>124</ns3:hr>
            <ns3:cad>19</ns3:cad>
          </ns3:TrackPointExtension>
        </extensions>
      </trkpt>
      <trkpt lat="35.97188671119511127471923828125" lon="-81.10792567022144794464111328125">
        <ele>532.4000244140625</ele>
        <time>2026-03-30T12:38:34.000Z</time>
        <extensions>
          <ns3:TrackPointExtension>
            <ns3:hr>122</ns3:hr>
            <ns3:cad>0</ns3:cad>
          </ns3:TrackPointExtension>
        </extensions>
      </trkpt>
      <trkpt lat="35.97188738174736499786376953125" lon="-81.10793455503880977630615234375">
        <ele>532.4000244140625</ele>
        <time>2026-03-30T12:38:37.000Z</time>
        <extensions>
          <ns3:TrackPointExtension>
            <ns3:hr>119</ns3:hr>
            <ns3:cad>0</ns3:cad>
          </ns3:TrackPointExtension>
        </extensions>
      </trkpt>
      <trkpt lat="35.9719112701714038848876953125" lon="-81.10795986838638782501220703125">
        <ele>532.5999755859375</ele>
        <time>2026-03-30T12:38:41.000Z</time>
        <extensions>
          <ns3:TrackPointExtension>
            <ns3:hr>116</ns3:hr>
            <ns3:cad>42</ns3:cad>
          </ns3:TrackPointExtension>
        </extensions>
      </trkpt>
      <trkpt lat="35.971919484436511993408203125" lon="-81.10798534937202930450439453125">
        <ele>533.20001220703125</ele>
        <time>2026-03-30T12:38:44.000Z</time>
        <extensions>
          <ns3:TrackPointExtension>
            <ns3:hr>117</ns3:hr>
            <ns3:cad>41</ns3:cad>
          </ns3:TrackPointExtension>
        </extensions>
      </trkpt>
      <trkpt lat="35.97191873006522655487060546875" lon="-81.1079968325793743133544921875">
        <ele>533.5999755859375</ele>
        <time>2026-03-30T12:38:48.000Z</time>
        <extensions>
          <ns3:TrackPointExtension>
            <ns3:hr>114</ns3:hr>
            <ns3:cad>0</ns3:cad>
          </ns3:TrackPointExtension>
        </extensions>
      </trkpt>
      <trkpt lat="35.97191981971263885498046875" lon="-81.10799876041710376739501953125">
        <ele>533.79998779296875</ele>
        <time>2026-03-30T12:38:49.000Z</time>
        <extensions>
          <ns3:TrackPointExtension>
            <ns3:hr>112</ns3:hr>
            <ns3:cad>0</ns3:cad>
          </ns3:TrackPointExtension>
        </extensions>
      </trkpt>
      <trkpt lat="35.97192342393100261688232421875" lon="-81.10799624584615230560302734375">
        <ele>534</ele>
        <time>2026-03-30T12:38:55.000Z</time>
        <extensions>
          <ns3:TrackPointExtension>
            <ns3:hr>115</ns3:hr>
            <ns3:cad>0</ns3:cad>
          </ns3:TrackPointExtension>
        </extensions>
      </trkpt>
      <trkpt lat="35.97192258574068546295166015625" lon="-81.10797621309757232666015625">
        <ele>533.79998779296875</ele>
        <time>2026-03-30T12:38:57.000Z</time>
        <extensions>
          <ns3:TrackPointExtension>
            <ns3:hr>115</ns3:hr>
            <ns3:cad>0</ns3:cad>
          </ns3:TrackPointExtension>
        </extensions>
      </trkpt>
      <trkpt lat="35.971900708973407745361328125" lon="-81.1079790629446506500244140625">
        <ele>533</ele>
        <time>2026-03-30T12:39:03.000Z</time>
        <extensions>
          <ns3:TrackPointExtension>
            <ns3:hr>116</ns3:hr>
            <ns3:cad>0</ns3:cad>
          </ns3:TrackPointExtension>
        </extensions>
      </trkpt>
      <trkpt lat="35.97189358435571193695068359375" lon="-81.10797679983079433441162109375">
        <ele>532.79998779296875</ele>
        <time>2026-03-30T12:39:11.000Z</time>
        <extensions>
          <ns3:TrackPointExtension>
            <ns3:hr>115</ns3:hr>
            <ns3:cad>0</ns3:cad>
          </ns3:TrackPointExtension>
        </extensions>
      </trkpt>
      <trkpt lat="35.97187598235905170440673828125" lon="-81.1080286838114261627197265625">
        <ele>533.20001220703125</ele>
        <time>2026-03-30T12:39:19.000Z</time>
        <extensions>
          <ns3:TrackPointExtension>
            <ns3:hr>114</ns3:hr>
            <ns3:cad>57</ns3:cad>
          </ns3:TrackPointExtension>
        </extensions>
      </trkpt>
      <trkpt lat="35.97189408726990222930908203125" lon="-81.1080585233867168426513671875">
        <ele>533.79998779296875</ele>
        <time>2026-03-30T12:39:24.000Z</time>
        <extensions>
          <ns3:TrackPointExtension>
            <ns3:hr>113</ns3:hr>
            <ns3:cad>0</ns3:cad>
          </ns3:TrackPointExtension>
        </extensions>
      </trkpt>
      <trkpt lat="35.9718797542154788970947265625" lon="-81.10807218588888645172119140625">
        <ele>533.5999755859375</ele>
        <time>2026-03-30T12:39:31.000Z</time>
        <extensions>
          <ns3:TrackPointExtension>
            <ns3:hr>113</ns3:hr>
            <ns3:cad>0</ns3:cad>
          </ns3:TrackPointExtension>
        </extensions>
      </trkpt>
      <trkpt lat="35.971880592405796051025390625" lon="-81.10812968574464321136474609375">
        <ele>534</ele>
        <time>2026-03-30T12:39:39.000Z</time>
        <extensions>
          <ns3:TrackPointExtension>
            <ns3:hr>112</ns3:hr>
            <ns3:cad>0</ns3:cad>
          </ns3:TrackPointExtension>
        </extensions>
      </trkpt>
      <trkpt lat="35.97188654355704784393310546875" lon="-81.108132116496562957763671875">
        <ele>534.20001220703125</ele>
        <time>2026-03-30T12:39:41.000Z</time>
        <extensions>
          <ns3:TrackPointExtension>
            <ns3:hr>111</ns3:hr>
            <ns3:cad>0</ns3:cad>
          </ns3:TrackPointExtension>
        </extensions>
      </trkpt>
      <trkpt lat="35.97188855521380901336669921875" lon="-81.10813002102077007293701171875">
        <ele>534.20001220703125</ele>
        <time>2026-03-30T12:39:45.000Z</time>
        <extensions>
          <ns3:TrackPointExtension>
            <ns3:hr>111</ns3:hr>
            <ns3:cad>0</ns3:cad>
          </ns3:TrackPointExtension>
        </extensions>
      </trkpt>
      <trkpt lat="35.971858799457550048828125" lon="-81.108134798705577850341796875">
        <ele>534.4000244140625</ele>
        <time>2026-03-30T12:39:52.000Z</time>
        <extensions>
          <ns3:TrackPointExtension>
            <ns3:hr>110</ns3:hr>
            <ns3:cad>0</ns3:cad>
          </ns3:TrackPointExtension>
        </extensions>
      </trkpt>
      <trkpt lat="35.9718485735356807708740234375" lon="-81.10813739709556102752685546875">
        <ele>534.20001220703125</ele>
        <time>2026-03-30T12:39:54.000Z</time>
        <extensions>
          <ns3:TrackPointExtension>
            <ns3:hr>113</ns3:hr>
            <ns3:cad>0</ns3:cad>
          </ns3:TrackPointExtension>
        </extensions>
      </trkpt>
      <trkpt lat="35.97183491103351116180419921875" lon="-81.1081413365900516510009765625">
        <ele>534</ele>
        <time>2026-03-30T12:39:57.000Z</time>
        <extensions>
          <ns3:TrackPointExtension>
            <ns3:hr>116</ns3:hr>
            <ns3:cad>0</ns3:cad>
          </ns3:TrackPointExtension>
        </extensions>
      </trkpt>
      <trkpt lat="35.97182703204452991485595703125" lon="-81.10814779065549373626708984375">
        <ele>534</ele>
        <time>2026-03-30T12:39:58.000Z</time>
        <extensions>
          <ns3:TrackPointExtension>
            <ns3:hr>117</ns3:hr>
            <ns3:cad>0</ns3:cad>
          </ns3:TrackPointExtension>
        </extensions>
      </trkpt>
      <trkpt lat="35.97182468511164188385009765625" lon="-81.108145527541637420654296875">
        <ele>533.5999755859375</ele>
        <time>2026-03-30T12:40:04.000Z</time>
        <extensions>
          <ns3:TrackPointExtension>
            <ns3:hr>109</ns3:hr>
            <ns3:cad>0</ns3:cad>
          </ns3:TrackPointExtension>
        </extensions>
      </trkpt>
      <trkpt lat="35.97182468511164188385009765625" lon="-81.108145527541637420654296875">
        <ele>533.5999755859375</ele>
        <time>2026-03-30T12:40:05.000Z</time>
        <extensions>
          <ns3:TrackPointExtension>
            <ns3:hr>106</ns3:hr>
            <ns3:cad>0</ns3:cad>
          </ns3:TrackPointExtension>
        </extensions>
      </trkpt>
      <trkpt lat="35.97182468511164188385009765625" lon="-81.108145527541637420654296875">
        <ele>533.5999755859375</ele>
        <time>2026-03-30T12:40:08.000Z</time>
        <extensions>
          <ns3:TrackPointExtension>
            <ns3:hr>103</ns3:hr>
            <ns3:cad>0</ns3:cad>
          </ns3:TrackPointExtension>
        </extensions>
      </trkpt>
      <trkpt lat="35.97182451747357845306396484375" lon="-81.10815214924514293670654296875">
        <ele>533.4000244140625</ele>
        <time>2026-03-30T12:40:11.000Z</time>
        <extensions>
          <ns3:TrackPointExtension>
            <ns3:hr>106</ns3:hr>
            <ns3:cad>0</ns3:cad>
          </ns3:TrackPointExtension>
        </extensions>
      </trkpt>
      <trkpt lat="35.97181697376072406768798828125" lon="-81.10815533436834812164306640625">
        <ele>533.20001220703125</ele>
        <time>2026-03-30T12:40:13.000Z</time>
        <extensions>
          <ns3:TrackPointExtension>
            <ns3:hr>107</ns3:hr>
            <ns3:cad>0</ns3:cad>
          </ns3:TrackPointExtension>
        </extensions>
      </trkpt>
      <trkpt lat="35.97181546501815319061279296875" lon="-81.1081700026988983154296875">
        <ele>534.4000244140625</ele>
        <time>2026-03-30T12:40:20.000Z</time>
        <extensions>
          <ns3:TrackPointExtension>
            <ns3:hr>108</ns3:hr>
            <ns3:cad>0</ns3:cad>
          </ns3:TrackPointExtension>
        </extensions>
      </trkpt>
      <trkpt lat="35.97180071286857128143310546875" lon="-81.1081792227923870086669921875">
        <ele>533.79998779296875</ele>
        <time>2026-03-30T12:40:26.000Z</time>
        <extensions>
          <ns3:TrackPointExtension>
            <ns3:hr>111</ns3:hr>
            <ns3:cad>0</ns3:cad>
          </ns3:TrackPointExtension>
        </extensions>
      </trkpt>
      <trkpt lat="35.97178168594837188720703125" lon="-81.10818467102944850921630859375">
        <ele>533.5999755859375</ele>
        <time>2026-03-30T12:40:29.000Z</time>
        <extensions>
          <ns3:TrackPointExtension>
            <ns3:hr>111</ns3:hr>
            <ns3:cad>0</ns3:cad>
          </ns3:TrackPointExtension>
        </extensions>
      </trkpt>
      <trkpt lat="35.971748493611812591552734375" lon="-81.1081832461059093475341796875">
        <ele>533.20001220703125</ele>
        <time>2026-03-30T12:40:33.000Z</time>
        <extensions>
          <ns3:TrackPointExtension>
            <ns3:hr>111</ns3:hr>
            <ns3:cad>0</ns3:cad>
          </ns3:TrackPointExtension>
        </extensions>
      </trkpt>
      <trkpt lat="35.9717335738241672515869140625" lon="-81.1081862635910511016845703125">
        <ele>533</ele>
        <time>2026-03-30T12:40:35.000Z</time>
        <extensions>
          <ns3:TrackPointExtension>
            <ns3:hr>115</ns3:hr>
            <ns3:cad>0</ns3:cad>
          </ns3:TrackPointExtension>
        </extensions>
      </trkpt>
      <trkpt lat="35.97173365764319896697998046875" lon="-81.1081887781620025634765625">
        <ele>533</ele>
        <time>2026-03-30T12:40:36.000Z</time>
        <extensions>
          <ns3:TrackPointExtension>
            <ns3:hr>117</ns3:hr>
            <ns3:cad>0</ns3:cad>
          </ns3:TrackPointExtension>
        </extensions>
      </trkpt>
      <trkpt lat="35.97170926630496978759765625" lon="-81.1081792227923870086669921875">
        <ele>532.79998779296875</ele>
        <time>2026-03-30T12:40:42.000Z</time>
        <extensions>
          <ns3:TrackPointExtension>
            <ns3:hr>120</ns3:hr>
            <ns3:cad>66</ns3:cad>
          </ns3:TrackPointExtension>
        </extensions>
      </trkpt>
      <trkpt lat="35.9717064164578914642333984375" lon="-81.10816656611859798431396484375">
        <ele>532.4000244140625</ele>
        <time>2026-03-30T12:40:45.000Z</time>
        <extensions>
          <ns3:TrackPointExtension>
            <ns3:hr>116</ns3:hr>
            <ns3:cad>0</ns3:cad>
          </ns3:TrackPointExtension>
        </extensions>
      </trkpt>
      <trkpt lat="35.9717114455997943878173828125" lon="-81.1081581003963947296142578125">
        <ele>532</ele>
        <time>2026-03-30T12:40:47.000Z</time>
        <extensions>
          <ns3:TrackPointExtension>
            <ns3:hr>115</ns3:hr>
            <ns3:cad>0</ns3:cad>
          </ns3:TrackPointExtension>
        </extensions>
      </trkpt>
      <trkpt lat="35.971712283790111541748046875" lon="-81.10815416090190410614013671875">
        <ele>531.79998779296875</ele>
        <time>2026-03-30T12:40:50.000Z</time>
        <extensions>
          <ns3:TrackPointExtension>
            <ns3:hr>114</ns3:hr>
            <ns3:cad>0</ns3:cad>
          </ns3:TrackPointExtension>
        </extensions>
      </trkpt>
      <trkpt lat="35.97174472175538539886474609375" lon="-81.10812641680240631103515625">
        <ele>532</ele>
        <time>2026-03-30T12:40:59.000Z</time>
        <extensions>
          <ns3:TrackPointExtension>
            <ns3:hr>113</ns3:hr>
            <ns3:cad>60</ns3:cad>
          </ns3:TrackPointExtension>
        </extensions>
      </trkpt>
      <trkpt lat="35.97176064737141132354736328125" lon="-81.10810789279639720916748046875">
        <ele>531.79998779296875</ele>
        <time>2026-03-30T12:41:05.000Z</time>
        <extensions>
          <ns3:TrackPointExtension>
            <ns3:hr>109</ns3:hr>
            <ns3:cad>0</ns3:cad>
          </ns3:TrackPointExtension>
        </extensions>
      </trkpt>
      <trkpt lat="35.97176064737141132354736328125" lon="-81.10810789279639720916748046875">
        <ele>531.79998779296875</ele>
        <time>2026-03-30T12:41:07.000Z</time>
        <extensions>
          <ns3:TrackPointExtension>
            <ns3:hr>109</ns3:hr>
            <ns3:cad>0</ns3:cad>
          </ns3:TrackPointExtension>
        </extensions>
      </trkpt>
      <trkpt lat="35.971784032881259918212890625" lon="-81.10808157362043857574462890625">
        <ele>532.20001220703125</ele>
        <time>2026-03-30T12:41:13.000Z</time>
        <extensions>
          <ns3:TrackPointExtension>
            <ns3:hr>112</ns3:hr>
            <ns3:cad>79</ns3:cad>
          </ns3:TrackPointExtension>
        </extensions>
      </trkpt>
      <trkpt lat="35.97180875949561595916748046875" lon="-81.1080508120357990264892578125">
        <ele>532</ele>
        <time>2026-03-30T12:41:22.000Z</time>
        <extensions>
          <ns3:TrackPointExtension>
            <ns3:hr>113</ns3:hr>
            <ns3:cad>0</ns3:cad>
          </ns3:TrackPointExtension>
        </extensions>
      </trkpt>
      <trkpt lat="35.97181965596973896026611328125" lon="-81.10801041126251220703125">
        <ele>531.20001220703125</ele>
        <time>2026-03-30T12:41:27.000Z</time>
        <extensions>
          <ns3:TrackPointExtension>
            <ns3:hr>113</ns3:hr>
            <ns3:cad>0</ns3:cad>
          </ns3:TrackPointExtension>
        </extensions>
      </trkpt>
      <trkpt lat="35.97182191908359527587890625" lon="-81.108007729053497314453125">
        <ele>531</ele>
        <time>2026-03-30T12:41:30.000Z</time>
        <extensions>
          <ns3:TrackPointExtension>
            <ns3:hr>114</ns3:hr>
            <ns3:cad>0</ns3:cad>
          </ns3:TrackPointExtension>
        </extensions>
      </trkpt>
      <trkpt lat="35.9718116931617259979248046875" lon="-81.108000017702579498291015625">
        <ele>530.79998779296875</ele>
        <time>2026-03-30T12:41:34.000Z</time>
        <extensions>
          <ns3:TrackPointExtension>
            <ns3:hr>113</ns3:hr>
            <ns3:cad>0</ns3:cad>
          </ns3:TrackPointExtension>
        </extensions>
      </trkpt>
      <trkpt lat="35.9718247689306735992431640625" lon="-81.107991971075534820556640625">
        <ele>530.5999755859375</ele>
        <time>2026-03-30T12:41:38.000Z</time>
        <extensions>
          <ns3:TrackPointExtension>
            <ns3:hr>109</ns3:hr>
            <ns3:cad>0</ns3:cad>
          </ns3:TrackPointExtension>
        </extensions>
      </trkpt>
      <trkpt lat="35.9718321450054645538330078125" lon="-81.10798853449523448944091796875">
        <ele>530.5999755859375</ele>
        <time>2026-03-30T12:41:39.000Z</time>
        <extensions>
          <ns3:TrackPointExtension>
            <ns3:hr>106</ns3:hr>
            <ns3:cad>0</ns3:cad>
          </ns3:TrackPointExtension>
        </extensions>
      </trkpt>
      <trkpt lat="35.97183801233768463134765625" lon="-81.107989959418773651123046875">
        <ele>530.5999755859375</ele>
        <time>2026-03-30T12:41:41.000Z</time>
        <extensions>
          <ns3:TrackPointExtension>
            <ns3:hr>105</ns3:hr>
            <ns3:cad>0</ns3:cad>
          </ns3:TrackPointExtension>
        </extensions>
      </trkpt>
      <trkpt lat="35.97186475060880184173583984375" lon="-81.107951737940311431884765625">
        <ele>531</ele>
        <time>2026-03-30T12:41:49.000Z</time>
        <extensions>
          <ns3:TrackPointExtension>
            <ns3:hr>106</ns3:hr>
            <ns3:cad>0</ns3:cad>
          </ns3:TrackPointExtension>
        </extensions>
      </trkpt>
      <trkpt lat="35.9718735516071319580078125" lon="-81.1079462058842182159423828125">
        <ele>531</ele>
        <time>2026-03-30T12:41:51.000Z</time>
        <extensions>
          <ns3:TrackPointExtension>
            <ns3:hr>109</ns3:hr>
            <ns3:cad>0</ns3:cad>
          </ns3:TrackPointExtension>
        </extensions>
      </trkpt>
      <trkpt lat="35.9718723781406879425048828125" lon="-81.1079259216785430908203125">
        <ele>531.20001220703125</ele>
        <time>2026-03-30T12:41:53.000Z</time>
        <extensions>
          <ns3:TrackPointExtension>
            <ns3:hr>112</ns3:hr>
            <ns3:cad>76</ns3:cad>
          </ns3:TrackPointExtension>
        </extensions>
      </trkpt>
      <trkpt lat="35.9718681871891021728515625" lon="-81.10791158862411975860595703125">
        <ele>531.20001220703125</ele>
        <time>2026-03-30T12:41:56.000Z</time>
        <extensions>
          <ns3:TrackPointExtension>
            <ns3:hr>114</ns3:hr>
            <ns3:cad>66</ns3:cad>
          </ns3:TrackPointExtension>
        </extensions>
      </trkpt>
      <trkpt lat="35.97185033373534679412841796875" lon="-81.1079274304211139678955078125">
        <ele>529.79998779296875</ele>
        <time>2026-03-30T12:42:02.000Z</time>
        <extensions>
          <ns3:TrackPointExtension>
            <ns3:hr>115</ns3:hr>
            <ns3:cad>0</ns3:cad>
          </ns3:TrackPointExtension>
        </extensions>
      </trkpt>
      <trkpt lat="35.9718472324311733245849609375" lon="-81.107932291924953460693359375">
        <ele>529.79998779296875</ele>
        <time>2026-03-30T12:42:03.000Z</time>
        <extensions>
          <ns3:TrackPointExtension>
            <ns3:hr>114</ns3:hr>
            <ns3:cad>0</ns3:cad>
          </ns3:TrackPointExtension>
        </extensions>
      </trkpt>
      <trkpt lat="35.97187296487390995025634765625" lon="-81.10789733938872814178466796875">
        <ele>531</ele>
        <time>2026-03-30T12:42:09.000Z</time>
        <extensions>
          <ns3:TrackPointExtension>
            <ns3:hr>114</ns3:hr>
            <ns3:cad>0</ns3:cad>
          </ns3:TrackPointExtension>
        </extensions>
      </trkpt>
      <trkpt lat="35.97188889048993587493896484375" lon="-81.10784436576068401336669921875">
        <ele>531</ele>
        <time>2026-03-30T12:42:14.000Z</time>
        <extensions>
          <ns3:TrackPointExtension>
            <ns3:hr>115</ns3:hr>
            <ns3:cad>0</ns3:cad>
          </ns3:TrackPointExtension>
        </extensions>
      </trkpt>
      <trkpt lat="35.97187749110162258148193359375" lon="-81.1077926494181156158447265625">
        <ele>530.4000244140625</ele>
        <time>2026-03-30T12:42:19.000Z</time>
        <extensions>
          <ns3:TrackPointExtension>
            <ns3:hr>118</ns3:hr>
            <ns3:cad>19</ns3:cad>
          </ns3:TrackPointExtension>
        </extensions>
      </trkpt>
      <trkpt lat="35.97187363542616367340087890625" lon="-81.10779172740876674652099609375">
        <ele>530</ele>
        <time>2026-03-30T12:42:21.000Z</time>
        <extensions>
          <ns3:TrackPointExtension>
            <ns3:hr>121</ns3:hr>
            <ns3:cad>0</ns3:cad>
          </ns3:TrackPointExtension>
        </extensions>
      </trkpt>
      <trkpt lat="35.97187346778810024261474609375" lon="-81.10778904519975185394287109375">
        <ele>530</ele>
        <time>2026-03-30T12:42:22.000Z</time>
        <extensions>
          <ns3:TrackPointExtension>
            <ns3:hr>121</ns3:hr>
            <ns3:cad>0</ns3:cad>
          </ns3:TrackPointExtension>
        </extensions>
      </trkpt>
      <trkpt lat="35.9718562848865985870361328125" lon="-81.10775032080709934234619140625">
        <ele>529.5999755859375</ele>
        <time>2026-03-30T12:42:28.000Z</time>
        <extensions>
          <ns3:TrackPointExtension>
            <ns3:hr>119</ns3:hr>
            <ns3:cad>0</ns3:cad>
          </ns3:TrackPointExtension>
        </extensions>
      </trkpt>
      <trkpt lat="35.9718210808932781219482421875" lon="-81.10773657448589801788330078125">
        <ele>528.79998779296875</ele>
        <time>2026-03-30T12:42:36.000Z</time>
        <extensions>
          <ns3:TrackPointExtension>
            <ns3:hr>117</ns3:hr>
            <ns3:cad>45</ns3:cad>
          </ns3:TrackPointExtension>
        </extensions>
      </trkpt>
      <trkpt lat="35.9718180634081363677978515625" lon="-81.10773540101945400238037109375">
        <ele>528.5999755859375</ele>
        <time>2026-03-30T12:42:37.000Z</time>
        <extensions>
          <ns3:TrackPointExtension>
            <ns3:hr>116</ns3:hr>
            <ns3:cad>43</ns3:cad>
          </ns3:TrackPointExtension>
        </extensions>
      </trkpt>
      <trkpt lat="35.9718251042068004608154296875" lon="-81.10773422755300998687744140625">
        <ele>528</ele>
        <time>2026-03-30T12:42:46.000Z</time>
        <extensions>
          <ns3:TrackPointExtension>
            <ns3:hr>117</ns3:hr>
            <ns3:cad>0</ns3:cad>
          </ns3:TrackPointExtension>
        </extensions>
      </trkpt>
      <trkpt lat="35.9718251042068004608154296875" lon="-81.10773422755300998687744140625">
        <ele>528.4000244140625</ele>
        <time>2026-03-30T12:42:54.000Z</time>
        <extensions>
          <ns3:TrackPointExtension>
            <ns3:hr>112</ns3:hr>
            <ns3:cad>0</ns3:cad>
          </ns3:TrackPointExtension>
        </extensions>
      </trkpt>
      <trkpt lat="35.9718251042068004608154296875" lon="-81.10773422755300998687744140625">
        <ele>528.4000244140625</ele>
        <time>2026-03-30T12:42:58.000Z</time>
        <extensions>
          <ns3:TrackPointExtension>
            <ns3:hr>113</ns3:hr>
            <ns3:cad>0</ns3:cad>
          </ns3:TrackPointExtension>
        </extensions>
      </trkpt>
      <trkpt lat="35.9718251042068004608154296875" lon="-81.10773422755300998687744140625">
        <ele>528</ele>
        <time>2026-03-30T12:43:06.000Z</time>
        <extensions>
          <ns3:TrackPointExtension>
            <ns3:hr>106</ns3:hr>
            <ns3:cad>0</ns3:cad>
          </ns3:TrackPointExtension>
        </extensions>
      </trkpt>
      <trkpt lat="35.9718251042068004608154296875" lon="-81.10773422755300998687744140625">
        <ele>528</ele>
        <time>2026-03-30T12:43:07.000Z</time>
        <extensions>
          <ns3:TrackPointExtension>
            <ns3:hr>105</ns3:hr>
            <ns3:cad>0</ns3:cad>
          </ns3:TrackPointExtension>
        </extensions>
      </trkpt>
      <trkpt lat="35.9718251042068004608154296875" lon="-81.10773422755300998687744140625">
        <ele>528</ele>
        <time>2026-03-30T12:43:12.000Z</time>
        <extensions>
          <ns3:TrackPointExtension>
            <ns3:hr>108</ns3:hr>
            <ns3:cad>0</ns3:cad>
          </ns3:TrackPointExtension>
        </extensions>
      </trkpt>
      <trkpt lat="35.9718251042068004608154296875" lon="-81.10773422755300998687744140625">
        <ele>527.79998779296875</ele>
        <time>2026-03-30T12:43:14.000Z</time>
        <extensions>
          <ns3:TrackPointExtension>
            <ns3:hr>112</ns3:hr>
            <ns3:cad>0</ns3:cad>
          </ns3:TrackPointExtension>
        </extensions>
      </trkpt>
      <trkpt lat="35.9718251042068004608154296875" lon="-81.10773422755300998687744140625">
        <ele>528</ele>
        <time>2026-03-30T12:43:20.000Z</time>
        <extensions>
          <ns3:TrackPointExtension>
            <ns3:hr>109</ns3:hr>
            <ns3:cad>0</ns3:cad>
          </ns3:TrackPointExtension>
        </extensions>
      </trkpt>
      <trkpt lat="35.97182116471230983734130859375" lon="-81.10771846957504749298095703125">
        <ele>527.5999755859375</ele>
        <time>2026-03-30T12:43:29.000Z</time>
        <extensions>
          <ns3:TrackPointExtension>
            <ns3:hr>108</ns3:hr>
            <ns3:cad>0</ns3:cad>
          </ns3:TrackPointExtension>
        </extensions>
      </trkpt>
      <trkpt lat="35.97181965596973896026611328125" lon="-81.1077118478715419769287109375">
        <ele>527.4000244140625</ele>
        <time>2026-03-30T12:43:30.000Z</time>
        <extensions>
          <ns3:TrackPointExtension>
            <ns3:hr>108</ns3:hr>
            <ns3:cad>0</ns3:cad>
          </ns3:TrackPointExtension>
        </extensions>
      </trkpt>
      <trkpt lat="35.97181387245655059814453125" lon="-81.10770891420543193817138671875">
        <ele>527.20001220703125</ele>
        <time>2026-03-30T12:43:31.000Z</time>
        <extensions>
          <ns3:TrackPointExtension>
            <ns3:hr>107</ns3:hr>
            <ns3:cad>0</ns3:cad>
          </ns3:TrackPointExtension>
        </extensions>
      </trkpt>
      <trkpt lat="35.9717865474522113800048828125" lon="-81.10768510960042476654052734375">
        <ele>526.5999755859375</ele>
        <time>2026-03-30T12:43:37.000Z</time>
        <extensions>
          <ns3:TrackPointExtension>
            <ns3:hr>107</ns3:hr>
            <ns3:cad>50</ns3:cad>
          </ns3:TrackPointExtension>
        </extensions>
      </trkpt>
      <trkpt lat="35.97177372314035892486572265625" lon="-81.107676140964031219482421875">
        <ele>526.5999755859375</ele>
        <time>2026-03-30T12:43:39.000Z</time>
        <extensions>
          <ns3:TrackPointExtension>
            <ns3:hr>107</ns3:hr>
            <ns3:cad>50</ns3:cad>
          </ns3:TrackPointExtension>
        </extensions>
      </trkpt>
      <trkpt lat="35.97176299430429935455322265625" lon="-81.107653677463531494140625">
        <ele>526</ele>
        <time>2026-03-30T12:43:44.000Z</time>
        <extensions>
          <ns3:TrackPointExtension>
            <ns3:hr>107</ns3:hr>
            <ns3:cad>0</ns3:cad>
          </ns3:TrackPointExtension>
        </extensions>
      </trkpt>
      <trkpt lat="35.97178059630095958709716796875" lon="-81.10765828751027584075927734375">
        <ele>525.79998779296875</ele>
        <time>2026-03-30T12:43:47.000Z</time>
        <extensions>
          <ns3:TrackPointExtension>
            <ns3:hr>108</ns3:hr>
            <ns3:cad>0</ns3:cad>
          </ns3:TrackPointExtension>
        </extensions>
      </trkpt>
      <trkpt lat="35.9718019701540470123291015625" lon="-81.10764923505485057830810546875">
        <ele>525.5999755859375</ele>
        <time>2026-03-30T12:43:49.000Z</time>
        <extensions>
          <ns3:TrackPointExtension>
            <ns3:hr>107</ns3:hr>
            <ns3:cad>0</ns3:cad>
          </ns3:TrackPointExtension>
        </extensions>
      </trkpt>
      <trkpt lat="35.9718076698482036590576171875" lon="-81.1076454631984233856201171875">
        <ele>525.4000244140625</ele>
        <time>2026-03-30T12:43:50.000Z</time>
        <extensions>
          <ns3:TrackPointExtension>
            <ns3:hr>106</ns3:hr>
            <ns3:cad>0</ns3:cad>
          </ns3:TrackPointExtension>
        </extensions>
      </trkpt>
      <trkpt lat="35.9718408621847629547119140625" lon="-81.107623167335987091064453125">
        <ele>525.4000244140625</ele>
        <time>2026-03-30T12:43:55.000Z</time>
        <extensions>
          <ns3:TrackPointExtension>
            <ns3:hr>103</ns3:hr>
            <ns3:cad>45</ns3:cad>
          </ns3:TrackPointExtension>
        </extensions>
      </trkpt>
      <trkpt lat="35.9718680195510387420654296875" lon="-81.1076193116605281829833984375">
        <ele>525.4000244140625</ele>
        <time>2026-03-30T12:43:58.000Z</time>
        <extensions>
          <ns3:TrackPointExtension>
            <ns3:hr>103</ns3:hr>
            <ns3:cad>45</ns3:cad>
          </ns3:TrackPointExtension>
        </extensions>
      </trkpt>
      <trkpt lat="35.97188285551965236663818359375" lon="-81.10760782845318317413330078125">
        <ele>525.4000244140625</ele>
        <time>2026-03-30T12:44:00.000Z</time>
        <extensions>
          <ns3:TrackPointExtension>
            <ns3:hr>103</ns3:hr>
            <ns3:cad>45</ns3:cad>
          </ns3:TrackPointExtension>
        </extensions>
      </trkpt>
      <trkpt lat="35.97188922576606273651123046875" lon="-81.10757111571729183197021484375">
        <ele>525.4000244140625</ele>
        <time>2026-03-30T12:44:04.000Z</time>
        <extensions>
          <ns3:TrackPointExtension>
            <ns3:hr>104</ns3:hr>
            <ns3:cad>0</ns3:cad>
          </ns3:TrackPointExtension>
        </extensions>
      </trkpt>
      <trkpt lat="35.97187698818743228912353515625" lon="-81.10754479654133319854736328125">
        <ele>524.79998779296875</ele>
        <time>2026-03-30T12:44:10.000Z</time>
        <extensions>
          <ns3:TrackPointExtension>
            <ns3:hr>106</ns3:hr>
            <ns3:cad>0</ns3:cad>
          </ns3:TrackPointExtension>
        </extensions>
      </trkpt>
      <trkpt lat="35.9718613140285015106201171875" lon="-81.10753674991428852081298828125">
        <ele>524.4000244140625</ele>
        <time>2026-03-30T12:44:12.000Z</time>
        <extensions>
          <ns3:TrackPointExtension>
            <ns3:hr>106</ns3:hr>
            <ns3:cad>0</ns3:cad>
          </ns3:TrackPointExtension>
        </extensions>
      </trkpt>
      <trkpt lat="35.97183759324252605438232421875" lon="-81.10753172077238559722900390625">
        <ele>523.79998779296875</ele>
        <time>2026-03-30T12:44:16.000Z</time>
        <extensions>
          <ns3:TrackPointExtension>
            <ns3:hr>107</ns3:hr>
            <ns3:cad>69</ns3:cad>
          </ns3:TrackPointExtension>
        </extensions>
      </trkpt>
      <trkpt lat="35.971820913255214691162109375" lon="-81.10753096640110015869140625">
        <ele>523.4000244140625</ele>
        <time>2026-03-30T12:44:19.000Z</time>
        <extensions>
          <ns3:TrackPointExtension>
            <ns3:hr>107</ns3:hr>
            <ns3:cad>0</ns3:cad>
          </ns3:TrackPointExtension>
        </extensions>
      </trkpt>
      <trkpt lat="35.97181932069361209869384765625" lon="-81.1075234226882457733154296875">
        <ele>522.79998779296875</ele>
        <time>2026-03-30T12:44:23.000Z</time>
        <extensions>
          <ns3:TrackPointExtension>
            <ns3:hr>106</ns3:hr>
            <ns3:cad>0</ns3:cad>
          </ns3:TrackPointExtension>
        </extensions>
      </trkpt>
      <trkpt lat="35.9718279540538787841796875" lon="-81.107513867318630218505859375">
        <ele>522.5999755859375</ele>
        <time>2026-03-30T12:44:29.000Z</time>
        <extensions>
          <ns3:TrackPointExtension>
            <ns3:hr>107</ns3:hr>
            <ns3:cad>0</ns3:cad>
          </ns3:TrackPointExtension>
        </extensions>
      </trkpt>
      <trkpt lat="35.9718489088118076324462890625" lon="-81.10750372521579265594482421875">
        <ele>523</ele>
        <time>2026-03-30T12:44:36.000Z</time>
        <extensions>
          <ns3:TrackPointExtension>
            <ns3:hr>106</ns3:hr>
            <ns3:cad>0</ns3:cad>
          </ns3:TrackPointExtension>
        </extensions>
      </trkpt>
      <trkpt lat="35.97185536287724971771240234375" lon="-81.10747673548758029937744140625">
        <ele>522.79998779296875</ele>
        <time>2026-03-30T12:44:41.000Z</time>
        <extensions>
          <ns3:TrackPointExtension>
            <ns3:hr>108</ns3:hr>
            <ns3:cad>0</ns3:cad>
          </ns3:TrackPointExtension>
        </extensions>
      </trkpt>
      <trkpt lat="35.971855111420154571533203125" lon="-81.10747204162180423736572265625">
        <ele>522.4000244140625</ele>
        <time>2026-03-30T12:44:49.000Z</time>
        <extensions>
          <ns3:TrackPointExtension>
            <ns3:hr>111</ns3:hr>
            <ns3:cad>0</ns3:cad>
          </ns3:TrackPointExtension>
        </extensions>
      </trkpt>
      <trkpt lat="35.97185611724853515625" lon="-81.107468940317630767822265625">
        <ele>522.4000244140625</ele>
        <time>2026-03-30T12:44:50.000Z</time>
        <extensions>
          <ns3:TrackPointExtension>
            <ns3:hr>112</ns3:hr>
            <ns3:cad>0</ns3:cad>
          </ns3:TrackPointExtension>
        </extensions>
      </trkpt>
      <trkpt lat="35.97186885774135589599609375" lon="-81.107471622526645660400390625">
        <ele>522.5999755859375</ele>
        <time>2026-03-30T12:44:58.000Z</time>
        <extensions>
          <ns3:TrackPointExtension>
            <ns3:hr>114</ns3:hr>
            <ns3:cad>0</ns3:cad>
          </ns3:TrackPointExtension>
        </extensions>
      </trkpt>
      <trkpt lat="35.97188620828092098236083984375" lon="-81.10744387842714786529541015625">
        <ele>522.5999755859375</ele>
        <time>2026-03-30T12:45:05.000Z</time>
        <extensions>
          <ns3:TrackPointExtension>
            <ns3:hr>116</ns3:hr>
            <ns3:cad>0</ns3:cad>
          </ns3:TrackPointExtension>
        </extensions>
      </trkpt>
      <trkpt lat="35.97188268788158893585205078125" lon="-81.10742610879242420196533203125">
        <ele>522.4000244140625</ele>
        <time>2026-03-30T12:45:13.000Z</time>
        <extensions>
          <ns3:TrackPointExtension>
            <ns3:hr>116</ns3:hr>
            <ns3:cad>0</ns3:cad>
          </ns3:TrackPointExtension>
        </extensions>
      </trkpt>
      <trkpt lat="35.9718777425587177276611328125" lon="-81.1073940061032772064208984375">
        <ele>522</ele>
        <time>2026-03-30T12:45:19.000Z</time>
        <extensions>
          <ns3:TrackPointExtension>
            <ns3:hr>112</ns3:hr>
            <ns3:cad>0</ns3:cad>
          </ns3:TrackPointExtension>
        </extensions>
      </trkpt>
      <trkpt lat="35.97185569815337657928466796875" lon="-81.10739727504551410675048828125">
        <ele>521.79998779296875</ele>
        <time>2026-03-30T12:45:24.000Z</time>
        <extensions>
          <ns3:TrackPointExtension>
            <ns3:hr>109</ns3:hr>
            <ns3:cad>0</ns3:cad>
          </ns3:TrackPointExtension>
        </extensions>
      </trkpt>
      <trkpt lat="35.9718529321253299713134765625" lon="-81.10739710740745067596435546875">
        <ele>521.79998779296875</ele>
        <time>2026-03-30T12:45:25.000Z</time>
        <extensions>
          <ns3:TrackPointExtension>
            <ns3:hr>108</ns3:hr>
            <ns3:cad>0</ns3:cad>
          </ns3:TrackPointExtension>
        </extensions>
      </trkpt>
      <trkpt lat="35.9718586318194866180419921875" lon="-81.10738201998174190521240234375">
        <ele>521.20001220703125</ele>
        <time>2026-03-30T12:45:29.000Z</time>
        <extensions>
          <ns3:TrackPointExtension>
            <ns3:hr>108</ns3:hr>
            <ns3:cad>0</ns3:cad>
          </ns3:TrackPointExtension>
        </extensions>
      </trkpt>
      <trkpt lat="35.97184279002249240875244140625" lon="-81.10738520510494709014892578125">
        <ele>520.5999755859375</ele>
        <time>2026-03-30T12:45:32.000Z</time>
        <extensions>
          <ns3:TrackPointExtension>
            <ns3:hr>108</ns3:hr>
            <ns3:cad>0</ns3:cad>
          </ns3:TrackPointExtension>
        </extensions>
      </trkpt>
      <trkpt lat="35.97180859185755252838134765625" lon="-81.1073792539536952972412109375">
        <ele>520.20001220703125</ele>
        <time>2026-03-30T12:45:38.000Z</time>
        <extensions>
          <ns3:TrackPointExtension>
            <ns3:hr>107</ns3:hr>
            <ns3:cad>0</ns3:cad>
          </ns3:TrackPointExtension>
        </extensions>
      </trkpt>
      <trkpt lat="35.97180020995438098907470703125" lon="-81.10738118179142475128173828125">
        <ele>520</ele>
        <time>2026-03-30T12:45:39.000Z</time>
        <extensions>
          <ns3:TrackPointExtension>
            <ns3:hr>107</ns3:hr>
            <ns3:cad>0</ns3:cad>
          </ns3:TrackPointExtension>
        </extensions>
      </trkpt>
      <trkpt lat="35.97178411670029163360595703125" lon="-81.1073906533420085906982421875">
        <ele>519.4000244140625</ele>
        <time>2026-03-30T12:45:43.000Z</time>
        <extensions>
          <ns3:TrackPointExtension>
            <ns3:hr>110</ns3:hr>
            <ns3:cad>0</ns3:cad>
          </ns3:TrackPointExtension>
        </extensions>
      </trkpt>
      <trkpt lat="35.97177565097808837890625" lon="-81.10739291645586490631103515625">
        <ele>519.4000244140625</ele>
        <time>2026-03-30T12:45:46.000Z</time>
        <extensions>
          <ns3:TrackPointExtension>
            <ns3:hr>110</ns3:hr>
            <ns3:cad>0</ns3:cad>
          </ns3:TrackPointExtension>
        </extensions>
      </trkpt>
      <trkpt lat="35.9717771597206592559814453125" lon="-81.10739978961646556854248046875">
        <ele>519.5999755859375</ele>
        <time>2026-03-30T12:45:49.000Z</time>
        <extensions>
          <ns3:TrackPointExtension>
            <ns3:hr>113</ns3:hr>
            <ns3:cad>0</ns3:cad>
          </ns3:TrackPointExtension>
        </extensions>
      </trkpt>
      <trkpt lat="35.97178713418543338775634765625" lon="-81.107406914234161376953125">
        <ele>519.79998779296875</ele>
        <time>2026-03-30T12:45:52.000Z</time>
        <extensions>
          <ns3:TrackPointExtension>
            <ns3:hr>114</ns3:hr>
            <ns3:cad>0</ns3:cad>
          </ns3:TrackPointExtension>
        </extensions>
      </trkpt>
      <trkpt lat="35.971791408956050872802734375" lon="-81.1074543558061122894287109375">
        <ele>521.20001220703125</ele>
        <time>2026-03-30T12:45:58.000Z</time>
        <extensions>
          <ns3:TrackPointExtension>
            <ns3:hr>113</ns3:hr>
            <ns3:cad>0</ns3:cad>
          </ns3:TrackPointExtension>
        </extensions>
      </trkpt>
      <trkpt lat="35.9717912413179874420166015625" lon="-81.107454188168048858642578125">
        <ele>521.4000244140625</ele>
        <time>2026-03-30T12:45:59.000Z</time>
        <extensions>
          <ns3:TrackPointExtension>
            <ns3:hr>114</ns3:hr>
            <ns3:cad>0</ns3:cad>
          </ns3:TrackPointExtension>
        </extensions>
      </trkpt>
      <trkpt lat="35.97179484553635120391845703125" lon="-81.1074603907763957977294921875">
        <ele>521.5999755859375</ele>
        <time>2026-03-30T12:46:03.000Z</time>
        <extensions>
          <ns3:TrackPointExtension>
            <ns3:hr>117</ns3:hr>
            <ns3:cad>0</ns3:cad>
          </ns3:TrackPointExtension>
        </extensions>
      </trkpt>
      <trkpt lat="35.97179434262216091156005859375" lon="-81.1074711196124553680419921875">
        <ele>521.79998779296875</ele>
        <time>2026-03-30T12:46:06.000Z</time>
        <extensions>
          <ns3:TrackPointExtension>
            <ns3:hr>117</ns3:hr>
            <ns3:cad>0</ns3:cad>
          </ns3:TrackPointExtension>
        </extensions>
      </trkpt>
      <trkpt lat="35.97177774645388126373291015625" lon="-81.1074754782021045684814453125">
        <ele>521.79998779296875</ele>
        <time>2026-03-30T12:46:13.000Z</time>
        <extensions>
          <ns3:TrackPointExtension>
            <ns3:hr>117</ns3:hr>
            <ns3:cad>0</ns3:cad>
          </ns3:TrackPointExtension>
        </extensions>
      </trkpt>
      <trkpt lat="35.97175997681915760040283203125" lon="-81.10747732222080230712890625">
        <ele>521.79998779296875</ele>
        <time>2026-03-30T12:46:20.000Z</time>
        <extensions>
          <ns3:TrackPointExtension>
            <ns3:hr>118</ns3:hr>
            <ns3:cad>0</ns3:cad>
          </ns3:TrackPointExtension>
        </extensions>
      </trkpt>
      <trkpt lat="35.97174623049795627593994140625" lon="-81.10748411156237125396728515625">
        <ele>521.20001220703125</ele>
        <time>2026-03-30T12:46:27.000Z</time>
        <extensions>
          <ns3:TrackPointExtension>
            <ns3:hr>118</ns3:hr>
            <ns3:cad>0</ns3:cad>
          </ns3:TrackPointExtension>
        </extensions>
      </trkpt>
      <trkpt lat="35.97173851914703845977783203125" lon="-81.10746852122247219085693359375">
        <ele>520.4000244140625</ele>
        <time>2026-03-30T12:46:38.000Z</time>
        <extensions>
          <ns3:TrackPointExtension>
            <ns3:hr>118</ns3:hr>
            <ns3:cad>0</ns3:cad>
          </ns3:TrackPointExtension>
        </extensions>
      </trkpt>
      <trkpt lat="35.971728377044200897216796875" lon="-81.10745158977806568145751953125">
        <ele>520.5999755859375</ele>
        <time>2026-03-30T12:46:46.000Z</time>
        <extensions>
          <ns3:TrackPointExtension>
            <ns3:hr>118</ns3:hr>
            <ns3:cad>0</ns3:cad>
          </ns3:TrackPointExtension>
        </extensions>
      </trkpt>
      <trkpt lat="35.9717349149286746978759765625" lon="-81.1074375919997692108154296875">
        <ele>520.20001220703125</ele>
        <time>2026-03-30T12:46:48.000Z</time>
        <extensions>
          <ns3:TrackPointExtension>
            <ns3:hr>118</ns3:hr>
            <ns3:cad>0</ns3:cad>
          </ns3:TrackPointExtension>
        </extensions>
      </trkpt>
      <trkpt lat="35.97176416777074337005615234375" lon="-81.10740968026220798492431640625">
        <ele>519.79998779296875</ele>
        <time>2026-03-30T12:46:53.000Z</time>
        <extensions>
          <ns3:TrackPointExtension>
            <ns3:hr>122</ns3:hr>
            <ns3:cad>0</ns3:cad>
          </ns3:TrackPointExtension>
        </extensions>
      </trkpt>
      <trkpt lat="35.97177020274102687835693359375" lon="-81.1074084229767322540283203125">
        <ele>519.79998779296875</ele>
        <time>2026-03-30T12:46:54.000Z</time>
        <extensions>
          <ns3:TrackPointExtension>
            <ns3:hr>123</ns3:hr>
            <ns3:cad>0</ns3:cad>
          </ns3:TrackPointExtension>
        </extensions>
      </trkpt>
      <trkpt lat="35.97179400734603404998779296875" lon="-81.1074028909206390380859375">
        <ele>520.20001220703125</ele>
        <time>2026-03-30T12:47:00.000Z</time>
        <extensions>
          <ns3:TrackPointExtension>
            <ns3:hr>121</ns3:hr>
            <ns3:cad>0</ns3:cad>
          </ns3:TrackPointExtension>
        </extensions>
      </trkpt>
      <trkpt lat="35.9718261100351810455322265625" lon="-81.10739191062748432159423828125">
        <ele>520.5999755859375</ele>
        <time>2026-03-30T12:47:06.000Z</time>
        <extensions>
          <ns3:TrackPointExtension>
            <ns3:hr>118</ns3:hr>
            <ns3:cad>0</ns3:cad>
          </ns3:TrackPointExtension>
        </extensions>
      </trkpt>
      <trkpt lat="35.97182770259678363800048828125" lon="-81.1073537729680538177490234375">
        <ele>520.20001220703125</ele>
        <time>2026-03-30T12:47:12.000Z</time>
        <extensions>
          <ns3:TrackPointExtension>
            <ns3:hr>117</ns3:hr>
            <ns3:cad>0</ns3:cad>
          </ns3:TrackPointExtension>
        </extensions>
      </trkpt>
      <trkpt lat="35.9718328155577182769775390625" lon="-81.10735000111162662506103515625">
        <ele>520.20001220703125</ele>
        <time>2026-03-30T12:47:19.000Z</time>
        <extensions>
          <ns3:TrackPointExtension>
            <ns3:hr>116</ns3:hr>
            <ns3:cad>0</ns3:cad>
          </ns3:TrackPointExtension>
        </extensions>
      </trkpt>
      <trkpt lat="35.971778333187103271484375" lon="-81.10733960755169391632080078125">
        <ele>519.79998779296875</ele>
        <time>2026-03-30T12:47:25.000Z</time>
        <extensions>
          <ns3:TrackPointExtension>
            <ns3:hr>113</ns3:hr>
            <ns3:cad>40</ns3:cad>
          </ns3:TrackPointExtension>
        </extensions>
      </trkpt>
      <trkpt lat="35.9717469848692417144775390625" lon="-81.10733876936137676239013671875">
        <ele>519.5999755859375</ele>
        <time>2026-03-30T12:47:31.000Z</time>
        <extensions>
          <ns3:TrackPointExtension>
            <ns3:hr>115</ns3:hr>
            <ns3:cad>0</ns3:cad>
          </ns3:TrackPointExtension>
        </extensions>
      </trkpt>
      <trkpt lat="35.9717308916151523590087890625" lon="-81.1073604784905910491943359375">
        <ele>519.20001220703125</ele>
        <time>2026-03-30T12:47:34.000Z</time>
        <extensions>
          <ns3:TrackPointExtension>
            <ns3:hr>114</ns3:hr>
            <ns3:cad>0</ns3:cad>
          </ns3:TrackPointExtension>
        </extensions>
      </trkpt>
      <trkpt lat="35.971717648208141326904296875" lon="-81.1073658429086208343505859375">
        <ele>519</ele>
        <time>2026-03-30T12:47:36.000Z</time>
        <extensions>
          <ns3:TrackPointExtension>
            <ns3:hr>114</ns3:hr>
            <ns3:cad>0</ns3:cad>
          </ns3:TrackPointExtension>
        </extensions>
      </trkpt>
      <trkpt lat="35.9717003814876079559326171875" lon="-81.10737749375402927398681640625">
        <ele>518.79998779296875</ele>
        <time>2026-03-30T12:47:39.000Z</time>
        <extensions>
          <ns3:TrackPointExtension>
            <ns3:hr>111</ns3:hr>
            <ns3:cad>47</ns3:cad>
          </ns3:TrackPointExtension>
        </extensions>
      </trkpt>
      <trkpt lat="35.97167749889194965362548828125" lon="-81.1073836125433444976806640625">
        <ele>518.20001220703125</ele>
        <time>2026-03-30T12:47:44.000Z</time>
        <extensions>
          <ns3:TrackPointExtension>
            <ns3:hr>110</ns3:hr>
            <ns3:cad>0</ns3:cad>
          </ns3:TrackPointExtension>
        </extensions>
      </trkpt>
      <trkpt lat="35.97166174091398715972900390625" lon="-81.1073883064091205596923828125">
        <ele>517.5999755859375</ele>
        <time>2026-03-30T12:47:47.000Z</time>
        <extensions>
          <ns3:TrackPointExtension>
            <ns3:hr>114</ns3:hr>
            <ns3:cad>48</ns3:cad>
          </ns3:TrackPointExtension>
        </extensions>
      </trkpt>
      <trkpt lat="35.97165352664887905120849609375" lon="-81.10738537274301052093505859375">
        <ele>517.4000244140625</ele>
        <time>2026-03-30T12:47:49.000Z</time>
        <extensions>
          <ns3:TrackPointExtension>
            <ns3:hr>114</ns3:hr>
            <ns3:cad>49</ns3:cad>
          </ns3:TrackPointExtension>
        </extensions>
      </trkpt>
      <trkpt lat="35.9716303087770938873291015625" lon="-81.1073728837072849273681640625">
        <ele>517</ele>
        <time>2026-03-30T12:47:56.000Z</time>
        <extensions>
          <ns3:TrackPointExtension>
            <ns3:hr>115</ns3:hr>
            <ns3:cad>41</ns3:cad>
          </ns3:TrackPointExtension>
        </extensions>
      </trkpt>
      <trkpt lat="35.9716343320906162261962890625" lon="-81.10736441798508167266845703125">
        <ele>516.5999755859375</ele>
        <time>2026-03-30T12:47:59.000Z</time>
        <extensions>
          <ns3:TrackPointExtension>
            <ns3:hr>111</ns3:hr>
            <ns3:cad>41</ns3:cad>
          </ns3:TrackPointExtension>
        </extensions>
      </trkpt>
      <trkpt lat="35.971633158624172210693359375" lon="-81.10735536552965641021728515625">
        <ele>516.20001220703125</ele>
        <time>2026-03-30T12:48:01.000Z</time>
        <extensions>
          <ns3:TrackPointExtension>
            <ns3:hr>108</ns3:hr>
            <ns3:cad>79</ns3:cad>
          </ns3:TrackPointExtension>
        </extensions>
      </trkpt>
      <trkpt lat="35.97164078615605831146240234375" lon="-81.10734698362648487091064453125">
        <ele>516</ele>
        <time>2026-03-30T12:48:03.000Z</time>
        <extensions>
          <ns3:TrackPointExtension>
            <ns3:hr>107</ns3:hr>
            <ns3:cad>41</ns3:cad>
          </ns3:TrackPointExtension>
        </extensions>
      </trkpt>
      <trkpt lat="35.971645899116992950439453125" lon="-81.1073212511837482452392578125">
        <ele>516</ele>
        <time>2026-03-30T12:48:07.000Z</time>
        <extensions>
          <ns3:TrackPointExtension>
            <ns3:hr>107</ns3:hr>
            <ns3:cad>0</ns3:cad>
          </ns3:TrackPointExtension>
        </extensions>
      </trkpt>
      <trkpt lat="35.9716541133821010589599609375" lon="-81.10730406828224658966064453125">
        <ele>515.4000244140625</ele>
        <time>2026-03-30T12:48:10.000Z</time>
        <extensions>
          <ns3:TrackPointExtension>
            <ns3:hr>108</ns3:hr>
            <ns3:cad>0</ns3:cad>
          </ns3:TrackPointExtension>
        </extensions>
      </trkpt>
      <trkpt lat="35.97166660241782665252685546875" lon="-81.10729585401713848114013671875">
        <ele>515</ele>
        <time>2026-03-30T12:48:15.000Z</time>
        <extensions>
          <ns3:TrackPointExtension>
            <ns3:hr>109</ns3:hr>
            <ns3:cad>0</ns3:cad>
          </ns3:TrackPointExtension>
        </extensions>
      </trkpt>
      <trkpt lat="35.97166760824620723724365234375" lon="-81.10728554427623748779296875">
        <ele>515</ele>
        <time>2026-03-30T12:48:17.000Z</time>
        <extensions>
          <ns3:TrackPointExtension>
            <ns3:hr>109</ns3:hr>
            <ns3:cad>0</ns3:cad>
          </ns3:TrackPointExtension>
        </extensions>
      </trkpt>
      <trkpt lat="35.97166710533201694488525390625" lon="-81.10723751597106456756591796875">
        <ele>514.4000244140625</ele>
        <time>2026-03-30T12:48:24.000Z</time>
        <extensions>
          <ns3:TrackPointExtension>
            <ns3:hr>107</ns3:hr>
            <ns3:cad>73</ns3:cad>
          </ns3:TrackPointExtension>
        </extensions>
      </trkpt>
      <trkpt lat="35.97168873064219951629638671875" lon="-81.1072310619056224822998046875">
        <ele>515</ele>
        <time>2026-03-30T12:48:30.000Z</time>
        <extensions>
          <ns3:TrackPointExtension>
            <ns3:hr>107</ns3:hr>
            <ns3:cad>77</ns3:cad>
          </ns3:TrackPointExtension>
        </extensions>
      </trkpt>
      <trkpt lat="35.9716873057186603546142578125" lon="-81.10726551152765750885009765625">
        <ele>515.5999755859375</ele>
        <time>2026-03-30T12:48:37.000Z</time>
        <extensions>
          <ns3:TrackPointExtension>
            <ns3:hr>106</ns3:hr>
            <ns3:cad>0</ns3:cad>
          </ns3:TrackPointExtension>
        </extensions>
      </trkpt>
      <trkpt lat="35.97170566208660602569580078125" lon="-81.1072823591530323028564453125">
        <ele>516</ele>
        <time>2026-03-30T12:48:41.000Z</time>
        <extensions>
          <ns3:TrackPointExtension>
            <ns3:hr>106</ns3:hr>
            <ns3:cad>0</ns3:cad>
          </ns3:TrackPointExtension>
        </extensions>
      </trkpt>
      <trkpt lat="35.9717251919209957122802734375" lon="-81.10727154649794101715087890625">
        <ele>516.5999755859375</ele>
        <time>2026-03-30T12:48:44.000Z</time>
        <extensions>
          <ns3:TrackPointExtension>
            <ns3:hr>107</ns3:hr>
            <ns3:cad>0</ns3:cad>
          </ns3:TrackPointExtension>
        </extensions>
      </trkpt>
      <trkpt lat="35.97173768095672130584716796875" lon="-81.1072552017867565155029296875">
        <ele>516.5999755859375</ele>
        <time>2026-03-30T12:48:47.000Z</time>
        <extensions>
          <ns3:TrackPointExtension>
            <ns3:hr>110</ns3:hr>
            <ns3:cad>0</ns3:cad>
          </ns3:TrackPointExtension>
        </extensions>
      </trkpt>
      <trkpt lat="35.97175092436373233795166015625" lon="-81.1072231829166412353515625">
        <ele>516</ele>
        <time>2026-03-30T12:48:51.000Z</time>
        <extensions>
          <ns3:TrackPointExtension>
            <ns3:hr>113</ns3:hr>
            <ns3:cad>0</ns3:cad>
          </ns3:TrackPointExtension>
        </extensions>
      </trkpt>
      <trkpt lat="35.97174757160246372222900390625" lon="-81.1072096042335033416748046875">
        <ele>516</ele>
        <time>2026-03-30T12:48:53.000Z</time>
        <extensions>
          <ns3:TrackPointExtension>
            <ns3:hr>116</ns3:hr>
            <ns3:cad>0</ns3:cad>
          </ns3:TrackPointExtension>
        </extensions>
      </trkpt>
      <trkpt lat="35.971740446984767913818359375" lon="-81.10721387900412082672119140625">
        <ele>515.79998779296875</ele>
        <time>2026-03-30T12:48:57.000Z</time>
        <extensions>
          <ns3:TrackPointExtension>
            <ns3:hr>117</ns3:hr>
            <ns3:cad>0</ns3:cad>
          </ns3:TrackPointExtension>
        </extensions>
      </trkpt>
      <trkpt lat="35.97174011170864105224609375" lon="-81.1072387732565402984619140625">
        <ele>516</ele>
        <time>2026-03-30T12:49:02.000Z</time>
        <extensions>
          <ns3:TrackPointExtension>
            <ns3:hr>116</ns3:hr>
            <ns3:cad>0</ns3:cad>
          </ns3:TrackPointExtension>
        </extensions>
      </trkpt>
      <trkpt lat="35.97176785580813884735107421875" lon="-81.1072629131376743316650390625">
        <ele>516.5999755859375</ele>
        <time>2026-03-30T12:49:09.000Z</time>
        <extensions>
          <ns3:TrackPointExtension>
            <ns3:hr>114</ns3:hr>
            <ns3:cad>0</ns3:cad>
          </ns3:TrackPointExtension>
        </extensions>
      </trkpt>
      <trkpt lat="35.9717540256679058074951171875" lon="-81.1072649247944355010986328125">
        <ele>516.5999755859375</ele>
        <time>2026-03-30T12:49:17.000Z</time>
        <extensions>
          <ns3:TrackPointExtension>
            <ns3:hr>112</ns3:hr>
            <ns3:cad>0</ns3:cad>
          </ns3:TrackPointExtension>
        </extensions>
      </trkpt>
      <trkpt lat="35.9717443026602268218994140625" lon="-81.1072666011750698089599609375">
        <ele>516.5999755859375</ele>
        <time>2026-03-30T12:49:27.000Z</time>
        <extensions>
          <ns3:TrackPointExtension>
            <ns3:hr>112</ns3:hr>
            <ns3:cad>0</ns3:cad>
          </ns3:TrackPointExtension>
        </extensions>
      </trkpt>
      <trkpt lat="35.97174011170864105224609375" lon="-81.10723458230495452880859375">
        <ele>516.4000244140625</ele>
        <time>2026-03-30T12:49:33.000Z</time>
        <extensions>
          <ns3:TrackPointExtension>
            <ns3:hr>115</ns3:hr>
            <ns3:cad>0</ns3:cad>
          </ns3:TrackPointExtension>
        </extensions>
      </trkpt>
      <trkpt lat="35.971731729805469512939453125" lon="-81.1072283796966075897216796875">
        <ele>516.20001220703125</ele>
        <time>2026-03-30T12:49:35.000Z</time>
        <extensions>
          <ns3:TrackPointExtension>
            <ns3:hr>116</ns3:hr>
            <ns3:cad>0</ns3:cad>
          </ns3:TrackPointExtension>
        </extensions>
      </trkpt>
      <trkpt lat="35.97170515917241573333740234375" lon="-81.1072337441146373748779296875">
        <ele>516</ele>
        <time>2026-03-30T12:49:40.000Z</time>
        <extensions>
          <ns3:TrackPointExtension>
            <ns3:hr>116</ns3:hr>
            <ns3:cad>0</ns3:cad>
          </ns3:TrackPointExtension>
        </extensions>
      </trkpt>
      <trkpt lat="35.97168034873902797698974609375" lon="-81.10721983015537261962890625">
        <ele>515.4000244140625</ele>
        <time>2026-03-30T12:49:47.000Z</time>
        <extensions>
          <ns3:TrackPointExtension>
            <ns3:hr>119</ns3:hr>
            <ns3:cad>0</ns3:cad>
          </ns3:TrackPointExtension>
        </extensions>
      </trkpt>
      <trkpt lat="35.97167213447391986846923828125" lon="-81.1072149686515331268310546875">
        <ele>515</ele>
        <time>2026-03-30T12:49:49.000Z</time>
        <extensions>
          <ns3:TrackPointExtension>
            <ns3:hr>120</ns3:hr>
            <ns3:cad>0</ns3:cad>
          </ns3:TrackPointExtension>
        </extensions>
      </trkpt>
      <trkpt lat="35.9716557897627353668212890625" lon="-81.10718152485787868499755859375">
        <ele>513.79998779296875</ele>
        <time>2026-03-30T12:49:54.000Z</time>
        <extensions>
          <ns3:TrackPointExtension>
            <ns3:hr>117</ns3:hr>
            <ns3:cad>0</ns3:cad>
          </ns3:TrackPointExtension>
        </extensions>
      </trkpt>
      <trkpt lat="35.971659310162067413330078125" lon="-81.10717934556305408477783203125">
        <ele>513</ele>
        <time>2026-03-30T12:50:00.000Z</time>
        <extensions>
          <ns3:TrackPointExtension>
            <ns3:hr>114</ns3:hr>
            <ns3:cad>0</ns3:cad>
          </ns3:TrackPointExtension>
        </extensions>
      </trkpt>
      <trkpt lat="35.971659310162067413330078125" lon="-81.10717934556305408477783203125">
        <ele>513.20001220703125</ele>
        <time>2026-03-30T12:50:05.000Z</time>
        <extensions>
          <ns3:TrackPointExtension>
            <ns3:hr>111</ns3:hr>
            <ns3:cad>0</ns3:cad>
          </ns3:TrackPointExtension>
        </extensions>
      </trkpt>
      <trkpt lat="35.97166090272367000579833984375" lon="-81.1071693710982799530029296875">
        <ele>513.5999755859375</ele>
        <time>2026-03-30T12:50:07.000Z</time>
        <extensions>
          <ns3:TrackPointExtension>
            <ns3:hr>111</ns3:hr>
            <ns3:cad>0</ns3:cad>
          </ns3:TrackPointExtension>
        </extensions>
      </trkpt>
      <trkpt lat="35.9716455638408660888671875" lon="-81.10719610936939716339111328125">
        <ele>513.79998779296875</ele>
        <time>2026-03-30T12:50:14.000Z</time>
        <extensions>
          <ns3:TrackPointExtension>
            <ns3:hr>111</ns3:hr>
            <ns3:cad>0</ns3:cad>
          </ns3:TrackPointExtension>
        </extensions>
      </trkpt>
      <trkpt lat="35.97163894213736057281494140625" lon="-81.10723768360912799835205078125">
        <ele>514</ele>
        <time>2026-03-30T12:50:17.000Z</time>
        <extensions>
          <ns3:TrackPointExtension>
            <ns3:hr>115</ns3:hr>
            <ns3:cad>0</ns3:cad>
          </ns3:TrackPointExtension>
        </extensions>
      </trkpt>
      <trkpt lat="35.9716339968144893646240234375" lon="-81.1072427965700626373291015625">
        <ele>514</ele>
        <time>2026-03-30T12:50:18.000Z</time>
        <extensions>
          <ns3:TrackPointExtension>
            <ns3:hr>116</ns3:hr>
            <ns3:cad>0</ns3:cad>
          </ns3:TrackPointExtension>
        </extensions>
      </trkpt>
      <trkpt lat="35.97162888385355472564697265625" lon="-81.10724388621747493743896484375">
        <ele>514</ele>
        <time>2026-03-30T12:50:20.000Z</time>
        <extensions>
          <ns3:TrackPointExtension>
            <ns3:hr>118</ns3:hr>
            <ns3:cad>76</ns3:cad>
          </ns3:TrackPointExtension>
        </extensions>
      </trkpt>
      <trkpt lat="35.97160021774470806121826171875" lon="-81.1072733066976070404052734375">
        <ele>512.79998779296875</ele>
        <time>2026-03-30T12:50:28.000Z</time>
        <extensions>
          <ns3:TrackPointExtension>
            <ns3:hr>117</ns3:hr>
            <ns3:cad>0</ns3:cad>
          </ns3:TrackPointExtension>
        </extensions>
      </trkpt>
      <trkpt lat="35.9715887345373630523681640625" lon="-81.10727808438241481781005859375">
        <ele>512.79998779296875</ele>
        <time>2026-03-30T12:50:31.000Z</time>
        <extensions>
          <ns3:TrackPointExtension>
            <ns3:hr>116</ns3:hr>
            <ns3:cad>0</ns3:cad>
          </ns3:TrackPointExtension>
        </extensions>
      </trkpt>
      <trkpt lat="35.97157423384487628936767578125" lon="-81.10728428699076175689697265625">
        <ele>512.4000244140625</ele>
        <time>2026-03-30T12:50:34.000Z</time>
        <extensions>
          <ns3:TrackPointExtension>
            <ns3:hr>112</ns3:hr>
            <ns3:cad>0</ns3:cad>
          </ns3:TrackPointExtension>
        </extensions>
      </trkpt>
      <trkpt lat="35.97156819887459278106689453125" lon="-81.1072880588471889495849609375">
        <ele>512.4000244140625</ele>
        <time>2026-03-30T12:50:35.000Z</time>
        <extensions>
          <ns3:TrackPointExtension>
            <ns3:hr>107</ns3:hr>
            <ns3:cad>0</ns3:cad>
          </ns3:TrackPointExtension>
        </extensions>
      </trkpt>
      <trkpt lat="35.9715565480291843414306640625" lon="-81.10729694366455078125">
        <ele>512</ele>
        <time>2026-03-30T12:50:37.000Z</time>
        <extensions>
          <ns3:TrackPointExtension>
            <ns3:hr>104</ns3:hr>
            <ns3:cad>0</ns3:cad>
          </ns3:TrackPointExtension>
        </extensions>
      </trkpt>
      <trkpt lat="35.97154472954571247100830078125" lon="-81.107315383851528167724609375">
        <ele>511.600006103515625</ele>
        <time>2026-03-30T12:50:41.000Z</time>
        <extensions>
          <ns3:TrackPointExtension>
            <ns3:hr>104</ns3:hr>
            <ns3:cad>0</ns3:cad>
          </ns3:TrackPointExtension>
        </extensions>
      </trkpt>
      <trkpt lat="35.97154087387025356292724609375" lon="-81.1073259450495243072509765625">
        <ele>511.399993896484375</ele>
        <time>2026-03-30T12:50:43.000Z</time>
        <extensions>
          <ns3:TrackPointExtension>
            <ns3:hr>104</ns3:hr>
            <ns3:cad>0</ns3:cad>
          </ns3:TrackPointExtension>
        </extensions>
      </trkpt>
      <trkpt lat="35.971535928547382354736328125" lon="-81.1073286272585391998291015625">
        <ele>511.399993896484375</ele>
        <time>2026-03-30T12:50:49.000Z</time>
        <extensions>
          <ns3:TrackPointExtension>
            <ns3:hr>104</ns3:hr>
            <ns3:cad>0</ns3:cad>
          </ns3:TrackPointExtension>
        </extensions>
      </trkpt>
      <trkpt lat="35.97151656635105609893798828125" lon="-81.1073484085500240325927734375">
        <ele>511</ele>
        <time>2026-03-30T12:50:56.000Z</time>
        <extensions>
          <ns3:TrackPointExtension>
            <ns3:hr>104</ns3:hr>
            <ns3:cad>52</ns3:cad>
          </ns3:TrackPointExtension>
        </extensions>
      </trkpt>
      <trkpt lat="35.97153601236641407012939453125" lon="-81.1073427088558673858642578125">
        <ele>510.79998779296875</ele>
        <time>2026-03-30T12:51:05.000Z</time>
        <extensions>
          <ns3:TrackPointExtension>
            <ns3:hr>100</ns3:hr>
            <ns3:cad>0</ns3:cad>
          </ns3:TrackPointExtension>
        </extensions>
      </trkpt>
      <trkpt lat="35.97153601236641407012939453125" lon="-81.1073427088558673858642578125">
        <ele>510.600006103515625</ele>
        <time>2026-03-30T12:51:06.000Z</time>
        <extensions>
          <ns3:TrackPointExtension>
            <ns3:hr>98</ns3:hr>
            <ns3:cad>0</ns3:cad>
          </ns3:TrackPointExtension>
        </extensions>
      </trkpt>
      <trkpt lat="35.97153601236641407012939453125" lon="-81.1073427088558673858642578125">
        <ele>510.600006103515625</ele>
        <time>2026-03-30T12:51:07.000Z</time>
        <extensions>
          <ns3:TrackPointExtension>
            <ns3:hr>95</ns3:hr>
            <ns3:cad>0</ns3:cad>
          </ns3:TrackPointExtension>
        </extensions>
      </trkpt>
      <trkpt lat="35.97152360714972019195556640625" lon="-81.10735871829092502593994140625">
        <ele>511</ele>
        <time>2026-03-30T12:51:12.000Z</time>
        <extensions>
          <ns3:TrackPointExtension>
            <ns3:hr>96</ns3:hr>
            <ns3:cad>71</ns3:cad>
          </ns3:TrackPointExtension>
        </extensions>
      </trkpt>
      <trkpt lat="35.97152746282517910003662109375" lon="-81.107385456562042236328125">
        <ele>511.399993896484375</ele>
        <time>2026-03-30T12:51:16.000Z</time>
        <extensions>
          <ns3:TrackPointExtension>
            <ns3:hr>99</ns3:hr>
            <ns3:cad>71</ns3:cad>
          </ns3:TrackPointExtension>
        </extensions>
      </trkpt>
      <trkpt lat="35.97153014503419399261474609375" lon="-81.1073960177600383758544921875">
        <ele>511.79998779296875</ele>
        <time>2026-03-30T12:51:18.000Z</time>
        <extensions>
          <ns3:TrackPointExtension>
            <ns3:hr>99</ns3:hr>
            <ns3:cad>75</ns3:cad>
          </ns3:TrackPointExtension>
        </extensions>
      </trkpt>
      <trkpt lat="35.971524529159069061279296875" lon="-81.10740515403449535369873046875">
        <ele>512.20001220703125</ele>
        <time>2026-03-30T12:51:20.000Z</time>
        <extensions>
          <ns3:TrackPointExtension>
            <ns3:hr>98</ns3:hr>
            <ns3:cad>0</ns3:cad>
          </ns3:TrackPointExtension>
        </extensions>
      </trkpt>
      <trkpt lat="35.9715226851403713226318359375" lon="-81.10741026699542999267578125">
        <ele>511.600006103515625</ele>
        <time>2026-03-30T12:51:28.000Z</time>
        <extensions>
          <ns3:TrackPointExtension>
            <ns3:hr>98</ns3:hr>
            <ns3:cad>0</ns3:cad>
          </ns3:TrackPointExtension>
        </extensions>
      </trkpt>
      <trkpt lat="35.97150617279112339019775390625" lon="-81.10739375464618206024169921875">
        <ele>512</ele>
        <time>2026-03-30T12:51:35.000Z</time>
        <extensions>
          <ns3:TrackPointExtension>
            <ns3:hr>96</ns3:hr>
            <ns3:cad>0</ns3:cad>
          </ns3:TrackPointExtension>
        </extensions>
      </trkpt>
      <trkpt lat="35.97149175591766834259033203125" lon="-81.10742770135402679443359375">
        <ele>512.4000244140625</ele>
        <time>2026-03-30T12:51:40.000Z</time>
        <extensions>
          <ns3:TrackPointExtension>
            <ns3:hr>98</ns3:hr>
            <ns3:cad>0</ns3:cad>
          </ns3:TrackPointExtension>
        </extensions>
      </trkpt>
      <trkpt lat="35.97149561159312725067138671875" lon="-81.10741554759442806243896484375">
        <ele>512.4000244140625</ele>
        <time>2026-03-30T12:51:43.000Z</time>
        <extensions>
          <ns3:TrackPointExtension>
            <ns3:hr>112</ns3:hr>
            <ns3:cad>0</ns3:cad>
          </ns3:TrackPointExtension>
        </extensions>
      </trkpt>
      <trkpt lat="35.9714951924979686737060546875" lon="-81.10741152428090572357177734375">
        <ele>512.4000244140625</ele>
        <time>2026-03-30T12:51:44.000Z</time>
        <extensions>
          <ns3:TrackPointExtension>
            <ns3:hr>118</ns3:hr>
            <ns3:cad>0</ns3:cad>
          </ns3:TrackPointExtension>
        </extensions>
      </trkpt>
      <trkpt lat="35.97149745561182498931884765625" lon="-81.10740582458674907684326171875">
        <ele>512.4000244140625</ele>
        <time>2026-03-30T12:51:45.000Z</time>
        <extensions>
          <ns3:TrackPointExtension>
            <ns3:hr>119</ns3:hr>
            <ns3:cad>0</ns3:cad>
          </ns3:TrackPointExtension>
        </extensions>
      </trkpt>
      <trkpt lat="35.9714871458709239959716796875" lon="-81.10739375464618206024169921875">
        <ele>512</ele>
        <time>2026-03-30T12:51:48.000Z</time>
        <extensions>
          <ns3:TrackPointExtension>
            <ns3:hr>122</ns3:hr>
            <ns3:cad>0</ns3:cad>
          </ns3:TrackPointExtension>
        </extensions>
      </trkpt>
      <trkpt lat="35.9714633412659168243408203125" lon="-81.10738101415336132049560546875">
        <ele>511.79998779296875</ele>
        <time>2026-03-30T12:51:52.000Z</time>
        <extensions>
          <ns3:TrackPointExtension>
            <ns3:hr>122</ns3:hr>
            <ns3:cad>0</ns3:cad>
          </ns3:TrackPointExtension>
        </extensions>
      </trkpt>
      <trkpt lat="35.97142696380615234375" lon="-81.10739023424685001373291015625">
        <ele>511</ele>
        <time>2026-03-30T12:51:59.000Z</time>
        <extensions>
          <ns3:TrackPointExtension>
            <ns3:hr>123</ns3:hr>
            <ns3:cad>0</ns3:cad>
          </ns3:TrackPointExtension>
        </extensions>
      </trkpt>
      <trkpt lat="35.9714237786829471588134765625" lon="-81.10740582458674907684326171875">
        <ele>511</ele>
        <time>2026-03-30T12:52:02.000Z</time>
        <extensions>
          <ns3:TrackPointExtension>
            <ns3:hr>120</ns3:hr>
            <ns3:cad>0</ns3:cad>
          </ns3:TrackPointExtension>
        </extensions>
      </trkpt>
      <trkpt lat="35.9714231081306934356689453125" lon="-81.1074137873947620391845703125">
        <ele>511</ele>
        <time>2026-03-30T12:52:05.000Z</time>
        <extensions>
          <ns3:TrackPointExtension>
            <ns3:hr>118</ns3:hr>
            <ns3:cad>0</ns3:cad>
          </ns3:TrackPointExtension>
        </extensions>
      </trkpt>
      <trkpt lat="35.97147591412067413330078125" lon="-81.10736911185085773468017578125">
        <ele>511</ele>
        <time>2026-03-30T12:52:12.000Z</time>
        <extensions>
          <ns3:TrackPointExtension>
            <ns3:hr>117</ns3:hr>
            <ns3:cad>41</ns3:cad>
          </ns3:TrackPointExtension>
        </extensions>
      </trkpt>
      <trkpt lat="35.97147457301616668701171875" lon="-81.1073460616171360015869140625">
        <ele>510.79998779296875</ele>
        <time>2026-03-30T12:52:15.000Z</time>
        <extensions>
          <ns3:TrackPointExtension>
            <ns3:hr>117</ns3:hr>
            <ns3:cad>73</ns3:cad>
          </ns3:TrackPointExtension>
        </extensions>
      </trkpt>
      <trkpt lat="35.97145470790565013885498046875" lon="-81.10731882043182849884033203125">
        <ele>510</ele>
        <time>2026-03-30T12:52:19.000Z</time>
        <extensions>
          <ns3:TrackPointExtension>
            <ns3:hr>116</ns3:hr>
            <ns3:cad>0</ns3:cad>
          </ns3:TrackPointExtension>
        </extensions>
      </trkpt>
      <trkpt lat="35.97144498489797115325927734375" lon="-81.107306666672229766845703125">
        <ele>509.600006103515625</ele>
        <time>2026-03-30T12:52:21.000Z</time>
        <extensions>
          <ns3:TrackPointExtension>
            <ns3:hr>117</ns3:hr>
            <ns3:cad>0</ns3:cad>
          </ns3:TrackPointExtension>
        </extensions>
      </trkpt>
      <trkpt lat="35.97143299877643585205078125" lon="-81.107289902865886688232421875">
        <ele>509</ele>
        <time>2026-03-30T12:52:24.000Z</time>
        <extensions>
          <ns3:TrackPointExtension>
            <ns3:hr>113</ns3:hr>
            <ns3:cad>46</ns3:cad>
          </ns3:TrackPointExtension>
        </extensions>
      </trkpt>
      <trkpt lat="35.9714271314442157745361328125" lon="-81.1072830297052860260009765625">
        <ele>508.79998779296875</ele>
        <time>2026-03-30T12:52:26.000Z</time>
        <extensions>
          <ns3:TrackPointExtension>
            <ns3:hr>110</ns3:hr>
            <ns3:cad>0</ns3:cad>
          </ns3:TrackPointExtension>
        </extensions>
      </trkpt>
      <trkpt lat="35.97142620943486690521240234375" lon="-81.10727506689727306365966796875">
        <ele>508.600006103515625</ele>
        <time>2026-03-30T12:52:27.000Z</time>
        <extensions>
          <ns3:TrackPointExtension>
            <ns3:hr>109</ns3:hr>
            <ns3:cad>46</ns3:cad>
          </ns3:TrackPointExtension>
        </extensions>
      </trkpt>
      <trkpt lat="35.9714261256158351898193359375" lon="-81.1072699539363384246826171875">
        <ele>508.399993896484375</ele>
        <time>2026-03-30T12:52:28.000Z</time>
        <extensions>
          <ns3:TrackPointExtension>
            <ns3:hr>108</ns3:hr>
            <ns3:cad>46</ns3:cad>
          </ns3:TrackPointExtension>
        </extensions>
      </trkpt>
      <trkpt lat="35.9714117087423801422119140625" lon="-81.10725126229226589202880859375">
        <ele>507.600006103515625</ele>
        <time>2026-03-30T12:52:32.000Z</time>
        <extensions>
          <ns3:TrackPointExtension>
            <ns3:hr>107</ns3:hr>
            <ns3:cad>46</ns3:cad>
          </ns3:TrackPointExtension>
        </extensions>
      </trkpt>
      <trkpt lat="35.9714063443243503570556640625" lon="-81.1072461493313312530517578125">
        <ele>507.399993896484375</ele>
        <time>2026-03-30T12:52:33.000Z</time>
        <extensions>
          <ns3:TrackPointExtension>
            <ns3:hr>108</ns3:hr>
            <ns3:cad>46</ns3:cad>
          </ns3:TrackPointExtension>
        </extensions>
      </trkpt>
      <trkpt lat="35.9714013151824474334716796875" lon="-81.10724120400846004486083984375">
        <ele>507.399993896484375</ele>
        <time>2026-03-30T12:52:34.000Z</time>
        <extensions>
          <ns3:TrackPointExtension>
            <ns3:hr>108</ns3:hr>
            <ns3:cad>46</ns3:cad>
          </ns3:TrackPointExtension>
        </extensions>
      </trkpt>
      <trkpt lat="35.971397124230861663818359375" lon="-81.1072206683456897735595703125">
        <ele>506.20001220703125</ele>
        <time>2026-03-30T12:52:40.000Z</time>
        <extensions>
          <ns3:TrackPointExtension>
            <ns3:hr>109</ns3:hr>
            <ns3:cad>0</ns3:cad>
          </ns3:TrackPointExtension>
        </extensions>
      </trkpt>
      <trkpt lat="35.971397124230861663818359375" lon="-81.10721756704151630401611328125">
        <ele>505.600006103515625</ele>
        <time>2026-03-30T12:52:42.000Z</time>
        <extensions>
          <ns3:TrackPointExtension>
            <ns3:hr>110</ns3:hr>
            <ns3:cad>0</ns3:cad>
          </ns3:TrackPointExtension>
        </extensions>
      </trkpt>
      <trkpt lat="35.97139284946024417877197265625" lon="-81.1071774177253246307373046875">
        <ele>505.600006103515625</ele>
        <time>2026-03-30T12:52:49.000Z</time>
        <extensions>
          <ns3:TrackPointExtension>
            <ns3:hr>109</ns3:hr>
            <ns3:cad>0</ns3:cad>
          </ns3:TrackPointExtension>
        </extensions>
      </trkpt>
      <trkpt lat="35.9713934361934661865234375" lon="-81.10716626979410648345947265625">
        <ele>505.20001220703125</ele>
        <time>2026-03-30T12:52:52.000Z</time>
        <extensions>
          <ns3:TrackPointExtension>
            <ns3:hr>109</ns3:hr>
            <ns3:cad>49</ns3:cad>
          </ns3:TrackPointExtension>
        </extensions>
      </trkpt>
      <trkpt lat="35.971401147544384002685546875" lon="-81.1071485839784145355224609375">
        <ele>504.79998779296875</ele>
        <time>2026-03-30T12:52:54.000Z</time>
        <extensions>
          <ns3:TrackPointExtension>
            <ns3:hr>112</ns3:hr>
            <ns3:cad>49</ns3:cad>
          </ns3:TrackPointExtension>
        </extensions>
      </trkpt>
      <trkpt lat="35.97140676341950893402099609375" lon="-81.1071438901126384735107421875">
        <ele>504.20001220703125</ele>
        <time>2026-03-30T12:52:56.000Z</time>
        <extensions>
          <ns3:TrackPointExtension>
            <ns3:hr>112</ns3:hr>
            <ns3:cad>0</ns3:cad>
          </ns3:TrackPointExtension>
        </extensions>
      </trkpt>
      <trkpt lat="35.97140944562852382659912109375" lon="-81.10713827423751354217529296875">
        <ele>504</ele>
        <time>2026-03-30T12:52:59.000Z</time>
        <extensions>
          <ns3:TrackPointExtension>
            <ns3:hr>115</ns3:hr>
            <ns3:cad>0</ns3:cad>
          </ns3:TrackPointExtension>
        </extensions>
      </trkpt>
      <trkpt lat="35.9713979624211788177490234375" lon="-81.107150427997112274169921875">
        <ele>504.20001220703125</ele>
        <time>2026-03-30T12:53:07.000Z</time>
        <extensions>
          <ns3:TrackPointExtension>
            <ns3:hr>111</ns3:hr>
            <ns3:cad>73</ns3:cad>
          </ns3:TrackPointExtension>
        </extensions>
      </trkpt>
      <trkpt lat="35.97138429991900920867919921875" lon="-81.107157804071903228759765625">
        <ele>504.20001220703125</ele>
        <time>2026-03-30T12:53:08.000Z</time>
        <extensions>
          <ns3:TrackPointExtension>
            <ns3:hr>103</ns3:hr>
            <ns3:cad>73</ns3:cad>
          </ns3:TrackPointExtension>
        </extensions>
      </trkpt>
      <trkpt lat="35.971370972692966461181640625" lon="-81.10715679824352264404296875">
        <ele>504.20001220703125</ele>
        <time>2026-03-30T12:53:09.000Z</time>
        <extensions>
          <ns3:TrackPointExtension>
            <ns3:hr>100</ns3:hr>
            <ns3:cad>73</ns3:cad>
          </ns3:TrackPointExtension>
        </extensions>
      </trkpt>
      <trkpt lat="35.971353538334369659423828125" lon="-81.10715168528258800506591796875">
        <ele>504</ele>
        <time>2026-03-30T12:53:13.000Z</time>
        <extensions>
          <ns3:TrackPointExtension>
            <ns3:hr>105</ns3:hr>
            <ns3:cad>0</ns3:cad>
          </ns3:TrackPointExtension>
        </extensions>
      </trkpt>
      <trkpt lat="35.9713476710021495819091796875" lon="-81.1071516014635562896728515625">
        <ele>504</ele>
        <time>2026-03-30T12:53:14.000Z</time>
        <extensions>
          <ns3:TrackPointExtension>
            <ns3:hr>109</ns3:hr>
            <ns3:cad>0</ns3:cad>
          </ns3:TrackPointExtension>
        </extensions>
      </trkpt>
      <trkpt lat="35.97134071402251720428466796875" lon="-81.107151769101619720458984375">
        <ele>504</ele>
        <time>2026-03-30T12:53:15.000Z</time>
        <extensions>
          <ns3:TrackPointExtension>
            <ns3:hr>109</ns3:hr>
            <ns3:cad>0</ns3:cad>
          </ns3:TrackPointExtension>
        </extensions>
      </trkpt>
      <trkpt lat="35.971317999064922332763671875" lon="-81.10714917071163654327392578125">
        <ele>504.20001220703125</ele>
        <time>2026-03-30T12:53:19.000Z</time>
        <extensions>
          <ns3:TrackPointExtension>
            <ns3:hr>109</ns3:hr>
            <ns3:cad>0</ns3:cad>
          </ns3:TrackPointExtension>
        </extensions>
      </trkpt>
      <trkpt lat="35.97131137736141681671142578125" lon="-81.10714129172265529632568359375">
        <ele>503.600006103515625</ele>
        <time>2026-03-30T12:53:26.000Z</time>
        <extensions>
          <ns3:TrackPointExtension>
            <ns3:hr>109</ns3:hr>
            <ns3:cad>0</ns3:cad>
          </ns3:TrackPointExtension>
        </extensions>
      </trkpt>
      <trkpt lat="35.97130752168595790863037109375" lon="-81.10711924731731414794921875">
        <ele>503</ele>
        <time>2026-03-30T12:53:31.000Z</time>
        <extensions>
          <ns3:TrackPointExtension>
            <ns3:hr>111</ns3:hr>
            <ns3:cad>0</ns3:cad>
          </ns3:TrackPointExtension>
        </extensions>
      </trkpt>
      <trkpt lat="35.97130827605724334716796875" lon="-81.10710675828158855438232421875">
        <ele>502.20001220703125</ele>
        <time>2026-03-30T12:53:34.000Z</time>
        <extensions>
          <ns3:TrackPointExtension>
            <ns3:hr>111</ns3:hr>
            <ns3:cad>0</ns3:cad>
          </ns3:TrackPointExtension>
        </extensions>
      </trkpt>
      <trkpt lat="35.9713144786655902862548828125" lon="-81.107101142406463623046875">
        <ele>502</ele>
        <time>2026-03-30T12:53:37.000Z</time>
        <extensions>
          <ns3:TrackPointExtension>
            <ns3:hr>110</ns3:hr>
            <ns3:cad>0</ns3:cad>
          </ns3:TrackPointExtension>
        </extensions>
      </trkpt>
      <trkpt lat="35.9713288955390453338623046875" lon="-81.10709820874035358428955078125">
        <ele>502</ele>
        <time>2026-03-30T12:53:39.000Z</time>
        <extensions>
          <ns3:TrackPointExtension>
            <ns3:hr>105</ns3:hr>
            <ns3:cad>0</ns3:cad>
          </ns3:TrackPointExtension>
        </extensions>
      </trkpt>
      <trkpt lat="35.97133350558578968048095703125" lon="-81.10709837637841701507568359375">
        <ele>502</ele>
        <time>2026-03-30T12:53:41.000Z</time>
        <extensions>
          <ns3:TrackPointExtension>
            <ns3:hr>105</ns3:hr>
            <ns3:cad>0</ns3:cad>
          </ns3:TrackPointExtension>
        </extensions>
      </trkpt>
      <trkpt lat="35.971339456737041473388671875" lon="-81.10710910521447658538818359375">
        <ele>501.79998779296875</ele>
        <time>2026-03-30T12:53:49.000Z</time>
        <extensions>
          <ns3:TrackPointExtension>
            <ns3:hr>104</ns3:hr>
            <ns3:cad>0</ns3:cad>
          </ns3:TrackPointExtension>
        </extensions>
      </trkpt>
      <trkpt lat="35.9713583998382091522216796875" lon="-81.107111535966396331787109375">
        <ele>502.20001220703125</ele>
        <time>2026-03-30T12:53:55.000Z</time>
        <extensions>
          <ns3:TrackPointExtension>
            <ns3:hr>104</ns3:hr>
            <ns3:cad>0</ns3:cad>
          </ns3:TrackPointExtension>
        </extensions>
      </trkpt>
      <trkpt lat="35.9713832102715969085693359375" lon="-81.10710206441581249237060546875">
        <ele>502.399993896484375</ele>
        <time>2026-03-30T12:54:02.000Z</time>
        <extensions>
          <ns3:TrackPointExtension>
            <ns3:hr>104</ns3:hr>
            <ns3:cad>0</ns3:cad>
          </ns3:TrackPointExtension>
        </extensions>
      </trkpt>
      <trkpt lat="35.97140441648662090301513671875" lon="-81.10707239247858524322509765625">
        <ele>502</ele>
        <time>2026-03-30T12:54:14.000Z</time>
        <extensions>
          <ns3:TrackPointExtension>
            <ns3:hr>103</ns3:hr>
            <ns3:cad>0</ns3:cad>
          </ns3:TrackPointExtension>
        </extensions>
      </trkpt>
      <trkpt lat="35.97137105651199817657470703125" lon="-81.10708664171397686004638671875">
        <ele>502</ele>
        <time>2026-03-30T12:54:20.000Z</time>
        <extensions>
          <ns3:TrackPointExtension>
            <ns3:hr>104</ns3:hr>
            <ns3:cad>41</ns3:cad>
          </ns3:TrackPointExtension>
        </extensions>
      </trkpt>
      <trkpt lat="35.9713666141033172607421875" lon="-81.10704875551164150238037109375">
        <ele>501.79998779296875</ele>
        <time>2026-03-30T12:54:28.000Z</time>
        <extensions>
          <ns3:TrackPointExtension>
            <ns3:hr>105</ns3:hr>
            <ns3:cad>44</ns3:cad>
          </ns3:TrackPointExtension>
        </extensions>
      </trkpt>
      <trkpt lat="35.97137960605323314666748046875" lon="-81.10701975412666797637939453125">
        <ele>502</ele>
        <time>2026-03-30T12:54:34.000Z</time>
        <extensions>
          <ns3:TrackPointExtension>
            <ns3:hr>102</ns3:hr>
            <ns3:cad>0</ns3:cad>
          </ns3:TrackPointExtension>
        </extensions>
      </trkpt>
      <trkpt lat="35.97138203680515289306640625" lon="-81.10701405443251132965087890625">
        <ele>501.79998779296875</ele>
        <time>2026-03-30T12:54:36.000Z</time>
        <extensions>
          <ns3:TrackPointExtension>
            <ns3:hr>101</ns3:hr>
            <ns3:cad>0</ns3:cad>
          </ns3:TrackPointExtension>
        </extensions>
      </trkpt>
      <trkpt lat="35.97140257246792316436767578125" lon="-81.10704288817942142486572265625">
        <ele>502</ele>
        <time>2026-03-30T12:54:43.000Z</time>
        <extensions>
          <ns3:TrackPointExtension>
            <ns3:hr>108</ns3:hr>
            <ns3:cad>0</ns3:cad>
          </ns3:TrackPointExtension>
        </extensions>
      </trkpt>
      <trkpt lat="35.97140257246792316436767578125" lon="-81.10704816877841949462890625">
        <ele>502</ele>
        <time>2026-03-30T12:54:44.000Z</time>
        <extensions>
          <ns3:TrackPointExtension>
            <ns3:hr>109</ns3:hr>
            <ns3:cad>0</ns3:cad>
          </ns3:TrackPointExtension>
        </extensions>
      </trkpt>
      <trkpt lat="35.97143844701349735260009765625" lon="-81.1070434749126434326171875">
        <ele>503</ele>
        <time>2026-03-30T12:54:50.000Z</time>
        <extensions>
          <ns3:TrackPointExtension>
            <ns3:hr>112</ns3:hr>
            <ns3:cad>0</ns3:cad>
          </ns3:TrackPointExtension>
        </extensions>
      </trkpt>
      <trkpt lat="35.9714405424892902374267578125" lon="-81.10704137943685054779052734375">
        <ele>503</ele>
        <time>2026-03-30T12:54:51.000Z</time>
        <extensions>
          <ns3:TrackPointExtension>
            <ns3:hr>112</ns3:hr>
            <ns3:cad>0</ns3:cad>
          </ns3:TrackPointExtension>
        </extensions>
      </trkpt>
      <trkpt lat="35.9714363515377044677734375" lon="-81.10705059953033924102783203125">
        <ele>503.20001220703125</ele>
        <time>2026-03-30T12:54:57.000Z</time>
        <extensions>
          <ns3:TrackPointExtension>
            <ns3:hr>112</ns3:hr>
            <ns3:cad>0</ns3:cad>
          </ns3:TrackPointExtension>
        </extensions>
      </trkpt>
      <trkpt lat="35.97145739011466503143310546875" lon="-81.1070637591183185577392578125">
        <ele>503.600006103515625</ele>
        <time>2026-03-30T12:55:02.000Z</time>
        <extensions>
          <ns3:TrackPointExtension>
            <ns3:hr>115</ns3:hr>
            <ns3:cad>0</ns3:cad>
          </ns3:TrackPointExtension>
        </extensions>
      </trkpt>
      <trkpt lat="35.97147750668227672576904296875" lon="-81.10706669278442859649658203125">
        <ele>504.20001220703125</ele>
        <time>2026-03-30T12:55:05.000Z</time>
        <extensions>
          <ns3:TrackPointExtension>
            <ns3:hr>115</ns3:hr>
            <ns3:cad>75</ns3:cad>
          </ns3:TrackPointExtension>
        </extensions>
      </trkpt>
      <trkpt lat="35.97149066627025604248046875" lon="-81.1070889048278331756591796875">
        <ele>505.20001220703125</ele>
        <time>2026-03-30T12:55:11.000Z</time>
        <extensions>
          <ns3:TrackPointExtension>
            <ns3:hr>117</ns3:hr>
            <ns3:cad>70</ns3:cad>
          </ns3:TrackPointExtension>
        </extensions>
      </trkpt>
      <trkpt lat="35.9714915044605731964111328125" lon="-81.10708848573267459869384765625">
        <ele>505.600006103515625</ele>
        <time>2026-03-30T12:55:12.000Z</time>
        <extensions>
          <ns3:TrackPointExtension>
            <ns3:hr>118</ns3:hr>
            <ns3:cad>0</ns3:cad>
          </ns3:TrackPointExtension>
        </extensions>
      </trkpt>
      <trkpt lat="35.97148739732801914215087890625" lon="-81.10707222484052181243896484375">
        <ele>505.20001220703125</ele>
        <time>2026-03-30T12:55:19.000Z</time>
        <extensions>
          <ns3:TrackPointExtension>
            <ns3:hr>122</ns3:hr>
            <ns3:cad>0</ns3:cad>
          </ns3:TrackPointExtension>
        </extensions>
      </trkpt>
      <trkpt lat="35.97147750668227672576904296875" lon="-81.10706468112766742706298828125">
        <ele>505</ele>
        <time>2026-03-30T12:55:20.000Z</time>
        <extensions>
          <ns3:TrackPointExtension>
            <ns3:hr>124</ns3:hr>
            <ns3:cad>0</ns3:cad>
          </ns3:TrackPointExtension>
        </extensions>
      </trkpt>
      <trkpt lat="35.97145169042050838470458984375" lon="-81.10705747269093990325927734375">
        <ele>504.399993896484375</ele>
        <time>2026-03-30T12:55:23.000Z</time>
        <extensions>
          <ns3:TrackPointExtension>
            <ns3:hr>128</ns3:hr>
            <ns3:cad>41</ns3:cad>
          </ns3:TrackPointExtension>
        </extensions>
      </trkpt>
      <trkpt lat="35.97144733183085918426513671875" lon="-81.10705479048192501068115234375">
        <ele>504.20001220703125</ele>
        <time>2026-03-30T12:55:24.000Z</time>
        <extensions>
          <ns3:TrackPointExtension>
            <ns3:hr>129</ns3:hr>
            <ns3:cad>0</ns3:cad>
          </ns3:TrackPointExtension>
        </extensions>
      </trkpt>
      <trkpt lat="35.97143593244254589080810546875" lon="-81.10704682767391204833984375">
        <ele>503.600006103515625</ele>
        <time>2026-03-30T12:55:27.000Z</time>
        <extensions>
          <ns3:TrackPointExtension>
            <ns3:hr>128</ns3:hr>
            <ns3:cad>70</ns3:cad>
          </ns3:TrackPointExtension>
        </extensions>
      </trkpt>
      <trkpt lat="35.97141229547560214996337890625" lon="-81.1070295609533786773681640625">
        <ele>503</ele>
        <time>2026-03-30T12:55:32.000Z</time>
        <extensions>
          <ns3:TrackPointExtension>
            <ns3:hr>126</ns3:hr>
            <ns3:cad>41</ns3:cad>
          </ns3:TrackPointExtension>
        </extensions>
      </trkpt>
      <trkpt lat="35.97140508703887462615966796875" lon="-81.107020340859889984130859375">
        <ele>502.399993896484375</ele>
        <time>2026-03-30T12:55:35.000Z</time>
        <extensions>
          <ns3:TrackPointExtension>
            <ns3:hr>126</ns3:hr>
            <ns3:cad>0</ns3:cad>
          </ns3:TrackPointExtension>
        </extensions>
      </trkpt>
      <trkpt lat="35.97139955498278141021728515625" lon="-81.10702059231698513031005859375">
        <ele>502</ele>
        <time>2026-03-30T12:55:38.000Z</time>
        <extensions>
          <ns3:TrackPointExtension>
            <ns3:hr>124</ns3:hr>
            <ns3:cad>0</ns3:cad>
          </ns3:TrackPointExtension>
        </extensions>
      </trkpt>
      <trkpt lat="35.97139184363186359405517578125" lon="-81.10701732337474822998046875">
        <ele>501.79998779296875</ele>
        <time>2026-03-30T12:55:40.000Z</time>
        <extensions>
          <ns3:TrackPointExtension>
            <ns3:hr>121</ns3:hr>
            <ns3:cad>0</ns3:cad>
          </ns3:TrackPointExtension>
        </extensions>
      </trkpt>
      <trkpt lat="35.9713853895664215087890625" lon="-81.10700525343418121337890625">
        <ele>501.399993896484375</ele>
        <time>2026-03-30T12:55:42.000Z</time>
        <extensions>
          <ns3:TrackPointExtension>
            <ns3:hr>117</ns3:hr>
            <ns3:cad>0</ns3:cad>
          </ns3:TrackPointExtension>
        </extensions>
      </trkpt>
      <trkpt lat="35.9713711403310298919677734375" lon="-81.10699527896940708160400390625">
        <ele>501.20001220703125</ele>
        <time>2026-03-30T12:55:44.000Z</time>
        <extensions>
          <ns3:TrackPointExtension>
            <ns3:hr>114</ns3:hr>
            <ns3:cad>0</ns3:cad>
          </ns3:TrackPointExtension>
        </extensions>
      </trkpt>
      <trkpt lat="35.9713657759130001068115234375" lon="-81.1069926805794239044189453125">
        <ele>501</ele>
        <time>2026-03-30T12:55:45.000Z</time>
        <extensions>
          <ns3:TrackPointExtension>
            <ns3:hr>113</ns3:hr>
            <ns3:cad>0</ns3:cad>
          </ns3:TrackPointExtension>
        </extensions>
      </trkpt>
      <trkpt lat="35.97134691663086414337158203125" lon="-81.1069816164672374725341796875">
        <ele>500.399993896484375</ele>
        <time>2026-03-30T12:55:50.000Z</time>
        <extensions>
          <ns3:TrackPointExtension>
            <ns3:hr>112</ns3:hr>
            <ns3:cad>0</ns3:cad>
          </ns3:TrackPointExtension>
        </extensions>
      </trkpt>
      <trkpt lat="35.97133920527994632720947265625" lon="-81.106989495456218719482421875">
        <ele>499.79998779296875</ele>
        <time>2026-03-30T12:55:55.000Z</time>
        <extensions>
          <ns3:TrackPointExtension>
            <ns3:hr>112</ns3:hr>
            <ns3:cad>0</ns3:cad>
          </ns3:TrackPointExtension>
        </extensions>
      </trkpt>
      <trkpt lat="35.97133970819413661956787109375" lon="-81.1069898307323455810546875">
        <ele>499.399993896484375</ele>
        <time>2026-03-30T12:55:58.000Z</time>
        <extensions>
          <ns3:TrackPointExtension>
            <ns3:hr>112</ns3:hr>
            <ns3:cad>0</ns3:cad>
          </ns3:TrackPointExtension>
        </extensions>
      </trkpt>
      <trkpt lat="35.971329398453235626220703125" lon="-81.1069950275123119354248046875">
        <ele>499.600006103515625</ele>
        <time>2026-03-30T12:56:03.000Z</time>
        <extensions>
          <ns3:TrackPointExtension>
            <ns3:hr>109</ns3:hr>
            <ns3:cad>0</ns3:cad>
          </ns3:TrackPointExtension>
        </extensions>
      </trkpt>
      <trkpt lat="35.97132571041584014892578125" lon="-81.10699050128459930419921875">
        <ele>499.399993896484375</ele>
        <time>2026-03-30T12:56:04.000Z</time>
        <extensions>
          <ns3:TrackPointExtension>
            <ns3:hr>108</ns3:hr>
            <ns3:cad>0</ns3:cad>
          </ns3:TrackPointExtension>
        </extensions>
      </trkpt>
      <trkpt lat="35.9713248722255229949951171875" lon="-81.10699024982750415802001953125">
        <ele>499.20001220703125</ele>
        <time>2026-03-30T12:56:05.000Z</time>
        <extensions>
          <ns3:TrackPointExtension>
            <ns3:hr>105</ns3:hr>
            <ns3:cad>0</ns3:cad>
          </ns3:TrackPointExtension>
        </extensions>
      </trkpt>
      <trkpt lat="35.97132378257811069488525390625" lon="-81.106984801590442657470703125">
        <ele>498.79998779296875</ele>
        <time>2026-03-30T12:56:07.000Z</time>
        <extensions>
          <ns3:TrackPointExtension>
            <ns3:hr>104</ns3:hr>
            <ns3:cad>0</ns3:cad>
          </ns3:TrackPointExtension>
        </extensions>
      </trkpt>
      <trkpt lat="35.97132411785423755645751953125" lon="-81.10698404721915721893310546875">
        <ele>498.79998779296875</ele>
        <time>2026-03-30T12:56:10.000Z</time>
        <extensions>
          <ns3:TrackPointExtension>
            <ns3:hr>101</ns3:hr>
            <ns3:cad>0</ns3:cad>
          </ns3:TrackPointExtension>
        </extensions>
      </trkpt>
      <trkpt lat="35.97133216448128223419189453125" lon="-81.10699125565588474273681640625">
        <ele>499.399993896484375</ele>
        <time>2026-03-30T12:56:16.000Z</time>
        <extensions>
          <ns3:TrackPointExtension>
            <ns3:hr>100</ns3:hr>
            <ns3:cad>0</ns3:cad>
          </ns3:TrackPointExtension>
        </extensions>
      </trkpt>
      <trkpt lat="35.9713325835764408111572265625" lon="-81.1069871485233306884765625">
        <ele>499.399993896484375</ele>
        <time>2026-03-30T12:56:17.000Z</time>
        <extensions>
          <ns3:TrackPointExtension>
            <ns3:hr>104</ns3:hr>
            <ns3:cad>0</ns3:cad>
          </ns3:TrackPointExtension>
        </extensions>
      </trkpt>
      <trkpt lat="35.97133115865290164947509765625" lon="-81.1069769226014614105224609375">
        <ele>499.399993896484375</ele>
        <time>2026-03-30T12:56:20.000Z</time>
        <extensions>
          <ns3:TrackPointExtension>
            <ns3:hr>107</ns3:hr>
            <ns3:cad>0</ns3:cad>
          </ns3:TrackPointExtension>
        </extensions>
      </trkpt>
      <trkpt lat="35.9713317453861236572265625" lon="-81.10696996562182903289794921875">
        <ele>499.20001220703125</ele>
        <time>2026-03-30T12:56:21.000Z</time>
        <extensions>
          <ns3:TrackPointExtension>
            <ns3:hr>110</ns3:hr>
            <ns3:cad>0</ns3:cad>
          </ns3:TrackPointExtension>
        </extensions>
      </trkpt>
      <trkpt lat="35.97133300267159938812255859375" lon="-81.1069522798061370849609375">
        <ele>499</ele>
        <time>2026-03-30T12:56:23.000Z</time>
        <extensions>
          <ns3:TrackPointExtension>
            <ns3:hr>112</ns3:hr>
            <ns3:cad>0</ns3:cad>
          </ns3:TrackPointExtension>
        </extensions>
      </trkpt>
      <trkpt lat="35.97133912146091461181640625" lon="-81.1069205962121486663818359375">
        <ele>498.600006103515625</ele>
        <time>2026-03-30T12:56:27.000Z</time>
        <extensions>
          <ns3:TrackPointExtension>
            <ns3:hr>115</ns3:hr>
            <ns3:cad>0</ns3:cad>
          </ns3:TrackPointExtension>
        </extensions>
      </trkpt>
      <trkpt lat="35.9713245369493961334228515625" lon="-81.10689804889261722564697265625">
        <ele>498.20001220703125</ele>
        <time>2026-03-30T12:56:31.000Z</time>
        <extensions>
          <ns3:TrackPointExtension>
            <ns3:hr>116</ns3:hr>
            <ns3:cad>0</ns3:cad>
          </ns3:TrackPointExtension>
        </extensions>
      </trkpt>
      <trkpt lat="35.9713154844939708709716796875" lon="-81.10687759704887866973876953125">
        <ele>497.600006103515625</ele>
        <time>2026-03-30T12:56:36.000Z</time>
        <extensions>
          <ns3:TrackPointExtension>
            <ns3:hr>117</ns3:hr>
            <ns3:cad>0</ns3:cad>
          </ns3:TrackPointExtension>
        </extensions>
      </trkpt>
      <trkpt lat="35.9713138081133365631103515625" lon="-81.10686041414737701416015625">
        <ele>497</ele>
        <time>2026-03-30T12:56:38.000Z</time>
        <extensions>
          <ns3:TrackPointExtension>
            <ns3:hr>121</ns3:hr>
            <ns3:cad>0</ns3:cad>
          </ns3:TrackPointExtension>
        </extensions>
      </trkpt>
      <trkpt lat="35.97130701877176761627197265625" lon="-81.10685639083385467529296875">
        <ele>496.600006103515625</ele>
        <time>2026-03-30T12:56:40.000Z</time>
        <extensions>
          <ns3:TrackPointExtension>
            <ns3:hr>117</ns3:hr>
            <ns3:cad>0</ns3:cad>
          </ns3:TrackPointExtension>
        </extensions>
      </trkpt>
      <trkpt lat="35.9712926857173442840576171875" lon="-81.10685831867158412933349609375">
        <ele>496.20001220703125</ele>
        <time>2026-03-30T12:56:43.000Z</time>
        <extensions>
          <ns3:TrackPointExtension>
            <ns3:hr>114</ns3:hr>
            <ns3:cad>0</ns3:cad>
          </ns3:TrackPointExtension>
        </extensions>
      </trkpt>
      <trkpt lat="35.97128405235707759857177734375" lon="-81.106858067214488983154296875">
        <ele>496.20001220703125</ele>
        <time>2026-03-30T12:56:44.000Z</time>
        <extensions>
          <ns3:TrackPointExtension>
            <ns3:hr>114</ns3:hr>
            <ns3:cad>0</ns3:cad>
          </ns3:TrackPointExtension>
        </extensions>
      </trkpt>
      <trkpt lat="35.97125873900949954986572265625" lon="-81.10685815103352069854736328125">
        <ele>495.399993896484375</ele>
        <time>2026-03-30T12:56:48.000Z</time>
        <extensions>
          <ns3:TrackPointExtension>
            <ns3:hr>113</ns3:hr>
            <ns3:cad>0</ns3:cad>
          </ns3:TrackPointExtension>
        </extensions>
      </trkpt>
      <trkpt lat="35.97125597298145294189453125" lon="-81.10685504972934722900390625">
        <ele>495.20001220703125</ele>
        <time>2026-03-30T12:56:52.000Z</time>
        <extensions>
          <ns3:TrackPointExtension>
            <ns3:hr>112</ns3:hr>
            <ns3:cad>0</ns3:cad>
          </ns3:TrackPointExtension>
        </extensions>
      </trkpt>
      <trkpt lat="35.97130098380148410797119140625" lon="-81.10684574581682682037353515625">
        <ele>495.600006103515625</ele>
        <time>2026-03-30T12:56:58.000Z</time>
        <extensions>
          <ns3:TrackPointExtension>
            <ns3:hr>113</ns3:hr>
            <ns3:cad>0</ns3:cad>
          </ns3:TrackPointExtension>
        </extensions>
      </trkpt>
      <trkpt lat="35.97131473012268543243408203125" lon="-81.10683753155171871185302734375">
        <ele>495.79998779296875</ele>
        <time>2026-03-30T12:57:00.000Z</time>
        <extensions>
          <ns3:TrackPointExtension>
            <ns3:hr>116</ns3:hr>
            <ns3:cad>0</ns3:cad>
          </ns3:TrackPointExtension>
        </extensions>
      </trkpt>
      <trkpt lat="35.97134440205991268157958984375" lon="-81.10683166421949863433837890625">
        <ele>496.399993896484375</ele>
        <time>2026-03-30T12:57:04.000Z</time>
        <extensions>
          <ns3:TrackPointExtension>
            <ns3:hr>117</ns3:hr>
            <ns3:cad>0</ns3:cad>
          </ns3:TrackPointExtension>
        </extensions>
      </trkpt>
      <trkpt lat="35.97138874232769012451171875" lon="-81.106834597885608673095703125">
        <ele>497.600006103515625</ele>
        <time>2026-03-30T12:57:11.000Z</time>
        <extensions>
          <ns3:TrackPointExtension>
            <ns3:hr>117</ns3:hr>
            <ns3:cad>68</ns3:cad>
          </ns3:TrackPointExtension>
        </extensions>
      </trkpt>
      <trkpt lat="35.97139301709830760955810546875" lon="-81.106830574572086334228515625">
        <ele>497.79998779296875</ele>
        <time>2026-03-30T12:57:12.000Z</time>
        <extensions>
          <ns3:TrackPointExtension>
            <ns3:hr>117</ns3:hr>
            <ns3:cad>68</ns3:cad>
          </ns3:TrackPointExtension>
        </extensions>
      </trkpt>
      <trkpt lat="35.97139813005924224853515625" lon="-81.1068297363817691802978515625">
        <ele>498</ele>
        <time>2026-03-30T12:57:15.000Z</time>
        <extensions>
          <ns3:TrackPointExtension>
            <ns3:hr>120</ns3:hr>
            <ns3:cad>64</ns3:cad>
          </ns3:TrackPointExtension>
        </extensions>
      </trkpt>
      <trkpt lat="35.97140005789697170257568359375" lon="-81.1068324185907840728759765625">
        <ele>498.20001220703125</ele>
        <time>2026-03-30T12:57:16.000Z</time>
        <extensions>
          <ns3:TrackPointExtension>
            <ns3:hr>123</ns3:hr>
            <ns3:cad>66</ns3:cad>
          </ns3:TrackPointExtension>
        </extensions>
      </trkpt>
      <trkpt lat="35.971399135887622833251953125" lon="-81.106843650341033935546875">
        <ele>498.399993896484375</ele>
        <time>2026-03-30T12:57:18.000Z</time>
        <extensions>
          <ns3:TrackPointExtension>
            <ns3:hr>126</ns3:hr>
            <ns3:cad>66</ns3:cad>
          </ns3:TrackPointExtension>
        </extensions>
      </trkpt>
      <trkpt lat="35.971402488648891448974609375" lon="-81.10685865394771099090576171875">
        <ele>498.600006103515625</ele>
        <time>2026-03-30T12:57:20.000Z</time>
        <extensions>
          <ns3:TrackPointExtension>
            <ns3:hr>127</ns3:hr>
            <ns3:cad>64</ns3:cad>
          </ns3:TrackPointExtension>
        </extensions>
      </trkpt>
      <trkpt lat="35.97140341065824031829833984375" lon="-81.10685999505221843719482421875">
        <ele>498.79998779296875</ele>
        <time>2026-03-30T12:57:21.000Z</time>
        <extensions>
          <ns3:TrackPointExtension>
            <ns3:hr>127</ns3:hr>
            <ns3:cad>64</ns3:cad>
          </ns3:TrackPointExtension>
        </extensions>
      </trkpt>
      <trkpt lat="35.9714107029139995574951171875" lon="-81.1068610846996307373046875">
        <ele>498.79998779296875</ele>
        <time>2026-03-30T12:57:27.000Z</time>
        <extensions>
          <ns3:TrackPointExtension>
            <ns3:hr>130</ns3:hr>
            <ns3:cad>0</ns3:cad>
          </ns3:TrackPointExtension>
        </extensions>
      </trkpt>
      <trkpt lat="35.97141648642718791961669921875" lon="-81.106855385005474090576171875">
        <ele>498.79998779296875</ele>
        <time>2026-03-30T12:57:29.000Z</time>
        <extensions>
          <ns3:TrackPointExtension>
            <ns3:hr>130</ns3:hr>
            <ns3:cad>0</ns3:cad>
          </ns3:TrackPointExtension>
        </extensions>
      </trkpt>
      <trkpt lat="35.97142721526324748992919921875" lon="-81.10680676996707916259765625">
        <ele>498.20001220703125</ele>
        <time>2026-03-30T12:57:36.000Z</time>
        <extensions>
          <ns3:TrackPointExtension>
            <ns3:hr>125</ns3:hr>
            <ns3:cad>0</ns3:cad>
          </ns3:TrackPointExtension>
        </extensions>
      </trkpt>
      <trkpt lat="35.9714358486235141754150390625" lon="-81.10680014826357364654541015625">
        <ele>498</ele>
        <time>2026-03-30T12:57:37.000Z</time>
        <extensions>
          <ns3:TrackPointExtension>
            <ns3:hr>123</ns3:hr>
            <ns3:cad>0</ns3:cad>
          </ns3:TrackPointExtension>
        </extensions>
      </trkpt>
      <trkpt lat="35.97144699655473232269287109375" lon="-81.10680970363318920135498046875">
        <ele>498.20001220703125</ele>
        <time>2026-03-30T12:57:45.000Z</time>
        <extensions>
          <ns3:TrackPointExtension>
            <ns3:hr>123</ns3:hr>
            <ns3:cad>0</ns3:cad>
          </ns3:TrackPointExtension>
        </extensions>
      </trkpt>
      <trkpt lat="35.9714717231690883636474609375" lon="-81.106800399720668792724609375">
        <ele>498.20001220703125</ele>
        <time>2026-03-30T12:57:51.000Z</time>
        <extensions>
          <ns3:TrackPointExtension>
            <ns3:hr>121</ns3:hr>
            <ns3:cad>0</ns3:cad>
          </ns3:TrackPointExtension>
        </extensions>
      </trkpt>
      <trkpt lat="35.9714707173407077789306640625" lon="-81.1067807860672473907470703125">
        <ele>498.399993896484375</ele>
        <time>2026-03-30T12:57:54.000Z</time>
        <extensions>
          <ns3:TrackPointExtension>
            <ns3:hr>124</ns3:hr>
            <ns3:cad>0</ns3:cad>
          </ns3:TrackPointExtension>
        </extensions>
      </trkpt>
      <trkpt lat="35.97146946005523204803466796875" lon="-81.1067680455744266510009765625">
        <ele>498.20001220703125</ele>
        <time>2026-03-30T12:57:57.000Z</time>
        <extensions>
          <ns3:TrackPointExtension>
            <ns3:hr>125</ns3:hr>
            <ns3:cad>0</ns3:cad>
          </ns3:TrackPointExtension>
        </extensions>
      </trkpt>
      <trkpt lat="35.97147180698812007904052734375" lon="-81.10676712356507778167724609375">
        <ele>498</ele>
        <time>2026-03-30T12:57:59.000Z</time>
        <extensions>
          <ns3:TrackPointExtension>
            <ns3:hr>122</ns3:hr>
            <ns3:cad>0</ns3:cad>
          </ns3:TrackPointExtension>
        </extensions>
      </trkpt>
      <trkpt lat="35.97148664295673370361328125" lon="-81.106781624257564544677734375">
        <ele>498.399993896484375</ele>
        <time>2026-03-30T12:58:03.000Z</time>
        <extensions>
          <ns3:TrackPointExtension>
            <ns3:hr>121</ns3:hr>
            <ns3:cad>0</ns3:cad>
          </ns3:TrackPointExtension>
        </extensions>
      </trkpt>
      <trkpt lat="35.97153249196708202362060546875" lon="-81.10679461620748043060302734375">
        <ele>499.600006103515625</ele>
        <time>2026-03-30T12:58:11.000Z</time>
        <extensions>
          <ns3:TrackPointExtension>
            <ns3:hr>121</ns3:hr>
            <ns3:cad>0</ns3:cad>
          </ns3:TrackPointExtension>
        </extensions>
      </trkpt>
      <trkpt lat="35.97155906260013580322265625" lon="-81.1067844741046428680419921875">
        <ele>500.20001220703125</ele>
        <time>2026-03-30T12:58:15.000Z</time>
        <extensions>
          <ns3:TrackPointExtension>
            <ns3:hr>118</ns3:hr>
            <ns3:cad>0</ns3:cad>
          </ns3:TrackPointExtension>
        </extensions>
      </trkpt>
      <trkpt lat="35.97157976590096950531005859375" lon="-81.1067713983356952667236328125">
        <ele>500.600006103515625</ele>
        <time>2026-03-30T12:58:18.000Z</time>
        <extensions>
          <ns3:TrackPointExtension>
            <ns3:hr>119</ns3:hr>
            <ns3:cad>0</ns3:cad>
          </ns3:TrackPointExtension>
        </extensions>
      </trkpt>
      <trkpt lat="35.97157775424420833587646484375" lon="-81.10676385462284088134765625">
        <ele>500.600006103515625</ele>
        <time>2026-03-30T12:58:19.000Z</time>
        <extensions>
          <ns3:TrackPointExtension>
            <ns3:hr>120</ns3:hr>
            <ns3:cad>0</ns3:cad>
          </ns3:TrackPointExtension>
        </extensions>
      </trkpt>
      <trkpt lat="35.9715919196605682373046875" lon="-81.10674482770264148712158203125">
        <ele>501</ele>
        <time>2026-03-30T12:58:22.000Z</time>
        <extensions>
          <ns3:TrackPointExtension>
            <ns3:hr>120</ns3:hr>
            <ns3:cad>58</ns3:cad>
          </ns3:TrackPointExtension>
        </extensions>
      </trkpt>
      <trkpt lat="35.97161027602851390838623046875" lon="-81.10672873444855213165283203125">
        <ele>501</ele>
        <time>2026-03-30T12:58:29.000Z</time>
        <extensions>
          <ns3:TrackPointExtension>
            <ns3:hr>123</ns3:hr>
            <ns3:cad>0</ns3:cad>
          </ns3:TrackPointExtension>
        </extensions>
      </trkpt>
      <trkpt lat="35.97160658799111843109130859375" lon="-81.10673175193369388580322265625">
        <ele>501</ele>
        <time>2026-03-30T12:58:30.000Z</time>
        <extensions>
          <ns3:TrackPointExtension>
            <ns3:hr>124</ns3:hr>
            <ns3:cad>0</ns3:cad>
          </ns3:TrackPointExtension>
        </extensions>
      </trkpt>
      <trkpt lat="35.9716053307056427001953125" lon="-81.10671046189963817596435546875">
        <ele>500.79998779296875</ele>
        <time>2026-03-30T12:58:38.000Z</time>
        <extensions>
          <ns3:TrackPointExtension>
            <ns3:hr>126</ns3:hr>
            <ns3:cad>0</ns3:cad>
          </ns3:TrackPointExtension>
        </extensions>
      </trkpt>
      <trkpt lat="35.97156870178878307342529296875" lon="-81.1066869087517261505126953125">
        <ele>499.79998779296875</ele>
        <time>2026-03-30T12:58:44.000Z</time>
        <extensions>
          <ns3:TrackPointExtension>
            <ns3:hr>126</ns3:hr>
            <ns3:cad>0</ns3:cad>
          </ns3:TrackPointExtension>
        </extensions>
      </trkpt>
      <trkpt lat="35.971560738980770111083984375" lon="-81.10668146051466464996337890625">
        <ele>499.600006103515625</ele>
        <time>2026-03-30T12:58:46.000Z</time>
        <extensions>
          <ns3:TrackPointExtension>
            <ns3:hr>125</ns3:hr>
            <ns3:cad>0</ns3:cad>
          </ns3:TrackPointExtension>
        </extensions>
      </trkpt>
      <trkpt lat="35.97155629657208919525146484375" lon="-81.1066688038408756256103515625">
        <ele>499</ele>
        <time>2026-03-30T12:58:51.000Z</time>
        <extensions>
          <ns3:TrackPointExtension>
            <ns3:hr>124</ns3:hr>
            <ns3:cad>0</ns3:cad>
          </ns3:TrackPointExtension>
        </extensions>
      </trkpt>
      <trkpt lat="35.9715508483350276947021484375" lon="-81.10666654072701930999755859375">
        <ele>498.79998779296875</ele>
        <time>2026-03-30T12:58:52.000Z</time>
        <extensions>
          <ns3:TrackPointExtension>
            <ns3:hr>120</ns3:hr>
            <ns3:cad>0</ns3:cad>
          </ns3:TrackPointExtension>
        </extensions>
      </trkpt>
      <trkpt lat="35.9715451486408710479736328125" lon="-81.106667630374431610107421875">
        <ele>498.600006103515625</ele>
        <time>2026-03-30T12:58:53.000Z</time>
        <extensions>
          <ns3:TrackPointExtension>
            <ns3:hr>117</ns3:hr>
            <ns3:cad>0</ns3:cad>
          </ns3:TrackPointExtension>
        </extensions>
      </trkpt>
      <trkpt lat="35.97154439426958560943603515625" lon="-81.1066661216318607330322265625">
        <ele>498.600006103515625</ele>
        <time>2026-03-30T12:58:54.000Z</time>
        <extensions>
          <ns3:TrackPointExtension>
            <ns3:hr>117</ns3:hr>
            <ns3:cad>0</ns3:cad>
          </ns3:TrackPointExtension>
        </extensions>
      </trkpt>
      <trkpt lat="35.9715515188872814178466796875" lon="-81.106664948165416717529296875">
        <ele>498.399993896484375</ele>
        <time>2026-03-30T12:58:57.000Z</time>
        <extensions>
          <ns3:TrackPointExtension>
            <ns3:hr>118</ns3:hr>
            <ns3:cad>0</ns3:cad>
          </ns3:TrackPointExtension>
        </extensions>
      </trkpt>
      <trkpt lat="35.97156870178878307342529296875" lon="-81.10662831924855709075927734375">
        <ele>498.20001220703125</ele>
        <time>2026-03-30T12:59:04.000Z</time>
        <extensions>
          <ns3:TrackPointExtension>
            <ns3:hr>116</ns3:hr>
            <ns3:cad>0</ns3:cad>
          </ns3:TrackPointExtension>
        </extensions>
      </trkpt>
      <trkpt lat="35.97158211283385753631591796875" lon="-81.1065967194736003875732421875">
        <ele>498</ele>
        <time>2026-03-30T12:59:11.000Z</time>
        <extensions>
          <ns3:TrackPointExtension>
            <ns3:hr>116</ns3:hr>
            <ns3:cad>0</ns3:cad>
          </ns3:TrackPointExtension>
        </extensions>
      </trkpt>
      <trkpt lat="35.9716061688959598541259765625" lon="-81.10655908472836017608642578125">
        <ele>498</ele>
        <time>2026-03-30T12:59:18.000Z</time>
        <extensions>
          <ns3:TrackPointExtension>
            <ns3:hr>112</ns3:hr>
            <ns3:cad>0</ns3:cad>
          </ns3:TrackPointExtension>
        </extensions>
      </trkpt>
      <trkpt lat="35.971622429788112640380859375" lon="-81.106552965939044952392578125">
        <ele>497.79998779296875</ele>
        <time>2026-03-30T12:59:21.000Z</time>
        <extensions>
          <ns3:TrackPointExtension>
            <ns3:hr>109</ns3:hr>
            <ns3:cad>73</ns3:cad>
          </ns3:TrackPointExtension>
        </extensions>
      </trkpt>
      <trkpt lat="35.97161362878978252410888671875" lon="-81.10654919408261775970458984375">
        <ele>498</ele>
        <time>2026-03-30T12:59:24.000Z</time>
        <extensions>
          <ns3:TrackPointExtension>
            <ns3:hr>110</ns3:hr>
            <ns3:cad>0</ns3:cad>
          </ns3:TrackPointExtension>
        </extensions>
      </trkpt>
      <trkpt lat="35.97161270678043365478515625" lon="-81.10654684714972972869873046875">
        <ele>498.20001220703125</ele>
        <time>2026-03-30T12:59:29.000Z</time>
        <extensions>
          <ns3:TrackPointExtension>
            <ns3:hr>113</ns3:hr>
            <ns3:cad>0</ns3:cad>
          </ns3:TrackPointExtension>
        </extensions>
      </trkpt>
      <trkpt lat="35.97160960547626018524169921875" lon="-81.1065501160919666290283203125">
        <ele>498.20001220703125</ele>
        <time>2026-03-30T12:59:31.000Z</time>
        <extensions>
          <ns3:TrackPointExtension>
            <ns3:hr>114</ns3:hr>
            <ns3:cad>0</ns3:cad>
          </ns3:TrackPointExtension>
        </extensions>
      </trkpt>
      <trkpt lat="35.9715749882161617279052734375" lon="-81.106546260416507720947265625">
        <ele>498</ele>
        <time>2026-03-30T12:59:37.000Z</time>
        <extensions>
          <ns3:TrackPointExtension>
            <ns3:hr>114</ns3:hr>
            <ns3:cad>0</ns3:cad>
          </ns3:TrackPointExtension>
        </extensions>
      </trkpt>
      <trkpt lat="35.97154808230698108673095703125" lon="-81.10654315911233425140380859375">
        <ele>497.600006103515625</ele>
        <time>2026-03-30T12:59:41.000Z</time>
        <extensions>
          <ns3:TrackPointExtension>
            <ns3:hr>114</ns3:hr>
            <ns3:cad>0</ns3:cad>
          </ns3:TrackPointExtension>
        </extensions>
      </trkpt>
      <trkpt lat="35.9715401194989681243896484375" lon="-81.10654718242585659027099609375">
        <ele>497.399993896484375</ele>
        <time>2026-03-30T12:59:43.000Z</time>
        <extensions>
          <ns3:TrackPointExtension>
            <ns3:hr>113</ns3:hr>
            <ns3:cad>0</ns3:cad>
          </ns3:TrackPointExtension>
        </extensions>
      </trkpt>
      <trkpt lat="35.97152880392968654632568359375" lon="-81.10660493373870849609375">
        <ele>497.399993896484375</ele>
        <time>2026-03-30T12:59:51.000Z</time>
        <extensions>
          <ns3:TrackPointExtension>
            <ns3:hr>112</ns3:hr>
            <ns3:cad>0</ns3:cad>
          </ns3:TrackPointExtension>
        </extensions>
      </trkpt>
      <trkpt lat="35.97149812616407871246337890625" lon="-81.106618009507656097412109375">
        <ele>497</ele>
        <time>2026-03-30T12:59:57.000Z</time>
        <extensions>
          <ns3:TrackPointExtension>
            <ns3:hr>109</ns3:hr>
            <ns3:cad>47</ns3:cad>
          </ns3:TrackPointExtension>
        </extensions>
      </trkpt>
      <trkpt lat="35.97149410285055637359619140625" lon="-81.10661608166992664337158203125">
        <ele>496.79998779296875</ele>
        <time>2026-03-30T12:59:58.000Z</time>
        <extensions>
          <ns3:TrackPointExtension>
            <ns3:hr>108</ns3:hr>
            <ns3:cad>47</ns3:cad>
          </ns3:TrackPointExtension>
        </extensions>
      </trkpt>
      <trkpt lat="35.97148404456675052642822265625" lon="-81.10661926679313182830810546875">
        <ele>496.600006103515625</ele>
        <time>2026-03-30T13:00:01.000Z</time>
        <extensions>
          <ns3:TrackPointExtension>
            <ns3:hr>108</ns3:hr>
            <ns3:cad>0</ns3:cad>
          </ns3:TrackPointExtension>
        </extensions>
      </trkpt>
      <trkpt lat="35.971470214426517486572265625" lon="-81.10662362538278102874755859375">
        <ele>496.20001220703125</ele>
        <time>2026-03-30T13:00:05.000Z</time>
        <extensions>
          <ns3:TrackPointExtension>
            <ns3:hr>109</ns3:hr>
            <ns3:cad>44</ns3:cad>
          </ns3:TrackPointExtension>
        </extensions>
      </trkpt>
      <trkpt lat="35.9714536182582378387451171875" lon="-81.1066304147243499755859375">
        <ele>495.399993896484375</ele>
        <time>2026-03-30T13:00:12.000Z</time>
        <extensions>
          <ns3:TrackPointExtension>
            <ns3:hr>109</ns3:hr>
            <ns3:cad>0</ns3:cad>
          </ns3:TrackPointExtension>
        </extensions>
      </trkpt>
      <trkpt lat="35.9714442305266857147216796875" lon="-81.1066275648772716522216796875">
        <ele>495.20001220703125</ele>
        <time>2026-03-30T13:00:14.000Z</time>
        <extensions>
          <ns3:TrackPointExtension>
            <ns3:hr>112</ns3:hr>
            <ns3:cad>0</ns3:cad>
          </ns3:TrackPointExtension>
        </extensions>
      </trkpt>
      <trkpt lat="35.9714261256158351898193359375" lon="-81.10660535283386707305908203125">
        <ele>494.600006103515625</ele>
        <time>2026-03-30T13:00:19.000Z</time>
        <extensions>
          <ns3:TrackPointExtension>
            <ns3:hr>113</ns3:hr>
            <ns3:cad>0</ns3:cad>
          </ns3:TrackPointExtension>
        </extensions>
      </trkpt>
      <trkpt lat="35.97142637707293033599853515625" lon="-81.10660568810999393463134765625">
        <ele>494.399993896484375</ele>
        <time>2026-03-30T13:00:20.000Z</time>
        <extensions>
          <ns3:TrackPointExtension>
            <ns3:hr>113</ns3:hr>
            <ns3:cad>0</ns3:cad>
          </ns3:TrackPointExtension>
        </extensions>
      </trkpt>
      <trkpt lat="35.97143073566257953643798828125" lon="-81.106587834656238555908203125">
        <ele>493.399993896484375</ele>
        <time>2026-03-30T13:00:25.000Z</time>
        <extensions>
          <ns3:TrackPointExtension>
            <ns3:hr>110</ns3:hr>
            <ns3:cad>41</ns3:cad>
          </ns3:TrackPointExtension>
        </extensions>
      </trkpt>
      <trkpt lat="35.971431322395801544189453125" lon="-81.10658280551433563232421875">
        <ele>493.20001220703125</ele>
        <time>2026-03-30T13:00:26.000Z</time>
        <extensions>
          <ns3:TrackPointExtension>
            <ns3:hr>110</ns3:hr>
            <ns3:cad>44</ns3:cad>
          </ns3:TrackPointExtension>
        </extensions>
      </trkpt>
      <trkpt lat="35.9714338369667530059814453125" lon="-81.10657903365790843963623046875">
        <ele>493</ele>
        <time>2026-03-30T13:00:27.000Z</time>
        <extensions>
          <ns3:TrackPointExtension>
            <ns3:hr>110</ns3:hr>
            <ns3:cad>45</ns3:cad>
          </ns3:TrackPointExtension>
        </extensions>
      </trkpt>
      <trkpt lat="35.97143568098545074462890625" lon="-81.10656545497477054595947265625">
        <ele>492.20001220703125</ele>
        <time>2026-03-30T13:00:33.000Z</time>
        <extensions>
          <ns3:TrackPointExtension>
            <ns3:hr>109</ns3:hr>
            <ns3:cad>0</ns3:cad>
          </ns3:TrackPointExtension>
        </extensions>
      </trkpt>
      <trkpt lat="35.97139670513570308685302734375" lon="-81.106565706431865692138671875">
        <ele>492</ele>
        <time>2026-03-30T13:00:40.000Z</time>
        <extensions>
          <ns3:TrackPointExtension>
            <ns3:hr>110</ns3:hr>
            <ns3:cad>0</ns3:cad>
          </ns3:TrackPointExtension>
        </extensions>
      </trkpt>
      <trkpt lat="35.9713868983089923858642578125" lon="-81.10653544776141643524169921875">
        <ele>491.399993896484375</ele>
        <time>2026-03-30T13:00:46.000Z</time>
        <extensions>
          <ns3:TrackPointExtension>
            <ns3:hr>110</ns3:hr>
            <ns3:cad>0</ns3:cad>
          </ns3:TrackPointExtension>
        </extensions>
      </trkpt>
      <trkpt lat="35.97138362936675548553466796875" lon="-81.10652639530599117279052734375">
        <ele>491.20001220703125</ele>
        <time>2026-03-30T13:00:47.000Z</time>
        <extensions>
          <ns3:TrackPointExtension>
            <ns3:hr>109</ns3:hr>
            <ns3:cad>0</ns3:cad>
          </ns3:TrackPointExtension>
        </extensions>
      </trkpt>
      <trkpt lat="35.97138094715774059295654296875" lon="-81.10652002505958080291748046875">
        <ele>491</ele>
        <time>2026-03-30T13:00:49.000Z</time>
        <extensions>
          <ns3:TrackPointExtension>
            <ns3:hr>106</ns3:hr>
            <ns3:cad>0</ns3:cad>
          </ns3:TrackPointExtension>
        </extensions>
      </trkpt>
      <trkpt lat="35.97136887721717357635498046875" lon="-81.10651114024221897125244140625">
        <ele>490.600006103515625</ele>
        <time>2026-03-30T13:00:52.000Z</time>
        <extensions>
          <ns3:TrackPointExtension>
            <ns3:hr>105</ns3:hr>
            <ns3:cad>0</ns3:cad>
          </ns3:TrackPointExtension>
        </extensions>
      </trkpt>
      <trkpt lat="35.971343480050563812255859375" lon="-81.10652622766792774200439453125">
        <ele>489.79998779296875</ele>
        <time>2026-03-30T13:00:59.000Z</time>
        <extensions>
          <ns3:TrackPointExtension>
            <ns3:hr>107</ns3:hr>
            <ns3:cad>0</ns3:cad>
          </ns3:TrackPointExtension>
        </extensions>
      </trkpt>
      <trkpt lat="35.97133870236575603485107421875" lon="-81.10656646080315113067626953125">
        <ele>489.600006103515625</ele>
        <time>2026-03-30T13:01:04.000Z</time>
        <extensions>
          <ns3:TrackPointExtension>
            <ns3:hr>110</ns3:hr>
            <ns3:cad>0</ns3:cad>
          </ns3:TrackPointExtension>
        </extensions>
      </trkpt>
      <trkpt lat="35.9713402949273586273193359375" lon="-81.10657417215406894683837890625">
        <ele>489.79998779296875</ele>
        <time>2026-03-30T13:01:05.000Z</time>
        <extensions>
          <ns3:TrackPointExtension>
            <ns3:hr>110</ns3:hr>
            <ns3:cad>0</ns3:cad>
          </ns3:TrackPointExtension>
        </extensions>
      </trkpt>
      <trkpt lat="35.971334762871265411376953125" lon="-81.1065812967717647552490234375">
        <ele>490</ele>
        <time>2026-03-30T13:01:13.000Z</time>
        <extensions>
          <ns3:TrackPointExtension>
            <ns3:hr>110</ns3:hr>
            <ns3:cad>0</ns3:cad>
          </ns3:TrackPointExtension>
        </extensions>
      </trkpt>
      <trkpt lat="35.97133317030966281890869140625" lon="-81.10656679607927799224853515625">
        <ele>490.600006103515625</ele>
        <time>2026-03-30T13:01:20.000Z</time>
        <extensions>
          <ns3:TrackPointExtension>
            <ns3:hr>112</ns3:hr>
            <ns3:cad>0</ns3:cad>
          </ns3:TrackPointExtension>
        </extensions>
      </trkpt>
      <trkpt lat="35.97133166156709194183349609375" lon="-81.10657014884054660797119140625">
        <ele>490.399993896484375</ele>
        <time>2026-03-30T13:01:23.000Z</time>
        <extensions>
          <ns3:TrackPointExtension>
            <ns3:hr>109</ns3:hr>
            <ns3:cad>0</ns3:cad>
          </ns3:TrackPointExtension>
        </extensions>
      </trkpt>
      <trkpt lat="35.97132244147360324859619140625" lon="-81.1066201888024806976318359375">
        <ele>490.600006103515625</ele>
        <time>2026-03-30T13:01:27.000Z</time>
        <extensions>
          <ns3:TrackPointExtension>
            <ns3:hr>108</ns3:hr>
            <ns3:cad>0</ns3:cad>
          </ns3:TrackPointExtension>
        </extensions>
      </trkpt>
      <trkpt lat="35.971309281885623931884765625" lon="-81.10664960928261280059814453125">
        <ele>490.79998779296875</ele>
        <time>2026-03-30T13:01:31.000Z</time>
        <extensions>
          <ns3:TrackPointExtension>
            <ns3:hr>109</ns3:hr>
            <ns3:cad>0</ns3:cad>
          </ns3:TrackPointExtension>
        </extensions>
      </trkpt>
      <trkpt lat="35.9713057614862918853759765625" lon="-81.10665698535740375518798828125">
        <ele>491</ele>
        <time>2026-03-30T13:01:35.000Z</time>
        <extensions>
          <ns3:TrackPointExtension>
            <ns3:hr>109</ns3:hr>
            <ns3:cad>0</ns3:cad>
          </ns3:TrackPointExtension>
        </extensions>
      </trkpt>
      <trkpt lat="35.97129561938345432281494140625" lon="-81.10667928121984004974365234375">
        <ele>491.399993896484375</ele>
        <time>2026-03-30T13:01:42.000Z</time>
        <extensions>
          <ns3:TrackPointExtension>
            <ns3:hr>114</ns3:hr>
            <ns3:cad>0</ns3:cad>
          </ns3:TrackPointExtension>
        </extensions>
      </trkpt>
      <trkpt lat="35.97129360772669315338134765625" lon="-81.10668481327593326568603515625">
        <ele>491.399993896484375</ele>
        <time>2026-03-30T13:01:43.000Z</time>
        <extensions>
          <ns3:TrackPointExtension>
            <ns3:hr>117</ns3:hr>
            <ns3:cad>0</ns3:cad>
          </ns3:TrackPointExtension>
        </extensions>
      </trkpt>
      <trkpt lat="35.97129293717443943023681640625" lon="-81.10669143497943878173828125">
        <ele>491.399993896484375</ele>
        <time>2026-03-30T13:01:44.000Z</time>
        <extensions>
          <ns3:TrackPointExtension>
            <ns3:hr>119</ns3:hr>
            <ns3:cad>0</ns3:cad>
          </ns3:TrackPointExtension>
        </extensions>
      </trkpt>
      <trkpt lat="35.971287153661251068115234375" lon="-81.10670350492000579833984375">
        <ele>491.399993896484375</ele>
        <time>2026-03-30T13:01:46.000Z</time>
        <extensions>
          <ns3:TrackPointExtension>
            <ns3:hr>122</ns3:hr>
            <ns3:cad>0</ns3:cad>
          </ns3:TrackPointExtension>
        </extensions>
      </trkpt>
      <trkpt lat="35.97126091830432415008544921875" lon="-81.10673703253269195556640625">
        <ele>491.399993896484375</ele>
        <time>2026-03-30T13:01:52.000Z</time>
        <extensions>
          <ns3:TrackPointExtension>
            <ns3:hr>123</ns3:hr>
            <ns3:cad>0</ns3:cad>
          </ns3:TrackPointExtension>
        </extensions>
      </trkpt>
      <trkpt lat="35.97125739790499210357666015625" lon="-81.10675957985222339630126953125">
        <ele>491.600006103515625</ele>
        <time>2026-03-30T13:02:00.000Z</time>
        <extensions>
          <ns3:TrackPointExtension>
            <ns3:hr>124</ns3:hr>
            <ns3:cad>0</ns3:cad>
          </ns3:TrackPointExtension>
        </extensions>
      </trkpt>
      <trkpt lat="35.97125739790499210357666015625" lon="-81.10675957985222339630126953125">
        <ele>491.79998779296875</ele>
        <time>2026-03-30T13:02:16.000Z</time>
        <extensions>
          <ns3:TrackPointExtension>
            <ns3:hr>122</ns3:hr>
            <ns3:cad>0</ns3:cad>
          </ns3:TrackPointExtension>
        </extensions>
      </trkpt>
      <trkpt lat="35.97125136293470859527587890625" lon="-81.1067549698054790496826171875">
        <ele>491</ele>
        <time>2026-03-30T13:02:24.000Z</time>
        <extensions>
          <ns3:TrackPointExtension>
            <ns3:hr>123</ns3:hr>
            <ns3:cad>0</ns3:cad>
          </ns3:TrackPointExtension>
        </extensions>
      </trkpt>
      <trkpt lat="35.9712192602455615997314453125" lon="-81.10675538890063762664794921875">
        <ele>489.79998779296875</ele>
        <time>2026-03-30T13:02:31.000Z</time>
        <extensions>
          <ns3:TrackPointExtension>
            <ns3:hr>122</ns3:hr>
            <ns3:cad>0</ns3:cad>
          </ns3:TrackPointExtension>
        </extensions>
      </trkpt>
      <trkpt lat="35.97120341844856739044189453125" lon="-81.10676645301282405853271484375">
        <ele>489.399993896484375</ele>
        <time>2026-03-30T13:02:34.000Z</time>
        <extensions>
          <ns3:TrackPointExtension>
            <ns3:hr>119</ns3:hr>
            <ns3:cad>0</ns3:cad>
          </ns3:TrackPointExtension>
        </extensions>
      </trkpt>
      <trkpt lat="35.97119570709764957427978515625" lon="-81.106784977018833160400390625">
        <ele>489.399993896484375</ele>
        <time>2026-03-30T13:02:40.000Z</time>
        <extensions>
          <ns3:TrackPointExtension>
            <ns3:hr>118</ns3:hr>
            <ns3:cad>0</ns3:cad>
          </ns3:TrackPointExtension>
        </extensions>
      </trkpt>
      <trkpt lat="35.9711914323270320892333984375" lon="-81.10679545439779758453369140625">
        <ele>489.399993896484375</ele>
        <time>2026-03-30T13:02:43.000Z</time>
        <extensions>
          <ns3:TrackPointExtension>
            <ns3:hr>112</ns3:hr>
            <ns3:cad>0</ns3:cad>
          </ns3:TrackPointExtension>
        </extensions>
      </trkpt>
      <trkpt lat="35.9711914323270320892333984375" lon="-81.10679545439779758453369140625">
        <ele>489.600006103515625</ele>
        <time>2026-03-30T13:02:45.000Z</time>
        <extensions>
          <ns3:TrackPointExtension>
            <ns3:hr>109</ns3:hr>
            <ns3:cad>0</ns3:cad>
          </ns3:TrackPointExtension>
        </extensions>
      </trkpt>
      <trkpt lat="35.97118883393704891204833984375" lon="-81.10680785961449146270751953125">
        <ele>490</ele>
        <time>2026-03-30T13:02:47.000Z</time>
        <extensions>
          <ns3:TrackPointExtension>
            <ns3:hr>110</ns3:hr>
            <ns3:cad>0</ns3:cad>
          </ns3:TrackPointExtension>
        </extensions>
      </trkpt>
      <trkpt lat="35.9711880795657634735107421875" lon="-81.10685027204453945159912109375">
        <ele>490.79998779296875</ele>
        <time>2026-03-30T13:02:53.000Z</time>
        <extensions>
          <ns3:TrackPointExtension>
            <ns3:hr>110</ns3:hr>
            <ns3:cad>0</ns3:cad>
          </ns3:TrackPointExtension>
        </extensions>
      </trkpt>
      <trkpt lat="35.971185900270938873291015625" lon="-81.10685831867158412933349609375">
        <ele>491</ele>
        <time>2026-03-30T13:02:54.000Z</time>
        <extensions>
          <ns3:TrackPointExtension>
            <ns3:hr>112</ns3:hr>
            <ns3:cad>0</ns3:cad>
          </ns3:TrackPointExtension>
        </extensions>
      </trkpt>
      <trkpt lat="35.97118380479514598846435546875" lon="-81.10686955042183399200439453125">
        <ele>491.20001220703125</ele>
        <time>2026-03-30T13:02:55.000Z</time>
        <extensions>
          <ns3:TrackPointExtension>
            <ns3:hr>116</ns3:hr>
            <ns3:cad>0</ns3:cad>
          </ns3:TrackPointExtension>
        </extensions>
      </trkpt>
      <trkpt lat="35.971183218061923980712890625" lon="-81.106874831020832061767578125">
        <ele>491.20001220703125</ele>
        <time>2026-03-30T13:02:56.000Z</time>
        <extensions>
          <ns3:TrackPointExtension>
            <ns3:hr>116</ns3:hr>
            <ns3:cad>0</ns3:cad>
          </ns3:TrackPointExtension>
        </extensions>
      </trkpt>
      <trkpt lat="35.97117927856743335723876953125" lon="-81.1068773455917835235595703125">
        <ele>491.600006103515625</ele>
        <time>2026-03-30T13:02:59.000Z</time>
        <extensions>
          <ns3:TrackPointExtension>
            <ns3:hr>115</ns3:hr>
            <ns3:cad>0</ns3:cad>
          </ns3:TrackPointExtension>
        </extensions>
      </trkpt>
      <trkpt lat="35.971192605793476104736328125" lon="-81.10688966698944568634033203125">
        <ele>491.600006103515625</ele>
        <time>2026-03-30T13:03:06.000Z</time>
        <extensions>
          <ns3:TrackPointExtension>
            <ns3:hr>116</ns3:hr>
            <ns3:cad>0</ns3:cad>
          </ns3:TrackPointExtension>
        </extensions>
      </trkpt>
      <trkpt lat="35.97118648700416088104248046875" lon="-81.1069041676819324493408203125">
        <ele>491</ele>
        <time>2026-03-30T13:03:11.000Z</time>
        <extensions>
          <ns3:TrackPointExtension>
            <ns3:hr>116</ns3:hr>
            <ns3:cad>0</ns3:cad>
          </ns3:TrackPointExtension>
        </extensions>
      </trkpt>
      <trkpt lat="35.9711843915283679962158203125" lon="-81.10691271722316741943359375">
        <ele>491.20001220703125</ele>
        <time>2026-03-30T13:03:17.000Z</time>
        <extensions>
          <ns3:TrackPointExtension>
            <ns3:hr>117</ns3:hr>
            <ns3:cad>0</ns3:cad>
          </ns3:TrackPointExtension>
        </extensions>
      </trkpt>
      <trkpt lat="35.97120056860148906707763671875" lon="-81.1069040000438690185546875">
        <ele>491.20001220703125</ele>
        <time>2026-03-30T13:03:23.000Z</time>
        <extensions>
          <ns3:TrackPointExtension>
            <ns3:hr>117</ns3:hr>
            <ns3:cad>0</ns3:cad>
          </ns3:TrackPointExtension>
        </extensions>
      </trkpt>
      <trkpt lat="35.9712105430662631988525390625" lon="-81.106859743595123291015625">
        <ele>491</ele>
        <time>2026-03-30T13:03:28.000Z</time>
        <extensions>
          <ns3:TrackPointExtension>
            <ns3:hr>120</ns3:hr>
            <ns3:cad>56</ns3:cad>
          </ns3:TrackPointExtension>
        </extensions>
      </trkpt>
      <trkpt lat="35.9712169133126735687255859375" lon="-81.106841303408145904541015625">
        <ele>490.79998779296875</ele>
        <time>2026-03-30T13:03:30.000Z</time>
        <extensions>
          <ns3:TrackPointExtension>
            <ns3:hr>123</ns3:hr>
            <ns3:cad>50</ns3:cad>
          </ns3:TrackPointExtension>
        </extensions>
      </trkpt>
      <trkpt lat="35.97122034989297389984130859375" lon="-81.1068288981914520263671875">
        <ele>490.399993896484375</ele>
        <time>2026-03-30T13:03:32.000Z</time>
        <extensions>
          <ns3:TrackPointExtension>
            <ns3:hr>126</ns3:hr>
            <ns3:cad>52</ns3:cad>
          </ns3:TrackPointExtension>
        </extensions>
      </trkpt>
      <trkpt lat="35.97121213562786579132080078125" lon="-81.1068119667470455169677734375">
        <ele>489.79998779296875</ele>
        <time>2026-03-30T13:03:35.000Z</time>
        <extensions>
          <ns3:TrackPointExtension>
            <ns3:hr>126</ns3:hr>
            <ns3:cad>0</ns3:cad>
          </ns3:TrackPointExtension>
        </extensions>
      </trkpt>
      <trkpt lat="35.9712048433721065521240234375" lon="-81.106801740825176239013671875">
        <ele>489.399993896484375</ele>
        <time>2026-03-30T13:03:38.000Z</time>
        <extensions>
          <ns3:TrackPointExtension>
            <ns3:hr>122</ns3:hr>
            <ns3:cad>48</ns3:cad>
          </ns3:TrackPointExtension>
        </extensions>
      </trkpt>
      <trkpt lat="35.971207357943058013916015625" lon="-81.10679629258811473846435546875">
        <ele>489.20001220703125</ele>
        <time>2026-03-30T13:03:39.000Z</time>
        <extensions>
          <ns3:TrackPointExtension>
            <ns3:hr>120</ns3:hr>
            <ns3:cad>48</ns3:cad>
          </ns3:TrackPointExtension>
        </extensions>
      </trkpt>
      <trkpt lat="35.97120727412402629852294921875" lon="-81.1067794449627399444580078125">
        <ele>488.79998779296875</ele>
        <time>2026-03-30T13:03:41.000Z</time>
        <extensions>
          <ns3:TrackPointExtension>
            <ns3:hr>119</ns3:hr>
            <ns3:cad>48</ns3:cad>
          </ns3:TrackPointExtension>
        </extensions>
      </trkpt>
      <trkpt lat="35.97120375372469425201416015625" lon="-81.1067646928131580352783203125">
        <ele>488</ele>
        <time>2026-03-30T13:03:45.000Z</time>
        <extensions>
          <ns3:TrackPointExtension>
            <ns3:hr>119</ns3:hr>
            <ns3:cad>0</ns3:cad>
          </ns3:TrackPointExtension>
        </extensions>
      </trkpt>
      <trkpt lat="35.971197299659252166748046875" lon="-81.10674985684454441070556640625">
        <ele>487.79998779296875</ele>
        <time>2026-03-30T13:03:48.000Z</time>
        <extensions>
          <ns3:TrackPointExtension>
            <ns3:hr>117</ns3:hr>
            <ns3:cad>0</ns3:cad>
          </ns3:TrackPointExtension>
        </extensions>
      </trkpt>
      <trkpt lat="35.971171818673610687255859375" lon="-81.10675136558711528778076171875">
        <ele>486.600006103515625</ele>
        <time>2026-03-30T13:03:52.000Z</time>
        <extensions>
          <ns3:TrackPointExtension>
            <ns3:hr>117</ns3:hr>
            <ns3:cad>52</ns3:cad>
          </ns3:TrackPointExtension>
        </extensions>
      </trkpt>
      <trkpt lat="35.97116569988429546356201171875" lon="-81.10675320960581302642822265625">
        <ele>486.600006103515625</ele>
        <time>2026-03-30T13:03:53.000Z</time>
        <extensions>
          <ns3:TrackPointExtension>
            <ns3:hr>117</ns3:hr>
            <ns3:cad>52</ns3:cad>
          </ns3:TrackPointExtension>
        </extensions>
      </trkpt>
      <trkpt lat="35.97113938070833683013916015625" lon="-81.1067779362201690673828125">
        <ele>486.600006103515625</ele>
        <time>2026-03-30T13:04:00.000Z</time>
        <extensions>
          <ns3:TrackPointExtension>
            <ns3:hr>118</ns3:hr>
            <ns3:cad>73</ns3:cad>
          </ns3:TrackPointExtension>
        </extensions>
      </trkpt>
      <trkpt lat="35.97111205570399761199951171875" lon="-81.10680400393903255462646484375">
        <ele>486.79998779296875</ele>
        <time>2026-03-30T13:04:07.000Z</time>
        <extensions>
          <ns3:TrackPointExtension>
            <ns3:hr>118</ns3:hr>
            <ns3:cad>0</ns3:cad>
          </ns3:TrackPointExtension>
        </extensions>
      </trkpt>
      <trkpt lat="35.97111473791301250457763671875" lon="-81.10679545439779758453369140625">
        <ele>486.600006103515625</ele>
        <time>2026-03-30T13:04:15.000Z</time>
        <extensions>
          <ns3:TrackPointExtension>
            <ns3:hr>116</ns3:hr>
            <ns3:cad>0</ns3:cad>
          </ns3:TrackPointExtension>
        </extensions>
      </trkpt>
      <trkpt lat="35.971116833388805389404296875" lon="-81.106848008930683135986328125">
        <ele>487.399993896484375</ele>
        <time>2026-03-30T13:04:23.000Z</time>
        <extensions>
          <ns3:TrackPointExtension>
            <ns3:hr>116</ns3:hr>
            <ns3:cad>0</ns3:cad>
          </ns3:TrackPointExtension>
        </extensions>
      </trkpt>
      <trkpt lat="35.9711139835417270660400390625" lon="-81.10686443746089935302734375">
        <ele>487.600006103515625</ele>
        <time>2026-03-30T13:04:30.000Z</time>
        <extensions>
          <ns3:TrackPointExtension>
            <ns3:hr>113</ns3:hr>
            <ns3:cad>55</ns3:cad>
          </ns3:TrackPointExtension>
        </extensions>
      </trkpt>
      <trkpt lat="35.97111381590366363525390625" lon="-81.10686468891799449920654296875">
        <ele>487.79998779296875</ele>
        <time>2026-03-30T13:04:32.000Z</time>
        <extensions>
          <ns3:TrackPointExtension>
            <ns3:hr>111</ns3:hr>
            <ns3:cad>0</ns3:cad>
          </ns3:TrackPointExtension>
        </extensions>
      </trkpt>
      <trkpt lat="35.971102751791477203369140625" lon="-81.1068840511143207550048828125">
        <ele>488.600006103515625</ele>
        <time>2026-03-30T13:04:37.000Z</time>
        <extensions>
          <ns3:TrackPointExtension>
            <ns3:hr>114</ns3:hr>
            <ns3:cad>0</ns3:cad>
          </ns3:TrackPointExtension>
        </extensions>
      </trkpt>
      <trkpt lat="35.9710874967277050018310546875" lon="-81.10689260065555572509765625">
        <ele>488.79998779296875</ele>
        <time>2026-03-30T13:04:39.000Z</time>
        <extensions>
          <ns3:TrackPointExtension>
            <ns3:hr>114</ns3:hr>
            <ns3:cad>0</ns3:cad>
          </ns3:TrackPointExtension>
        </extensions>
      </trkpt>
      <trkpt lat="35.97107366658747196197509765625" lon="-81.10689117573201656341552734375">
        <ele>488.600006103515625</ele>
        <time>2026-03-30T13:04:44.000Z</time>
        <extensions>
          <ns3:TrackPointExtension>
            <ns3:hr>117</ns3:hr>
            <ns3:cad>0</ns3:cad>
          </ns3:TrackPointExtension>
        </extensions>
      </trkpt>
      <trkpt lat="35.97107131965458393096923828125" lon="-81.1068951152265071868896484375">
        <ele>488.399993896484375</ele>
        <time>2026-03-30T13:04:45.000Z</time>
        <extensions>
          <ns3:TrackPointExtension>
            <ns3:hr>118</ns3:hr>
            <ns3:cad>0</ns3:cad>
          </ns3:TrackPointExtension>
        </extensions>
      </trkpt>
      <trkpt lat="35.97107014618813991546630859375" lon="-81.106901653110980987548828125">
        <ele>488.20001220703125</ele>
        <time>2026-03-30T13:04:53.000Z</time>
        <extensions>
          <ns3:TrackPointExtension>
            <ns3:hr>120</ns3:hr>
            <ns3:cad>0</ns3:cad>
          </ns3:TrackPointExtension>
        </extensions>
      </trkpt>
      <trkpt lat="35.97109328024089336395263671875" lon="-81.10688732005655765533447265625">
        <ele>488.20001220703125</ele>
        <time>2026-03-30T13:05:02.000Z</time>
        <extensions>
          <ns3:TrackPointExtension>
            <ns3:hr>119</ns3:hr>
            <ns3:cad>0</ns3:cad>
          </ns3:TrackPointExtension>
        </extensions>
      </trkpt>
      <trkpt lat="35.97107735462486743927001953125" lon="-81.1069132201373577117919921875">
        <ele>488.600006103515625</ele>
        <time>2026-03-30T13:05:09.000Z</time>
        <extensions>
          <ns3:TrackPointExtension>
            <ns3:hr>119</ns3:hr>
            <ns3:cad>0</ns3:cad>
          </ns3:TrackPointExtension>
        </extensions>
      </trkpt>
      <trkpt lat="35.97107551060616970062255859375" lon="-81.1069128848612308502197265625">
        <ele>489.20001220703125</ele>
        <time>2026-03-30T13:05:11.000Z</time>
        <extensions>
          <ns3:TrackPointExtension>
            <ns3:hr>119</ns3:hr>
            <ns3:cad>0</ns3:cad>
          </ns3:TrackPointExtension>
        </extensions>
      </trkpt>
      <trkpt lat="35.97106746397912502288818359375" lon="-81.1069273017346858978271484375">
        <ele>490.20001220703125</ele>
        <time>2026-03-30T13:05:15.000Z</time>
        <extensions>
          <ns3:TrackPointExtension>
            <ns3:hr>120</ns3:hr>
            <ns3:cad>0</ns3:cad>
          </ns3:TrackPointExtension>
        </extensions>
      </trkpt>
      <trkpt lat="35.9710603393614292144775390625" lon="-81.10694314353168010711669921875">
        <ele>490.600006103515625</ele>
        <time>2026-03-30T13:05:17.000Z</time>
        <extensions>
          <ns3:TrackPointExtension>
            <ns3:hr>120</ns3:hr>
            <ns3:cad>0</ns3:cad>
          </ns3:TrackPointExtension>
        </extensions>
      </trkpt>
      <trkpt lat="35.97105908207595348358154296875" lon="-81.1069759167730808258056640625">
        <ele>491.399993896484375</ele>
        <time>2026-03-30T13:05:21.000Z</time>
        <extensions>
          <ns3:TrackPointExtension>
            <ns3:hr>121</ns3:hr>
            <ns3:cad>0</ns3:cad>
          </ns3:TrackPointExtension>
        </extensions>
      </trkpt>
      <trkpt lat="35.97105572931468486785888671875" lon="-81.1069978773593902587890625">
        <ele>491.600006103515625</ele>
        <time>2026-03-30T13:05:23.000Z</time>
        <extensions>
          <ns3:TrackPointExtension>
            <ns3:hr>127</ns3:hr>
            <ns3:cad>0</ns3:cad>
          </ns3:TrackPointExtension>
        </extensions>
      </trkpt>
      <trkpt lat="35.97105204127728939056396484375" lon="-81.10700533725321292877197265625">
        <ele>491.79998779296875</ele>
        <time>2026-03-30T13:05:24.000Z</time>
        <extensions>
          <ns3:TrackPointExtension>
            <ns3:hr>130</ns3:hr>
            <ns3:cad>0</ns3:cad>
          </ns3:TrackPointExtension>
        </extensions>
      </trkpt>
      <trkpt lat="35.97105204127728939056396484375" lon="-81.10700550489127635955810546875">
        <ele>491.79998779296875</ele>
        <time>2026-03-30T13:05:25.000Z</time>
        <extensions>
          <ns3:TrackPointExtension>
            <ns3:hr>131</ns3:hr>
            <ns3:cad>0</ns3:cad>
          </ns3:TrackPointExtension>
        </extensions>
      </trkpt>
      <trkpt lat="35.9710527956485748291015625" lon="-81.1070094443857669830322265625">
        <ele>492.600006103515625</ele>
        <time>2026-03-30T13:05:32.000Z</time>
        <extensions>
          <ns3:TrackPointExtension>
            <ns3:hr>131</ns3:hr>
            <ns3:cad>0</ns3:cad>
          </ns3:TrackPointExtension>
        </extensions>
      </trkpt>
      <trkpt lat="35.971075929701328277587890625" lon="-81.1070516891777515411376953125">
        <ele>493.600006103515625</ele>
        <time>2026-03-30T13:05:39.000Z</time>
        <extensions>
          <ns3:TrackPointExtension>
            <ns3:hr>133</ns3:hr>
            <ns3:cad>0</ns3:cad>
          </ns3:TrackPointExtension>
        </extensions>
      </trkpt>
      <trkpt lat="35.9710794501006603240966796875" lon="-81.1070594005286693572998046875">
        <ele>493.79998779296875</ele>
        <time>2026-03-30T13:05:40.000Z</time>
        <extensions>
          <ns3:TrackPointExtension>
            <ns3:hr>133</ns3:hr>
            <ns3:cad>0</ns3:cad>
          </ns3:TrackPointExtension>
        </extensions>
      </trkpt>
      <trkpt lat="35.971067883074283599853515625" lon="-81.1070697940886020660400390625">
        <ele>494.399993896484375</ele>
        <time>2026-03-30T13:05:47.000Z</time>
        <extensions>
          <ns3:TrackPointExtension>
            <ns3:hr>134</ns3:hr>
            <ns3:cad>43</ns3:cad>
          </ns3:TrackPointExtension>
        </extensions>
      </trkpt>
      <trkpt lat="35.971075929701328277587890625" lon="-81.1071083508431911468505859375">
        <ele>495</ele>
        <time>2026-03-30T13:05:51.000Z</time>
        <extensions>
          <ns3:TrackPointExtension>
            <ns3:hr>136</ns3:hr>
            <ns3:cad>0</ns3:cad>
          </ns3:TrackPointExtension>
        </extensions>
      </trkpt>
      <trkpt lat="35.9710861556231975555419921875" lon="-81.1071170680224895477294921875">
        <ele>495.600006103515625</ele>
        <time>2026-03-30T13:05:54.000Z</time>
        <extensions>
          <ns3:TrackPointExtension>
            <ns3:hr>141</ns3:hr>
            <ns3:cad>79</ns3:cad>
          </ns3:TrackPointExtension>
        </extensions>
      </trkpt>
      <trkpt lat="35.97109512425959110260009765625" lon="-81.10711446963250637054443359375">
        <ele>495.79998779296875</ele>
        <time>2026-03-30T13:05:55.000Z</time>
        <extensions>
          <ns3:TrackPointExtension>
            <ns3:hr>143</ns3:hr>
            <ns3:cad>79</ns3:cad>
          </ns3:TrackPointExtension>
        </extensions>
      </trkpt>
      <trkpt lat="35.97110266797244548797607421875" lon="-81.1071130447089672088623046875">
        <ele>496</ele>
        <time>2026-03-30T13:05:56.000Z</time>
        <extensions>
          <ns3:TrackPointExtension>
            <ns3:hr>143</ns3:hr>
            <ns3:cad>79</ns3:cad>
          </ns3:TrackPointExtension>
        </extensions>
      </trkpt>
      <trkpt lat="35.9711297415196895599365234375" lon="-81.107114888727664947509765625">
        <ele>496.79998779296875</ele>
        <time>2026-03-30T13:06:02.000Z</time>
        <extensions>
          <ns3:TrackPointExtension>
            <ns3:hr>141</ns3:hr>
            <ns3:cad>79</ns3:cad>
          </ns3:TrackPointExtension>
        </extensions>
      </trkpt>
      <trkpt lat="35.9711371175944805145263671875" lon="-81.10711748711764812469482421875">
        <ele>497</ele>
        <time>2026-03-30T13:06:03.000Z</time>
        <extensions>
          <ns3:TrackPointExtension>
            <ns3:hr>141</ns3:hr>
            <ns3:cad>79</ns3:cad>
          </ns3:TrackPointExtension>
        </extensions>
      </trkpt>
      <trkpt lat="35.97116838209331035614013671875" lon="-81.10712595283985137939453125">
        <ele>498</ele>
        <time>2026-03-30T13:06:10.000Z</time>
        <extensions>
          <ns3:TrackPointExtension>
            <ns3:hr>143</ns3:hr>
            <ns3:cad>61</ns3:cad>
          </ns3:TrackPointExtension>
        </extensions>
      </trkpt>
      <trkpt lat="35.9711639396846294403076171875" lon="-81.10712385736405849456787109375">
        <ele>498</ele>
        <time>2026-03-30T13:06:12.000Z</time>
        <extensions>
          <ns3:TrackPointExtension>
            <ns3:hr>145</ns3:hr>
            <ns3:cad>0</ns3:cad>
          </ns3:TrackPointExtension>
        </extensions>
      </trkpt>
      <trkpt lat="35.97117475233972072601318359375" lon="-81.10710826702415943145751953125">
        <ele>497.79998779296875</ele>
        <time>2026-03-30T13:06:16.000Z</time>
        <extensions>
          <ns3:TrackPointExtension>
            <ns3:hr>144</ns3:hr>
            <ns3:cad>0</ns3:cad>
          </ns3:TrackPointExtension>
        </extensions>
      </trkpt>
      <trkpt lat="35.97117575816810131072998046875" lon="-81.1070707999169826507568359375">
        <ele>497</ele>
        <time>2026-03-30T13:06:23.000Z</time>
        <extensions>
          <ns3:TrackPointExtension>
            <ns3:hr>144</ns3:hr>
            <ns3:cad>0</ns3:cad>
          </ns3:TrackPointExtension>
        </extensions>
      </trkpt>
      <trkpt lat="35.9711922705173492431640625" lon="-81.1070842109620571136474609375">
        <ele>497</ele>
        <time>2026-03-30T13:06:29.000Z</time>
        <extensions>
          <ns3:TrackPointExtension>
            <ns3:hr>144</ns3:hr>
            <ns3:cad>0</ns3:cad>
          </ns3:TrackPointExtension>
        </extensions>
      </trkpt>
      <trkpt lat="35.97121833823621273040771484375" lon="-81.10712519846856594085693359375">
        <ele>498</ele>
        <time>2026-03-30T13:06:34.000Z</time>
        <extensions>
          <ns3:TrackPointExtension>
            <ns3:hr>145</ns3:hr>
            <ns3:cad>0</ns3:cad>
          </ns3:TrackPointExtension>
        </extensions>
      </trkpt>
      <trkpt lat="35.97122672013938426971435546875" lon="-81.10713005997240543365478515625">
        <ele>498.399993896484375</ele>
        <time>2026-03-30T13:06:35.000Z</time>
        <extensions>
          <ns3:TrackPointExtension>
            <ns3:hr>144</ns3:hr>
            <ns3:cad>0</ns3:cad>
          </ns3:TrackPointExtension>
        </extensions>
      </trkpt>
      <trkpt lat="35.9712628461420536041259765625" lon="-81.10712067224085330963134765625">
        <ele>499</ele>
        <time>2026-03-30T13:06:40.000Z</time>
        <extensions>
          <ns3:TrackPointExtension>
            <ns3:hr>142</ns3:hr>
            <ns3:cad>41</ns3:cad>
          </ns3:TrackPointExtension>
        </extensions>
      </trkpt>
      <trkpt lat="35.97126913256943225860595703125" lon="-81.107122264802455902099609375">
        <ele>499.20001220703125</ele>
        <time>2026-03-30T13:06:41.000Z</time>
        <extensions>
          <ns3:TrackPointExtension>
            <ns3:hr>142</ns3:hr>
            <ns3:cad>41</ns3:cad>
          </ns3:TrackPointExtension>
        </extensions>
      </trkpt>
      <trkpt lat="35.97128706984221935272216796875" lon="-81.10712192952632904052734375">
        <ele>500.20001220703125</ele>
        <time>2026-03-30T13:06:46.000Z</time>
        <extensions>
          <ns3:TrackPointExtension>
            <ns3:hr>140</ns3:hr>
            <ns3:cad>44</ns3:cad>
          </ns3:TrackPointExtension>
        </extensions>
      </trkpt>
      <trkpt lat="35.97130953334271907806396484375" lon="-81.10710860230028629302978515625">
        <ele>500.399993896484375</ele>
        <time>2026-03-30T13:06:50.000Z</time>
        <extensions>
          <ns3:TrackPointExtension>
            <ns3:hr>139</ns3:hr>
            <ns3:cad>0</ns3:cad>
          </ns3:TrackPointExtension>
        </extensions>
      </trkpt>
      <trkpt lat="35.97132042981684207916259765625" lon="-81.10710977576673030853271484375">
        <ele>500.399993896484375</ele>
        <time>2026-03-30T13:06:56.000Z</time>
        <extensions>
          <ns3:TrackPointExtension>
            <ns3:hr>138</ns3:hr>
            <ns3:cad>0</ns3:cad>
          </ns3:TrackPointExtension>
        </extensions>
      </trkpt>
      <trkpt lat="35.971336774528026580810546875" lon="-81.10710608772933483123779296875">
        <ele>500.600006103515625</ele>
        <time>2026-03-30T13:07:03.000Z</time>
        <extensions>
          <ns3:TrackPointExtension>
            <ns3:hr>137</ns3:hr>
            <ns3:cad>0</ns3:cad>
          </ns3:TrackPointExtension>
        </extensions>
      </trkpt>
      <trkpt lat="35.9712816216051578521728515625" lon="-81.1071239411830902099609375">
        <ele>500.79998779296875</ele>
        <time>2026-03-30T13:07:11.000Z</time>
        <extensions>
          <ns3:TrackPointExtension>
            <ns3:hr>135</ns3:hr>
            <ns3:cad>48</ns3:cad>
          </ns3:TrackPointExtension>
        </extensions>
      </trkpt>
      <trkpt lat="35.97126628272235393524169921875" lon="-81.10713802278041839599609375">
        <ele>500.79998779296875</ele>
        <time>2026-03-30T13:07:15.000Z</time>
        <extensions>
          <ns3:TrackPointExtension>
            <ns3:hr>132</ns3:hr>
            <ns3:cad>0</ns3:cad>
          </ns3:TrackPointExtension>
        </extensions>
      </trkpt>
      <trkpt lat="35.97125622443854808807373046875" lon="-81.10713156871497631072998046875">
        <ele>500.600006103515625</ele>
        <time>2026-03-30T13:07:21.000Z</time>
        <extensions>
          <ns3:TrackPointExtension>
            <ns3:hr>130</ns3:hr>
            <ns3:cad>0</ns3:cad>
          </ns3:TrackPointExtension>
        </extensions>
      </trkpt>
      <trkpt lat="35.971264354884624481201171875" lon="-81.10713441856205463409423828125">
        <ele>500.600006103515625</ele>
        <time>2026-03-30T13:07:23.000Z</time>
        <extensions>
          <ns3:TrackPointExtension>
            <ns3:hr>127</ns3:hr>
            <ns3:cad>0</ns3:cad>
          </ns3:TrackPointExtension>
        </extensions>
      </trkpt>
      <trkpt lat="35.9712702222168445587158203125" lon="-81.107132993638515472412109375">
        <ele>500.399993896484375</ele>
        <time>2026-03-30T13:07:29.000Z</time>
        <extensions>
          <ns3:TrackPointExtension>
            <ns3:hr>124</ns3:hr>
            <ns3:cad>0</ns3:cad>
          </ns3:TrackPointExtension>
        </extensions>
      </trkpt>
      <trkpt lat="35.97126494161784648895263671875" lon="-81.10713223926723003387451171875">
        <ele>500.399993896484375</ele>
        <time>2026-03-30T13:07:30.000Z</time>
        <extensions>
          <ns3:TrackPointExtension>
            <ns3:hr>124</ns3:hr>
            <ns3:cad>0</ns3:cad>
          </ns3:TrackPointExtension>
        </extensions>
      </trkpt>
      <trkpt lat="35.97122252918779850006103515625" lon="-81.1071452312171459197998046875">
        <ele>499.79998779296875</ele>
        <time>2026-03-30T13:07:35.000Z</time>
        <extensions>
          <ns3:TrackPointExtension>
            <ns3:hr>125</ns3:hr>
            <ns3:cad>0</ns3:cad>
          </ns3:TrackPointExtension>
        </extensions>
      </trkpt>
      <trkpt lat="35.9712035022675991058349609375" lon="-81.10711522400379180908203125">
        <ele>499.20001220703125</ele>
        <time>2026-03-30T13:07:39.000Z</time>
        <extensions>
          <ns3:TrackPointExtension>
            <ns3:hr>125</ns3:hr>
            <ns3:cad>50</ns3:cad>
          </ns3:TrackPointExtension>
        </extensions>
      </trkpt>
      <trkpt lat="35.971196629106998443603515625" lon="-81.1071016453206539154052734375">
        <ele>499</ele>
        <time>2026-03-30T13:07:41.000Z</time>
        <extensions>
          <ns3:TrackPointExtension>
            <ns3:hr>124</ns3:hr>
            <ns3:cad>50</ns3:cad>
          </ns3:TrackPointExtension>
        </extensions>
      </trkpt>
      <trkpt lat="35.97118531353771686553955078125" lon="-81.1070676147937774658203125">
        <ele>498.20001220703125</ele>
        <time>2026-03-30T13:07:45.000Z</time>
        <extensions>
          <ns3:TrackPointExtension>
            <ns3:hr>122</ns3:hr>
            <ns3:cad>47</ns3:cad>
          </ns3:TrackPointExtension>
        </extensions>
      </trkpt>
      <trkpt lat="35.97118715755641460418701171875" lon="-81.10706116072833538055419921875">
        <ele>497.79998779296875</ele>
        <time>2026-03-30T13:07:46.000Z</time>
        <extensions>
          <ns3:TrackPointExtension>
            <ns3:hr>121</ns3:hr>
            <ns3:cad>47</ns3:cad>
          </ns3:TrackPointExtension>
        </extensions>
      </trkpt>
      <trkpt lat="35.9711874090135097503662109375" lon="-81.10706032253801822662353515625">
        <ele>497.600006103515625</ele>
        <time>2026-03-30T13:07:47.000Z</time>
        <extensions>
          <ns3:TrackPointExtension>
            <ns3:hr>120</ns3:hr>
            <ns3:cad>47</ns3:cad>
          </ns3:TrackPointExtension>
        </extensions>
      </trkpt>
      <trkpt lat="35.9711907617747783660888671875" lon="-81.10705043189227581024169921875">
        <ele>497</ele>
        <time>2026-03-30T13:07:49.000Z</time>
        <extensions>
          <ns3:TrackPointExtension>
            <ns3:hr>119</ns3:hr>
            <ns3:cad>50</ns3:cad>
          </ns3:TrackPointExtension>
        </extensions>
      </trkpt>
      <trkpt lat="35.97120274789631366729736328125" lon="-81.1070060916244983673095703125">
        <ele>495.79998779296875</ele>
        <time>2026-03-30T13:07:54.000Z</time>
        <extensions>
          <ns3:TrackPointExtension>
            <ns3:hr>121</ns3:hr>
            <ns3:cad>47</ns3:cad>
          </ns3:TrackPointExtension>
        </extensions>
      </trkpt>
      <trkpt lat="35.97120509482920169830322265625" lon="-81.10699058510363101959228515625">
        <ele>495.20001220703125</ele>
        <time>2026-03-30T13:07:57.000Z</time>
        <extensions>
          <ns3:TrackPointExtension>
            <ns3:hr>117</ns3:hr>
            <ns3:cad>50</ns3:cad>
          </ns3:TrackPointExtension>
        </extensions>
      </trkpt>
      <trkpt lat="35.97119805403053760528564453125" lon="-81.1069836281239986419677734375">
        <ele>494.79998779296875</ele>
        <time>2026-03-30T13:07:59.000Z</time>
        <extensions>
          <ns3:TrackPointExtension>
            <ns3:hr>116</ns3:hr>
            <ns3:cad>0</ns3:cad>
          </ns3:TrackPointExtension>
        </extensions>
      </trkpt>
      <trkpt lat="35.97119570709764957427978515625" lon="-81.1069802753627300262451171875">
        <ele>494.399993896484375</ele>
        <time>2026-03-30T13:08:00.000Z</time>
        <extensions>
          <ns3:TrackPointExtension>
            <ns3:hr>116</ns3:hr>
            <ns3:cad>0</ns3:cad>
          </ns3:TrackPointExtension>
        </extensions>
      </trkpt>
      <trkpt lat="35.97119503654539585113525390625" lon="-81.1069549620151519775390625">
        <ele>493.600006103515625</ele>
        <time>2026-03-30T13:08:03.000Z</time>
        <extensions>
          <ns3:TrackPointExtension>
            <ns3:hr>115</ns3:hr>
            <ns3:cad>45</ns3:cad>
          </ns3:TrackPointExtension>
        </extensions>
      </trkpt>
      <trkpt lat="35.97120727412402629852294921875" lon="-81.10693409107625484466552734375">
        <ele>493</ele>
        <time>2026-03-30T13:08:06.000Z</time>
        <extensions>
          <ns3:TrackPointExtension>
            <ns3:hr>114</ns3:hr>
            <ns3:cad>48</ns3:cad>
          </ns3:TrackPointExtension>
        </extensions>
      </trkpt>
      <trkpt lat="35.97121180035173892974853515625" lon="-81.106907688081264495849609375">
        <ele>492.600006103515625</ele>
        <time>2026-03-30T13:08:09.000Z</time>
        <extensions>
          <ns3:TrackPointExtension>
            <ns3:hr>113</ns3:hr>
            <ns3:cad>46</ns3:cad>
          </ns3:TrackPointExtension>
        </extensions>
      </trkpt>
      <trkpt lat="35.97120995633304119110107421875" lon="-81.10687114298343658447265625">
        <ele>491.79998779296875</ele>
        <time>2026-03-30T13:08:13.000Z</time>
        <extensions>
          <ns3:TrackPointExtension>
            <ns3:hr>111</ns3:hr>
            <ns3:cad>48</ns3:cad>
          </ns3:TrackPointExtension>
        </extensions>
      </trkpt>
      <trkpt lat="35.9712085314095020294189453125" lon="-81.106853373348712921142578125">
        <ele>491.399993896484375</ele>
        <time>2026-03-30T13:08:16.000Z</time>
        <extensions>
          <ns3:TrackPointExtension>
            <ns3:hr>110</ns3:hr>
            <ns3:cad>46</ns3:cad>
          </ns3:TrackPointExtension>
        </extensions>
      </trkpt>
      <trkpt lat="35.97121180035173892974853515625" lon="-81.10682043246924877166748046875">
        <ele>490.600006103515625</ele>
        <time>2026-03-30T13:08:21.000Z</time>
        <extensions>
          <ns3:TrackPointExtension>
            <ns3:hr>108</ns3:hr>
            <ns3:cad>46</ns3:cad>
          </ns3:TrackPointExtension>
        </extensions>
      </trkpt>
      <trkpt lat="35.971213392913341522216796875" lon="-81.106809116899967193603515625">
        <ele>490.20001220703125</ele>
        <time>2026-03-30T13:08:23.000Z</time>
        <extensions>
          <ns3:TrackPointExtension>
            <ns3:hr>108</ns3:hr>
            <ns3:cad>0</ns3:cad>
          </ns3:TrackPointExtension>
        </extensions>
      </trkpt>
      <trkpt lat="35.97121884115040302276611328125" lon="-81.10678556375205516815185546875">
        <ele>489.20001220703125</ele>
        <time>2026-03-30T13:08:28.000Z</time>
        <extensions>
          <ns3:TrackPointExtension>
            <ns3:hr>107</ns3:hr>
            <ns3:cad>52</ns3:cad>
          </ns3:TrackPointExtension>
        </extensions>
      </trkpt>
      <trkpt lat="35.97122185863554477691650390625" lon="-81.10677852295339107513427734375">
        <ele>489</ele>
        <time>2026-03-30T13:08:29.000Z</time>
        <extensions>
          <ns3:TrackPointExtension>
            <ns3:hr>108</ns3:hr>
            <ns3:cad>52</ns3:cad>
          </ns3:TrackPointExtension>
        </extensions>
      </trkpt>
      <trkpt lat="35.97123594023287296295166015625" lon="-81.10672873444855213165283203125">
        <ele>488.399993896484375</ele>
        <time>2026-03-30T13:08:36.000Z</time>
        <extensions>
          <ns3:TrackPointExtension>
            <ns3:hr>109</ns3:hr>
            <ns3:cad>0</ns3:cad>
          </ns3:TrackPointExtension>
        </extensions>
      </trkpt>
      <trkpt lat="35.971241891384124755859375" lon="-81.10671482048928737640380859375">
        <ele>488.20001220703125</ele>
        <time>2026-03-30T13:08:38.000Z</time>
        <extensions>
          <ns3:TrackPointExtension>
            <ns3:hr>109</ns3:hr>
            <ns3:cad>0</ns3:cad>
          </ns3:TrackPointExtension>
        </extensions>
      </trkpt>
      <trkpt lat="35.97126292996108531951904296875" lon="-81.1066818796098232269287109375">
        <ele>488.20001220703125</ele>
        <time>2026-03-30T13:08:43.000Z</time>
        <extensions>
          <ns3:TrackPointExtension>
            <ns3:hr>107</ns3:hr>
            <ns3:cad>73</ns3:cad>
          </ns3:TrackPointExtension>
        </extensions>
      </trkpt>
      <trkpt lat="35.9712829627096652984619140625" lon="-81.1066232062876224517822265625">
        <ele>488.20001220703125</ele>
        <time>2026-03-30T13:08:51.000Z</time>
        <extensions>
          <ns3:TrackPointExtension>
            <ns3:hr>107</ns3:hr>
            <ns3:cad>0</ns3:cad>
          </ns3:TrackPointExtension>
        </extensions>
      </trkpt>
      <trkpt lat="35.97128975205123424530029296875" lon="-81.1066131480038166046142578125">
        <ele>487.79998779296875</ele>
        <time>2026-03-30T13:08:55.000Z</time>
        <extensions>
          <ns3:TrackPointExtension>
            <ns3:hr>110</ns3:hr>
            <ns3:cad>0</ns3:cad>
          </ns3:TrackPointExtension>
        </extensions>
      </trkpt>
      <trkpt lat="35.9712957032024860382080078125" lon="-81.10660116188228130340576171875">
        <ele>487.79998779296875</ele>
        <time>2026-03-30T13:08:57.000Z</time>
        <extensions>
          <ns3:TrackPointExtension>
            <ns3:hr>109</ns3:hr>
            <ns3:cad>0</ns3:cad>
          </ns3:TrackPointExtension>
        </extensions>
      </trkpt>
      <trkpt lat="35.97130467183887958526611328125" lon="-81.106587834656238555908203125">
        <ele>487.600006103515625</ele>
        <time>2026-03-30T13:09:03.000Z</time>
        <extensions>
          <ns3:TrackPointExtension>
            <ns3:hr>109</ns3:hr>
            <ns3:cad>0</ns3:cad>
          </ns3:TrackPointExtension>
        </extensions>
      </trkpt>
      <trkpt lat="35.97130651585757732391357421875" lon="-81.10658322460949420928955078125">
        <ele>487.399993896484375</ele>
        <time>2026-03-30T13:09:11.000Z</time>
        <extensions>
          <ns3:TrackPointExtension>
            <ns3:hr>108</ns3:hr>
            <ns3:cad>0</ns3:cad>
          </ns3:TrackPointExtension>
        </extensions>
      </trkpt>
      <trkpt lat="35.9713081084191799163818359375" lon="-81.1065464280545711517333984375">
        <ele>487</ele>
        <time>2026-03-30T13:09:17.000Z</time>
        <extensions>
          <ns3:TrackPointExtension>
            <ns3:hr>107</ns3:hr>
            <ns3:cad>0</ns3:cad>
          </ns3:TrackPointExtension>
        </extensions>
      </trkpt>
      <trkpt lat="35.971314646303653717041015625" lon="-81.1065383814275264739990234375">
        <ele>487</ele>
        <time>2026-03-30T13:09:19.000Z</time>
        <extensions>
          <ns3:TrackPointExtension>
            <ns3:hr>110</ns3:hr>
            <ns3:cad>0</ns3:cad>
          </ns3:TrackPointExtension>
        </extensions>
      </trkpt>
      <trkpt lat="35.97131858579814434051513671875" lon="-81.10653586685657501220703125">
        <ele>486.79998779296875</ele>
        <time>2026-03-30T13:09:21.000Z</time>
        <extensions>
          <ns3:TrackPointExtension>
            <ns3:hr>113</ns3:hr>
            <ns3:cad>0</ns3:cad>
          </ns3:TrackPointExtension>
        </extensions>
      </trkpt>
      <trkpt lat="35.97132110036909580230712890625" lon="-81.106522791087627410888671875">
        <ele>486.79998779296875</ele>
        <time>2026-03-30T13:09:24.000Z</time>
        <extensions>
          <ns3:TrackPointExtension>
            <ns3:hr>113</ns3:hr>
            <ns3:cad>0</ns3:cad>
          </ns3:TrackPointExtension>
        </extensions>
      </trkpt>
      <trkpt lat="35.97132244147360324859619140625" lon="-81.10651767812669277191162109375">
        <ele>486.79998779296875</ele>
        <time>2026-03-30T13:09:28.000Z</time>
        <extensions>
          <ns3:TrackPointExtension>
            <ns3:hr>109</ns3:hr>
            <ns3:cad>0</ns3:cad>
          </ns3:TrackPointExtension>
        </extensions>
      </trkpt>
      <trkpt lat="35.97132193855941295623779296875" lon="-81.1065102182328701019287109375">
        <ele>487</ele>
        <time>2026-03-30T13:09:30.000Z</time>
        <extensions>
          <ns3:TrackPointExtension>
            <ns3:hr>106</ns3:hr>
            <ns3:cad>0</ns3:cad>
          </ns3:TrackPointExtension>
        </extensions>
      </trkpt>
      <trkpt lat="35.97131640650331974029541015625" lon="-81.10650812275707721710205078125">
        <ele>486.79998779296875</ele>
        <time>2026-03-30T13:09:32.000Z</time>
        <extensions>
          <ns3:TrackPointExtension>
            <ns3:hr>103</ns3:hr>
            <ns3:cad>0</ns3:cad>
          </ns3:TrackPointExtension>
        </extensions>
      </trkpt>
      <trkpt lat="35.9713198430836200714111328125" lon="-81.10651172697544097900390625">
        <ele>487</ele>
        <time>2026-03-30T13:09:37.000Z</time>
        <extensions>
          <ns3:TrackPointExtension>
            <ns3:hr>100</ns3:hr>
            <ns3:cad>0</ns3:cad>
          </ns3:TrackPointExtension>
        </extensions>
      </trkpt>
      <trkpt lat="35.9713228605687618255615234375" lon="-81.10650912858545780181884765625">
        <ele>487</ele>
        <time>2026-03-30T13:09:38.000Z</time>
        <extensions>
          <ns3:TrackPointExtension>
            <ns3:hr>100</ns3:hr>
            <ns3:cad>0</ns3:cad>
          </ns3:TrackPointExtension>
        </extensions>
      </trkpt>
      <trkpt lat="35.97134524025022983551025390625" lon="-81.10648666508495807647705078125">
        <ele>487.79998779296875</ele>
        <time>2026-03-30T13:09:43.000Z</time>
        <extensions>
          <ns3:TrackPointExtension>
            <ns3:hr>105</ns3:hr>
            <ns3:cad>0</ns3:cad>
          </ns3:TrackPointExtension>
        </extensions>
      </trkpt>
      <trkpt lat="35.9713443182408809661865234375" lon="-81.1064867489039897918701171875">
        <ele>487.79998779296875</ele>
        <time>2026-03-30T13:09:45.000Z</time>
        <extensions>
          <ns3:TrackPointExtension>
            <ns3:hr>106</ns3:hr>
            <ns3:cad>0</ns3:cad>
          </ns3:TrackPointExtension>
        </extensions>
      </trkpt>
      <trkpt lat="35.97133618779480457305908203125" lon="-81.10646554268896579742431640625">
        <ele>487.79998779296875</ele>
        <time>2026-03-30T13:09:51.000Z</time>
        <extensions>
          <ns3:TrackPointExtension>
            <ns3:hr>109</ns3:hr>
            <ns3:cad>0</ns3:cad>
          </ns3:TrackPointExtension>
        </extensions>
      </trkpt>
      <trkpt lat="35.9713304042816162109375" lon="-81.1064579151570796966552734375">
        <ele>487.79998779296875</ele>
        <time>2026-03-30T13:09:53.000Z</time>
        <extensions>
          <ns3:TrackPointExtension>
            <ns3:hr>109</ns3:hr>
            <ns3:cad>0</ns3:cad>
          </ns3:TrackPointExtension>
        </extensions>
      </trkpt>
      <trkpt lat="35.97132973372936248779296875" lon="-81.10645498149096965789794921875">
        <ele>487.399993896484375</ele>
        <time>2026-03-30T13:09:58.000Z</time>
        <extensions>
          <ns3:TrackPointExtension>
            <ns3:hr>112</ns3:hr>
            <ns3:cad>0</ns3:cad>
          </ns3:TrackPointExtension>
        </extensions>
      </trkpt>
      <trkpt lat="35.971332751214504241943359375" lon="-81.10645397566258907318115234375">
        <ele>487</ele>
        <time>2026-03-30T13:10:00.000Z</time>
        <extensions>
          <ns3:TrackPointExtension>
            <ns3:hr>116</ns3:hr>
            <ns3:cad>0</ns3:cad>
          </ns3:TrackPointExtension>
        </extensions>
      </trkpt>
      <trkpt lat="35.97133518196642398834228515625" lon="-81.106447689235210418701171875">
        <ele>486.399993896484375</ele>
        <time>2026-03-30T13:10:03.000Z</time>
        <extensions>
          <ns3:TrackPointExtension>
            <ns3:hr>119</ns3:hr>
            <ns3:cad>0</ns3:cad>
          </ns3:TrackPointExtension>
        </extensions>
      </trkpt>
      <trkpt lat="35.97132964991033077239990234375" lon="-81.10643855296075344085693359375">
        <ele>486.20001220703125</ele>
        <time>2026-03-30T13:10:06.000Z</time>
        <extensions>
          <ns3:TrackPointExtension>
            <ns3:hr>119</ns3:hr>
            <ns3:cad>0</ns3:cad>
          </ns3:TrackPointExtension>
        </extensions>
      </trkpt>
      <trkpt lat="35.97132294438779354095458984375" lon="-81.1064372956752777099609375">
        <ele>486</ele>
        <time>2026-03-30T13:10:08.000Z</time>
        <extensions>
          <ns3:TrackPointExtension>
            <ns3:hr>119</ns3:hr>
            <ns3:cad>50</ns3:cad>
          </ns3:TrackPointExtension>
        </extensions>
      </trkpt>
      <trkpt lat="35.9713285602629184722900390625" lon="-81.10643117688596248626708984375">
        <ele>485.399993896484375</ele>
        <time>2026-03-30T13:10:14.000Z</time>
        <extensions>
          <ns3:TrackPointExtension>
            <ns3:hr>117</ns3:hr>
            <ns3:cad>0</ns3:cad>
          </ns3:TrackPointExtension>
        </extensions>
      </trkpt>
      <trkpt lat="35.97132478840649127960205078125" lon="-81.10642413608729839324951171875">
        <ele>485.20001220703125</ele>
        <time>2026-03-30T13:10:16.000Z</time>
        <extensions>
          <ns3:TrackPointExtension>
            <ns3:hr>120</ns3:hr>
            <ns3:cad>0</ns3:cad>
          </ns3:TrackPointExtension>
        </extensions>
      </trkpt>
      <trkpt lat="35.971324704587459564208984375" lon="-81.1064213700592517852783203125">
        <ele>485</ele>
        <time>2026-03-30T13:10:18.000Z</time>
        <extensions>
          <ns3:TrackPointExtension>
            <ns3:hr>119</ns3:hr>
            <ns3:cad>0</ns3:cad>
          </ns3:TrackPointExtension>
        </extensions>
      </trkpt>
      <trkpt lat="35.97133233211934566497802734375" lon="-81.10640720464289188385009765625">
        <ele>485</ele>
        <time>2026-03-30T13:10:22.000Z</time>
        <extensions>
          <ns3:TrackPointExtension>
            <ns3:hr>117</ns3:hr>
            <ns3:cad>0</ns3:cad>
          </ns3:TrackPointExtension>
        </extensions>
      </trkpt>
      <trkpt lat="35.97133149392902851104736328125" lon="-81.106423549354076385498046875">
        <ele>485.399993896484375</ele>
        <time>2026-03-30T13:10:29.000Z</time>
        <extensions>
          <ns3:TrackPointExtension>
            <ns3:hr>116</ns3:hr>
            <ns3:cad>0</ns3:cad>
          </ns3:TrackPointExtension>
        </extensions>
      </trkpt>
      <trkpt lat="35.9713299013674259185791015625" lon="-81.1063928715884685516357421875">
        <ele>485.20001220703125</ele>
        <time>2026-03-30T13:10:35.000Z</time>
        <extensions>
          <ns3:TrackPointExtension>
            <ns3:hr>120</ns3:hr>
            <ns3:cad>0</ns3:cad>
          </ns3:TrackPointExtension>
        </extensions>
      </trkpt>
      <trkpt lat="35.9713376127183437347412109375" lon="-81.10637166537344455718994140625">
        <ele>484.20001220703125</ele>
        <time>2026-03-30T13:10:42.000Z</time>
        <extensions>
          <ns3:TrackPointExtension>
            <ns3:hr>123</ns3:hr>
            <ns3:cad>0</ns3:cad>
          </ns3:TrackPointExtension>
        </extensions>
      </trkpt>
      <trkpt lat="35.97134088166058063507080078125" lon="-81.1063680611550807952880859375">
        <ele>484.20001220703125</ele>
        <time>2026-03-30T13:10:43.000Z</time>
        <extensions>
          <ns3:TrackPointExtension>
            <ns3:hr>123</ns3:hr>
            <ns3:cad>0</ns3:cad>
          </ns3:TrackPointExtension>
        </extensions>
      </trkpt>
      <trkpt lat="35.97133585251867771148681640625" lon="-81.10632908530533313751220703125">
        <ele>484</ele>
        <time>2026-03-30T13:10:47.000Z</time>
        <extensions>
          <ns3:TrackPointExtension>
            <ns3:hr>124</ns3:hr>
            <ns3:cad>0</ns3:cad>
          </ns3:TrackPointExtension>
        </extensions>
      </trkpt>
      <trkpt lat="35.9713178314268589019775390625" lon="-81.10631860792636871337890625">
        <ele>483.399993896484375</ele>
        <time>2026-03-30T13:10:50.000Z</time>
        <extensions>
          <ns3:TrackPointExtension>
            <ns3:hr>122</ns3:hr>
            <ns3:cad>0</ns3:cad>
          </ns3:TrackPointExtension>
        </extensions>
      </trkpt>
      <trkpt lat="35.97130266018211841583251953125" lon="-81.1063388921320438385009765625">
        <ele>483.20001220703125</ele>
        <time>2026-03-30T13:10:55.000Z</time>
        <extensions>
          <ns3:TrackPointExtension>
            <ns3:hr>119</ns3:hr>
            <ns3:cad>0</ns3:cad>
          </ns3:TrackPointExtension>
        </extensions>
      </trkpt>
      <trkpt lat="35.971287824213504791259765625" lon="-81.1063740961253643035888671875">
        <ele>483.399993896484375</ele>
        <time>2026-03-30T13:10:59.000Z</time>
        <extensions>
          <ns3:TrackPointExtension>
            <ns3:hr>118</ns3:hr>
            <ns3:cad>0</ns3:cad>
          </ns3:TrackPointExtension>
        </extensions>
      </trkpt>
      <trkpt lat="35.97126343287527561187744140625" lon="-81.106388680636882781982421875">
        <ele>483.600006103515625</ele>
        <time>2026-03-30T13:11:07.000Z</time>
        <extensions>
          <ns3:TrackPointExtension>
            <ns3:hr>115</ns3:hr>
            <ns3:cad>0</ns3:cad>
          </ns3:TrackPointExtension>
        </extensions>
      </trkpt>
      <trkpt lat="35.9712745808064937591552734375" lon="-81.10638541169464588165283203125">
        <ele>483.79998779296875</ele>
        <time>2026-03-30T13:11:13.000Z</time>
        <extensions>
          <ns3:TrackPointExtension>
            <ns3:hr>117</ns3:hr>
            <ns3:cad>0</ns3:cad>
          </ns3:TrackPointExtension>
        </extensions>
      </trkpt>
      <trkpt lat="35.9712437354028224945068359375" lon="-81.1063751019537448883056640625">
        <ele>483</ele>
        <time>2026-03-30T13:11:21.000Z</time>
        <extensions>
          <ns3:TrackPointExtension>
            <ns3:hr>117</ns3:hr>
            <ns3:cad>0</ns3:cad>
          </ns3:TrackPointExtension>
        </extensions>
      </trkpt>
      <trkpt lat="35.97123158164322376251220703125" lon="-81.1063871718943119049072265625">
        <ele>482.79998779296875</ele>
        <time>2026-03-30T13:11:25.000Z</time>
        <extensions>
          <ns3:TrackPointExtension>
            <ns3:hr>116</ns3:hr>
            <ns3:cad>0</ns3:cad>
          </ns3:TrackPointExtension>
        </extensions>
      </trkpt>
      <trkpt lat="35.9712298214435577392578125" lon="-81.10639647580683231353759765625">
        <ele>482.600006103515625</ele>
        <time>2026-03-30T13:11:28.000Z</time>
        <extensions>
          <ns3:TrackPointExtension>
            <ns3:hr>117</ns3:hr>
            <ns3:cad>0</ns3:cad>
          </ns3:TrackPointExtension>
        </extensions>
      </trkpt>
      <trkpt lat="35.97123610787093639373779296875" lon="-81.106430254876613616943359375">
        <ele>482.600006103515625</ele>
        <time>2026-03-30T13:11:37.000Z</time>
        <extensions>
          <ns3:TrackPointExtension>
            <ns3:hr>119</ns3:hr>
            <ns3:cad>0</ns3:cad>
          </ns3:TrackPointExtension>
        </extensions>
      </trkpt>
      <trkpt lat="35.97124784253537654876708984375" lon="-81.10644928179681301116943359375">
        <ele>483.20001220703125</ele>
        <time>2026-03-30T13:11:45.000Z</time>
        <extensions>
          <ns3:TrackPointExtension>
            <ns3:hr>120</ns3:hr>
            <ns3:cad>0</ns3:cad>
          </ns3:TrackPointExtension>
        </extensions>
      </trkpt>
      <trkpt lat="35.97124180756509304046630859375" lon="-81.10641676001250743865966796875">
        <ele>483.20001220703125</ele>
        <time>2026-03-30T13:11:54.000Z</time>
        <extensions>
          <ns3:TrackPointExtension>
            <ns3:hr>120</ns3:hr>
            <ns3:cad>0</ns3:cad>
          </ns3:TrackPointExtension>
        </extensions>
      </trkpt>
      <trkpt lat="35.97126594744622707366943359375" lon="-81.10638289712369441986083984375">
        <ele>482.600006103515625</ele>
        <time>2026-03-30T13:12:02.000Z</time>
        <extensions>
          <ns3:TrackPointExtension>
            <ns3:hr>123</ns3:hr>
            <ns3:cad>0</ns3:cad>
          </ns3:TrackPointExtension>
        </extensions>
      </trkpt>
      <trkpt lat="35.9712712280452251434326171875" lon="-81.1063801310956478118896484375">
        <ele>482.79998779296875</ele>
        <time>2026-03-30T13:12:03.000Z</time>
        <extensions>
          <ns3:TrackPointExtension>
            <ns3:hr>127</ns3:hr>
            <ns3:cad>0</ns3:cad>
          </ns3:TrackPointExtension>
        </extensions>
      </trkpt>
      <trkpt lat="35.97127667628228664398193359375" lon="-81.1063751019537448883056640625">
        <ele>483</ele>
        <time>2026-03-30T13:12:06.000Z</time>
        <extensions>
          <ns3:TrackPointExtension>
            <ns3:hr>130</ns3:hr>
            <ns3:cad>0</ns3:cad>
          </ns3:TrackPointExtension>
        </extensions>
      </trkpt>
      <trkpt lat="35.971278436481952667236328125" lon="-81.106376945972442626953125">
        <ele>483.20001220703125</ele>
        <time>2026-03-30T13:12:10.000Z</time>
        <extensions>
          <ns3:TrackPointExtension>
            <ns3:hr>130</ns3:hr>
            <ns3:cad>0</ns3:cad>
          </ns3:TrackPointExtension>
        </extensions>
      </trkpt>
      <trkpt lat="35.97125655971467494964599609375" lon="-81.10638038255274295806884765625">
        <ele>482.600006103515625</ele>
        <time>2026-03-30T13:12:17.000Z</time>
        <extensions>
          <ns3:TrackPointExtension>
            <ns3:hr>130</ns3:hr>
            <ns3:cad>0</ns3:cad>
          </ns3:TrackPointExtension>
        </extensions>
      </trkpt>
      <trkpt lat="35.97125588916242122650146484375" lon="-81.10636713914573192596435546875">
        <ele>481.79998779296875</ele>
        <time>2026-03-30T13:12:20.000Z</time>
        <extensions>
          <ns3:TrackPointExtension>
            <ns3:hr>132</ns3:hr>
            <ns3:cad>50</ns3:cad>
          </ns3:TrackPointExtension>
        </extensions>
      </trkpt>
      <trkpt lat="35.97126728855073451995849609375" lon="-81.10635037533938884735107421875">
        <ele>481.399993896484375</ele>
        <time>2026-03-30T13:12:25.000Z</time>
        <extensions>
          <ns3:TrackPointExtension>
            <ns3:hr>128</ns3:hr>
            <ns3:cad>0</ns3:cad>
          </ns3:TrackPointExtension>
        </extensions>
      </trkpt>
      <trkpt lat="35.9712755866348743438720703125" lon="-81.10634501092135906219482421875">
        <ele>481.20001220703125</ele>
        <time>2026-03-30T13:12:27.000Z</time>
        <extensions>
          <ns3:TrackPointExtension>
            <ns3:hr>127</ns3:hr>
            <ns3:cad>0</ns3:cad>
          </ns3:TrackPointExtension>
        </extensions>
      </trkpt>
      <trkpt lat="35.97129218280315399169921875" lon="-81.1062989942729473114013671875">
        <ele>481</ele>
        <time>2026-03-30T13:12:35.000Z</time>
        <extensions>
          <ns3:TrackPointExtension>
            <ns3:hr>127</ns3:hr>
            <ns3:cad>0</ns3:cad>
          </ns3:TrackPointExtension>
        </extensions>
      </trkpt>
      <trkpt lat="35.97129008732736110687255859375" lon="-81.10628818161785602569580078125">
        <ele>480.79998779296875</ele>
        <time>2026-03-30T13:12:38.000Z</time>
        <extensions>
          <ns3:TrackPointExtension>
            <ns3:hr>127</ns3:hr>
            <ns3:cad>0</ns3:cad>
          </ns3:TrackPointExtension>
        </extensions>
      </trkpt>
      <trkpt lat="35.9713047556579113006591796875" lon="-81.106273345649242401123046875">
        <ele>480.399993896484375</ele>
        <time>2026-03-30T13:12:41.000Z</time>
        <extensions>
          <ns3:TrackPointExtension>
            <ns3:hr>126</ns3:hr>
            <ns3:cad>0</ns3:cad>
          </ns3:TrackPointExtension>
        </extensions>
      </trkpt>
      <trkpt lat="35.97132168710231781005859375" lon="-81.106257252395153045654296875">
        <ele>480.79998779296875</ele>
        <time>2026-03-30T13:12:50.000Z</time>
        <extensions>
          <ns3:TrackPointExtension>
            <ns3:hr>124</ns3:hr>
            <ns3:cad>0</ns3:cad>
          </ns3:TrackPointExtension>
        </extensions>
      </trkpt>
      <trkpt lat="35.97134356386959552764892578125" lon="-81.1062549054622650146484375">
        <ele>481.600006103515625</ele>
        <time>2026-03-30T13:12:56.000Z</time>
        <extensions>
          <ns3:TrackPointExtension>
            <ns3:hr>124</ns3:hr>
            <ns3:cad>79</ns3:cad>
          </ns3:TrackPointExtension>
        </extensions>
      </trkpt>
      <trkpt lat="35.97134859301149845123291015625" lon="-81.1062597669661045074462890625">
        <ele>482</ele>
        <time>2026-03-30T13:12:58.000Z</time>
        <extensions>
          <ns3:TrackPointExtension>
            <ns3:hr>124</ns3:hr>
            <ns3:cad>76</ns3:cad>
          </ns3:TrackPointExtension>
        </extensions>
      </trkpt>
      <trkpt lat="35.9713788516819477081298828125" lon="-81.10624526627361774444580078125">
        <ele>483</ele>
        <time>2026-03-30T13:13:04.000Z</time>
        <extensions>
          <ns3:TrackPointExtension>
            <ns3:hr>125</ns3:hr>
            <ns3:cad>0</ns3:cad>
          </ns3:TrackPointExtension>
        </extensions>
      </trkpt>
      <trkpt lat="35.97138698212802410125732421875" lon="-81.10624157823622226715087890625">
        <ele>483.399993896484375</ele>
        <time>2026-03-30T13:13:11.000Z</time>
        <extensions>
          <ns3:TrackPointExtension>
            <ns3:hr>128</ns3:hr>
            <ns3:cad>0</ns3:cad>
          </ns3:TrackPointExtension>
        </extensions>
      </trkpt>
      <trkpt lat="35.97140341065824031829833984375" lon="-81.1062446795403957366943359375">
        <ele>483.600006103515625</ele>
        <time>2026-03-30T13:13:13.000Z</time>
        <extensions>
          <ns3:TrackPointExtension>
            <ns3:hr>130</ns3:hr>
            <ns3:cad>0</ns3:cad>
          </ns3:TrackPointExtension>
        </extensions>
      </trkpt>
      <trkpt lat="35.9714039973914623260498046875" lon="-81.10624593682587146759033203125">
        <ele>483.79998779296875</ele>
        <time>2026-03-30T13:13:16.000Z</time>
        <extensions>
          <ns3:TrackPointExtension>
            <ns3:hr>133</ns3:hr>
            <ns3:cad>0</ns3:cad>
          </ns3:TrackPointExtension>
        </extensions>
      </trkpt>
      <trkpt lat="35.97140324302017688751220703125" lon="-81.10624996013939380645751953125">
        <ele>484</ele>
        <time>2026-03-30T13:13:18.000Z</time>
        <extensions>
          <ns3:TrackPointExtension>
            <ns3:hr>132</ns3:hr>
            <ns3:cad>0</ns3:cad>
          </ns3:TrackPointExtension>
        </extensions>
      </trkpt>
      <trkpt lat="35.97141330130398273468017578125" lon="-81.1062557436525821685791015625">
        <ele>484.399993896484375</ele>
        <time>2026-03-30T13:13:21.000Z</time>
        <extensions>
          <ns3:TrackPointExtension>
            <ns3:hr>132</ns3:hr>
            <ns3:cad>0</ns3:cad>
          </ns3:TrackPointExtension>
        </extensions>
      </trkpt>
      <trkpt lat="35.9714392013847827911376953125" lon="-81.1062523908913135528564453125">
        <ele>484.79998779296875</ele>
        <time>2026-03-30T13:13:29.000Z</time>
        <extensions>
          <ns3:TrackPointExtension>
            <ns3:hr>133</ns3:hr>
            <ns3:cad>0</ns3:cad>
          </ns3:TrackPointExtension>
        </extensions>
      </trkpt>
      <trkpt lat="35.9714254550635814666748046875" lon="-81.10625297762453556060791015625">
        <ele>484.600006103515625</ele>
        <time>2026-03-30T13:13:39.000Z</time>
        <extensions>
          <ns3:TrackPointExtension>
            <ns3:hr>126</ns3:hr>
            <ns3:cad>0</ns3:cad>
          </ns3:TrackPointExtension>
        </extensions>
      </trkpt>
      <trkpt lat="35.9714006446301937103271484375" lon="-81.10625565983355045318603515625">
        <ele>485</ele>
        <time>2026-03-30T13:13:43.000Z</time>
        <extensions>
          <ns3:TrackPointExtension>
            <ns3:hr>125</ns3:hr>
            <ns3:cad>0</ns3:cad>
          </ns3:TrackPointExtension>
        </extensions>
      </trkpt>
      <trkpt lat="35.97139921970665454864501953125" lon="-81.10626898705959320068359375">
        <ele>485.399993896484375</ele>
        <time>2026-03-30T13:13:49.000Z</time>
        <extensions>
          <ns3:TrackPointExtension>
            <ns3:hr>126</ns3:hr>
            <ns3:cad>0</ns3:cad>
          </ns3:TrackPointExtension>
        </extensions>
      </trkpt>
      <trkpt lat="35.97140173427760601043701171875" lon="-81.10632053576409816741943359375">
        <ele>486.20001220703125</ele>
        <time>2026-03-30T13:13:56.000Z</time>
        <extensions>
          <ns3:TrackPointExtension>
            <ns3:hr>126</ns3:hr>
            <ns3:cad>0</ns3:cad>
          </ns3:TrackPointExtension>
        </extensions>
      </trkpt>
      <trkpt lat="35.9714014828205108642578125" lon="-81.10632372088730335235595703125">
        <ele>486.399993896484375</ele>
        <time>2026-03-30T13:13:57.000Z</time>
        <extensions>
          <ns3:TrackPointExtension>
            <ns3:hr>128</ns3:hr>
            <ns3:cad>0</ns3:cad>
          </ns3:TrackPointExtension>
        </extensions>
      </trkpt>
      <trkpt lat="35.9713993035256862640380859375" lon="-81.10632422380149364471435546875">
        <ele>486.399993896484375</ele>
        <time>2026-03-30T13:13:58.000Z</time>
        <extensions>
          <ns3:TrackPointExtension>
            <ns3:hr>131</ns3:hr>
            <ns3:cad>0</ns3:cad>
          </ns3:TrackPointExtension>
        </extensions>
      </trkpt>
      <trkpt lat="35.9714013151824474334716796875" lon="-81.106344424188137054443359375">
        <ele>486.79998779296875</ele>
        <time>2026-03-30T13:14:04.000Z</time>
        <extensions>
          <ns3:TrackPointExtension>
            <ns3:hr>132</ns3:hr>
            <ns3:cad>0</ns3:cad>
          </ns3:TrackPointExtension>
        </extensions>
      </trkpt>
      <trkpt lat="35.97140961326658725738525390625" lon="-81.10634786076843738555908203125">
        <ele>487.20001220703125</ele>
        <time>2026-03-30T13:14:08.000Z</time>
        <extensions>
          <ns3:TrackPointExtension>
            <ns3:hr>134</ns3:hr>
            <ns3:cad>0</ns3:cad>
          </ns3:TrackPointExtension>
        </extensions>
      </trkpt>
      <trkpt lat="35.97140877507627010345458984375" lon="-81.10635280609130859375">
        <ele>487.79998779296875</ele>
        <time>2026-03-30T13:14:11.000Z</time>
        <extensions>
          <ns3:TrackPointExtension>
            <ns3:hr>135</ns3:hr>
            <ns3:cad>0</ns3:cad>
          </ns3:TrackPointExtension>
        </extensions>
      </trkpt>
      <trkpt lat="35.97141581587493419647216796875" lon="-81.10637015663087368011474609375">
        <ele>488.399993896484375</ele>
        <time>2026-03-30T13:14:14.000Z</time>
        <extensions>
          <ns3:TrackPointExtension>
            <ns3:hr>136</ns3:hr>
            <ns3:cad>0</ns3:cad>
          </ns3:TrackPointExtension>
        </extensions>
      </trkpt>
      <trkpt lat="35.97143274731934070587158203125" lon="-81.106390021741390228271484375">
        <ele>489.20001220703125</ele>
        <time>2026-03-30T13:14:18.000Z</time>
        <extensions>
          <ns3:TrackPointExtension>
            <ns3:hr>134</ns3:hr>
            <ns3:cad>66</ns3:cad>
          </ns3:TrackPointExtension>
        </extensions>
      </trkpt>
      <trkpt lat="35.9714422188699245452880859375" lon="-81.10638977028429508209228515625">
        <ele>489.399993896484375</ele>
        <time>2026-03-30T13:14:20.000Z</time>
        <extensions>
          <ns3:TrackPointExtension>
            <ns3:hr>134</ns3:hr>
            <ns3:cad>66</ns3:cad>
          </ns3:TrackPointExtension>
        </extensions>
      </trkpt>
      <trkpt lat="35.97145822830498218536376953125" lon="-81.106381975114345550537109375">
        <ele>489.79998779296875</ele>
        <time>2026-03-30T13:14:24.000Z</time>
        <extensions>
          <ns3:TrackPointExtension>
            <ns3:hr>137</ns3:hr>
            <ns3:cad>0</ns3:cad>
          </ns3:TrackPointExtension>
        </extensions>
      </trkpt>
      <trkpt lat="35.97147365100681781768798828125" lon="-81.106386668980121612548828125">
        <ele>490.600006103515625</ele>
        <time>2026-03-30T13:14:29.000Z</time>
        <extensions>
          <ns3:TrackPointExtension>
            <ns3:hr>142</ns3:hr>
            <ns3:cad>0</ns3:cad>
          </ns3:TrackPointExtension>
        </extensions>
      </trkpt>
      <trkpt lat="35.97147784195840358734130859375" lon="-81.10639815218746662139892578125">
        <ele>491.399993896484375</ele>
        <time>2026-03-30T13:14:32.000Z</time>
        <extensions>
          <ns3:TrackPointExtension>
            <ns3:hr>143</ns3:hr>
            <ns3:cad>75</ns3:cad>
          </ns3:TrackPointExtension>
        </extensions>
      </trkpt>
      <trkpt lat="35.97147918306291103363037109375" lon="-81.10640184022486209869384765625">
        <ele>491.600006103515625</ele>
        <time>2026-03-30T13:14:33.000Z</time>
        <extensions>
          <ns3:TrackPointExtension>
            <ns3:hr>143</ns3:hr>
            <ns3:cad>75</ns3:cad>
          </ns3:TrackPointExtension>
        </extensions>
      </trkpt>
      <trkpt lat="35.97146325744688510894775390625" lon="-81.10642983578145503997802734375">
        <ele>492.600006103515625</ele>
        <time>2026-03-30T13:14:40.000Z</time>
        <extensions>
          <ns3:TrackPointExtension>
            <ns3:hr>146</ns3:hr>
            <ns3:cad>65</ns3:cad>
          </ns3:TrackPointExtension>
        </extensions>
      </trkpt>
      <trkpt lat="35.97146208398044109344482421875" lon="-81.10643905587494373321533203125">
        <ele>492.79998779296875</ele>
        <time>2026-03-30T13:14:41.000Z</time>
        <extensions>
          <ns3:TrackPointExtension>
            <ns3:hr>147</ns3:hr>
            <ns3:cad>65</ns3:cad>
          </ns3:TrackPointExtension>
        </extensions>
      </trkpt>
      <trkpt lat="35.971476249396800994873046875" lon="-81.1064679734408855438232421875">
        <ele>494</ele>
        <time>2026-03-30T13:14:47.000Z</time>
        <extensions>
          <ns3:TrackPointExtension>
            <ns3:hr>146</ns3:hr>
            <ns3:cad>0</ns3:cad>
          </ns3:TrackPointExtension>
        </extensions>
      </trkpt>
      <trkpt lat="35.9714733995497226715087890625" lon="-81.1064646206796169281005859375">
        <ele>494</ele>
        <time>2026-03-30T13:14:48.000Z</time>
        <extensions>
          <ns3:TrackPointExtension>
            <ns3:hr>146</ns3:hr>
            <ns3:cad>0</ns3:cad>
          </ns3:TrackPointExtension>
        </extensions>
      </trkpt>
      <trkpt lat="35.97149695269763469696044921875" lon="-81.1064713262021541595458984375">
        <ele>494.600006103515625</ele>
        <time>2026-03-30T13:14:57.000Z</time>
        <extensions>
          <ns3:TrackPointExtension>
            <ns3:hr>146</ns3:hr>
            <ns3:cad>0</ns3:cad>
          </ns3:TrackPointExtension>
        </extensions>
      </trkpt>
      <trkpt lat="35.9715089388191699981689453125" lon="-81.10647794790565967559814453125">
        <ele>495</ele>
        <time>2026-03-30T13:14:59.000Z</time>
        <extensions>
          <ns3:TrackPointExtension>
            <ns3:hr>146</ns3:hr>
            <ns3:cad>0</ns3:cad>
          </ns3:TrackPointExtension>
        </extensions>
      </trkpt>
      <trkpt lat="35.97152478061616420745849609375" lon="-81.1064870841801166534423828125">
        <ele>495.399993896484375</ele>
        <time>2026-03-30T13:15:03.000Z</time>
        <extensions>
          <ns3:TrackPointExtension>
            <ns3:hr>146</ns3:hr>
            <ns3:cad>0</ns3:cad>
          </ns3:TrackPointExtension>
        </extensions>
      </trkpt>
      <trkpt lat="35.97156233154237270355224609375" lon="-81.10648088157176971435546875">
        <ele>496</ele>
        <time>2026-03-30T13:15:10.000Z</time>
        <extensions>
          <ns3:TrackPointExtension>
            <ns3:hr>147</ns3:hr>
            <ns3:cad>0</ns3:cad>
          </ns3:TrackPointExtension>
        </extensions>
      </trkpt>
      <trkpt lat="35.97158043645322322845458984375" lon="-81.1064936220645904541015625">
        <ele>496.399993896484375</ele>
        <time>2026-03-30T13:15:19.000Z</time>
        <extensions>
          <ns3:TrackPointExtension>
            <ns3:hr>147</ns3:hr>
            <ns3:cad>60</ns3:cad>
          </ns3:TrackPointExtension>
        </extensions>
      </trkpt>
      <trkpt lat="35.97159351222217082977294921875" lon="-81.10650795511901378631591796875">
        <ele>497.20001220703125</ele>
        <time>2026-03-30T13:15:22.000Z</time>
        <extensions>
          <ns3:TrackPointExtension>
            <ns3:hr>147</ns3:hr>
            <ns3:cad>60</ns3:cad>
          </ns3:TrackPointExtension>
        </extensions>
      </trkpt>
      <trkpt lat="35.971579514443874359130859375" lon="-81.1065296642482280731201171875">
        <ele>498</ele>
        <time>2026-03-30T13:15:28.000Z</time>
        <extensions>
          <ns3:TrackPointExtension>
            <ns3:hr>145</ns3:hr>
            <ns3:cad>0</ns3:cad>
          </ns3:TrackPointExtension>
        </extensions>
      </trkpt>
      <trkpt lat="35.97158077172935009002685546875" lon="-81.1065333522856235504150390625">
        <ele>498.20001220703125</ele>
        <time>2026-03-30T13:15:29.000Z</time>
        <extensions>
          <ns3:TrackPointExtension>
            <ns3:hr>143</ns3:hr>
            <ns3:cad>0</ns3:cad>
          </ns3:TrackPointExtension>
        </extensions>
      </trkpt>
      <trkpt lat="35.97160289995372295379638671875" lon="-81.1065517924726009368896484375">
        <ele>499</ele>
        <time>2026-03-30T13:15:36.000Z</time>
        <extensions>
          <ns3:TrackPointExtension>
            <ns3:hr>143</ns3:hr>
            <ns3:cad>0</ns3:cad>
          </ns3:TrackPointExtension>
        </extensions>
      </trkpt>
      <trkpt lat="35.97162033431231975555419921875" lon="-81.10652052797377109527587890625">
        <ele>499</ele>
        <time>2026-03-30T13:15:41.000Z</time>
        <extensions>
          <ns3:TrackPointExtension>
            <ns3:hr>140</ns3:hr>
            <ns3:cad>0</ns3:cad>
          </ns3:TrackPointExtension>
        </extensions>
      </trkpt>
      <trkpt lat="35.97163072787225246429443359375" lon="-81.10651248134672641754150390625">
        <ele>499.20001220703125</ele>
        <time>2026-03-30T13:15:43.000Z</time>
        <extensions>
          <ns3:TrackPointExtension>
            <ns3:hr>139</ns3:hr>
            <ns3:cad>0</ns3:cad>
          </ns3:TrackPointExtension>
        </extensions>
      </trkpt>
      <trkpt lat="35.9716356731951236724853515625" lon="-81.10650862567126750946044921875">
        <ele>499.20001220703125</ele>
        <time>2026-03-30T13:15:44.000Z</time>
        <extensions>
          <ns3:TrackPointExtension>
            <ns3:hr>139</ns3:hr>
            <ns3:cad>0</ns3:cad>
          </ns3:TrackPointExtension>
        </extensions>
      </trkpt>
      <trkpt lat="35.971662998199462890625" lon="-81.1065172590315341949462890625">
        <ele>500.20001220703125</ele>
        <time>2026-03-30T13:15:51.000Z</time>
        <extensions>
          <ns3:TrackPointExtension>
            <ns3:hr>141</ns3:hr>
            <ns3:cad>0</ns3:cad>
          </ns3:TrackPointExtension>
        </extensions>
      </trkpt>
      <trkpt lat="35.97167682833969593048095703125" lon="-81.10656805336475372314453125">
        <ele>501.399993896484375</ele>
        <time>2026-03-30T13:15:59.000Z</time>
        <extensions>
          <ns3:TrackPointExtension>
            <ns3:hr>143</ns3:hr>
            <ns3:cad>79</ns3:cad>
          </ns3:TrackPointExtension>
        </extensions>
      </trkpt>
      <trkpt lat="35.971676409244537353515625" lon="-81.10657232813537120819091796875">
        <ele>501.600006103515625</ele>
        <time>2026-03-30T13:16:00.000Z</time>
        <extensions>
          <ns3:TrackPointExtension>
            <ns3:hr>143</ns3:hr>
            <ns3:cad>79</ns3:cad>
          </ns3:TrackPointExtension>
        </extensions>
      </trkpt>
      <trkpt lat="35.971675403416156768798828125" lon="-81.1066131480038166046142578125">
        <ele>502.399993896484375</ele>
        <time>2026-03-30T13:16:06.000Z</time>
        <extensions>
          <ns3:TrackPointExtension>
            <ns3:hr>143</ns3:hr>
            <ns3:cad>77</ns3:cad>
          </ns3:TrackPointExtension>
        </extensions>
      </trkpt>
      <trkpt lat="35.97167112864553928375244140625" lon="-81.1066356115043163299560546875">
        <ele>502.600006103515625</ele>
        <time>2026-03-30T13:16:08.000Z</time>
        <extensions>
          <ns3:TrackPointExtension>
            <ns3:hr>143</ns3:hr>
            <ns3:cad>77</ns3:cad>
          </ns3:TrackPointExtension>
        </extensions>
      </trkpt>
      <trkpt lat="35.97166609950363636016845703125" lon="-81.106670312583446502685546875">
        <ele>503.399993896484375</ele>
        <time>2026-03-30T13:16:12.000Z</time>
        <extensions>
          <ns3:TrackPointExtension>
            <ns3:hr>144</ns3:hr>
            <ns3:cad>76</ns3:cad>
          </ns3:TrackPointExtension>
        </extensions>
      </trkpt>
      <trkpt lat="35.97166392020881175994873046875" lon="-81.10666670836508274078369140625">
        <ele>503.399993896484375</ele>
        <time>2026-03-30T13:16:15.000Z</time>
        <extensions>
          <ns3:TrackPointExtension>
            <ns3:hr>144</ns3:hr>
            <ns3:cad>0</ns3:cad>
          </ns3:TrackPointExtension>
        </extensions>
      </trkpt>
      <trkpt lat="35.97170968540012836456298828125" lon="-81.10661767423152923583984375">
        <ele>503.600006103515625</ele>
        <time>2026-03-30T13:16:21.000Z</time>
        <extensions>
          <ns3:TrackPointExtension>
            <ns3:hr>146</ns3:hr>
            <ns3:cad>42</ns3:cad>
          </ns3:TrackPointExtension>
        </extensions>
      </trkpt>
      <trkpt lat="35.97173935733735561370849609375" lon="-81.106609962880611419677734375">
        <ele>504</ele>
        <time>2026-03-30T13:16:24.000Z</time>
        <extensions>
          <ns3:TrackPointExtension>
            <ns3:hr>145</ns3:hr>
            <ns3:cad>42</ns3:cad>
          </ns3:TrackPointExtension>
        </extensions>
      </trkpt>
      <trkpt lat="35.971741117537021636962890625" lon="-81.10662982799112796783447265625">
        <ele>504.20001220703125</ele>
        <time>2026-03-30T13:16:26.000Z</time>
        <extensions>
          <ns3:TrackPointExtension>
            <ns3:hr>145</ns3:hr>
            <ns3:cad>45</ns3:cad>
          </ns3:TrackPointExtension>
        </extensions>
      </trkpt>
      <trkpt lat="35.9717459790408611297607421875" lon="-81.106644161045551300048828125">
        <ele>504.399993896484375</ele>
        <time>2026-03-30T13:16:28.000Z</time>
        <extensions>
          <ns3:TrackPointExtension>
            <ns3:hr>143</ns3:hr>
            <ns3:cad>45</ns3:cad>
          </ns3:TrackPointExtension>
        </extensions>
      </trkpt>
      <trkpt lat="35.97174857743084430694580078125" lon="-81.10666620545089244842529296875">
        <ele>505.399993896484375</ele>
        <time>2026-03-30T13:16:34.000Z</time>
        <extensions>
          <ns3:TrackPointExtension>
            <ns3:hr>141</ns3:hr>
            <ns3:cad>45</ns3:cad>
          </ns3:TrackPointExtension>
        </extensions>
      </trkpt>
      <trkpt lat="35.97174924798309803009033203125" lon="-81.10666570253670215606689453125">
        <ele>505.600006103515625</ele>
        <time>2026-03-30T13:16:35.000Z</time>
        <extensions>
          <ns3:TrackPointExtension>
            <ns3:hr>140</ns3:hr>
            <ns3:cad>0</ns3:cad>
          </ns3:TrackPointExtension>
        </extensions>
      </trkpt>
      <trkpt lat="35.9717728011310100555419921875" lon="-81.10665648244321346282958984375">
        <ele>505.79998779296875</ele>
        <time>2026-03-30T13:16:42.000Z</time>
        <extensions>
          <ns3:TrackPointExtension>
            <ns3:hr>139</ns3:hr>
            <ns3:cad>0</ns3:cad>
          </ns3:TrackPointExtension>
        </extensions>
      </trkpt>
      <trkpt lat="35.97178034484386444091796875" lon="-81.10668095760047435760498046875">
        <ele>506.600006103515625</ele>
        <time>2026-03-30T13:16:46.000Z</time>
        <extensions>
          <ns3:TrackPointExtension>
            <ns3:hr>139</ns3:hr>
            <ns3:cad>0</ns3:cad>
          </ns3:TrackPointExtension>
        </extensions>
      </trkpt>
      <trkpt lat="35.971776656806468963623046875" lon="-81.10669009387493133544921875">
        <ele>507.20001220703125</ele>
        <time>2026-03-30T13:16:49.000Z</time>
        <extensions>
          <ns3:TrackPointExtension>
            <ns3:hr>139</ns3:hr>
            <ns3:cad>72</ns3:cad>
          </ns3:TrackPointExtension>
        </extensions>
      </trkpt>
      <trkpt lat="35.97182518802583217620849609375" lon="-81.10666486434638500213623046875">
        <ele>507.600006103515625</ele>
        <time>2026-03-30T13:16:56.000Z</time>
        <extensions>
          <ns3:TrackPointExtension>
            <ns3:hr>138</ns3:hr>
            <ns3:cad>0</ns3:cad>
          </ns3:TrackPointExtension>
        </extensions>
      </trkpt>
      <trkpt lat="35.97187598235905170440673828125" lon="-81.10665522515773773193359375">
        <ele>508.600006103515625</ele>
        <time>2026-03-30T13:17:02.000Z</time>
        <extensions>
          <ns3:TrackPointExtension>
            <ns3:hr>140</ns3:hr>
            <ns3:cad>41</ns3:cad>
          </ns3:TrackPointExtension>
        </extensions>
      </trkpt>
      <trkpt lat="35.9718817658722400665283203125" lon="-81.10665564425289630889892578125">
        <ele>508.79998779296875</ele>
        <time>2026-03-30T13:17:03.000Z</time>
        <extensions>
          <ns3:TrackPointExtension>
            <ns3:hr>140</ns3:hr>
            <ns3:cad>76</ns3:cad>
          </ns3:TrackPointExtension>
        </extensions>
      </trkpt>
      <trkpt lat="35.9718807600438594818115234375" lon="-81.1066465079784393310546875">
        <ele>509.600006103515625</ele>
        <time>2026-03-30T13:17:09.000Z</time>
        <extensions>
          <ns3:TrackPointExtension>
            <ns3:hr>139</ns3:hr>
            <ns3:cad>0</ns3:cad>
          </ns3:TrackPointExtension>
        </extensions>
      </trkpt>
      <trkpt lat="35.971898697316646575927734375" lon="-81.10668296925723552703857421875">
        <ele>510</ele>
        <time>2026-03-30T13:17:14.000Z</time>
        <extensions>
          <ns3:TrackPointExtension>
            <ns3:hr>138</ns3:hr>
            <ns3:cad>0</ns3:cad>
          </ns3:TrackPointExtension>
        </extensions>
      </trkpt>
      <trkpt lat="35.97189978696405887603759765625" lon="-81.10672370530664920806884765625">
        <ele>510.79998779296875</ele>
        <time>2026-03-30T13:17:20.000Z</time>
        <extensions>
          <ns3:TrackPointExtension>
            <ns3:hr>140</ns3:hr>
            <ns3:cad>0</ns3:cad>
          </ns3:TrackPointExtension>
        </extensions>
      </trkpt>
      <trkpt lat="35.971896685659885406494140625" lon="-81.10674533061683177947998046875">
        <ele>511</ele>
        <time>2026-03-30T13:17:24.000Z</time>
        <extensions>
          <ns3:TrackPointExtension>
            <ns3:hr>140</ns3:hr>
            <ns3:cad>0</ns3:cad>
          </ns3:TrackPointExtension>
        </extensions>
      </trkpt>
      <trkpt lat="35.97188226878643035888671875" lon="-81.10675639472901821136474609375">
        <ele>511.399993896484375</ele>
        <time>2026-03-30T13:17:27.000Z</time>
        <extensions>
          <ns3:TrackPointExtension>
            <ns3:hr>139</ns3:hr>
            <ns3:cad>64</ns3:cad>
          </ns3:TrackPointExtension>
        </extensions>
      </trkpt>
      <trkpt lat="35.97185385413467884063720703125" lon="-81.1067926883697509765625">
        <ele>511.20001220703125</ele>
        <time>2026-03-30T13:17:34.000Z</time>
        <extensions>
          <ns3:TrackPointExtension>
            <ns3:hr>140</ns3:hr>
            <ns3:cad>0</ns3:cad>
          </ns3:TrackPointExtension>
        </extensions>
      </trkpt>
      <trkpt lat="35.971845053136348724365234375" lon="-81.106840632855892181396484375">
        <ele>511.399993896484375</ele>
        <time>2026-03-30T13:17:43.000Z</time>
        <extensions>
          <ns3:TrackPointExtension>
            <ns3:hr>140</ns3:hr>
            <ns3:cad>0</ns3:cad>
          </ns3:TrackPointExtension>
        </extensions>
      </trkpt>
      <trkpt lat="35.97181596793234348297119140625" lon="-81.1068082787096500396728515625">
        <ele>510.20001220703125</ele>
        <time>2026-03-30T13:17:51.000Z</time>
        <extensions>
          <ns3:TrackPointExtension>
            <ns3:hr>138</ns3:hr>
            <ns3:cad>53</ns3:cad>
          </ns3:TrackPointExtension>
        </extensions>
      </trkpt>
      <trkpt lat="35.9718160517513751983642578125" lon="-81.10679998062551021575927734375">
        <ele>510</ele>
        <time>2026-03-30T13:17:52.000Z</time>
        <extensions>
          <ns3:TrackPointExtension>
            <ns3:hr>136</ns3:hr>
            <ns3:cad>53</ns3:cad>
          </ns3:TrackPointExtension>
        </extensions>
      </trkpt>
      <trkpt lat="35.97179786302149295806884765625" lon="-81.10677332617342472076416015625">
        <ele>509.399993896484375</ele>
        <time>2026-03-30T13:17:56.000Z</time>
        <extensions>
          <ns3:TrackPointExtension>
            <ns3:hr>133</ns3:hr>
            <ns3:cad>55</ns3:cad>
          </ns3:TrackPointExtension>
        </extensions>
      </trkpt>
      <trkpt lat="35.9717915765941143035888671875" lon="-81.106770895421504974365234375">
        <ele>509.20001220703125</ele>
        <time>2026-03-30T13:17:57.000Z</time>
        <extensions>
          <ns3:TrackPointExtension>
            <ns3:hr>132</ns3:hr>
            <ns3:cad>55</ns3:cad>
          </ns3:TrackPointExtension>
        </extensions>
      </trkpt>
      <trkpt lat="35.97178076393902301788330078125" lon="-81.10676662065088748931884765625">
        <ele>508.79998779296875</ele>
        <time>2026-03-30T13:17:59.000Z</time>
        <extensions>
          <ns3:TrackPointExtension>
            <ns3:hr>131</ns3:hr>
            <ns3:cad>55</ns3:cad>
          </ns3:TrackPointExtension>
        </extensions>
      </trkpt>
      <trkpt lat="35.9717754833400249481201171875" lon="-81.10678304918110370635986328125">
        <ele>508.79998779296875</ele>
        <time>2026-03-30T13:18:05.000Z</time>
        <extensions>
          <ns3:TrackPointExtension>
            <ns3:hr>129</ns3:hr>
            <ns3:cad>0</ns3:cad>
          </ns3:TrackPointExtension>
        </extensions>
      </trkpt>
      <trkpt lat="35.97175243310630321502685546875" lon="-81.106806099414825439453125">
        <ele>508.79998779296875</ele>
        <time>2026-03-30T13:18:11.000Z</time>
        <extensions>
          <ns3:TrackPointExtension>
            <ns3:hr>127</ns3:hr>
            <ns3:cad>0</ns3:cad>
          </ns3:TrackPointExtension>
        </extensions>
      </trkpt>
      <trkpt lat="35.971739105880260467529296875" lon="-81.10680903308093547821044921875">
        <ele>508.600006103515625</ele>
        <time>2026-03-30T13:18:14.000Z</time>
        <extensions>
          <ns3:TrackPointExtension>
            <ns3:hr>124</ns3:hr>
            <ns3:cad>0</ns3:cad>
          </ns3:TrackPointExtension>
        </extensions>
      </trkpt>
      <trkpt lat="35.9717352502048015594482421875" lon="-81.106813810765743255615234375">
        <ele>508.399993896484375</ele>
        <time>2026-03-30T13:18:17.000Z</time>
        <extensions>
          <ns3:TrackPointExtension>
            <ns3:hr>121</ns3:hr>
            <ns3:cad>0</ns3:cad>
          </ns3:TrackPointExtension>
        </extensions>
      </trkpt>
      <trkpt lat="35.97174011170864105224609375" lon="-81.10681322403252124786376953125">
        <ele>508.399993896484375</ele>
        <time>2026-03-30T13:18:20.000Z</time>
        <extensions>
          <ns3:TrackPointExtension>
            <ns3:hr>119</ns3:hr>
            <ns3:cad>0</ns3:cad>
          </ns3:TrackPointExtension>
        </extensions>
      </trkpt>
      <trkpt lat="35.97174136899411678314208984375" lon="-81.1068101227283477783203125">
        <ele>508.20001220703125</ele>
        <time>2026-03-30T13:18:29.000Z</time>
        <extensions>
          <ns3:TrackPointExtension>
            <ns3:hr>121</ns3:hr>
            <ns3:cad>0</ns3:cad>
          </ns3:TrackPointExtension>
        </extensions>
      </trkpt>
      <trkpt lat="35.97170549444854259490966796875" lon="-81.10682261176407337188720703125">
        <ele>508.20001220703125</ele>
        <time>2026-03-30T13:18:37.000Z</time>
        <extensions>
          <ns3:TrackPointExtension>
            <ns3:hr>121</ns3:hr>
            <ns3:cad>0</ns3:cad>
          </ns3:TrackPointExtension>
        </extensions>
      </trkpt>
      <trkpt lat="35.9716832824051380157470703125" lon="-81.10686887986958026885986328125">
        <ele>508.399993896484375</ele>
        <time>2026-03-30T13:18:44.000Z</time>
        <extensions>
          <ns3:TrackPointExtension>
            <ns3:hr>119</ns3:hr>
            <ns3:cad>0</ns3:cad>
          </ns3:TrackPointExtension>
        </extensions>
      </trkpt>
      <trkpt lat="35.97167599014937877655029296875" lon="-81.10688027925789356231689453125">
        <ele>508.399993896484375</ele>
        <time>2026-03-30T13:18:47.000Z</time>
        <extensions>
          <ns3:TrackPointExtension>
            <ns3:hr>116</ns3:hr>
            <ns3:cad>0</ns3:cad>
          </ns3:TrackPointExtension>
        </extensions>
      </trkpt>
      <trkpt lat="35.9716670215129852294921875" lon="-81.1069135554134845733642578125">
        <ele>508.399993896484375</ele>
        <time>2026-03-30T13:18:51.000Z</time>
        <extensions>
          <ns3:TrackPointExtension>
            <ns3:hr>115</ns3:hr>
            <ns3:cad>0</ns3:cad>
          </ns3:TrackPointExtension>
        </extensions>
      </trkpt>
      <trkpt lat="35.97165905870497226715087890625" lon="-81.1069594882428646087646484375">
        <ele>508.79998779296875</ele>
        <time>2026-03-30T13:18:58.000Z</time>
        <extensions>
          <ns3:TrackPointExtension>
            <ns3:hr>115</ns3:hr>
            <ns3:cad>0</ns3:cad>
          </ns3:TrackPointExtension>
        </extensions>
      </trkpt>
      <trkpt lat="35.97166039980947971343994140625" lon="-81.106970719993114471435546875">
        <ele>509.399993896484375</ele>
        <time>2026-03-30T13:19:06.000Z</time>
        <extensions>
          <ns3:TrackPointExtension>
            <ns3:hr>114</ns3:hr>
            <ns3:cad>0</ns3:cad>
          </ns3:TrackPointExtension>
        </extensions>
      </trkpt>
      <trkpt lat="35.971685461699962615966796875" lon="-81.10702243633568286895751953125">
        <ele>509.79998779296875</ele>
        <time>2026-03-30T13:19:13.000Z</time>
        <extensions>
          <ns3:TrackPointExtension>
            <ns3:hr>118</ns3:hr>
            <ns3:cad>0</ns3:cad>
          </ns3:TrackPointExtension>
        </extensions>
      </trkpt>
      <trkpt lat="35.97168655134737491607666015625" lon="-81.1070300638675689697265625">
        <ele>510</ele>
        <time>2026-03-30T13:19:14.000Z</time>
        <extensions>
          <ns3:TrackPointExtension>
            <ns3:hr>120</ns3:hr>
            <ns3:cad>0</ns3:cad>
          </ns3:TrackPointExtension>
        </extensions>
      </trkpt>
      <trkpt lat="35.97168822772800922393798828125" lon="-81.10703953541815280914306640625">
        <ele>510.20001220703125</ele>
        <time>2026-03-30T13:19:15.000Z</time>
        <extensions>
          <ns3:TrackPointExtension>
            <ns3:hr>123</ns3:hr>
            <ns3:cad>0</ns3:cad>
          </ns3:TrackPointExtension>
        </extensions>
      </trkpt>
      <trkpt lat="35.97167548723518848419189453125" lon="-81.1070547066628932952880859375">
        <ele>510.399993896484375</ele>
        <time>2026-03-30T13:19:20.000Z</time>
        <extensions>
          <ns3:TrackPointExtension>
            <ns3:hr>120</ns3:hr>
            <ns3:cad>0</ns3:cad>
          </ns3:TrackPointExtension>
        </extensions>
      </trkpt>
      <trkpt lat="35.9716785885393619537353515625" lon="-81.10706769861280918121337890625">
        <ele>510.20001220703125</ele>
        <time>2026-03-30T13:19:24.000Z</time>
        <extensions>
          <ns3:TrackPointExtension>
            <ns3:hr>123</ns3:hr>
            <ns3:cad>0</ns3:cad>
          </ns3:TrackPointExtension>
        </extensions>
      </trkpt>
      <trkpt lat="35.971686132252216339111328125" lon="-81.10707591287791728973388671875">
        <ele>510.600006103515625</ele>
        <time>2026-03-30T13:19:26.000Z</time>
        <extensions>
          <ns3:TrackPointExtension>
            <ns3:hr>123</ns3:hr>
            <ns3:cad>0</ns3:cad>
          </ns3:TrackPointExtension>
        </extensions>
      </trkpt>
      <trkpt lat="35.971682779490947723388671875" lon="-81.10709032975137233734130859375">
        <ele>511</ele>
        <time>2026-03-30T13:19:30.000Z</time>
        <extensions>
          <ns3:TrackPointExtension>
            <ns3:hr>122</ns3:hr>
            <ns3:cad>76</ns3:cad>
          </ns3:TrackPointExtension>
        </extensions>
      </trkpt>
      <trkpt lat="35.97167699597775936126708984375" lon="-81.107106842100620269775390625">
        <ele>511.399993896484375</ele>
        <time>2026-03-30T13:19:33.000Z</time>
        <extensions>
          <ns3:TrackPointExtension>
            <ns3:hr>123</ns3:hr>
            <ns3:cad>68</ns3:cad>
          </ns3:TrackPointExtension>
        </extensions>
      </trkpt>
      <trkpt lat="35.97166643477976322174072265625" lon="-81.1071200855076313018798828125">
        <ele>511.20001220703125</ele>
        <time>2026-03-30T13:19:38.000Z</time>
        <extensions>
          <ns3:TrackPointExtension>
            <ns3:hr>123</ns3:hr>
            <ns3:cad>0</ns3:cad>
          </ns3:TrackPointExtension>
        </extensions>
      </trkpt>
      <trkpt lat="35.97166408784687519073486328125" lon="-81.10712838359177112579345703125">
        <ele>511.20001220703125</ele>
        <time>2026-03-30T13:19:40.000Z</time>
        <extensions>
          <ns3:TrackPointExtension>
            <ns3:hr>126</ns3:hr>
            <ns3:cad>0</ns3:cad>
          </ns3:TrackPointExtension>
        </extensions>
      </trkpt>
      <trkpt lat="35.9716762416064739227294921875" lon="-81.10710994340479373931884765625">
        <ele>511.20001220703125</ele>
        <time>2026-03-30T13:19:48.000Z</time>
        <extensions>
          <ns3:TrackPointExtension>
            <ns3:hr>127</ns3:hr>
            <ns3:cad>0</ns3:cad>
          </ns3:TrackPointExtension>
        </extensions>
      </trkpt>
      <trkpt lat="35.9717124514281749725341796875" lon="-81.10710809938609600067138671875">
        <ele>511.399993896484375</ele>
        <time>2026-03-30T13:19:55.000Z</time>
        <extensions>
          <ns3:TrackPointExtension>
            <ns3:hr>128</ns3:hr>
            <ns3:cad>0</ns3:cad>
          </ns3:TrackPointExtension>
        </extensions>
      </trkpt>
      <trkpt lat="35.97173449583351612091064453125" lon="-81.10712117515504360198974609375">
        <ele>512</ele>
        <time>2026-03-30T13:19:58.000Z</time>
        <extensions>
          <ns3:TrackPointExtension>
            <ns3:hr>127</ns3:hr>
            <ns3:cad>62</ns3:cad>
          </ns3:TrackPointExtension>
        </extensions>
      </trkpt>
      <trkpt lat="35.971755869686603546142578125" lon="-81.1071288026869297027587890625">
        <ele>512.79998779296875</ele>
        <time>2026-03-30T13:20:01.000Z</time>
        <extensions>
          <ns3:TrackPointExtension>
            <ns3:hr>123</ns3:hr>
            <ns3:cad>67</ns3:cad>
          </ns3:TrackPointExtension>
        </extensions>
      </trkpt>
      <trkpt lat="35.971755869686603546142578125" lon="-81.1071324907243251800537109375">
        <ele>513.20001220703125</ele>
        <time>2026-03-30T13:20:03.000Z</time>
        <extensions>
          <ns3:TrackPointExtension>
            <ns3:hr>120</ns3:hr>
            <ns3:cad>66</ns3:cad>
          </ns3:TrackPointExtension>
        </extensions>
      </trkpt>
      <trkpt lat="35.97175863571465015411376953125" lon="-81.10714179463684558868408203125">
        <ele>513.5999755859375</ele>
        <time>2026-03-30T13:20:09.000Z</time>
        <extensions>
          <ns3:TrackPointExtension>
            <ns3:hr>121</ns3:hr>
            <ns3:cad>0</ns3:cad>
          </ns3:TrackPointExtension>
        </extensions>
      </trkpt>
      <trkpt lat="35.9717734716832637786865234375" lon="-81.10714548267424106597900390625">
        <ele>514</ele>
        <time>2026-03-30T13:20:13.000Z</time>
        <extensions>
          <ns3:TrackPointExtension>
            <ns3:hr>124</ns3:hr>
            <ns3:cad>0</ns3:cad>
          </ns3:TrackPointExtension>
        </extensions>
      </trkpt>
      <trkpt lat="35.9717744775116443634033203125" lon="-81.1071505956351757049560546875">
        <ele>514.20001220703125</ele>
        <time>2026-03-30T13:20:14.000Z</time>
        <extensions>
          <ns3:TrackPointExtension>
            <ns3:hr>125</ns3:hr>
            <ns3:cad>0</ns3:cad>
          </ns3:TrackPointExtension>
        </extensions>
      </trkpt>
      <trkpt lat="35.97178495489060878753662109375" lon="-81.107170544564723968505859375">
        <ele>514.4000244140625</ele>
        <time>2026-03-30T13:20:17.000Z</time>
        <extensions>
          <ns3:TrackPointExtension>
            <ns3:hr>126</ns3:hr>
            <ns3:cad>0</ns3:cad>
          </ns3:TrackPointExtension>
        </extensions>
      </trkpt>
      <trkpt lat="35.9718194045126438140869140625" lon="-81.1071921698749065399169921875">
        <ele>515.20001220703125</ele>
        <time>2026-03-30T13:20:24.000Z</time>
        <extensions>
          <ns3:TrackPointExtension>
            <ns3:hr>124</ns3:hr>
            <ns3:cad>0</ns3:cad>
          </ns3:TrackPointExtension>
        </extensions>
      </trkpt>
      <trkpt lat="35.97181865014135837554931640625" lon="-81.10718538053333759307861328125">
        <ele>515.4000244140625</ele>
        <time>2026-03-30T13:20:25.000Z</time>
        <extensions>
          <ns3:TrackPointExtension>
            <ns3:hr>123</ns3:hr>
            <ns3:cad>0</ns3:cad>
          </ns3:TrackPointExtension>
        </extensions>
      </trkpt>
      <trkpt lat="35.9718190692365169525146484375" lon="-81.10718018375337123870849609375">
        <ele>515.4000244140625</ele>
        <time>2026-03-30T13:20:29.000Z</time>
        <extensions>
          <ns3:TrackPointExtension>
            <ns3:hr>126</ns3:hr>
            <ns3:cad>0</ns3:cad>
          </ns3:TrackPointExtension>
        </extensions>
      </trkpt>
      <trkpt lat="35.9718274511396884918212890625" lon="-81.1071811057627201080322265625">
        <ele>515.5999755859375</ele>
        <time>2026-03-30T13:20:30.000Z</time>
        <extensions>
          <ns3:TrackPointExtension>
            <ns3:hr>130</ns3:hr>
            <ns3:cad>0</ns3:cad>
          </ns3:TrackPointExtension>
        </extensions>
      </trkpt>
      <trkpt lat="35.97182988189160823822021484375" lon="-81.10717850737273693084716796875">
        <ele>515.5999755859375</ele>
        <time>2026-03-30T13:20:31.000Z</time>
        <extensions>
          <ns3:TrackPointExtension>
            <ns3:hr>130</ns3:hr>
            <ns3:cad>0</ns3:cad>
          </ns3:TrackPointExtension>
        </extensions>
      </trkpt>
      <trkpt lat="35.97183398902416229248046875" lon="-81.10717515461146831512451171875">
        <ele>516.20001220703125</ele>
        <time>2026-03-30T13:20:34.000Z</time>
        <extensions>
          <ns3:TrackPointExtension>
            <ns3:hr>130</ns3:hr>
            <ns3:cad>0</ns3:cad>
          </ns3:TrackPointExtension>
        </extensions>
      </trkpt>
      <trkpt lat="35.9718593023717403411865234375" lon="-81.10718538053333759307861328125">
        <ele>517.20001220703125</ele>
        <time>2026-03-30T13:20:40.000Z</time>
        <extensions>
          <ns3:TrackPointExtension>
            <ns3:hr>127</ns3:hr>
            <ns3:cad>0</ns3:cad>
          </ns3:TrackPointExtension>
        </extensions>
      </trkpt>
      <trkpt lat="35.97188855521380901336669921875" lon="-81.107197366654872894287109375">
        <ele>517.4000244140625</ele>
        <time>2026-03-30T13:20:44.000Z</time>
        <extensions>
          <ns3:TrackPointExtension>
            <ns3:hr>127</ns3:hr>
            <ns3:cad>0</ns3:cad>
          </ns3:TrackPointExtension>
        </extensions>
      </trkpt>
      <trkpt lat="35.97189945168793201446533203125" lon="-81.10720952041447162628173828125">
        <ele>518</ele>
        <time>2026-03-30T13:20:47.000Z</time>
        <extensions>
          <ns3:TrackPointExtension>
            <ns3:hr>128</ns3:hr>
            <ns3:cad>71</ns3:cad>
          </ns3:TrackPointExtension>
        </extensions>
      </trkpt>
      <trkpt lat="35.97189945168793201446533203125" lon="-81.10720717348158359527587890625">
        <ele>518.4000244140625</ele>
        <time>2026-03-30T13:20:50.000Z</time>
        <extensions>
          <ns3:TrackPointExtension>
            <ns3:hr>127</ns3:hr>
            <ns3:cad>0</ns3:cad>
          </ns3:TrackPointExtension>
        </extensions>
      </trkpt>
      <trkpt lat="35.97189408726990222930908203125" lon="-81.10719292424619197845458984375">
        <ele>518.4000244140625</ele>
        <time>2026-03-30T13:20:55.000Z</time>
        <extensions>
          <ns3:TrackPointExtension>
            <ns3:hr>124</ns3:hr>
            <ns3:cad>16</ns3:cad>
          </ns3:TrackPointExtension>
        </extensions>
      </trkpt>
      <trkpt lat="35.97190263681113719940185546875" lon="-81.10720717348158359527587890625">
        <ele>518.79998779296875</ele>
        <time>2026-03-30T13:20:59.000Z</time>
        <extensions>
          <ns3:TrackPointExtension>
            <ns3:hr>124</ns3:hr>
            <ns3:cad>0</ns3:cad>
          </ns3:TrackPointExtension>
        </extensions>
      </trkpt>
      <trkpt lat="35.971871875226497650146484375" lon="-81.10725495032966136932373046875">
        <ele>519.20001220703125</ele>
        <time>2026-03-30T13:21:07.000Z</time>
        <extensions>
          <ns3:TrackPointExtension>
            <ns3:hr>123</ns3:hr>
            <ns3:cad>0</ns3:cad>
          </ns3:TrackPointExtension>
        </extensions>
      </trkpt>
      <trkpt lat="35.97184740006923675537109375" lon="-81.10726400278508663177490234375">
        <ele>518.79998779296875</ele>
        <time>2026-03-30T13:21:15.000Z</time>
        <extensions>
          <ns3:TrackPointExtension>
            <ns3:hr>124</ns3:hr>
            <ns3:cad>53</ns3:cad>
          </ns3:TrackPointExtension>
        </extensions>
      </trkpt>
      <trkpt lat="35.97181211225688457489013671875" lon="-81.1072823591530323028564453125">
        <ele>518</ele>
        <time>2026-03-30T13:21:21.000Z</time>
        <extensions>
          <ns3:TrackPointExtension>
            <ns3:hr>124</ns3:hr>
            <ns3:cad>47</ns3:cad>
          </ns3:TrackPointExtension>
        </extensions>
      </trkpt>
      <trkpt lat="35.971823595464229583740234375" lon="-81.1072790063917636871337890625">
        <ele>518.4000244140625</ele>
        <time>2026-03-30T13:21:28.000Z</time>
        <extensions>
          <ns3:TrackPointExtension>
            <ns3:hr>125</ns3:hr>
            <ns3:cad>0</ns3:cad>
          </ns3:TrackPointExtension>
        </extensions>
      </trkpt>
      <trkpt lat="35.97187011502683162689208984375" lon="-81.10725738108158111572265625">
        <ele>518.20001220703125</ele>
        <time>2026-03-30T13:21:35.000Z</time>
        <extensions>
          <ns3:TrackPointExtension>
            <ns3:hr>123</ns3:hr>
            <ns3:cad>0</ns3:cad>
          </ns3:TrackPointExtension>
        </extensions>
      </trkpt>
      <trkpt lat="35.971878580749034881591796875" lon="-81.1072575487196445465087890625">
        <ele>518.4000244140625</ele>
        <time>2026-03-30T13:21:37.000Z</time>
        <extensions>
          <ns3:TrackPointExtension>
            <ns3:hr>120</ns3:hr>
            <ns3:cad>44</ns3:cad>
          </ns3:TrackPointExtension>
        </extensions>
      </trkpt>
      <trkpt lat="35.9718961827456951141357421875" lon="-81.107241623103618621826171875">
        <ele>519</ele>
        <time>2026-03-30T13:21:43.000Z</time>
        <extensions>
          <ns3:TrackPointExtension>
            <ns3:hr>118</ns3:hr>
            <ns3:cad>0</ns3:cad>
          </ns3:TrackPointExtension>
        </extensions>
      </trkpt>
      <trkpt lat="35.97191705368459224700927734375" lon="-81.1072230152785778045654296875">
        <ele>519.20001220703125</ele>
        <time>2026-03-30T13:21:47.000Z</time>
        <extensions>
          <ns3:TrackPointExtension>
            <ns3:hr>117</ns3:hr>
            <ns3:cad>0</ns3:cad>
          </ns3:TrackPointExtension>
        </extensions>
      </trkpt>
      <trkpt lat="35.97194370813667774200439453125" lon="-81.10720365308225154876708984375">
        <ele>519.4000244140625</ele>
        <time>2026-03-30T13:21:51.000Z</time>
        <extensions>
          <ns3:TrackPointExtension>
            <ns3:hr>117</ns3:hr>
            <ns3:cad>0</ns3:cad>
          </ns3:TrackPointExtension>
        </extensions>
      </trkpt>
      <trkpt lat="35.97196164540946483612060546875" lon="-81.10721421428024768829345703125">
        <ele>519.79998779296875</ele>
        <time>2026-03-30T13:21:54.000Z</time>
        <extensions>
          <ns3:TrackPointExtension>
            <ns3:hr>119</ns3:hr>
            <ns3:cad>75</ns3:cad>
          </ns3:TrackPointExtension>
        </extensions>
      </trkpt>
      <trkpt lat="35.97197153605520725250244140625" lon="-81.1072166450321674346923828125">
        <ele>520</ele>
        <time>2026-03-30T13:21:56.000Z</time>
        <extensions>
          <ns3:TrackPointExtension>
            <ns3:hr>122</ns3:hr>
            <ns3:cad>76</ns3:cad>
          </ns3:TrackPointExtension>
        </extensions>
      </trkpt>
      <trkpt lat="35.97198955714702606201171875" lon="-81.1072151362895965576171875">
        <ele>520.4000244140625</ele>
        <time>2026-03-30T13:21:59.000Z</time>
        <extensions>
          <ns3:TrackPointExtension>
            <ns3:hr>124</ns3:hr>
            <ns3:cad>0</ns3:cad>
          </ns3:TrackPointExtension>
        </extensions>
      </trkpt>
      <trkpt lat="35.972007326781749725341796875" lon="-81.10721253789961338043212890625">
        <ele>520.79998779296875</ele>
        <time>2026-03-30T13:22:01.000Z</time>
        <extensions>
          <ns3:TrackPointExtension>
            <ns3:hr>123</ns3:hr>
            <ns3:cad>74</ns3:cad>
          </ns3:TrackPointExtension>
        </extensions>
      </trkpt>
      <trkpt lat="35.97202635370194911956787109375" lon="-81.10719426535069942474365234375">
        <ele>521.20001220703125</ele>
        <time>2026-03-30T13:22:07.000Z</time>
        <extensions>
          <ns3:TrackPointExtension>
            <ns3:hr>122</ns3:hr>
            <ns3:cad>0</ns3:cad>
          </ns3:TrackPointExtension>
        </extensions>
      </trkpt>
      <trkpt lat="35.972062647342681884765625" lon="-81.10716174356639385223388671875">
        <ele>521.4000244140625</ele>
        <time>2026-03-30T13:22:13.000Z</time>
        <extensions>
          <ns3:TrackPointExtension>
            <ns3:hr>123</ns3:hr>
            <ns3:cad>0</ns3:cad>
          </ns3:TrackPointExtension>
        </extensions>
      </trkpt>
      <trkpt lat="35.9720789082348346710205078125" lon="-81.10714296810328960418701171875">
        <ele>521.4000244140625</ele>
        <time>2026-03-30T13:22:17.000Z</time>
        <extensions>
          <ns3:TrackPointExtension>
            <ns3:hr>125</ns3:hr>
            <ns3:cad>0</ns3:cad>
          </ns3:TrackPointExtension>
        </extensions>
      </trkpt>
      <trkpt lat="35.97209039144217967987060546875" lon="-81.1071334965527057647705078125">
        <ele>521.79998779296875</ele>
        <time>2026-03-30T13:22:20.000Z</time>
        <extensions>
          <ns3:TrackPointExtension>
            <ns3:hr>124</ns3:hr>
            <ns3:cad>0</ns3:cad>
          </ns3:TrackPointExtension>
        </extensions>
      </trkpt>
      <trkpt lat="35.97208318300545215606689453125" lon="-81.107081361114978790283203125">
        <ele>521</ele>
        <time>2026-03-30T13:22:27.000Z</time>
        <extensions>
          <ns3:TrackPointExtension>
            <ns3:hr>125</ns3:hr>
            <ns3:cad>47</ns3:cad>
          </ns3:TrackPointExtension>
        </extensions>
      </trkpt>
      <trkpt lat="35.97209173254668712615966796875" lon="-81.10703534446656703948974609375">
        <ele>520.79998779296875</ele>
        <time>2026-03-30T13:22:32.000Z</time>
        <extensions>
          <ns3:TrackPointExtension>
            <ns3:hr>126</ns3:hr>
            <ns3:cad>0</ns3:cad>
          </ns3:TrackPointExtension>
        </extensions>
      </trkpt>
      <trkpt lat="35.9720983542501926422119140625" lon="-81.10701606608927249908447265625">
        <ele>521.20001220703125</ele>
        <time>2026-03-30T13:22:37.000Z</time>
        <extensions>
          <ns3:TrackPointExtension>
            <ns3:hr>123</ns3:hr>
            <ns3:cad>0</ns3:cad>
          </ns3:TrackPointExtension>
        </extensions>
      </trkpt>
      <trkpt lat="35.97209609113633632659912109375" lon="-81.10700734890997409820556640625">
        <ele>521.20001220703125</ele>
        <time>2026-03-30T13:22:40.000Z</time>
        <extensions>
          <ns3:TrackPointExtension>
            <ns3:hr>120</ns3:hr>
            <ns3:cad>0</ns3:cad>
          </ns3:TrackPointExtension>
        </extensions>
      </trkpt>
      <trkpt lat="35.97209642641246318817138671875" lon="-81.10700600780546665191650390625">
        <ele>521.20001220703125</ele>
        <time>2026-03-30T13:22:41.000Z</time>
        <extensions>
          <ns3:TrackPointExtension>
            <ns3:hr>120</ns3:hr>
            <ns3:cad>0</ns3:cad>
          </ns3:TrackPointExtension>
        </extensions>
      </trkpt>
      <trkpt lat="35.9720970131456851959228515625" lon="-81.1070067621767520904541015625">
        <ele>521.20001220703125</ele>
        <time>2026-03-30T13:22:42.000Z</time>
        <extensions>
          <ns3:TrackPointExtension>
            <ns3:hr>120</ns3:hr>
            <ns3:cad>0</ns3:cad>
          </ns3:TrackPointExtension>
        </extensions>
      </trkpt>
      <trkpt lat="35.9721023775637149810791015625" lon="-81.10700181685388088226318359375">
        <ele>521.20001220703125</ele>
        <time>2026-03-30T13:22:52.000Z</time>
        <extensions>
          <ns3:TrackPointExtension>
            <ns3:hr>118</ns3:hr>
            <ns3:cad>0</ns3:cad>
          </ns3:TrackPointExtension>
        </extensions>
      </trkpt>
      <trkpt lat="35.9721023775637149810791015625" lon="-81.10700181685388088226318359375">
        <ele>521.20001220703125</ele>
        <time>2026-03-30T13:22:54.000Z</time>
        <extensions>
          <ns3:TrackPointExtension>
            <ns3:hr>121</ns3:hr>
            <ns3:cad>0</ns3:cad>
          </ns3:TrackPointExtension>
        </extensions>
      </trkpt>
      <trkpt lat="35.9721023775637149810791015625" lon="-81.10700181685388088226318359375">
        <ele>521</ele>
        <time>2026-03-30T13:23:05.000Z</time>
        <extensions>
          <ns3:TrackPointExtension>
            <ns3:hr>118</ns3:hr>
            <ns3:cad>0</ns3:cad>
          </ns3:TrackPointExtension>
        </extensions>
      </trkpt>
      <trkpt lat="35.9721023775637149810791015625" lon="-81.10700181685388088226318359375">
        <ele>520.79998779296875</ele>
        <time>2026-03-30T13:23:09.000Z</time>
        <extensions>
          <ns3:TrackPointExtension>
            <ns3:hr>115</ns3:hr>
            <ns3:cad>0</ns3:cad>
          </ns3:TrackPointExtension>
        </extensions>
      </trkpt>
      <trkpt lat="35.9721023775637149810791015625" lon="-81.10700181685388088226318359375">
        <ele>520.79998779296875</ele>
        <time>2026-03-30T13:23:11.000Z</time>
        <extensions>
          <ns3:TrackPointExtension>
            <ns3:hr>115</ns3:hr>
            <ns3:cad>0</ns3:cad>
          </ns3:TrackPointExtension>
        </extensions>
      </trkpt>
      <trkpt lat="35.9721023775637149810791015625" lon="-81.10700181685388088226318359375">
        <ele>520.5999755859375</ele>
        <time>2026-03-30T13:23:26.000Z</time>
        <extensions>
          <ns3:TrackPointExtension>
            <ns3:hr>116</ns3:hr>
            <ns3:cad>0</ns3:cad>
          </ns3:TrackPointExtension>
        </extensions>
      </trkpt>
      <trkpt lat="35.9721023775637149810791015625" lon="-81.10700181685388088226318359375">
        <ele>520.5999755859375</ele>
        <time>2026-03-30T13:23:36.000Z</time>
        <extensions>
          <ns3:TrackPointExtension>
            <ns3:hr>113</ns3:hr>
            <ns3:cad>0</ns3:cad>
          </ns3:TrackPointExtension>
        </extensions>
      </trkpt>
      <trkpt lat="35.9721023775637149810791015625" lon="-81.10700181685388088226318359375">
        <ele>520.4000244140625</ele>
        <time>2026-03-30T13:23:38.000Z</time>
        <extensions>
          <ns3:TrackPointExtension>
            <ns3:hr>110</ns3:hr>
            <ns3:cad>0</ns3:cad>
          </ns3:TrackPointExtension>
        </extensions>
      </trkpt>
      <trkpt lat="35.9721023775637149810791015625" lon="-81.10700181685388088226318359375">
        <ele>520.4000244140625</ele>
        <time>2026-03-30T13:23:43.000Z</time>
        <extensions>
          <ns3:TrackPointExtension>
            <ns3:hr>113</ns3:hr>
            <ns3:cad>0</ns3:cad>
          </ns3:TrackPointExtension>
        </extensions>
      </trkpt>
      <trkpt lat="35.97209106199443340301513671875" lon="-81.1069983802735805511474609375">
        <ele>520</ele>
        <time>2026-03-30T13:23:50.000Z</time>
        <extensions>
          <ns3:TrackPointExtension>
            <ns3:hr>112</ns3:hr>
            <ns3:cad>0</ns3:cad>
          </ns3:TrackPointExtension>
        </extensions>
      </trkpt>
      <trkpt lat="35.972078740596771240234375" lon="-81.106988489627838134765625">
        <ele>519.4000244140625</ele>
        <time>2026-03-30T13:23:54.000Z</time>
        <extensions>
          <ns3:TrackPointExtension>
            <ns3:hr>114</ns3:hr>
            <ns3:cad>0</ns3:cad>
          </ns3:TrackPointExtension>
        </extensions>
      </trkpt>
      <trkpt lat="35.97207002341747283935546875" lon="-81.10698907636106014251708984375">
        <ele>519.4000244140625</ele>
        <time>2026-03-30T13:23:57.000Z</time>
        <extensions>
          <ns3:TrackPointExtension>
            <ns3:hr>114</ns3:hr>
            <ns3:cad>0</ns3:cad>
          </ns3:TrackPointExtension>
        </extensions>
      </trkpt>
      <trkpt lat="35.97207144834101200103759765625" lon="-81.10697415657341480255126953125">
        <ele>519</ele>
        <time>2026-03-30T13:24:01.000Z</time>
        <extensions>
          <ns3:TrackPointExtension>
            <ns3:hr>117</ns3:hr>
            <ns3:cad>0</ns3:cad>
          </ns3:TrackPointExtension>
        </extensions>
      </trkpt>
      <trkpt lat="35.97207396291196346282958984375" lon="-81.1069517768919467926025390625">
        <ele>518.5999755859375</ele>
        <time>2026-03-30T13:24:04.000Z</time>
        <extensions>
          <ns3:TrackPointExtension>
            <ns3:hr>118</ns3:hr>
            <ns3:cad>0</ns3:cad>
          </ns3:TrackPointExtension>
        </extensions>
      </trkpt>
      <trkpt lat="35.97207714803516864776611328125" lon="-81.1069333367049694061279296875">
        <ele>518.20001220703125</ele>
        <time>2026-03-30T13:24:07.000Z</time>
        <extensions>
          <ns3:TrackPointExtension>
            <ns3:hr>119</ns3:hr>
            <ns3:cad>0</ns3:cad>
          </ns3:TrackPointExtension>
        </extensions>
      </trkpt>
      <trkpt lat="35.97208150662481784820556640625" lon="-81.10689771361649036407470703125">
        <ele>517.5999755859375</ele>
        <time>2026-03-30T13:24:11.000Z</time>
        <extensions>
          <ns3:TrackPointExtension>
            <ns3:hr>118</ns3:hr>
            <ns3:cad>0</ns3:cad>
          </ns3:TrackPointExtension>
        </extensions>
      </trkpt>
      <trkpt lat="35.97207597456872463226318359375" lon="-81.10685597173869609832763671875">
        <ele>517.20001220703125</ele>
        <time>2026-03-30T13:24:16.000Z</time>
        <extensions>
          <ns3:TrackPointExtension>
            <ns3:hr>120</ns3:hr>
            <ns3:cad>43</ns3:cad>
          </ns3:TrackPointExtension>
        </extensions>
      </trkpt>
      <trkpt lat="35.972073040902614593505859375" lon="-81.10683870501816272735595703125">
        <ele>516.79998779296875</ele>
        <time>2026-03-30T13:24:19.000Z</time>
        <extensions>
          <ns3:TrackPointExtension>
            <ns3:hr>121</ns3:hr>
            <ns3:cad>0</ns3:cad>
          </ns3:TrackPointExtension>
        </extensions>
      </trkpt>
      <trkpt lat="35.97207446582615375518798828125" lon="-81.10683023929595947265625">
        <ele>516.4000244140625</ele>
        <time>2026-03-30T13:24:22.000Z</time>
        <extensions>
          <ns3:TrackPointExtension>
            <ns3:hr>118</ns3:hr>
            <ns3:cad>0</ns3:cad>
          </ns3:TrackPointExtension>
        </extensions>
      </trkpt>
      <trkpt lat="35.97207463346421718597412109375" lon="-81.10682764090597629547119140625">
        <ele>516.20001220703125</ele>
        <time>2026-03-30T13:24:23.000Z</time>
        <extensions>
          <ns3:TrackPointExtension>
            <ns3:hr>115</ns3:hr>
            <ns3:cad>0</ns3:cad>
          </ns3:TrackPointExtension>
        </extensions>
      </trkpt>
      <trkpt lat="35.97207748331129550933837890625" lon="-81.10681389458477497100830078125">
        <ele>516</ele>
        <time>2026-03-30T13:24:26.000Z</time>
        <extensions>
          <ns3:TrackPointExtension>
            <ns3:hr>114</ns3:hr>
            <ns3:cad>66</ns3:cad>
          </ns3:TrackPointExtension>
        </extensions>
      </trkpt>
      <trkpt lat="35.9721134416759014129638671875" lon="-81.1067834682762622833251953125">
        <ele>516.4000244140625</ele>
        <time>2026-03-30T13:24:33.000Z</time>
        <extensions>
          <ns3:TrackPointExtension>
            <ns3:hr>113</ns3:hr>
            <ns3:cad>0</ns3:cad>
          </ns3:TrackPointExtension>
        </extensions>
      </trkpt>
      <trkpt lat="35.97213431261479854583740234375" lon="-81.10677684657275676727294921875">
        <ele>516.4000244140625</ele>
        <time>2026-03-30T13:24:37.000Z</time>
        <extensions>
          <ns3:TrackPointExtension>
            <ns3:hr>110</ns3:hr>
            <ns3:cad>0</ns3:cad>
          </ns3:TrackPointExtension>
        </extensions>
      </trkpt>
      <trkpt lat="35.972148813307285308837890625" lon="-81.10676779411733150482177734375">
        <ele>516.5999755859375</ele>
        <time>2026-03-30T13:24:41.000Z</time>
        <extensions>
          <ns3:TrackPointExtension>
            <ns3:hr>109</ns3:hr>
            <ns3:cad>0</ns3:cad>
          </ns3:TrackPointExtension>
        </extensions>
      </trkpt>
      <trkpt lat="35.97218938171863555908203125" lon="-81.10674466006457805633544921875">
        <ele>516.4000244140625</ele>
        <time>2026-03-30T13:24:47.000Z</time>
        <extensions>
          <ns3:TrackPointExtension>
            <ns3:hr>106</ns3:hr>
            <ns3:cad>0</ns3:cad>
          </ns3:TrackPointExtension>
        </extensions>
      </trkpt>
      <trkpt lat="35.972196757793426513671875" lon="-81.10673108138144016265869140625">
        <ele>516</ele>
        <time>2026-03-30T13:24:53.000Z</time>
        <extensions>
          <ns3:TrackPointExtension>
            <ns3:hr>107</ns3:hr>
            <ns3:cad>0</ns3:cad>
          </ns3:TrackPointExtension>
        </extensions>
      </trkpt>
      <trkpt lat="35.972169935703277587890625" lon="-81.106698475778102874755859375">
        <ele>516</ele>
        <time>2026-03-30T13:25:00.000Z</time>
        <extensions>
          <ns3:TrackPointExtension>
            <ns3:hr>105</ns3:hr>
            <ns3:cad>0</ns3:cad>
          </ns3:TrackPointExtension>
        </extensions>
      </trkpt>
      <trkpt lat="35.97216482274234294891357421875" lon="-81.10666930675506591796875">
        <ele>515.5999755859375</ele>
        <time>2026-03-30T13:25:05.000Z</time>
        <extensions>
          <ns3:TrackPointExtension>
            <ns3:hr>102</ns3:hr>
            <ns3:cad>0</ns3:cad>
          </ns3:TrackPointExtension>
        </extensions>
      </trkpt>
      <trkpt lat="35.97216364927589893341064453125" lon="-81.10665916465222835540771484375">
        <ele>515.4000244140625</ele>
        <time>2026-03-30T13:25:07.000Z</time>
        <extensions>
          <ns3:TrackPointExtension>
            <ns3:hr>101</ns3:hr>
            <ns3:cad>0</ns3:cad>
          </ns3:TrackPointExtension>
        </extensions>
      </trkpt>
      <trkpt lat="35.97215828485786914825439453125" lon="-81.106652207672595977783203125">
        <ele>515.20001220703125</ele>
        <time>2026-03-30T13:25:09.000Z</time>
        <extensions>
          <ns3:TrackPointExtension>
            <ns3:hr>100</ns3:hr>
            <ns3:cad>0</ns3:cad>
          </ns3:TrackPointExtension>
        </extensions>
      </trkpt>
      <trkpt lat="35.97214512526988983154296875" lon="-81.10662898980081081390380859375">
        <ele>514.5999755859375</ele>
        <time>2026-03-30T13:25:14.000Z</time>
        <extensions>
          <ns3:TrackPointExtension>
            <ns3:hr>103</ns3:hr>
            <ns3:cad>0</ns3:cad>
          </ns3:TrackPointExtension>
        </extensions>
      </trkpt>
      <trkpt lat="35.97214780747890472412109375" lon="-81.10659613274037837982177734375">
        <ele>514.20001220703125</ele>
        <time>2026-03-30T13:25:19.000Z</time>
        <extensions>
          <ns3:TrackPointExtension>
            <ns3:hr>104</ns3:hr>
            <ns3:cad>0</ns3:cad>
          </ns3:TrackPointExtension>
        </extensions>
      </trkpt>
      <trkpt lat="35.972155518829822540283203125" lon="-81.1065829731523990631103515625">
        <ele>514</ele>
        <time>2026-03-30T13:25:21.000Z</time>
        <extensions>
          <ns3:TrackPointExtension>
            <ns3:hr>104</ns3:hr>
            <ns3:cad>75</ns3:cad>
          </ns3:TrackPointExtension>
        </extensions>
      </trkpt>
      <trkpt lat="35.97215744666755199432373046875" lon="-81.1065403930842876434326171875">
        <ele>513.79998779296875</ele>
        <time>2026-03-30T13:25:29.000Z</time>
        <extensions>
          <ns3:TrackPointExtension>
            <ns3:hr>104</ns3:hr>
            <ns3:cad>0</ns3:cad>
          </ns3:TrackPointExtension>
        </extensions>
      </trkpt>
      <trkpt lat="35.9721540100872516632080078125" lon="-81.10648884437978267669677734375">
        <ele>513.4000244140625</ele>
        <time>2026-03-30T13:25:36.000Z</time>
        <extensions>
          <ns3:TrackPointExtension>
            <ns3:hr>106</ns3:hr>
            <ns3:cad>0</ns3:cad>
          </ns3:TrackPointExtension>
        </extensions>
      </trkpt>
      <trkpt lat="35.97212492488324642181396484375" lon="-81.10646436922252178192138671875">
        <ele>513.20001220703125</ele>
        <time>2026-03-30T13:25:41.000Z</time>
        <extensions>
          <ns3:TrackPointExtension>
            <ns3:hr>104</ns3:hr>
            <ns3:cad>0</ns3:cad>
          </ns3:TrackPointExtension>
        </extensions>
      </trkpt>
      <trkpt lat="35.97212090156972408294677734375" lon="-81.1064632795751094818115234375">
        <ele>513</ele>
        <time>2026-03-30T13:25:46.000Z</time>
        <extensions>
          <ns3:TrackPointExtension>
            <ns3:hr>104</ns3:hr>
            <ns3:cad>0</ns3:cad>
          </ns3:TrackPointExtension>
        </extensions>
      </trkpt>
      <trkpt lat="35.972129367291927337646484375" lon="-81.10646939836442470550537109375">
        <ele>512.79998779296875</ele>
        <time>2026-03-30T13:25:50.000Z</time>
        <extensions>
          <ns3:TrackPointExtension>
            <ns3:hr>105</ns3:hr>
            <ns3:cad>0</ns3:cad>
          </ns3:TrackPointExtension>
        </extensions>
      </trkpt>
      <trkpt lat="35.972129367291927337646484375" lon="-81.10646939836442470550537109375">
        <ele>512.79998779296875</ele>
        <time>2026-03-30T13:25:57.000Z</time>
        <extensions>
          <ns3:TrackPointExtension>
            <ns3:hr>108</ns3:hr>
            <ns3:cad>0</ns3:cad>
          </ns3:TrackPointExtension>
        </extensions>
      </trkpt>
      <trkpt lat="35.97213012166321277618408203125" lon="-81.10646721906960010528564453125">
        <ele>512.79998779296875</ele>
        <time>2026-03-30T13:25:59.000Z</time>
        <extensions>
          <ns3:TrackPointExtension>
            <ns3:hr>109</ns3:hr>
            <ns3:cad>0</ns3:cad>
          </ns3:TrackPointExtension>
        </extensions>
      </trkpt>
      <trkpt lat="35.97213364206254482269287109375" lon="-81.10642363317310810089111328125">
        <ele>512.4000244140625</ele>
        <time>2026-03-30T13:26:06.000Z</time>
        <extensions>
          <ns3:TrackPointExtension>
            <ns3:hr>110</ns3:hr>
            <ns3:cad>0</ns3:cad>
          </ns3:TrackPointExtension>
        </extensions>
      </trkpt>
      <trkpt lat="35.97213632427155971527099609375" lon="-81.10640737228095531463623046875">
        <ele>512</ele>
        <time>2026-03-30T13:26:09.000Z</time>
        <extensions>
          <ns3:TrackPointExtension>
            <ns3:hr>108</ns3:hr>
            <ns3:cad>0</ns3:cad>
          </ns3:TrackPointExtension>
        </extensions>
      </trkpt>
      <trkpt lat="35.97213632427155971527099609375" lon="-81.10640351660549640655517578125">
        <ele>511.600006103515625</ele>
        <time>2026-03-30T13:26:10.000Z</time>
        <extensions>
          <ns3:TrackPointExtension>
            <ns3:hr>103</ns3:hr>
            <ns3:cad>0</ns3:cad>
          </ns3:TrackPointExtension>
        </extensions>
      </trkpt>
      <trkpt lat="35.97213783301413059234619140625" lon="-81.10639932565391063690185546875">
        <ele>511.399993896484375</ele>
        <time>2026-03-30T13:26:11.000Z</time>
        <extensions>
          <ns3:TrackPointExtension>
            <ns3:hr>103</ns3:hr>
            <ns3:cad>55</ns3:cad>
          </ns3:TrackPointExtension>
        </extensions>
      </trkpt>
      <trkpt lat="35.97214856185019016265869140625" lon="-81.10639262013137340545654296875">
        <ele>511.20001220703125</ele>
        <time>2026-03-30T13:26:13.000Z</time>
        <extensions>
          <ns3:TrackPointExtension>
            <ns3:hr>106</ns3:hr>
            <ns3:cad>58</ns3:cad>
          </ns3:TrackPointExtension>
        </extensions>
      </trkpt>
      <trkpt lat="35.972156524658203125" lon="-81.10638926737010478973388671875">
        <ele>511</ele>
        <time>2026-03-30T13:26:15.000Z</time>
        <extensions>
          <ns3:TrackPointExtension>
            <ns3:hr>105</ns3:hr>
            <ns3:cad>58</ns3:cad>
          </ns3:TrackPointExtension>
        </extensions>
      </trkpt>
      <trkpt lat="35.9721570275723934173583984375" lon="-81.10638490878045558929443359375">
        <ele>510.79998779296875</ele>
        <time>2026-03-30T13:26:16.000Z</time>
        <extensions>
          <ns3:TrackPointExtension>
            <ns3:hr>105</ns3:hr>
            <ns3:cad>0</ns3:cad>
          </ns3:TrackPointExtension>
        </extensions>
      </trkpt>
      <trkpt lat="35.9721605479717254638671875" lon="-81.10635288991034030914306640625">
        <ele>510.600006103515625</ele>
        <time>2026-03-30T13:26:21.000Z</time>
        <extensions>
          <ns3:TrackPointExtension>
            <ns3:hr>105</ns3:hr>
            <ns3:cad>0</ns3:cad>
          </ns3:TrackPointExtension>
        </extensions>
      </trkpt>
      <trkpt lat="35.97218669950962066650390625" lon="-81.1063197813928127288818359375">
        <ele>510.20001220703125</ele>
        <time>2026-03-30T13:26:27.000Z</time>
        <extensions>
          <ns3:TrackPointExtension>
            <ns3:hr>105</ns3:hr>
            <ns3:cad>0</ns3:cad>
          </ns3:TrackPointExtension>
        </extensions>
      </trkpt>
      <trkpt lat="35.97219482995569705963134765625" lon="-81.106298826634883880615234375">
        <ele>509.79998779296875</ele>
        <time>2026-03-30T13:26:33.000Z</time>
        <extensions>
          <ns3:TrackPointExtension>
            <ns3:hr>101</ns3:hr>
            <ns3:cad>0</ns3:cad>
          </ns3:TrackPointExtension>
        </extensions>
      </trkpt>
      <trkpt lat="35.9721942432224750518798828125" lon="-81.10629287548363208770751953125">
        <ele>509.600006103515625</ele>
        <time>2026-03-30T13:26:34.000Z</time>
        <extensions>
          <ns3:TrackPointExtension>
            <ns3:hr>98</ns3:hr>
            <ns3:cad>0</ns3:cad>
          </ns3:TrackPointExtension>
        </extensions>
      </trkpt>
      <trkpt lat="35.97219717688858509063720703125" lon="-81.1062870919704437255859375">
        <ele>509.600006103515625</ele>
        <time>2026-03-30T13:26:35.000Z</time>
        <extensions>
          <ns3:TrackPointExtension>
            <ns3:hr>98</ns3:hr>
            <ns3:cad>0</ns3:cad>
          </ns3:TrackPointExtension>
        </extensions>
      </trkpt>
      <trkpt lat="35.97219868563115596771240234375" lon="-81.1062656342983245849609375">
        <ele>509.20001220703125</ele>
        <time>2026-03-30T13:26:40.000Z</time>
        <extensions>
          <ns3:TrackPointExtension>
            <ns3:hr>101</ns3:hr>
            <ns3:cad>0</ns3:cad>
          </ns3:TrackPointExtension>
        </extensions>
      </trkpt>
      <trkpt lat="35.97219499759376049041748046875" lon="-81.1062634550034999847412109375">
        <ele>509.20001220703125</ele>
        <time>2026-03-30T13:26:41.000Z</time>
        <extensions>
          <ns3:TrackPointExtension>
            <ns3:hr>101</ns3:hr>
            <ns3:cad>0</ns3:cad>
          </ns3:TrackPointExtension>
        </extensions>
      </trkpt>
      <trkpt lat="35.97220547497272491455078125" lon="-81.1062359623610973358154296875">
        <ele>509</ele>
        <time>2026-03-30T13:26:46.000Z</time>
        <extensions>
          <ns3:TrackPointExtension>
            <ns3:hr>104</ns3:hr>
            <ns3:cad>0</ns3:cad>
          </ns3:TrackPointExtension>
        </extensions>
      </trkpt>
      <trkpt lat="35.972204469144344329833984375" lon="-81.1062349565327167510986328125">
        <ele>509</ele>
        <time>2026-03-30T13:26:47.000Z</time>
        <extensions>
          <ns3:TrackPointExtension>
            <ns3:hr>107</ns3:hr>
            <ns3:cad>0</ns3:cad>
          </ns3:TrackPointExtension>
        </extensions>
      </trkpt>
      <trkpt lat="35.972199104726314544677734375" lon="-81.106235124170780181884765625">
        <ele>509</ele>
        <time>2026-03-30T13:26:48.000Z</time>
        <extensions>
          <ns3:TrackPointExtension>
            <ns3:hr>107</ns3:hr>
            <ns3:cad>0</ns3:cad>
          </ns3:TrackPointExtension>
        </extensions>
      </trkpt>
      <trkpt lat="35.97219181247055530548095703125" lon="-81.1062259040772914886474609375">
        <ele>509</ele>
        <time>2026-03-30T13:26:50.000Z</time>
        <extensions>
          <ns3:TrackPointExtension>
            <ns3:hr>110</ns3:hr>
            <ns3:cad>55</ns3:cad>
          </ns3:TrackPointExtension>
        </extensions>
      </trkpt>
      <trkpt lat="35.97218141891062259674072265625" lon="-81.10621643252670764923095703125">
        <ele>508.79998779296875</ele>
        <time>2026-03-30T13:26:52.000Z</time>
        <extensions>
          <ns3:TrackPointExtension>
            <ns3:hr>110</ns3:hr>
            <ns3:cad>0</ns3:cad>
          </ns3:TrackPointExtension>
        </extensions>
      </trkpt>
      <trkpt lat="35.972179658710956573486328125" lon="-81.1062118224799633026123046875">
        <ele>508.600006103515625</ele>
        <time>2026-03-30T13:26:53.000Z</time>
        <extensions>
          <ns3:TrackPointExtension>
            <ns3:hr>110</ns3:hr>
            <ns3:cad>0</ns3:cad>
          </ns3:TrackPointExtension>
        </extensions>
      </trkpt>
      <trkpt lat="35.97217454575002193450927734375" lon="-81.10619748942553997039794921875">
        <ele>507.79998779296875</ele>
        <time>2026-03-30T13:26:58.000Z</time>
        <extensions>
          <ns3:TrackPointExtension>
            <ns3:hr>107</ns3:hr>
            <ns3:cad>0</ns3:cad>
          </ns3:TrackPointExtension>
        </extensions>
      </trkpt>
      <trkpt lat="35.97217286936938762664794921875" lon="-81.106197573244571685791015625">
        <ele>507.79998779296875</ele>
        <time>2026-03-30T13:26:59.000Z</time>
        <extensions>
          <ns3:TrackPointExtension>
            <ns3:hr>106</ns3:hr>
            <ns3:cad>0</ns3:cad>
          </ns3:TrackPointExtension>
        </extensions>
      </trkpt>
      <trkpt lat="35.97217018716037273406982421875" lon="-81.106198914349079132080078125">
        <ele>507.600006103515625</ele>
        <time>2026-03-30T13:27:00.000Z</time>
        <extensions>
          <ns3:TrackPointExtension>
            <ns3:hr>103</ns3:hr>
            <ns3:cad>0</ns3:cad>
          </ns3:TrackPointExtension>
        </extensions>
      </trkpt>
      <trkpt lat="35.97217085771262645721435546875" lon="-81.1061994172632694244384765625">
        <ele>507.600006103515625</ele>
        <time>2026-03-30T13:27:01.000Z</time>
        <extensions>
          <ns3:TrackPointExtension>
            <ns3:hr>100</ns3:hr>
            <ns3:cad>0</ns3:cad>
          </ns3:TrackPointExtension>
        </extensions>
      </trkpt>
      <trkpt lat="35.9721794910728931427001953125" lon="-81.10617938451468944549560546875">
        <ele>507.600006103515625</ele>
        <time>2026-03-30T13:27:06.000Z</time>
        <extensions>
          <ns3:TrackPointExtension>
            <ns3:hr>99</ns3:hr>
            <ns3:cad>0</ns3:cad>
          </ns3:TrackPointExtension>
        </extensions>
      </trkpt>
      <trkpt lat="35.97220405004918575286865234375" lon="-81.10618173144757747650146484375">
        <ele>507.600006103515625</ele>
        <time>2026-03-30T13:27:13.000Z</time>
        <extensions>
          <ns3:TrackPointExtension>
            <ns3:hr>100</ns3:hr>
            <ns3:cad>79</ns3:cad>
          </ns3:TrackPointExtension>
        </extensions>
      </trkpt>
      <trkpt lat="35.97221746109426021575927734375" lon="-81.10618709586560726165771484375">
        <ele>508.399993896484375</ele>
        <time>2026-03-30T13:27:20.000Z</time>
        <extensions>
          <ns3:TrackPointExtension>
            <ns3:hr>102</ns3:hr>
            <ns3:cad>0</ns3:cad>
          </ns3:TrackPointExtension>
        </extensions>
      </trkpt>
      <trkpt lat="35.9722291119396686553955078125" lon="-81.1061806418001651763916015625">
        <ele>508.20001220703125</ele>
        <time>2026-03-30T13:27:29.000Z</time>
        <extensions>
          <ns3:TrackPointExtension>
            <ns3:hr>103</ns3:hr>
            <ns3:cad>0</ns3:cad>
          </ns3:TrackPointExtension>
        </extensions>
      </trkpt>
      <trkpt lat="35.97219206392765045166015625" lon="-81.1061551608145236968994140625">
        <ele>508</ele>
        <time>2026-03-30T13:27:35.000Z</time>
        <extensions>
          <ns3:TrackPointExtension>
            <ns3:hr>103</ns3:hr>
            <ns3:cad>67</ns3:cad>
          </ns3:TrackPointExtension>
        </extensions>
      </trkpt>
      <trkpt lat="35.97218661569058895111083984375" lon="-81.10614686273038387298583984375">
        <ele>507.79998779296875</ele>
        <time>2026-03-30T13:27:37.000Z</time>
        <extensions>
          <ns3:TrackPointExtension>
            <ns3:hr>106</ns3:hr>
            <ns3:cad>0</ns3:cad>
          </ns3:TrackPointExtension>
        </extensions>
      </trkpt>
      <trkpt lat="35.97219365648925304412841796875" lon="-81.10614518634974956512451171875">
        <ele>507.600006103515625</ele>
        <time>2026-03-30T13:27:39.000Z</time>
        <extensions>
          <ns3:TrackPointExtension>
            <ns3:hr>109</ns3:hr>
            <ns3:cad>0</ns3:cad>
          </ns3:TrackPointExtension>
        </extensions>
      </trkpt>
      <trkpt lat="35.9721954166889190673828125" lon="-81.106140576303005218505859375">
        <ele>507.600006103515625</ele>
        <time>2026-03-30T13:27:40.000Z</time>
        <extensions>
          <ns3:TrackPointExtension>
            <ns3:hr>114</ns3:hr>
            <ns3:cad>0</ns3:cad>
          </ns3:TrackPointExtension>
        </extensions>
      </trkpt>
      <trkpt lat="35.97219600342214107513427734375" lon="-81.10614024102687835693359375">
        <ele>507.600006103515625</ele>
        <time>2026-03-30T13:27:41.000Z</time>
        <extensions>
          <ns3:TrackPointExtension>
            <ns3:hr>114</ns3:hr>
            <ns3:cad>0</ns3:cad>
          </ns3:TrackPointExtension>
        </extensions>
      </trkpt>
      <trkpt lat="35.97219474613666534423828125" lon="-81.10614501871168613433837890625">
        <ele>507.600006103515625</ele>
        <time>2026-03-30T13:27:42.000Z</time>
        <extensions>
          <ns3:TrackPointExtension>
            <ns3:hr>113</ns3:hr>
            <ns3:cad>0</ns3:cad>
          </ns3:TrackPointExtension>
        </extensions>
      </trkpt>
      <trkpt lat="35.97216230817139148712158203125" lon="-81.1061786301434040069580078125">
        <ele>507.600006103515625</ele>
        <time>2026-03-30T13:27:47.000Z</time>
        <extensions>
          <ns3:TrackPointExtension>
            <ns3:hr>109</ns3:hr>
            <ns3:cad>0</ns3:cad>
          </ns3:TrackPointExtension>
        </extensions>
      </trkpt>
      <trkpt lat="35.97216800786554813385009765625" lon="-81.1061836592853069305419921875">
        <ele>507.79998779296875</ele>
        <time>2026-03-30T13:27:48.000Z</time>
        <extensions>
          <ns3:TrackPointExtension>
            <ns3:hr>109</ns3:hr>
            <ns3:cad>0</ns3:cad>
          </ns3:TrackPointExtension>
        </extensions>
      </trkpt>
      <trkpt lat="35.97216792404651641845703125" lon="-81.1062227189540863037109375">
        <ele>508.600006103515625</ele>
        <time>2026-03-30T13:27:52.000Z</time>
        <extensions>
          <ns3:TrackPointExtension>
            <ns3:hr>113</ns3:hr>
            <ns3:cad>0</ns3:cad>
          </ns3:TrackPointExtension>
        </extensions>
      </trkpt>
      <trkpt lat="35.97216599620878696441650390625" lon="-81.106226742267608642578125">
        <ele>508.79998779296875</ele>
        <time>2026-03-30T13:27:53.000Z</time>
        <extensions>
          <ns3:TrackPointExtension>
            <ns3:hr>112</ns3:hr>
            <ns3:cad>0</ns3:cad>
          </ns3:TrackPointExtension>
        </extensions>
      </trkpt>
      <trkpt lat="35.97215845249593257904052734375" lon="-81.10623185522854328155517578125">
        <ele>508.79998779296875</ele>
        <time>2026-03-30T13:27:55.000Z</time>
        <extensions>
          <ns3:TrackPointExtension>
            <ns3:hr>112</ns3:hr>
            <ns3:cad>0</ns3:cad>
          </ns3:TrackPointExtension>
        </extensions>
      </trkpt>
      <trkpt lat="35.97213749773800373077392578125" lon="-81.10624711029231548309326171875">
        <ele>508</ele>
        <time>2026-03-30T13:28:01.000Z</time>
        <extensions>
          <ns3:TrackPointExtension>
            <ns3:hr>112</ns3:hr>
            <ns3:cad>0</ns3:cad>
          </ns3:TrackPointExtension>
        </extensions>
      </trkpt>
      <trkpt lat="35.97210497595369815826416015625" lon="-81.10627141781151294708251953125">
        <ele>508</ele>
        <time>2026-03-30T13:28:09.000Z</time>
        <extensions>
          <ns3:TrackPointExtension>
            <ns3:hr>110</ns3:hr>
            <ns3:cad>68</ns3:cad>
          </ns3:TrackPointExtension>
        </extensions>
      </trkpt>
      <trkpt lat="35.9721013717353343963623046875" lon="-81.10627242363989353179931640625">
        <ele>507.79998779296875</ele>
        <time>2026-03-30T13:28:10.000Z</time>
        <extensions>
          <ns3:TrackPointExtension>
            <ns3:hr>107</ns3:hr>
            <ns3:cad>0</ns3:cad>
          </ns3:TrackPointExtension>
        </extensions>
      </trkpt>
      <trkpt lat="35.9720988571643829345703125" lon="-81.10627493821084499359130859375">
        <ele>507.600006103515625</ele>
        <time>2026-03-30T13:28:11.000Z</time>
        <extensions>
          <ns3:TrackPointExtension>
            <ns3:hr>107</ns3:hr>
            <ns3:cad>0</ns3:cad>
          </ns3:TrackPointExtension>
        </extensions>
      </trkpt>
      <trkpt lat="35.972098521888256072998046875" lon="-81.10626898705959320068359375">
        <ele>507.20001220703125</ele>
        <time>2026-03-30T13:28:16.000Z</time>
        <extensions>
          <ns3:TrackPointExtension>
            <ns3:hr>109</ns3:hr>
            <ns3:cad>0</ns3:cad>
          </ns3:TrackPointExtension>
        </extensions>
      </trkpt>
      <trkpt lat="35.97209558822214603424072265625" lon="-81.1062916181981563568115234375">
        <ele>507.399993896484375</ele>
        <time>2026-03-30T13:28:24.000Z</time>
        <extensions>
          <ns3:TrackPointExtension>
            <ns3:hr>108</ns3:hr>
            <ns3:cad>0</ns3:cad>
          </ns3:TrackPointExtension>
        </extensions>
      </trkpt>
      <trkpt lat="35.9720919840037822723388671875" lon="-81.10629790462553501129150390625">
        <ele>507.399993896484375</ele>
        <time>2026-03-30T13:28:31.000Z</time>
        <extensions>
          <ns3:TrackPointExtension>
            <ns3:hr>111</ns3:hr>
            <ns3:cad>0</ns3:cad>
          </ns3:TrackPointExtension>
        </extensions>
      </trkpt>
      <trkpt lat="35.97209290601313114166259765625" lon="-81.10629153437912464141845703125">
        <ele>507.600006103515625</ele>
        <time>2026-03-30T13:28:35.000Z</time>
        <extensions>
          <ns3:TrackPointExtension>
            <ns3:hr>112</ns3:hr>
            <ns3:cad>0</ns3:cad>
          </ns3:TrackPointExtension>
        </extensions>
      </trkpt>
      <trkpt lat="35.9720544330775737762451171875" lon="-81.10627929680049419403076171875">
        <ele>508.20001220703125</ele>
        <time>2026-03-30T13:28:43.000Z</time>
        <extensions>
          <ns3:TrackPointExtension>
            <ns3:hr>113</ns3:hr>
            <ns3:cad>0</ns3:cad>
          </ns3:TrackPointExtension>
        </extensions>
      </trkpt>
      <trkpt lat="35.9720336459577083587646484375" lon="-81.10631450079381465911865234375">
        <ele>507.600006103515625</ele>
        <time>2026-03-30T13:28:48.000Z</time>
        <extensions>
          <ns3:TrackPointExtension>
            <ns3:hr>115</ns3:hr>
            <ns3:cad>0</ns3:cad>
          </ns3:TrackPointExtension>
        </extensions>
      </trkpt>
      <trkpt lat="35.97202710807323455810546875" lon="-81.1063181050121784210205078125">
        <ele>507.79998779296875</ele>
        <time>2026-03-30T13:28:50.000Z</time>
        <extensions>
          <ns3:TrackPointExtension>
            <ns3:hr>118</ns3:hr>
            <ns3:cad>0</ns3:cad>
          </ns3:TrackPointExtension>
        </extensions>
      </trkpt>
      <trkpt lat="35.97202165983617305755615234375" lon="-81.10631584189832210540771484375">
        <ele>508.20001220703125</ele>
        <time>2026-03-30T13:28:52.000Z</time>
        <extensions>
          <ns3:TrackPointExtension>
            <ns3:hr>121</ns3:hr>
            <ns3:cad>0</ns3:cad>
          </ns3:TrackPointExtension>
        </extensions>
      </trkpt>
      <trkpt lat="35.9720209054648876190185546875" lon="-81.10630922019481658935546875">
        <ele>508.399993896484375</ele>
        <time>2026-03-30T13:28:55.000Z</time>
        <extensions>
          <ns3:TrackPointExtension>
            <ns3:hr>123</ns3:hr>
            <ns3:cad>0</ns3:cad>
          </ns3:TrackPointExtension>
        </extensions>
      </trkpt>
      <trkpt lat="35.97202040255069732666015625" lon="-81.10629170201718807220458984375">
        <ele>507.20001220703125</ele>
        <time>2026-03-30T13:29:03.000Z</time>
        <extensions>
          <ns3:TrackPointExtension>
            <ns3:hr>122</ns3:hr>
            <ns3:cad>0</ns3:cad>
          </ns3:TrackPointExtension>
        </extensions>
      </trkpt>
      <trkpt lat="35.97202040255069732666015625" lon="-81.10629178583621978759765625">
        <ele>507</ele>
        <time>2026-03-30T13:29:08.000Z</time>
        <extensions>
          <ns3:TrackPointExtension>
            <ns3:hr>118</ns3:hr>
            <ns3:cad>0</ns3:cad>
          </ns3:TrackPointExtension>
        </extensions>
      </trkpt>
      <trkpt lat="35.97202040255069732666015625" lon="-81.10629178583621978759765625">
        <ele>506.79998779296875</ele>
        <time>2026-03-30T13:29:13.000Z</time>
        <extensions>
          <ns3:TrackPointExtension>
            <ns3:hr>115</ns3:hr>
            <ns3:cad>0</ns3:cad>
          </ns3:TrackPointExtension>
        </extensions>
      </trkpt>
      <trkpt lat="35.97202367149293422698974609375" lon="-81.10628751106560230255126953125">
        <ele>506.79998779296875</ele>
        <time>2026-03-30T13:29:18.000Z</time>
        <extensions>
          <ns3:TrackPointExtension>
            <ns3:hr>113</ns3:hr>
            <ns3:cad>0</ns3:cad>
          </ns3:TrackPointExtension>
        </extensions>
      </trkpt>
      <trkpt lat="35.9720148704946041107177734375" lon="-81.10626907087862491607666015625">
        <ele>506.600006103515625</ele>
        <time>2026-03-30T13:29:21.000Z</time>
        <extensions>
          <ns3:TrackPointExtension>
            <ns3:hr>114</ns3:hr>
            <ns3:cad>0</ns3:cad>
          </ns3:TrackPointExtension>
        </extensions>
      </trkpt>
      <trkpt lat="35.9720168821513652801513671875" lon="-81.1062580905854701995849609375">
        <ele>506.20001220703125</ele>
        <time>2026-03-30T13:29:23.000Z</time>
        <extensions>
          <ns3:TrackPointExtension>
            <ns3:hr>114</ns3:hr>
            <ns3:cad>0</ns3:cad>
          </ns3:TrackPointExtension>
        </extensions>
      </trkpt>
      <trkpt lat="35.9720344841480255126953125" lon="-81.10623151995241641998291015625">
        <ele>505.600006103515625</ele>
        <time>2026-03-30T13:29:28.000Z</time>
        <extensions>
          <ns3:TrackPointExtension>
            <ns3:hr>117</ns3:hr>
            <ns3:cad>0</ns3:cad>
          </ns3:TrackPointExtension>
        </extensions>
      </trkpt>
      <trkpt lat="35.97203389741480350494384765625" lon="-81.1062285862863063812255859375">
        <ele>505.600006103515625</ele>
        <time>2026-03-30T13:29:30.000Z</time>
        <extensions>
          <ns3:TrackPointExtension>
            <ns3:hr>117</ns3:hr>
            <ns3:cad>0</ns3:cad>
          </ns3:TrackPointExtension>
        </extensions>
      </trkpt>
      <trkpt lat="35.97203247249126434326171875" lon="-81.1062181927263736724853515625">
        <ele>505.600006103515625</ele>
        <time>2026-03-30T13:29:34.000Z</time>
        <extensions>
          <ns3:TrackPointExtension>
            <ns3:hr>118</ns3:hr>
            <ns3:cad>0</ns3:cad>
          </ns3:TrackPointExtension>
        </extensions>
      </trkpt>
      <trkpt lat="35.97202308475971221923828125" lon="-81.10620972700417041778564453125">
        <ele>505.20001220703125</ele>
        <time>2026-03-30T13:29:37.000Z</time>
        <extensions>
          <ns3:TrackPointExtension>
            <ns3:hr>118</ns3:hr>
            <ns3:cad>0</ns3:cad>
          </ns3:TrackPointExtension>
        </extensions>
      </trkpt>
      <trkpt lat="35.972015373408794403076171875" lon="-81.10620469786226749420166015625">
        <ele>505</ele>
        <time>2026-03-30T13:29:40.000Z</time>
        <extensions>
          <ns3:TrackPointExtension>
            <ns3:hr>115</ns3:hr>
            <ns3:cad>0</ns3:cad>
          </ns3:TrackPointExtension>
        </extensions>
      </trkpt>
      <trkpt lat="35.9720130264759063720703125" lon="-81.10621039755642414093017578125">
        <ele>504.79998779296875</ele>
        <time>2026-03-30T13:29:41.000Z</time>
        <extensions>
          <ns3:TrackPointExtension>
            <ns3:hr>112</ns3:hr>
            <ns3:cad>0</ns3:cad>
          </ns3:TrackPointExtension>
        </extensions>
      </trkpt>
      <trkpt lat="35.97201126627624034881591796875" lon="-81.10621266067028045654296875">
        <ele>504.79998779296875</ele>
        <time>2026-03-30T13:29:42.000Z</time>
        <extensions>
          <ns3:TrackPointExtension>
            <ns3:hr>109</ns3:hr>
            <ns3:cad>0</ns3:cad>
          </ns3:TrackPointExtension>
        </extensions>
      </trkpt>
      <trkpt lat="35.971998609602451324462890625" lon="-81.10621291212737560272216796875">
        <ele>504.79998779296875</ele>
        <time>2026-03-30T13:29:44.000Z</time>
        <extensions>
          <ns3:TrackPointExtension>
            <ns3:hr>107</ns3:hr>
            <ns3:cad>0</ns3:cad>
          </ns3:TrackPointExtension>
        </extensions>
      </trkpt>
      <trkpt lat="35.97197656519711017608642578125" lon="-81.1062064580619335174560546875">
        <ele>504.600006103515625</ele>
        <time>2026-03-30T13:29:47.000Z</time>
        <extensions>
          <ns3:TrackPointExtension>
            <ns3:hr>107</ns3:hr>
            <ns3:cad>52</ns3:cad>
          </ns3:TrackPointExtension>
        </extensions>
      </trkpt>
      <trkpt lat="35.9719716198742389678955078125" lon="-81.1061930470168590545654296875">
        <ele>503.79998779296875</ele>
        <time>2026-03-30T13:29:52.000Z</time>
        <extensions>
          <ns3:TrackPointExtension>
            <ns3:hr>102</ns3:hr>
            <ns3:cad>0</ns3:cad>
          </ns3:TrackPointExtension>
        </extensions>
      </trkpt>
      <trkpt lat="35.97196952439844608306884765625" lon="-81.106181479990482330322265625">
        <ele>503.399993896484375</ele>
        <time>2026-03-30T13:29:55.000Z</time>
        <extensions>
          <ns3:TrackPointExtension>
            <ns3:hr>101</ns3:hr>
            <ns3:cad>0</ns3:cad>
          </ns3:TrackPointExtension>
        </extensions>
      </trkpt>
      <trkpt lat="35.971972458064556121826171875" lon="-81.106158681213855743408203125">
        <ele>502.600006103515625</ele>
        <time>2026-03-30T13:30:00.000Z</time>
        <extensions>
          <ns3:TrackPointExtension>
            <ns3:hr>100</ns3:hr>
            <ns3:cad>48</ns3:cad>
          </ns3:TrackPointExtension>
        </extensions>
      </trkpt>
      <trkpt lat="35.971972458064556121826171875" lon="-81.1061476171016693115234375">
        <ele>502.20001220703125</ele>
        <time>2026-03-30T13:30:02.000Z</time>
        <extensions>
          <ns3:TrackPointExtension>
            <ns3:hr>100</ns3:hr>
            <ns3:cad>44</ns3:cad>
          </ns3:TrackPointExtension>
        </extensions>
      </trkpt>
      <trkpt lat="35.9719753079116344451904296875" lon="-81.1061226390302181243896484375">
        <ele>501.399993896484375</ele>
        <time>2026-03-30T13:30:07.000Z</time>
        <extensions>
          <ns3:TrackPointExtension>
            <ns3:hr>100</ns3:hr>
            <ns3:cad>0</ns3:cad>
          </ns3:TrackPointExtension>
        </extensions>
      </trkpt>
      <trkpt lat="35.97197237424552440643310546875" lon="-81.10611484386026859283447265625">
        <ele>501.20001220703125</ele>
        <time>2026-03-30T13:30:08.000Z</time>
        <extensions>
          <ns3:TrackPointExtension>
            <ns3:hr>99</ns3:hr>
            <ns3:cad>0</ns3:cad>
          </ns3:TrackPointExtension>
        </extensions>
      </trkpt>
      <trkpt lat="35.97196734510362148284912109375" lon="-81.1060760356485843658447265625">
        <ele>500.399993896484375</ele>
        <time>2026-03-30T13:30:15.000Z</time>
        <extensions>
          <ns3:TrackPointExtension>
            <ns3:hr>100</ns3:hr>
            <ns3:cad>0</ns3:cad>
          </ns3:TrackPointExtension>
        </extensions>
      </trkpt>
      <trkpt lat="35.97198159433901309967041015625" lon="-81.1060644686222076416015625">
        <ele>500.20001220703125</ele>
        <time>2026-03-30T13:30:17.000Z</time>
        <extensions>
          <ns3:TrackPointExtension>
            <ns3:hr>100</ns3:hr>
            <ns3:cad>0</ns3:cad>
          </ns3:TrackPointExtension>
        </extensions>
      </trkpt>
      <trkpt lat="35.97200003452599048614501953125" lon="-81.10604862682521343231201171875">
        <ele>500</ele>
        <time>2026-03-30T13:30:21.000Z</time>
        <extensions>
          <ns3:TrackPointExtension>
            <ns3:hr>100</ns3:hr>
            <ns3:cad>0</ns3:cad>
          </ns3:TrackPointExtension>
        </extensions>
      </trkpt>
      <trkpt lat="35.97204194404184818267822265625" lon="-81.1060156859457492828369140625">
        <ele>500.20001220703125</ele>
        <time>2026-03-30T13:30:29.000Z</time>
        <extensions>
          <ns3:TrackPointExtension>
            <ns3:hr>99</ns3:hr>
            <ns3:cad>0</ns3:cad>
          </ns3:TrackPointExtension>
        </extensions>
      </trkpt>
      <trkpt lat="35.97207513637840747833251953125" lon="-81.1060009337961673736572265625">
        <ele>500</ele>
        <time>2026-03-30T13:30:35.000Z</time>
        <extensions>
          <ns3:TrackPointExtension>
            <ns3:hr>99</ns3:hr>
            <ns3:cad>0</ns3:cad>
          </ns3:TrackPointExtension>
        </extensions>
      </trkpt>
      <trkpt lat="35.97207731567323207855224609375" lon="-81.10596531070768833160400390625">
        <ele>500</ele>
        <time>2026-03-30T13:30:41.000Z</time>
        <extensions>
          <ns3:TrackPointExtension>
            <ns3:hr>98</ns3:hr>
            <ns3:cad>0</ns3:cad>
          </ns3:TrackPointExtension>
        </extensions>
      </trkpt>
      <trkpt lat="35.97207848913967609405517578125" lon="-81.1059437692165374755859375">
        <ele>499.399993896484375</ele>
        <time>2026-03-30T13:30:46.000Z</time>
        <extensions>
          <ns3:TrackPointExtension>
            <ns3:hr>103</ns3:hr>
            <ns3:cad>0</ns3:cad>
          </ns3:TrackPointExtension>
        </extensions>
      </trkpt>
      <trkpt lat="35.97208083607256412506103515625" lon="-81.1059429310262203216552734375">
        <ele>499.399993896484375</ele>
        <time>2026-03-30T13:30:47.000Z</time>
        <extensions>
          <ns3:TrackPointExtension>
            <ns3:hr>104</ns3:hr>
            <ns3:cad>0</ns3:cad>
          </ns3:TrackPointExtension>
        </extensions>
      </trkpt>
      <trkpt lat="35.97208133898675441741943359375" lon="-81.105944104492664337158203125">
        <ele>499.600006103515625</ele>
        <time>2026-03-30T13:30:53.000Z</time>
        <extensions>
          <ns3:TrackPointExtension>
            <ns3:hr>104</ns3:hr>
            <ns3:cad>0</ns3:cad>
          </ns3:TrackPointExtension>
        </extensions>
      </trkpt>
      <trkpt lat="35.97212173976004123687744140625" lon="-81.105946786701679229736328125">
        <ele>500.20001220703125</ele>
        <time>2026-03-30T13:31:00.000Z</time>
        <extensions>
          <ns3:TrackPointExtension>
            <ns3:hr>103</ns3:hr>
            <ns3:cad>0</ns3:cad>
          </ns3:TrackPointExtension>
        </extensions>
      </trkpt>
      <trkpt lat="35.97210212610661983489990234375" lon="-81.1059667356312274932861328125">
        <ele>500.399993896484375</ele>
        <time>2026-03-30T13:31:06.000Z</time>
        <extensions>
          <ns3:TrackPointExtension>
            <ns3:hr>100</ns3:hr>
            <ns3:cad>0</ns3:cad>
          </ns3:TrackPointExtension>
        </extensions>
      </trkpt>
      <trkpt lat="35.97210086882114410400390625" lon="-81.10597268678247928619384765625">
        <ele>500.399993896484375</ele>
        <time>2026-03-30T13:31:07.000Z</time>
        <extensions>
          <ns3:TrackPointExtension>
            <ns3:hr>100</ns3:hr>
            <ns3:cad>0</ns3:cad>
          </ns3:TrackPointExtension>
        </extensions>
      </trkpt>
      <trkpt lat="35.972087793052196502685546875" lon="-81.10599808394908905029296875">
        <ele>501.20001220703125</ele>
        <time>2026-03-30T13:31:11.000Z</time>
        <extensions>
          <ns3:TrackPointExtension>
            <ns3:hr>102</ns3:hr>
            <ns3:cad>69</ns3:cad>
          </ns3:TrackPointExtension>
        </extensions>
      </trkpt>
      <trkpt lat="35.97208770923316478729248046875" lon="-81.10601015388965606689453125">
        <ele>501.399993896484375</ele>
        <time>2026-03-30T13:31:13.000Z</time>
        <extensions>
          <ns3:TrackPointExtension>
            <ns3:hr>103</ns3:hr>
            <ns3:cad>69</ns3:cad>
          </ns3:TrackPointExtension>
        </extensions>
      </trkpt>
      <trkpt lat="35.9720936603844165802001953125" lon="-81.10601912252604961395263671875">
        <ele>501.79998779296875</ele>
        <time>2026-03-30T13:31:15.000Z</time>
        <extensions>
          <ns3:TrackPointExtension>
            <ns3:hr>106</ns3:hr>
            <ns3:cad>74</ns3:cad>
          </ns3:TrackPointExtension>
        </extensions>
      </trkpt>
      <trkpt lat="35.97210933454334735870361328125" lon="-81.1060529015958309173583984375">
        <ele>502.20001220703125</ele>
        <time>2026-03-30T13:31:18.000Z</time>
        <extensions>
          <ns3:TrackPointExtension>
            <ns3:hr>108</ns3:hr>
            <ns3:cad>74</ns3:cad>
          </ns3:TrackPointExtension>
        </extensions>
      </trkpt>
      <trkpt lat="35.97211922518908977508544921875" lon="-81.10606187023222446441650390625">
        <ele>502.600006103515625</ele>
        <time>2026-03-30T13:31:20.000Z</time>
        <extensions>
          <ns3:TrackPointExtension>
            <ns3:hr>108</ns3:hr>
            <ns3:cad>71</ns3:cad>
          </ns3:TrackPointExtension>
        </extensions>
      </trkpt>
      <trkpt lat="35.97212039865553379058837890625" lon="-81.10606589354574680328369140625">
        <ele>502.79998779296875</ele>
        <time>2026-03-30T13:31:21.000Z</time>
        <extensions>
          <ns3:TrackPointExtension>
            <ns3:hr>111</ns3:hr>
            <ns3:cad>71</ns3:cad>
          </ns3:TrackPointExtension>
        </extensions>
      </trkpt>
      <trkpt lat="35.9721211530268192291259765625" lon="-81.10606723465025424957275390625">
        <ele>503.20001220703125</ele>
        <time>2026-03-30T13:31:23.000Z</time>
        <extensions>
          <ns3:TrackPointExtension>
            <ns3:hr>114</ns3:hr>
            <ns3:cad>71</ns3:cad>
          </ns3:TrackPointExtension>
        </extensions>
      </trkpt>
      <trkpt lat="35.9721211530268192291259765625" lon="-81.10606522299349308013916015625">
        <ele>503.399993896484375</ele>
        <time>2026-03-30T13:31:24.000Z</time>
        <extensions>
          <ns3:TrackPointExtension>
            <ns3:hr>116</ns3:hr>
            <ns3:cad>0</ns3:cad>
          </ns3:TrackPointExtension>
        </extensions>
      </trkpt>
      <trkpt lat="35.9721224941313266754150390625" lon="-81.1060643009841442108154296875">
        <ele>503.399993896484375</ele>
        <time>2026-03-30T13:31:25.000Z</time>
        <extensions>
          <ns3:TrackPointExtension>
            <ns3:hr>116</ns3:hr>
            <ns3:cad>0</ns3:cad>
          </ns3:TrackPointExtension>
        </extensions>
      </trkpt>
      <trkpt lat="35.97212609834969043731689453125" lon="-81.10609866678714752197265625">
        <ele>504.399993896484375</ele>
        <time>2026-03-30T13:31:32.000Z</time>
        <extensions>
          <ns3:TrackPointExtension>
            <ns3:hr>120</ns3:hr>
            <ns3:cad>0</ns3:cad>
          </ns3:TrackPointExtension>
        </extensions>
      </trkpt>
      <trkpt lat="35.972127020359039306640625" lon="-81.1061062105000019073486328125">
        <ele>504.399993896484375</ele>
        <time>2026-03-30T13:31:33.000Z</time>
        <extensions>
          <ns3:TrackPointExtension>
            <ns3:hr>121</ns3:hr>
            <ns3:cad>0</ns3:cad>
          </ns3:TrackPointExtension>
        </extensions>
      </trkpt>
      <trkpt lat="35.97212559543550014495849609375" lon="-81.10610269010066986083984375">
        <ele>503.79998779296875</ele>
        <time>2026-03-30T13:31:39.000Z</time>
        <extensions>
          <ns3:TrackPointExtension>
            <ns3:hr>124</ns3:hr>
            <ns3:cad>0</ns3:cad>
          </ns3:TrackPointExtension>
        </extensions>
      </trkpt>
      <trkpt lat="35.97212559543550014495849609375" lon="-81.10609422437846660614013671875">
        <ele>504.20001220703125</ele>
        <time>2026-03-30T13:31:47.000Z</time>
        <extensions>
          <ns3:TrackPointExtension>
            <ns3:hr>124</ns3:hr>
            <ns3:cad>0</ns3:cad>
          </ns3:TrackPointExtension>
        </extensions>
      </trkpt>
      <trkpt lat="35.9721337258815765380859375" lon="-81.10608550719916820526123046875">
        <ele>504.399993896484375</ele>
        <time>2026-03-30T13:31:49.000Z</time>
        <extensions>
          <ns3:TrackPointExtension>
            <ns3:hr>121</ns3:hr>
            <ns3:cad>0</ns3:cad>
          </ns3:TrackPointExtension>
        </extensions>
      </trkpt>
      <trkpt lat="35.97213573753833770751953125" lon="-81.10608332790434360504150390625">
        <ele>504.600006103515625</ele>
        <time>2026-03-30T13:31:50.000Z</time>
        <extensions>
          <ns3:TrackPointExtension>
            <ns3:hr>114</ns3:hr>
            <ns3:cad>0</ns3:cad>
          </ns3:TrackPointExtension>
        </extensions>
      </trkpt>
      <trkpt lat="35.97213682718575000762939453125" lon="-81.10608525574207305908203125">
        <ele>504.600006103515625</ele>
        <time>2026-03-30T13:31:51.000Z</time>
        <extensions>
          <ns3:TrackPointExtension>
            <ns3:hr>108</ns3:hr>
            <ns3:cad>0</ns3:cad>
          </ns3:TrackPointExtension>
        </extensions>
      </trkpt>
      <trkpt lat="35.9721392579376697540283203125" lon="-81.10608215443789958953857421875">
        <ele>504.600006103515625</ele>
        <time>2026-03-30T13:31:52.000Z</time>
        <extensions>
          <ns3:TrackPointExtension>
            <ns3:hr>105</ns3:hr>
            <ns3:cad>40</ns3:cad>
          </ns3:TrackPointExtension>
        </extensions>
      </trkpt>
      <trkpt lat="35.9721390902996063232421875" lon="-81.10608299262821674346923828125">
        <ele>504.600006103515625</ele>
        <time>2026-03-30T13:31:53.000Z</time>
        <extensions>
          <ns3:TrackPointExtension>
            <ns3:hr>104</ns3:hr>
            <ns3:cad>55</ns3:cad>
          </ns3:TrackPointExtension>
        </extensions>
      </trkpt>
      <trkpt lat="35.97214386798441410064697265625" lon="-81.1060492135584354400634765625">
        <ele>503.79998779296875</ele>
        <time>2026-03-30T13:32:00.000Z</time>
        <extensions>
          <ns3:TrackPointExtension>
            <ns3:hr>102</ns3:hr>
            <ns3:cad>0</ns3:cad>
          </ns3:TrackPointExtension>
        </extensions>
      </trkpt>
      <trkpt lat="35.97213305532932281494140625" lon="-81.10603873617947101593017578125">
        <ele>503.600006103515625</ele>
        <time>2026-03-30T13:32:02.000Z</time>
        <extensions>
          <ns3:TrackPointExtension>
            <ns3:hr>106</ns3:hr>
            <ns3:cad>0</ns3:cad>
          </ns3:TrackPointExtension>
        </extensions>
      </trkpt>
      <trkpt lat="35.9721261821687221527099609375" lon="-81.1060341261327266693115234375">
        <ele>503.399993896484375</ele>
        <time>2026-03-30T13:32:03.000Z</time>
        <extensions>
          <ns3:TrackPointExtension>
            <ns3:hr>112</ns3:hr>
            <ns3:cad>0</ns3:cad>
          </ns3:TrackPointExtension>
        </extensions>
      </trkpt>
      <trkpt lat="35.9721191413700580596923828125" lon="-81.10603018663823604583740234375">
        <ele>503.20001220703125</ele>
        <time>2026-03-30T13:32:04.000Z</time>
        <extensions>
          <ns3:TrackPointExtension>
            <ns3:hr>116</ns3:hr>
            <ns3:cad>0</ns3:cad>
          </ns3:TrackPointExtension>
        </extensions>
      </trkpt>
      <trkpt lat="35.97211218439042568206787109375" lon="-81.10602088272571563720703125">
        <ele>503</ele>
        <time>2026-03-30T13:32:05.000Z</time>
        <extensions>
          <ns3:TrackPointExtension>
            <ns3:hr>116</ns3:hr>
            <ns3:cad>0</ns3:cad>
          </ns3:TrackPointExtension>
        </extensions>
      </trkpt>
      <trkpt lat="35.97211151383817195892333984375" lon="-81.10601996071636676788330078125">
        <ele>502.79998779296875</ele>
        <time>2026-03-30T13:32:06.000Z</time>
        <extensions>
          <ns3:TrackPointExtension>
            <ns3:hr>116</ns3:hr>
            <ns3:cad>0</ns3:cad>
          </ns3:TrackPointExtension>
        </extensions>
      </trkpt>
      <trkpt lat="35.97211360931396484375" lon="-81.10601208172738552093505859375">
        <ele>502.600006103515625</ele>
        <time>2026-03-30T13:32:07.000Z</time>
        <extensions>
          <ns3:TrackPointExtension>
            <ns3:hr>113</ns3:hr>
            <ns3:cad>0</ns3:cad>
          </ns3:TrackPointExtension>
        </extensions>
      </trkpt>
      <trkpt lat="35.97211025655269622802734375" lon="-81.10599498264491558074951171875">
        <ele>502.20001220703125</ele>
        <time>2026-03-30T13:32:10.000Z</time>
        <extensions>
          <ns3:TrackPointExtension>
            <ns3:hr>112</ns3:hr>
            <ns3:cad>49</ns3:cad>
          </ns3:TrackPointExtension>
        </extensions>
      </trkpt>
      <trkpt lat="35.97210698761045932769775390625" lon="-81.1059784702956676483154296875">
        <ele>502</ele>
        <time>2026-03-30T13:32:12.000Z</time>
        <extensions>
          <ns3:TrackPointExtension>
            <ns3:hr>112</ns3:hr>
            <ns3:cad>0</ns3:cad>
          </ns3:TrackPointExtension>
        </extensions>
      </trkpt>
      <trkpt lat="35.9721110947430133819580078125" lon="-81.10595223493874073028564453125">
        <ele>501.20001220703125</ele>
        <time>2026-03-30T13:32:17.000Z</time>
        <extensions>
          <ns3:TrackPointExtension>
            <ns3:hr>107</ns3:hr>
            <ns3:cad>45</ns3:cad>
          </ns3:TrackPointExtension>
        </extensions>
      </trkpt>
      <trkpt lat="35.972108580172061920166015625" lon="-81.10594050027430057525634765625">
        <ele>500.79998779296875</ele>
        <time>2026-03-30T13:32:19.000Z</time>
        <extensions>
          <ns3:TrackPointExtension>
            <ns3:hr>107</ns3:hr>
            <ns3:cad>45</ns3:cad>
          </ns3:TrackPointExtension>
        </extensions>
      </trkpt>
      <trkpt lat="35.97208720631897449493408203125" lon="-81.1059291847050189971923828125">
        <ele>500</ele>
        <time>2026-03-30T13:32:24.000Z</time>
        <extensions>
          <ns3:TrackPointExtension>
            <ns3:hr>106</ns3:hr>
            <ns3:cad>48</ns3:cad>
          </ns3:TrackPointExtension>
        </extensions>
      </trkpt>
      <trkpt lat="35.9720745496451854705810546875" lon="-81.105930022895336151123046875">
        <ele>500</ele>
        <time>2026-03-30T13:32:25.000Z</time>
        <extensions>
          <ns3:TrackPointExtension>
            <ns3:hr>106</ns3:hr>
            <ns3:cad>50</ns3:cad>
          </ns3:TrackPointExtension>
        </extensions>
      </trkpt>
      <trkpt lat="35.97205351106822490692138671875" lon="-81.10590781085193157196044921875">
        <ele>499</ele>
        <time>2026-03-30T13:32:31.000Z</time>
        <extensions>
          <ns3:TrackPointExtension>
            <ns3:hr>107</ns3:hr>
            <ns3:cad>41</ns3:cad>
          </ns3:TrackPointExtension>
        </extensions>
      </trkpt>
      <trkpt lat="35.9720559418201446533203125" lon="-81.10590596683323383331298828125">
        <ele>499</ele>
        <time>2026-03-30T13:32:32.000Z</time>
        <extensions>
          <ns3:TrackPointExtension>
            <ns3:hr>107</ns3:hr>
            <ns3:cad>0</ns3:cad>
          </ns3:TrackPointExtension>
        </extensions>
      </trkpt>
      <trkpt lat="35.97205535508692264556884765625" lon="-81.1058611236512660980224609375">
        <ele>498</ele>
        <time>2026-03-30T13:32:41.000Z</time>
        <extensions>
          <ns3:TrackPointExtension>
            <ns3:hr>107</ns3:hr>
            <ns3:cad>0</ns3:cad>
          </ns3:TrackPointExtension>
        </extensions>
      </trkpt>
      <trkpt lat="35.9720567800104618072509765625" lon="-81.1058554239571094512939453125">
        <ele>497.600006103515625</ele>
        <time>2026-03-30T13:32:42.000Z</time>
        <extensions>
          <ns3:TrackPointExtension>
            <ns3:hr>107</ns3:hr>
            <ns3:cad>0</ns3:cad>
          </ns3:TrackPointExtension>
        </extensions>
      </trkpt>
      <trkpt lat="35.97206004895269870758056640625" lon="-81.1058302782475948333740234375">
        <ele>497.399993896484375</ele>
        <time>2026-03-30T13:32:46.000Z</time>
        <extensions>
          <ns3:TrackPointExtension>
            <ns3:hr>104</ns3:hr>
            <ns3:cad>0</ns3:cad>
          </ns3:TrackPointExtension>
        </extensions>
      </trkpt>
      <trkpt lat="35.97205258905887603759765625" lon="-81.10580940730869770050048828125">
        <ele>497</ele>
        <time>2026-03-30T13:32:49.000Z</time>
        <extensions>
          <ns3:TrackPointExtension>
            <ns3:hr>101</ns3:hr>
            <ns3:cad>0</ns3:cad>
          </ns3:TrackPointExtension>
        </extensions>
      </trkpt>
      <trkpt lat="35.9720490686595439910888671875" lon="-81.10580286942422389984130859375">
        <ele>496.79998779296875</ele>
        <time>2026-03-30T13:32:50.000Z</time>
        <extensions>
          <ns3:TrackPointExtension>
            <ns3:hr>100</ns3:hr>
            <ns3:cad>0</ns3:cad>
          </ns3:TrackPointExtension>
        </extensions>
      </trkpt>
      <trkpt lat="35.972030460834503173828125" lon="-81.1057970859110355377197265625">
        <ele>496</ele>
        <time>2026-03-30T13:32:57.000Z</time>
        <extensions>
          <ns3:TrackPointExtension>
            <ns3:hr>99</ns3:hr>
            <ns3:cad>0</ns3:cad>
          </ns3:TrackPointExtension>
        </extensions>
      </trkpt>
      <trkpt lat="35.972005315124988555908203125" lon="-81.10585534013807773590087890625">
        <ele>495.79998779296875</ele>
        <time>2026-03-30T13:33:04.000Z</time>
        <extensions>
          <ns3:TrackPointExtension>
            <ns3:hr>98</ns3:hr>
            <ns3:cad>0</ns3:cad>
          </ns3:TrackPointExtension>
        </extensions>
      </trkpt>
      <trkpt lat="35.9719957597553730010986328125" lon="-81.10585869289934635162353515625">
        <ele>495.79998779296875</ele>
        <time>2026-03-30T13:33:05.000Z</time>
        <extensions>
          <ns3:TrackPointExtension>
            <ns3:hr>98</ns3:hr>
            <ns3:cad>0</ns3:cad>
          </ns3:TrackPointExtension>
        </extensions>
      </trkpt>
      <trkpt lat="35.97195326350629329681396484375" lon="-81.10585458576679229736328125">
        <ele>495</ele>
        <time>2026-03-30T13:33:10.000Z</time>
        <extensions>
          <ns3:TrackPointExtension>
            <ns3:hr>98</ns3:hr>
            <ns3:cad>0</ns3:cad>
          </ns3:TrackPointExtension>
        </extensions>
      </trkpt>
      <trkpt lat="35.97192526794970035552978515625" lon="-81.10585064627230167388916015625">
        <ele>495</ele>
        <time>2026-03-30T13:33:15.000Z</time>
        <extensions>
          <ns3:TrackPointExtension>
            <ns3:hr>99</ns3:hr>
            <ns3:cad>0</ns3:cad>
          </ns3:TrackPointExtension>
        </extensions>
      </trkpt>
      <trkpt lat="35.971924178302288055419921875" lon="-81.1058386601507663726806640625">
        <ele>494.600006103515625</ele>
        <time>2026-03-30T13:33:18.000Z</time>
        <extensions>
          <ns3:TrackPointExtension>
            <ns3:hr>100</ns3:hr>
            <ns3:cad>0</ns3:cad>
          </ns3:TrackPointExtension>
        </extensions>
      </trkpt>
      <trkpt lat="35.9719209931790828704833984375" lon="-81.10583824105560779571533203125">
        <ele>494.399993896484375</ele>
        <time>2026-03-30T13:33:19.000Z</time>
        <extensions>
          <ns3:TrackPointExtension>
            <ns3:hr>103</ns3:hr>
            <ns3:cad>0</ns3:cad>
          </ns3:TrackPointExtension>
        </extensions>
      </trkpt>
      <trkpt lat="35.9719166345894336700439453125" lon="-81.10583941452205181121826171875">
        <ele>494.20001220703125</ele>
        <time>2026-03-30T13:33:20.000Z</time>
        <extensions>
          <ns3:TrackPointExtension>
            <ns3:hr>106</ns3:hr>
            <ns3:cad>0</ns3:cad>
          </ns3:TrackPointExtension>
        </extensions>
      </trkpt>
      <trkpt lat="35.97191177308559417724609375" lon="-81.10583857633173465728759765625">
        <ele>494</ele>
        <time>2026-03-30T13:33:24.000Z</time>
        <extensions>
          <ns3:TrackPointExtension>
            <ns3:hr>107</ns3:hr>
            <ns3:cad>0</ns3:cad>
          </ns3:TrackPointExtension>
        </extensions>
      </trkpt>
      <trkpt lat="35.97190146334469318389892578125" lon="-81.105835475027561187744140625">
        <ele>493.600006103515625</ele>
        <time>2026-03-30T13:33:29.000Z</time>
        <extensions>
          <ns3:TrackPointExtension>
            <ns3:hr>106</ns3:hr>
            <ns3:cad>73</ns3:cad>
          </ns3:TrackPointExtension>
        </extensions>
      </trkpt>
      <trkpt lat="35.97189224325120449066162109375" lon="-81.1058343015611171722412109375">
        <ele>493.399993896484375</ele>
        <time>2026-03-30T13:33:31.000Z</time>
        <extensions>
          <ns3:TrackPointExtension>
            <ns3:hr>103</ns3:hr>
            <ns3:cad>79</ns3:cad>
          </ns3:TrackPointExtension>
        </extensions>
      </trkpt>
      <trkpt lat="35.97187665291130542755126953125" lon="-81.10583581030368804931640625">
        <ele>493.20001220703125</ele>
        <time>2026-03-30T13:33:33.000Z</time>
        <extensions>
          <ns3:TrackPointExtension>
            <ns3:hr>99</ns3:hr>
            <ns3:cad>79</ns3:cad>
          </ns3:TrackPointExtension>
        </extensions>
      </trkpt>
      <trkpt lat="35.97187866456806659698486328125" lon="-81.1058406718075275421142578125">
        <ele>493</ele>
        <time>2026-03-30T13:33:34.000Z</time>
        <extensions>
          <ns3:TrackPointExtension>
            <ns3:hr>99</ns3:hr>
            <ns3:cad>79</ns3:cad>
          </ns3:TrackPointExtension>
        </extensions>
      </trkpt>
      <trkpt lat="35.971884615719318389892578125" lon="-81.10584863461554050445556640625">
        <ele>492.79998779296875</ele>
        <time>2026-03-30T13:33:35.000Z</time>
        <extensions>
          <ns3:TrackPointExtension>
            <ns3:hr>98</ns3:hr>
            <ns3:cad>79</ns3:cad>
          </ns3:TrackPointExtension>
        </extensions>
      </trkpt>
      <trkpt lat="35.97187631763517856597900390625" lon="-81.10586606897413730621337890625">
        <ele>492.600006103515625</ele>
        <time>2026-03-30T13:33:41.000Z</time>
        <extensions>
          <ns3:TrackPointExtension>
            <ns3:hr>99</ns3:hr>
            <ns3:cad>0</ns3:cad>
          </ns3:TrackPointExtension>
        </extensions>
      </trkpt>
      <trkpt lat="35.971870534121990203857421875" lon="-81.1059097386896610260009765625">
        <ele>493.399993896484375</ele>
        <time>2026-03-30T13:33:47.000Z</time>
        <extensions>
          <ns3:TrackPointExtension>
            <ns3:hr>98</ns3:hr>
            <ns3:cad>0</ns3:cad>
          </ns3:TrackPointExtension>
        </extensions>
      </trkpt>
      <trkpt lat="35.97185854800045490264892578125" lon="-81.10591116361320018768310546875">
        <ele>493.399993896484375</ele>
        <time>2026-03-30T13:33:50.000Z</time>
        <extensions>
          <ns3:TrackPointExtension>
            <ns3:hr>101</ns3:hr>
            <ns3:cad>0</ns3:cad>
          </ns3:TrackPointExtension>
        </extensions>
      </trkpt>
      <trkpt lat="35.97185435704886913299560546875" lon="-81.10591216944158077239990234375">
        <ele>493.399993896484375</ele>
        <time>2026-03-30T13:33:52.000Z</time>
        <extensions>
          <ns3:TrackPointExtension>
            <ns3:hr>110</ns3:hr>
            <ns3:cad>0</ns3:cad>
          </ns3:TrackPointExtension>
        </extensions>
      </trkpt>
      <trkpt lat="35.97185452468693256378173828125" lon="-81.105909906327724456787109375">
        <ele>493.399993896484375</ele>
        <time>2026-03-30T13:33:53.000Z</time>
        <extensions>
          <ns3:TrackPointExtension>
            <ns3:hr>112</ns3:hr>
            <ns3:cad>0</ns3:cad>
          </ns3:TrackPointExtension>
        </extensions>
      </trkpt>
      <trkpt lat="35.97184848971664905548095703125" lon="-81.10589138232171535491943359375">
        <ele>493.399993896484375</ele>
        <time>2026-03-30T13:33:59.000Z</time>
        <extensions>
          <ns3:TrackPointExtension>
            <ns3:hr>111</ns3:hr>
            <ns3:cad>0</ns3:cad>
          </ns3:TrackPointExtension>
        </extensions>
      </trkpt>
      <trkpt lat="35.9718239307403564453125" lon="-81.10589708201587200164794921875">
        <ele>492.399993896484375</ele>
        <time>2026-03-30T13:34:05.000Z</time>
        <extensions>
          <ns3:TrackPointExtension>
            <ns3:hr>112</ns3:hr>
            <ns3:cad>0</ns3:cad>
          </ns3:TrackPointExtension>
        </extensions>
      </trkpt>
      <trkpt lat="35.9718194045126438140869140625" lon="-81.1059020273387432098388671875">
        <ele>492.20001220703125</ele>
        <time>2026-03-30T13:34:07.000Z</time>
        <extensions>
          <ns3:TrackPointExtension>
            <ns3:hr>112</ns3:hr>
            <ns3:cad>0</ns3:cad>
          </ns3:TrackPointExtension>
        </extensions>
      </trkpt>
      <trkpt lat="35.97181311808526515960693359375" lon="-81.1059228144586086273193359375">
        <ele>492</ele>
        <time>2026-03-30T13:34:14.000Z</time>
        <extensions>
          <ns3:TrackPointExtension>
            <ns3:hr>110</ns3:hr>
            <ns3:cad>0</ns3:cad>
          </ns3:TrackPointExtension>
        </extensions>
      </trkpt>
      <trkpt lat="35.97180808894336223602294921875" lon="-81.105909235775470733642578125">
        <ele>492.20001220703125</ele>
        <time>2026-03-30T13:34:22.000Z</time>
        <extensions>
          <ns3:TrackPointExtension>
            <ns3:hr>111</ns3:hr>
            <ns3:cad>0</ns3:cad>
          </ns3:TrackPointExtension>
        </extensions>
      </trkpt>
      <trkpt lat="35.97180825658142566680908203125" lon="-81.105886436998844146728515625">
        <ele>492.20001220703125</ele>
        <time>2026-03-30T13:34:29.000Z</time>
        <extensions>
          <ns3:TrackPointExtension>
            <ns3:hr>109</ns3:hr>
            <ns3:cad>0</ns3:cad>
          </ns3:TrackPointExtension>
        </extensions>
      </trkpt>
      <trkpt lat="35.97180825658142566680908203125" lon="-81.105886436998844146728515625">
        <ele>492.399993896484375</ele>
        <time>2026-03-30T13:34:31.000Z</time>
        <extensions>
          <ns3:TrackPointExtension>
            <ns3:hr>106</ns3:hr>
            <ns3:cad>0</ns3:cad>
          </ns3:TrackPointExtension>
        </extensions>
      </trkpt>
      <trkpt lat="35.97180825658142566680908203125" lon="-81.105886436998844146728515625">
        <ele>492.399993896484375</ele>
        <time>2026-03-30T13:34:35.000Z</time>
        <extensions>
          <ns3:TrackPointExtension>
            <ns3:hr>103</ns3:hr>
            <ns3:cad>0</ns3:cad>
          </ns3:TrackPointExtension>
        </extensions>
      </trkpt>
      <trkpt lat="35.97180825658142566680908203125" lon="-81.105886436998844146728515625">
        <ele>492.600006103515625</ele>
        <time>2026-03-30T13:34:45.000Z</time>
        <extensions>
          <ns3:TrackPointExtension>
            <ns3:hr>102</ns3:hr>
            <ns3:cad>0</ns3:cad>
          </ns3:TrackPointExtension>
        </extensions>
      </trkpt>
      <trkpt lat="35.97183289937674999237060546875" lon="-81.105908565223217010498046875">
        <ele>492.600006103515625</ele>
        <time>2026-03-30T13:35:00.000Z</time>
        <extensions>
          <ns3:TrackPointExtension>
            <ns3:hr>99</ns3:hr>
            <ns3:cad>47</ns3:cad>
          </ns3:TrackPointExtension>
        </extensions>
      </trkpt>
      <trkpt lat="35.97184161655604839324951171875" lon="-81.105903200805187225341796875">
        <ele>492.399993896484375</ele>
        <time>2026-03-30T13:35:01.000Z</time>
        <extensions>
          <ns3:TrackPointExtension>
            <ns3:hr>99</ns3:hr>
            <ns3:cad>47</ns3:cad>
          </ns3:TrackPointExtension>
        </extensions>
      </trkpt>
      <trkpt lat="35.9718465618789196014404296875" lon="-81.1059003509581089019775390625">
        <ele>492.600006103515625</ele>
        <time>2026-03-30T13:35:02.000Z</time>
        <extensions>
          <ns3:TrackPointExtension>
            <ns3:hr>99</ns3:hr>
            <ns3:cad>47</ns3:cad>
          </ns3:TrackPointExtension>
        </extensions>
      </trkpt>
      <trkpt lat="35.9718834422528743743896484375" lon="-81.10589892603456974029541015625">
        <ele>493.600006103515625</ele>
        <time>2026-03-30T13:35:10.000Z</time>
        <extensions>
          <ns3:TrackPointExtension>
            <ns3:hr>98</ns3:hr>
            <ns3:cad>0</ns3:cad>
          </ns3:TrackPointExtension>
        </extensions>
      </trkpt>
      <trkpt lat="35.97188889048993587493896484375" lon="-81.10589104704558849334716796875">
        <ele>493.600006103515625</ele>
        <time>2026-03-30T13:35:12.000Z</time>
        <extensions>
          <ns3:TrackPointExtension>
            <ns3:hr>102</ns3:hr>
            <ns3:cad>0</ns3:cad>
          </ns3:TrackPointExtension>
        </extensions>
      </trkpt>
      <trkpt lat="35.971900708973407745361328125" lon="-81.10586925409734249114990234375">
        <ele>493.399993896484375</ele>
        <time>2026-03-30T13:35:18.000Z</time>
        <extensions>
          <ns3:TrackPointExtension>
            <ns3:hr>103</ns3:hr>
            <ns3:cad>0</ns3:cad>
          </ns3:TrackPointExtension>
        </extensions>
      </trkpt>
      <trkpt lat="35.9719330631196498870849609375" lon="-81.1058604530990123748779296875">
        <ele>494.20001220703125</ele>
        <time>2026-03-30T13:35:25.000Z</time>
        <extensions>
          <ns3:TrackPointExtension>
            <ns3:hr>105</ns3:hr>
            <ns3:cad>0</ns3:cad>
          </ns3:TrackPointExtension>
        </extensions>
      </trkpt>
      <trkpt lat="35.9719561971724033355712890625" lon="-81.1058552563190460205078125">
        <ele>494.600006103515625</ele>
        <time>2026-03-30T13:35:30.000Z</time>
        <extensions>
          <ns3:TrackPointExtension>
            <ns3:hr>108</ns3:hr>
            <ns3:cad>0</ns3:cad>
          </ns3:TrackPointExtension>
        </extensions>
      </trkpt>
      <trkpt lat="35.97195041365921497344970703125" lon="-81.10585299320518970489501953125">
        <ele>494.79998779296875</ele>
        <time>2026-03-30T13:35:32.000Z</time>
        <extensions>
          <ns3:TrackPointExtension>
            <ns3:hr>109</ns3:hr>
            <ns3:cad>0</ns3:cad>
          </ns3:TrackPointExtension>
        </extensions>
      </trkpt>
      <trkpt lat="35.97199332900345325469970703125" lon="-81.1058416776359081268310546875">
        <ele>495</ele>
        <time>2026-03-30T13:35:39.000Z</time>
        <extensions>
          <ns3:TrackPointExtension>
            <ns3:hr>109</ns3:hr>
            <ns3:cad>0</ns3:cad>
          </ns3:TrackPointExtension>
        </extensions>
      </trkpt>
      <trkpt lat="35.97203649580478668212890625" lon="-81.1058383248746395111083984375">
        <ele>495.79998779296875</ele>
        <time>2026-03-30T13:35:45.000Z</time>
        <extensions>
          <ns3:TrackPointExtension>
            <ns3:hr>114</ns3:hr>
            <ns3:cad>43</ns3:cad>
          </ns3:TrackPointExtension>
        </extensions>
      </trkpt>
      <trkpt lat="35.97204077057540416717529296875" lon="-81.10584226436913013458251953125">
        <ele>495.79998779296875</ele>
        <time>2026-03-30T13:35:46.000Z</time>
        <extensions>
          <ns3:TrackPointExtension>
            <ns3:hr>114</ns3:hr>
            <ns3:cad>43</ns3:cad>
          </ns3:TrackPointExtension>
        </extensions>
      </trkpt>
      <trkpt lat="35.97205652855336666107177734375" lon="-81.10583757050335407257080078125">
        <ele>496</ele>
        <time>2026-03-30T13:35:49.000Z</time>
        <extensions>
          <ns3:TrackPointExtension>
            <ns3:hr>117</ns3:hr>
            <ns3:cad>0</ns3:cad>
          </ns3:TrackPointExtension>
        </extensions>
      </trkpt>
      <trkpt lat="35.97207228653132915496826171875" lon="-81.10582248307764530181884765625">
        <ele>496.20001220703125</ele>
        <time>2026-03-30T13:35:52.000Z</time>
        <extensions>
          <ns3:TrackPointExtension>
            <ns3:hr>120</ns3:hr>
            <ns3:cad>0</ns3:cad>
          </ns3:TrackPointExtension>
        </extensions>
      </trkpt>
      <trkpt lat="35.97208200953900814056396484375" lon="-81.10582633875310420989990234375">
        <ele>496.79998779296875</ele>
        <time>2026-03-30T13:35:57.000Z</time>
        <extensions>
          <ns3:TrackPointExtension>
            <ns3:hr>119</ns3:hr>
            <ns3:cad>0</ns3:cad>
          </ns3:TrackPointExtension>
        </extensions>
      </trkpt>
      <trkpt lat="35.97208301536738872528076171875" lon="-81.10583304427564144134521484375">
        <ele>496.79998779296875</ele>
        <time>2026-03-30T13:35:58.000Z</time>
        <extensions>
          <ns3:TrackPointExtension>
            <ns3:hr>119</ns3:hr>
            <ns3:cad>0</ns3:cad>
          </ns3:TrackPointExtension>
        </extensions>
      </trkpt>
      <trkpt lat="35.9721365757286548614501953125" lon="-81.10584159381687641143798828125">
        <ele>497.79998779296875</ele>
        <time>2026-03-30T13:36:06.000Z</time>
        <extensions>
          <ns3:TrackPointExtension>
            <ns3:hr>120</ns3:hr>
            <ns3:cad>0</ns3:cad>
          </ns3:TrackPointExtension>
        </extensions>
      </trkpt>
      <trkpt lat="35.97214085049927234649658203125" lon="-81.10584310255944728851318359375">
        <ele>497.79998779296875</ele>
        <time>2026-03-30T13:36:07.000Z</time>
        <extensions>
          <ns3:TrackPointExtension>
            <ns3:hr>120</ns3:hr>
            <ns3:cad>64</ns3:cad>
          </ns3:TrackPointExtension>
        </extensions>
      </trkpt>
      <trkpt lat="35.97216482274234294891357421875" lon="-81.1058550886809825897216796875">
        <ele>498.399993896484375</ele>
        <time>2026-03-30T13:36:11.000Z</time>
        <extensions>
          <ns3:TrackPointExtension>
            <ns3:hr>124</ns3:hr>
            <ns3:cad>71</ns3:cad>
          </ns3:TrackPointExtension>
        </extensions>
      </trkpt>
      <trkpt lat="35.97217069007456302642822265625" lon="-81.10586070455610752105712890625">
        <ele>498.79998779296875</ele>
        <time>2026-03-30T13:36:15.000Z</time>
        <extensions>
          <ns3:TrackPointExtension>
            <ns3:hr>127</ns3:hr>
            <ns3:cad>0</ns3:cad>
          </ns3:TrackPointExtension>
        </extensions>
      </trkpt>
      <trkpt lat="35.97216884605586528778076171875" lon="-81.10586707480251789093017578125">
        <ele>499</ele>
        <time>2026-03-30T13:36:16.000Z</time>
        <extensions>
          <ns3:TrackPointExtension>
            <ns3:hr>126</ns3:hr>
            <ns3:cad>0</ns3:cad>
          </ns3:TrackPointExtension>
        </extensions>
      </trkpt>
      <trkpt lat="35.9722016192972660064697265625" lon="-81.105889789760112762451171875">
        <ele>500</ele>
        <time>2026-03-30T13:36:22.000Z</time>
        <extensions>
          <ns3:TrackPointExtension>
            <ns3:hr>127</ns3:hr>
            <ns3:cad>75</ns3:cad>
          </ns3:TrackPointExtension>
        </extensions>
      </trkpt>
      <trkpt lat="35.972252748906612396240234375" lon="-81.105880402028560638427734375">
        <ele>501</ele>
        <time>2026-03-30T13:36:29.000Z</time>
        <extensions>
          <ns3:TrackPointExtension>
            <ns3:hr>124</ns3:hr>
            <ns3:cad>0</ns3:cad>
          </ns3:TrackPointExtension>
        </extensions>
      </trkpt>
      <trkpt lat="35.97225802950561046600341796875" lon="-81.1058782227337360382080078125">
        <ele>501</ele>
        <time>2026-03-30T13:36:30.000Z</time>
        <extensions>
          <ns3:TrackPointExtension>
            <ns3:hr>122</ns3:hr>
            <ns3:cad>0</ns3:cad>
          </ns3:TrackPointExtension>
        </extensions>
      </trkpt>
      <trkpt lat="35.97226758487522602081298828125" lon="-81.10587294213473796844482421875">
        <ele>501</ele>
        <time>2026-03-30T13:36:36.000Z</time>
        <extensions>
          <ns3:TrackPointExtension>
            <ns3:hr>124</ns3:hr>
            <ns3:cad>0</ns3:cad>
          </ns3:TrackPointExtension>
        </extensions>
      </trkpt>
      <trkpt lat="35.97227948717772960662841796875" lon="-81.1058980040252208709716796875">
        <ele>502.20001220703125</ele>
        <time>2026-03-30T13:36:42.000Z</time>
        <extensions>
          <ns3:TrackPointExtension>
            <ns3:hr>122</ns3:hr>
            <ns3:cad>0</ns3:cad>
          </ns3:TrackPointExtension>
        </extensions>
      </trkpt>
      <trkpt lat="35.97228820435702800750732421875" lon="-81.10589389689266681671142578125">
        <ele>502.399993896484375</ele>
        <time>2026-03-30T13:36:44.000Z</time>
        <extensions>
          <ns3:TrackPointExtension>
            <ns3:hr>123</ns3:hr>
            <ns3:cad>0</ns3:cad>
          </ns3:TrackPointExtension>
        </extensions>
      </trkpt>
      <trkpt lat="35.9722944907844066619873046875" lon="-81.10586908645927906036376953125">
        <ele>502.79998779296875</ele>
        <time>2026-03-30T13:36:51.000Z</time>
        <extensions>
          <ns3:TrackPointExtension>
            <ns3:hr>125</ns3:hr>
            <ns3:cad>0</ns3:cad>
          </ns3:TrackPointExtension>
        </extensions>
      </trkpt>
      <trkpt lat="35.97228527069091796875" lon="-81.1058614589273929595947265625">
        <ele>502.79998779296875</ele>
        <time>2026-03-30T13:37:01.000Z</time>
        <extensions>
          <ns3:TrackPointExtension>
            <ns3:hr>126</ns3:hr>
            <ns3:cad>0</ns3:cad>
          </ns3:TrackPointExtension>
        </extensions>
      </trkpt>
      <trkpt lat="35.97226180136203765869140625" lon="-81.10588274896144866943359375">
        <ele>502.79998779296875</ele>
        <time>2026-03-30T13:37:07.000Z</time>
        <extensions>
          <ns3:TrackPointExtension>
            <ns3:hr>123</ns3:hr>
            <ns3:cad>0</ns3:cad>
          </ns3:TrackPointExtension>
        </extensions>
      </trkpt>
      <trkpt lat="35.9722555987536907196044921875" lon="-81.105888783931732177734375">
        <ele>502.79998779296875</ele>
        <time>2026-03-30T13:37:08.000Z</time>
        <extensions>
          <ns3:TrackPointExtension>
            <ns3:hr>123</ns3:hr>
            <ns3:cad>0</ns3:cad>
          </ns3:TrackPointExtension>
        </extensions>
      </trkpt>
      <trkpt lat="35.97224461846053600311279296875" lon="-81.1059089004993438720703125">
        <ele>503.20001220703125</ele>
        <time>2026-03-30T13:37:11.000Z</time>
        <extensions>
          <ns3:TrackPointExtension>
            <ns3:hr>120</ns3:hr>
            <ns3:cad>0</ns3:cad>
          </ns3:TrackPointExtension>
        </extensions>
      </trkpt>
      <trkpt lat="35.97224025987088680267333984375" lon="-81.10592340119183063507080078125">
        <ele>503.20001220703125</ele>
        <time>2026-03-30T13:37:14.000Z</time>
        <extensions>
          <ns3:TrackPointExtension>
            <ns3:hr>116</ns3:hr>
            <ns3:cad>0</ns3:cad>
          </ns3:TrackPointExtension>
        </extensions>
      </trkpt>
      <trkpt lat="35.97223388962447643280029296875" lon="-81.10593371093273162841796875">
        <ele>503.399993896484375</ele>
        <time>2026-03-30T13:37:16.000Z</time>
        <extensions>
          <ns3:TrackPointExtension>
            <ns3:hr>114</ns3:hr>
            <ns3:cad>0</ns3:cad>
          </ns3:TrackPointExtension>
        </extensions>
      </trkpt>
      <trkpt lat="35.97222869284451007843017578125" lon="-81.10594200901687145233154296875">
        <ele>503.399993896484375</ele>
        <time>2026-03-30T13:37:19.000Z</time>
        <extensions>
          <ns3:TrackPointExtension>
            <ns3:hr>118</ns3:hr>
            <ns3:cad>0</ns3:cad>
          </ns3:TrackPointExtension>
        </extensions>
      </trkpt>
      <trkpt lat="35.97222433425486087799072265625" lon="-81.105947792530059814453125">
        <ele>503.399993896484375</ele>
        <time>2026-03-30T13:37:21.000Z</time>
        <extensions>
          <ns3:TrackPointExtension>
            <ns3:hr>115</ns3:hr>
            <ns3:cad>0</ns3:cad>
          </ns3:TrackPointExtension>
        </extensions>
      </trkpt>
      <trkpt lat="35.97222483716905117034912109375" lon="-81.10594972036778926849365234375">
        <ele>503.399993896484375</ele>
        <time>2026-03-30T13:37:22.000Z</time>
        <extensions>
          <ns3:TrackPointExtension>
            <ns3:hr>114</ns3:hr>
            <ns3:cad>0</ns3:cad>
          </ns3:TrackPointExtension>
        </extensions>
      </trkpt>
      <trkpt lat="35.97222500480711460113525390625" lon="-81.105954833328723907470703125">
        <ele>503.399993896484375</ele>
        <time>2026-03-30T13:37:27.000Z</time>
        <extensions>
          <ns3:TrackPointExtension>
            <ns3:hr>111</ns3:hr>
            <ns3:cad>0</ns3:cad>
          </ns3:TrackPointExtension>
        </extensions>
      </trkpt>
      <trkpt lat="35.97223363816738128662109375" lon="-81.10595642589032649993896484375">
        <ele>503.399993896484375</ele>
        <time>2026-03-30T13:37:29.000Z</time>
        <extensions>
          <ns3:TrackPointExtension>
            <ns3:hr>108</ns3:hr>
            <ns3:cad>0</ns3:cad>
          </ns3:TrackPointExtension>
        </extensions>
      </trkpt>
      <trkpt lat="35.97225115634500980377197265625" lon="-81.105944775044918060302734375">
        <ele>503.399993896484375</ele>
        <time>2026-03-30T13:37:32.000Z</time>
        <extensions>
          <ns3:TrackPointExtension>
            <ns3:hr>107</ns3:hr>
            <ns3:cad>0</ns3:cad>
          </ns3:TrackPointExtension>
        </extensions>
      </trkpt>
      <trkpt lat="35.97228954546153545379638671875" lon="-81.1058788932859897613525390625">
        <ele>503</ele>
        <time>2026-03-30T13:37:40.000Z</time>
        <extensions>
          <ns3:TrackPointExtension>
            <ns3:hr>109</ns3:hr>
            <ns3:cad>0</ns3:cad>
          </ns3:TrackPointExtension>
        </extensions>
      </trkpt>
      <trkpt lat="35.9723337180912494659423828125" lon="-81.1058457009494304656982421875">
        <ele>503</ele>
        <time>2026-03-30T13:37:47.000Z</time>
        <extensions>
          <ns3:TrackPointExtension>
            <ns3:hr>109</ns3:hr>
            <ns3:cad>0</ns3:cad>
          </ns3:TrackPointExtension>
        </extensions>
      </trkpt>
      <trkpt lat="35.97236816771328449249267578125" lon="-81.10581167042255401611328125">
        <ele>503.20001220703125</ele>
        <time>2026-03-30T13:37:53.000Z</time>
        <extensions>
          <ns3:TrackPointExtension>
            <ns3:hr>105</ns3:hr>
            <ns3:cad>0</ns3:cad>
          </ns3:TrackPointExtension>
        </extensions>
      </trkpt>
      <trkpt lat="35.97236883826553821563720703125" lon="-81.10579683445394039154052734375">
        <ele>503</ele>
        <time>2026-03-30T13:37:55.000Z</time>
        <extensions>
          <ns3:TrackPointExtension>
            <ns3:hr>102</ns3:hr>
            <ns3:cad>0</ns3:cad>
          </ns3:TrackPointExtension>
        </extensions>
      </trkpt>
      <trkpt lat="35.972359366714954376220703125" lon="-81.10575710423290729522705078125">
        <ele>502.399993896484375</ele>
        <time>2026-03-30T13:38:00.000Z</time>
        <extensions>
          <ns3:TrackPointExtension>
            <ns3:hr>104</ns3:hr>
            <ns3:cad>0</ns3:cad>
          </ns3:TrackPointExtension>
        </extensions>
      </trkpt>
      <trkpt lat="35.97234838642179965972900390625" lon="-81.1057494767010211944580078125">
        <ele>502.20001220703125</ele>
        <time>2026-03-30T13:38:02.000Z</time>
        <extensions>
          <ns3:TrackPointExtension>
            <ns3:hr>105</ns3:hr>
            <ns3:cad>40</ns3:cad>
          </ns3:TrackPointExtension>
        </extensions>
      </trkpt>
      <trkpt lat="35.9723471291363239288330078125" lon="-81.1057199724018573760986328125">
        <ele>501.20001220703125</ele>
        <time>2026-03-30T13:38:08.000Z</time>
        <extensions>
          <ns3:TrackPointExtension>
            <ns3:hr>105</ns3:hr>
            <ns3:cad>45</ns3:cad>
          </ns3:TrackPointExtension>
        </extensions>
      </trkpt>
      <trkpt lat="35.9723534993827342987060546875" lon="-81.1057196371257305145263671875">
        <ele>501</ele>
        <time>2026-03-30T13:38:09.000Z</time>
        <extensions>
          <ns3:TrackPointExtension>
            <ns3:hr>104</ns3:hr>
            <ns3:cad>45</ns3:cad>
          </ns3:TrackPointExtension>
        </extensions>
      </trkpt>
      <trkpt lat="35.972369424998760223388671875" lon="-81.10569792799651622772216796875">
        <ele>500.600006103515625</ele>
        <time>2026-03-30T13:38:14.000Z</time>
        <extensions>
          <ns3:TrackPointExtension>
            <ns3:hr>103</ns3:hr>
            <ns3:cad>0</ns3:cad>
          </ns3:TrackPointExtension>
        </extensions>
      </trkpt>
      <trkpt lat="35.97237638197839260101318359375" lon="-81.10564210452139377593994140625">
        <ele>500</ele>
        <time>2026-03-30T13:38:21.000Z</time>
        <extensions>
          <ns3:TrackPointExtension>
            <ns3:hr>102</ns3:hr>
            <ns3:cad>0</ns3:cad>
          </ns3:TrackPointExtension>
        </extensions>
      </trkpt>
      <trkpt lat="35.97237235866487026214599609375" lon="-81.1056089960038661956787109375">
        <ele>499.399993896484375</ele>
        <time>2026-03-30T13:38:27.000Z</time>
        <extensions>
          <ns3:TrackPointExtension>
            <ns3:hr>102</ns3:hr>
            <ns3:cad>0</ns3:cad>
          </ns3:TrackPointExtension>
        </extensions>
      </trkpt>
      <trkpt lat="35.9723588638007640838623046875" lon="-81.10558728687465190887451171875">
        <ele>499</ele>
        <time>2026-03-30T13:38:30.000Z</time>
        <extensions>
          <ns3:TrackPointExtension>
            <ns3:hr>101</ns3:hr>
            <ns3:cad>0</ns3:cad>
          </ns3:TrackPointExtension>
        </extensions>
      </trkpt>
      <trkpt lat="35.972354672849178314208984375" lon="-81.1055761389434337615966796875">
        <ele>498.600006103515625</ele>
        <time>2026-03-30T13:38:33.000Z</time>
        <extensions>
          <ns3:TrackPointExtension>
            <ns3:hr>101</ns3:hr>
            <ns3:cad>0</ns3:cad>
          </ns3:TrackPointExtension>
        </extensions>
      </trkpt>
      <trkpt lat="35.9723407588899135589599609375" lon="-81.10555392690002918243408203125">
        <ele>497.79998779296875</ele>
        <time>2026-03-30T13:38:37.000Z</time>
        <extensions>
          <ns3:TrackPointExtension>
            <ns3:hr>103</ns3:hr>
            <ns3:cad>0</ns3:cad>
          </ns3:TrackPointExtension>
        </extensions>
      </trkpt>
      <trkpt lat="35.9723072312772274017333984375" lon="-81.1055312119424343109130859375">
        <ele>497.399993896484375</ele>
        <time>2026-03-30T13:38:41.000Z</time>
        <extensions>
          <ns3:TrackPointExtension>
            <ns3:hr>102</ns3:hr>
            <ns3:cad>0</ns3:cad>
          </ns3:TrackPointExtension>
        </extensions>
      </trkpt>
      <trkpt lat="35.97231485880911350250244140625" lon="-81.105508245527744293212890625">
        <ele>496.79998779296875</ele>
        <time>2026-03-30T13:38:46.000Z</time>
        <extensions>
          <ns3:TrackPointExtension>
            <ns3:hr>102</ns3:hr>
            <ns3:cad>0</ns3:cad>
          </ns3:TrackPointExtension>
        </extensions>
      </trkpt>
      <trkpt lat="35.97231536172330379486083984375" lon="-81.1055023781955242156982421875">
        <ele>496.600006103515625</ele>
        <time>2026-03-30T13:38:47.000Z</time>
        <extensions>
          <ns3:TrackPointExtension>
            <ns3:hr>101</ns3:hr>
            <ns3:cad>0</ns3:cad>
          </ns3:TrackPointExtension>
        </extensions>
      </trkpt>
      <trkpt lat="35.9723223187029361724853515625" lon="-81.1054717004299163818359375">
        <ele>496.399993896484375</ele>
        <time>2026-03-30T13:38:52.000Z</time>
        <extensions>
          <ns3:TrackPointExtension>
            <ns3:hr>100</ns3:hr>
            <ns3:cad>0</ns3:cad>
          </ns3:TrackPointExtension>
        </extensions>
      </trkpt>
      <trkpt lat="35.9723199717700481414794921875" lon="-81.10547815449535846710205078125">
        <ele>496.399993896484375</ele>
        <time>2026-03-30T13:39:00.000Z</time>
        <extensions>
          <ns3:TrackPointExtension>
            <ns3:hr>97</ns3:hr>
            <ns3:cad>0</ns3:cad>
          </ns3:TrackPointExtension>
        </extensions>
      </trkpt>
      <trkpt lat="35.9723233245313167572021484375" lon="-81.10546432435512542724609375">
        <ele>496.79998779296875</ele>
        <time>2026-03-30T13:39:03.000Z</time>
        <extensions>
          <ns3:TrackPointExtension>
            <ns3:hr>101</ns3:hr>
            <ns3:cad>0</ns3:cad>
          </ns3:TrackPointExtension>
        </extensions>
      </trkpt>
      <trkpt lat="35.9723233245313167572021484375" lon="-81.10546432435512542724609375">
        <ele>496.600006103515625</ele>
        <time>2026-03-30T13:39:05.000Z</time>
        <extensions>
          <ns3:TrackPointExtension>
            <ns3:hr>104</ns3:hr>
            <ns3:cad>0</ns3:cad>
          </ns3:TrackPointExtension>
        </extensions>
      </trkpt>
      <trkpt lat="35.97233665175735950469970703125" lon="-81.10547513701021671295166015625">
        <ele>496.399993896484375</ele>
        <time>2026-03-30T13:39:12.000Z</time>
        <extensions>
          <ns3:TrackPointExtension>
            <ns3:hr>105</ns3:hr>
            <ns3:cad>0</ns3:cad>
          </ns3:TrackPointExtension>
        </extensions>
      </trkpt>
      <trkpt lat="35.97234427928924560546875" lon="-81.10547312535345554351806640625">
        <ele>496.600006103515625</ele>
        <time>2026-03-30T13:39:14.000Z</time>
        <extensions>
          <ns3:TrackPointExtension>
            <ns3:hr>109</ns3:hr>
            <ns3:cad>0</ns3:cad>
          </ns3:TrackPointExtension>
        </extensions>
      </trkpt>
      <trkpt lat="35.97238509915769100189208984375" lon="-81.1054584570229053497314453125">
        <ele>497.20001220703125</ele>
        <time>2026-03-30T13:39:21.000Z</time>
        <extensions>
          <ns3:TrackPointExtension>
            <ns3:hr>106</ns3:hr>
            <ns3:cad>0</ns3:cad>
          </ns3:TrackPointExtension>
        </extensions>
      </trkpt>
      <trkpt lat="35.97239901311695575714111328125" lon="-81.105481088161468505859375">
        <ele>497.399993896484375</ele>
        <time>2026-03-30T13:39:26.000Z</time>
        <extensions>
          <ns3:TrackPointExtension>
            <ns3:hr>109</ns3:hr>
            <ns3:cad>0</ns3:cad>
          </ns3:TrackPointExtension>
        </extensions>
      </trkpt>
      <trkpt lat="35.9724047966301441192626953125" lon="-81.10548368655145168304443359375">
        <ele>497.600006103515625</ele>
        <time>2026-03-30T13:39:27.000Z</time>
        <extensions>
          <ns3:TrackPointExtension>
            <ns3:hr>109</ns3:hr>
            <ns3:cad>40</ns3:cad>
          </ns3:TrackPointExtension>
        </extensions>
      </trkpt>
      <trkpt lat="35.97241695038974285125732421875" lon="-81.1054691858589649200439453125">
        <ele>497.79998779296875</ele>
        <time>2026-03-30T13:39:29.000Z</time>
        <extensions>
          <ns3:TrackPointExtension>
            <ns3:hr>109</ns3:hr>
            <ns3:cad>0</ns3:cad>
          </ns3:TrackPointExtension>
        </extensions>
      </trkpt>
      <trkpt lat="35.97242935560643672943115234375" lon="-81.10546298325061798095703125">
        <ele>498</ele>
        <time>2026-03-30T13:39:32.000Z</time>
        <extensions>
          <ns3:TrackPointExtension>
            <ns3:hr>108</ns3:hr>
            <ns3:cad>0</ns3:cad>
          </ns3:TrackPointExtension>
        </extensions>
      </trkpt>
      <trkpt lat="35.9724527411162853240966796875" lon="-81.10546356998383998870849609375">
        <ele>497.600006103515625</ele>
        <time>2026-03-30T13:39:40.000Z</time>
        <extensions>
          <ns3:TrackPointExtension>
            <ns3:hr>110</ns3:hr>
            <ns3:cad>0</ns3:cad>
          </ns3:TrackPointExtension>
        </extensions>
      </trkpt>
      <trkpt lat="35.972467325627803802490234375" lon="-81.10545736737549304962158203125">
        <ele>497.20001220703125</ele>
        <time>2026-03-30T13:39:42.000Z</time>
        <extensions>
          <ns3:TrackPointExtension>
            <ns3:hr>113</ns3:hr>
            <ns3:cad>0</ns3:cad>
          </ns3:TrackPointExtension>
        </extensions>
      </trkpt>
      <trkpt lat="35.97248375415802001953125" lon="-81.10545719973742961883544921875">
        <ele>497.399993896484375</ele>
        <time>2026-03-30T13:39:51.000Z</time>
        <extensions>
          <ns3:TrackPointExtension>
            <ns3:hr>114</ns3:hr>
            <ns3:cad>0</ns3:cad>
          </ns3:TrackPointExtension>
        </extensions>
      </trkpt>
      <trkpt lat="35.97249037586152553558349609375" lon="-81.10546725802123546600341796875">
        <ele>497.20001220703125</ele>
        <time>2026-03-30T13:39:57.000Z</time>
        <extensions>
          <ns3:TrackPointExtension>
            <ns3:hr>107</ns3:hr>
            <ns3:cad>0</ns3:cad>
          </ns3:TrackPointExtension>
        </extensions>
      </trkpt>
      <trkpt lat="35.97249037586152553558349609375" lon="-81.105467341840267181396484375">
        <ele>497.20001220703125</ele>
        <time>2026-03-30T13:39:58.000Z</time>
        <extensions>
          <ns3:TrackPointExtension>
            <ns3:hr>93</ns3:hr>
            <ns3:cad>0</ns3:cad>
          </ns3:TrackPointExtension>
        </extensions>
      </trkpt>
      <trkpt lat="35.97249037586152553558349609375" lon="-81.105467341840267181396484375">
        <ele>497.20001220703125</ele>
        <time>2026-03-30T13:39:59.000Z</time>
        <extensions>
          <ns3:TrackPointExtension>
            <ns3:hr>90</ns3:hr>
            <ns3:cad>0</ns3:cad>
          </ns3:TrackPointExtension>
        </extensions>
      </trkpt>
      <trkpt lat="35.97250060178339481353759765625" lon="-81.10546926967799663543701171875">
        <ele>497.399993896484375</ele>
        <time>2026-03-30T13:40:06.000Z</time>
        <extensions>
          <ns3:TrackPointExtension>
            <ns3:hr>90</ns3:hr>
            <ns3:cad>0</ns3:cad>
          </ns3:TrackPointExtension>
        </extensions>
      </trkpt>
      <trkpt lat="35.9724859334528446197509765625" lon="-81.1054628156125545501708984375">
        <ele>497.79998779296875</ele>
        <time>2026-03-30T13:40:08.000Z</time>
        <extensions>
          <ns3:TrackPointExtension>
            <ns3:hr>91</ns3:hr>
            <ns3:cad>0</ns3:cad>
          </ns3:TrackPointExtension>
        </extensions>
      </trkpt>
      <trkpt lat="35.9724520705640316009521484375" lon="-81.10544261522591114044189453125">
        <ele>495</ele>
        <time>2026-03-30T13:42:36.000Z</time>
        <extensions>
          <ns3:TrackPointExtension>
            <ns3:hr>82</ns3:hr>
            <ns3:cad>0</ns3:cad>
          </ns3:TrackPointExtension>
        </extensions>
      </trkpt>
      <trkpt lat="35.97245114855468273162841796875" lon="-81.1054386757314205169677734375">
        <ele>495</ele>
        <time>2026-03-30T13:42:38.000Z</time>
        <extensions>
          <ns3:TrackPointExtension>
            <ns3:hr>81</ns3:hr>
            <ns3:cad>0</ns3:cad>
          </ns3:TrackPointExtension>
        </extensions>
      </trkpt>
      <trkpt lat="35.9724440239369869232177734375" lon="-81.10542333684861660003662109375">
        <ele>494.600006103515625</ele>
        <time>2026-03-30T13:42:51.000Z</time>
        <extensions>
          <ns3:TrackPointExtension>
            <ns3:hr>81</ns3:hr>
            <ns3:cad>0</ns3:cad>
          </ns3:TrackPointExtension>
        </extensions>
      </trkpt>
      <trkpt lat="35.97243857569992542266845703125" lon="-81.10541361384093761444091796875">
        <ele>494.399993896484375</ele>
        <time>2026-03-30T13:43:01.000Z</time>
        <extensions>
          <ns3:TrackPointExtension>
            <ns3:hr>78</ns3:hr>
            <ns3:cad>0</ns3:cad>
          </ns3:TrackPointExtension>
        </extensions>
      </trkpt>
      <trkpt lat="35.9724376536905765533447265625" lon="-81.1054095067083835601806640625">
        <ele>494.600006103515625</ele>
        <time>2026-03-30T13:43:09.000Z</time>
        <extensions>
          <ns3:TrackPointExtension>
            <ns3:hr>78</ns3:hr>
            <ns3:cad>0</ns3:cad>
          </ns3:TrackPointExtension>
        </extensions>
      </trkpt>
      <trkpt lat="35.9724376536905765533447265625" lon="-81.1054095067083835601806640625">
        <ele>494.399993896484375</ele>
        <time>2026-03-30T13:43:25.000Z</time>
        <extensions>
          <ns3:TrackPointExtension>
            <ns3:hr>81</ns3:hr>
            <ns3:cad>0</ns3:cad>
          </ns3:TrackPointExtension>
        </extensions>
      </trkpt>
      <trkpt lat="35.9724376536905765533447265625" lon="-81.1054095067083835601806640625">
        <ele>494.20001220703125</ele>
        <time>2026-03-30T13:43:33.000Z</time>
        <extensions>
          <ns3:TrackPointExtension>
            <ns3:hr>80</ns3:hr>
            <ns3:cad>0</ns3:cad>
          </ns3:TrackPointExtension>
        </extensions>
      </trkpt>
      <trkpt lat="35.9724483825266361236572265625" lon="-81.10540841706097126007080078125">
        <ele>494</ele>
        <time>2026-03-30T13:43:38.000Z</time>
        <extensions>
          <ns3:TrackPointExtension>
            <ns3:hr>81</ns3:hr>
            <ns3:cad>0</ns3:cad>
          </ns3:TrackPointExtension>
        </extensions>
      </trkpt>
      <trkpt lat="35.9724624641239643096923828125" lon="-81.10543674789369106292724609375">
        <ele>494.20001220703125</ele>
        <time>2026-03-30T13:43:50.000Z</time>
        <extensions>
          <ns3:TrackPointExtension>
            <ns3:hr>81</ns3:hr>
            <ns3:cad>0</ns3:cad>
          </ns3:TrackPointExtension>
        </extensions>
      </trkpt>
      <trkpt lat="35.9724624641239643096923828125" lon="-81.10543674789369106292724609375">
        <ele>493.600006103515625</ele>
        <time>2026-03-30T13:44:03.000Z</time>
        <extensions>
          <ns3:TrackPointExtension>
            <ns3:hr>81</ns3:hr>
            <ns3:cad>0</ns3:cad>
          </ns3:TrackPointExtension>
        </extensions>
      </trkpt>
      <trkpt lat="35.9724624641239643096923828125" lon="-81.10543674789369106292724609375">
        <ele>493.600006103515625</ele>
        <time>2026-03-30T13:44:12.000Z</time>
        <extensions>
          <ns3:TrackPointExtension>
            <ns3:hr>79</ns3:hr>
            <ns3:cad>0</ns3:cad>
          </ns3:TrackPointExtension>
        </extensions>
      </trkpt>
      <trkpt lat="35.97245601005852222442626953125" lon="-81.10545937903225421905517578125">
        <ele>493.20001220703125</ele>
        <time>2026-03-30T13:44:35.000Z</time>
        <extensions>
          <ns3:TrackPointExtension>
            <ns3:hr>79</ns3:hr>
            <ns3:cad>0</ns3:cad>
          </ns3:TrackPointExtension>
        </extensions>
      </trkpt>
      <trkpt lat="35.97245089709758758544921875" lon="-81.10545150004327297210693359375">
        <ele>493.20001220703125</ele>
        <time>2026-03-30T13:44:52.000Z</time>
        <extensions>
          <ns3:TrackPointExtension>
            <ns3:hr>80</ns3:hr>
            <ns3:cad>0</ns3:cad>
          </ns3:TrackPointExtension>
        </extensions>
      </trkpt>
      <trkpt lat="35.97245089709758758544921875" lon="-81.10545150004327297210693359375">
        <ele>493</ele>
        <time>2026-03-30T13:44:56.000Z</time>
        <extensions>
          <ns3:TrackPointExtension>
            <ns3:hr>78</ns3:hr>
            <ns3:cad>0</ns3:cad>
          </ns3:TrackPointExtension>
        </extensions>
      </trkpt>
      <trkpt lat="35.97245089709758758544921875" lon="-81.10545150004327297210693359375">
        <ele>493</ele>
        <time>2026-03-30T13:45:12.000Z</time>
        <extensions>
          <ns3:TrackPointExtension>
            <ns3:hr>80</ns3:hr>
            <ns3:cad>0</ns3:cad>
          </ns3:TrackPointExtension>
        </extensions>
      </trkpt>
      <trkpt lat="35.97245089709758758544921875" lon="-81.10545150004327297210693359375">
        <ele>492.600006103515625</ele>
        <time>2026-03-30T13:45:23.000Z</time>
        <extensions>
          <ns3:TrackPointExtension>
            <ns3:hr>83</ns3:hr>
            <ns3:cad>0</ns3:cad>
          </ns3:TrackPointExtension>
        </extensions>
      </trkpt>
      <trkpt lat="35.9724510647356510162353515625" lon="-81.1054483987390995025634765625">
        <ele>493</ele>
        <time>2026-03-30T13:45:30.000Z</time>
        <extensions>
          <ns3:TrackPointExtension>
            <ns3:hr>84</ns3:hr>
            <ns3:cad>0</ns3:cad>
          </ns3:TrackPointExtension>
        </extensions>
      </trkpt>
    </trkseg>
  </trk>
</gpx>
